<?xml version="1.0" encoding="UTF-8"?>
<gpx creator="Garmin Connect" version="1.1"
  xsi:schemaLocation="http://www.topografix.com/GPX/1/1 http://www.topografix.com/GPX/11.xsd"
  xmlns:ns3="http://www.garmin.com/xmlschemas/TrackPointExtension/v1"
  xmlns="http://www.topografix.com/GPX/1/1"
  xmlns:xsi="http://www.w3.org/2001/XMLSchema-instance" xmlns:ns2="http://www.garmin.com/xmlschemas/GpxExtensions/v3">
  <metadata>
    <link href="connect.garmin.com">
      <text>Garmin Connect</text>
    </link>
    <time>2026-09-13T02:42:26.000Z</time>
  </metadata>
  <trk>
    <name>Yantai Hiking</name>
    <type>hiking</type>
    <trkseg>
      <trkpt lat="37.5021728686988353729248046875" lon="121.42716365866363048553466796875">
        <ele>126.59999847412109375</ele>
        <time>2026-09-13T02:42:49.000Z</time>
        <extensions>
          <ns3:TrackPointExtension>
            <ns3:hr>101</ns3:hr>
            <ns3:cad>0</ns3:cad>
          </ns3:TrackPointExtension>
        </extensions>
      </trkpt>
      <trkpt lat="37.50207706354558467864990234375" lon="121.427111439406871795654296875">
        <ele>127.40000152587890625</ele>
        <time>2026-09-13T02:42:58.000Z</time>
        <extensions>
          <ns3:TrackPointExtension>
            <ns3:hr>102</ns3:hr>
            <ns3:cad>55</ns3:cad>
          </ns3:TrackPointExtension>
        </extensions>
      </trkpt>
      <trkpt lat="37.5020652450621128082275390625" lon="121.4271052367985248565673828125">
        <ele>127.59999847412109375</ele>
        <time>2026-09-13T02:42:59.000Z</time>
        <extensions>
          <ns3:TrackPointExtension>
            <ns3:hr>103</ns3:hr>
            <ns3:cad>0</ns3:cad>
          </ns3:TrackPointExtension>
        </extensions>
      </trkpt>
      <trkpt lat="37.50201503746211528778076171875" lon="121.4270938374102115631103515625">
        <ele>128</ele>
        <time>2026-09-13T02:43:03.000Z</time>
        <extensions>
          <ns3:TrackPointExtension>
            <ns3:hr>104</ns3:hr>
            <ns3:cad>0</ns3:cad>
          </ns3:TrackPointExtension>
        </extensions>
      </trkpt>
      <trkpt lat="37.501938678324222564697265625" lon="121.427077241241931915283203125">
        <ele>128.1999969482421875</ele>
        <time>2026-09-13T02:43:10.000Z</time>
        <extensions>
          <ns3:TrackPointExtension>
            <ns3:hr>101</ns3:hr>
            <ns3:cad>0</ns3:cad>
          </ns3:TrackPointExtension>
        </extensions>
      </trkpt>
      <trkpt lat="37.50187925063073635101318359375" lon="121.42707564868032932281494140625">
        <ele>128.399993896484375</ele>
        <time>2026-09-13T02:43:15.000Z</time>
        <extensions>
          <ns3:TrackPointExtension>
            <ns3:hr>99</ns3:hr>
            <ns3:cad>0</ns3:cad>
          </ns3:TrackPointExtension>
        </extensions>
      </trkpt>
      <trkpt lat="37.501812279224395751953125" lon="121.42706123180687427520751953125">
        <ele>128.600006103515625</ele>
        <time>2026-09-13T02:43:21.000Z</time>
        <extensions>
          <ns3:TrackPointExtension>
            <ns3:hr>99</ns3:hr>
            <ns3:cad>54</ns3:cad>
          </ns3:TrackPointExtension>
        </extensions>
      </trkpt>
      <trkpt lat="37.5017948448657989501953125" lon="121.42705419100821018218994140625">
        <ele>128.600006103515625</ele>
        <time>2026-09-13T02:43:22.000Z</time>
        <extensions>
          <ns3:TrackPointExtension>
            <ns3:hr>99</ns3:hr>
            <ns3:cad>54</ns3:cad>
          </ns3:TrackPointExtension>
        </extensions>
      </trkpt>
      <trkpt lat="37.50172401778399944305419921875" lon="121.427043378353118896484375">
        <ele>129.1999969482421875</ele>
        <time>2026-09-13T02:43:28.000Z</time>
        <extensions>
          <ns3:TrackPointExtension>
            <ns3:hr>98</ns3:hr>
            <ns3:cad>51</ns3:cad>
          </ns3:TrackPointExtension>
        </extensions>
      </trkpt>
      <trkpt lat="37.50169870443642139434814453125" lon="121.42703357152640819549560546875">
        <ele>129.1999969482421875</ele>
        <time>2026-09-13T02:43:30.000Z</time>
        <extensions>
          <ns3:TrackPointExtension>
            <ns3:hr>98</ns3:hr>
            <ns3:cad>51</ns3:cad>
          </ns3:TrackPointExtension>
        </extensions>
      </trkpt>
      <trkpt lat="37.5016572140157222747802734375" lon="121.42700859345495700836181640625">
        <ele>129.399993896484375</ele>
        <time>2026-09-13T02:43:33.000Z</time>
        <extensions>
          <ns3:TrackPointExtension>
            <ns3:hr>98</ns3:hr>
            <ns3:cad>51</ns3:cad>
          </ns3:TrackPointExtension>
        </extensions>
      </trkpt>
      <trkpt lat="37.5016451440751552581787109375" lon="121.42700188793241977691650390625">
        <ele>129.600006103515625</ele>
        <time>2026-09-13T02:43:34.000Z</time>
        <extensions>
          <ns3:TrackPointExtension>
            <ns3:hr>98</ns3:hr>
            <ns3:cad>51</ns3:cad>
          </ns3:TrackPointExtension>
        </extensions>
      </trkpt>
      <trkpt lat="37.50162175856530666351318359375" lon="121.42698378302156925201416015625">
        <ele>130.600006103515625</ele>
        <time>2026-09-13T02:43:37.000Z</time>
        <extensions>
          <ns3:TrackPointExtension>
            <ns3:hr>97</ns3:hr>
            <ns3:cad>51</ns3:cad>
          </ns3:TrackPointExtension>
        </extensions>
      </trkpt>
      <trkpt lat="37.50161387957632541656494140625" lon="121.42697171308100223541259765625">
        <ele>130.8000030517578125</ele>
        <time>2026-09-13T02:43:38.000Z</time>
        <extensions>
          <ns3:TrackPointExtension>
            <ns3:hr>98</ns3:hr>
            <ns3:cad>51</ns3:cad>
          </ns3:TrackPointExtension>
        </extensions>
      </trkpt>
      <trkpt lat="37.50160239636898040771484375" lon="121.4269267022609710693359375">
        <ele>132</ele>
        <time>2026-09-13T02:43:42.000Z</time>
        <extensions>
          <ns3:TrackPointExtension>
            <ns3:hr>99</ns3:hr>
            <ns3:cad>0</ns3:cad>
          </ns3:TrackPointExtension>
        </extensions>
      </trkpt>
      <trkpt lat="37.50158471055328845977783203125" lon="121.42688638530671596527099609375">
        <ele>132.8000030517578125</ele>
        <time>2026-09-13T02:43:46.000Z</time>
        <extensions>
          <ns3:TrackPointExtension>
            <ns3:hr>100</ns3:hr>
            <ns3:cad>0</ns3:cad>
          </ns3:TrackPointExtension>
        </extensions>
      </trkpt>
      <trkpt lat="37.50157800503075122833251953125" lon="121.426875405013561248779296875">
        <ele>133</ele>
        <time>2026-09-13T02:43:47.000Z</time>
        <extensions>
          <ns3:TrackPointExtension>
            <ns3:hr>100</ns3:hr>
            <ns3:cad>0</ns3:cad>
          </ns3:TrackPointExtension>
        </extensions>
      </trkpt>
      <trkpt lat="37.5015628337860107421875" lon="121.42684397287666797637939453125">
        <ele>134.1999969482421875</ele>
        <time>2026-09-13T02:43:51.000Z</time>
        <extensions>
          <ns3:TrackPointExtension>
            <ns3:hr>101</ns3:hr>
            <ns3:cad>0</ns3:cad>
          </ns3:TrackPointExtension>
        </extensions>
      </trkpt>
      <trkpt lat="37.50156291760504245758056640625" lon="121.42683927901089191436767578125">
        <ele>134.399993896484375</ele>
        <time>2026-09-13T02:43:52.000Z</time>
        <extensions>
          <ns3:TrackPointExtension>
            <ns3:hr>101</ns3:hr>
            <ns3:cad>0</ns3:cad>
          </ns3:TrackPointExtension>
        </extensions>
      </trkpt>
      <trkpt lat="37.501557804644107818603515625" lon="121.42683005891740322113037109375">
        <ele>135.399993896484375</ele>
        <time>2026-09-13T02:43:55.000Z</time>
        <extensions>
          <ns3:TrackPointExtension>
            <ns3:hr>102</ns3:hr>
            <ns3:cad>0</ns3:cad>
          </ns3:TrackPointExtension>
        </extensions>
      </trkpt>
      <trkpt lat="37.50155336223542690277099609375" lon="121.4268140494823455810546875">
        <ele>135.8000030517578125</ele>
        <time>2026-09-13T02:43:57.000Z</time>
        <extensions>
          <ns3:TrackPointExtension>
            <ns3:hr>102</ns3:hr>
            <ns3:cad>41</ns3:cad>
          </ns3:TrackPointExtension>
        </extensions>
      </trkpt>
      <trkpt lat="37.50155855901539325714111328125" lon="121.4267924241721630096435546875">
        <ele>136.600006103515625</ele>
        <time>2026-09-13T02:44:00.000Z</time>
        <extensions>
          <ns3:TrackPointExtension>
            <ns3:hr>104</ns3:hr>
            <ns3:cad>41</ns3:cad>
          </ns3:TrackPointExtension>
        </extensions>
      </trkpt>
      <trkpt lat="37.50156358815729618072509765625" lon="121.4267706312239170074462890625">
        <ele>137.1999969482421875</ele>
        <time>2026-09-13T02:44:02.000Z</time>
        <extensions>
          <ns3:TrackPointExtension>
            <ns3:hr>104</ns3:hr>
            <ns3:cad>41</ns3:cad>
          </ns3:TrackPointExtension>
        </extensions>
      </trkpt>
      <trkpt lat="37.50156526453793048858642578125" lon="121.42674992792308330535888671875">
        <ele>137.600006103515625</ele>
        <time>2026-09-13T02:44:04.000Z</time>
        <extensions>
          <ns3:TrackPointExtension>
            <ns3:hr>105</ns3:hr>
            <ns3:cad>41</ns3:cad>
          </ns3:TrackPointExtension>
        </extensions>
      </trkpt>
      <trkpt lat="37.5015775859355926513671875" lon="121.426724530756473541259765625">
        <ele>138.600006103515625</ele>
        <time>2026-09-13T02:44:09.000Z</time>
        <extensions>
          <ns3:TrackPointExtension>
            <ns3:hr>106</ns3:hr>
            <ns3:cad>0</ns3:cad>
          </ns3:TrackPointExtension>
        </extensions>
      </trkpt>
      <trkpt lat="37.501579932868480682373046875" lon="121.42671950161457061767578125">
        <ele>138.8000030517578125</ele>
        <time>2026-09-13T02:44:10.000Z</time>
        <extensions>
          <ns3:TrackPointExtension>
            <ns3:hr>106</ns3:hr>
            <ns3:cad>0</ns3:cad>
          </ns3:TrackPointExtension>
        </extensions>
      </trkpt>
      <trkpt lat="37.50159912742674350738525390625" lon="121.42670609056949615478515625">
        <ele>140</ele>
        <time>2026-09-13T02:44:15.000Z</time>
        <extensions>
          <ns3:TrackPointExtension>
            <ns3:hr>106</ns3:hr>
            <ns3:cad>48</ns3:cad>
          </ns3:TrackPointExtension>
        </extensions>
      </trkpt>
      <trkpt lat="37.50162008218467235565185546875" lon="121.42668907530605792999267578125">
        <ele>140.8000030517578125</ele>
        <time>2026-09-13T02:44:18.000Z</time>
        <extensions>
          <ns3:TrackPointExtension>
            <ns3:hr>106</ns3:hr>
            <ns3:cad>50</ns3:cad>
          </ns3:TrackPointExtension>
        </extensions>
      </trkpt>
      <trkpt lat="37.50162519514560699462890625" lon="121.4266841299831867218017578125">
        <ele>141.1999969482421875</ele>
        <time>2026-09-13T02:44:19.000Z</time>
        <extensions>
          <ns3:TrackPointExtension>
            <ns3:hr>106</ns3:hr>
            <ns3:cad>0</ns3:cad>
          </ns3:TrackPointExtension>
        </extensions>
      </trkpt>
      <trkpt lat="37.50165335834026336669921875" lon="121.42666049301624298095703125">
        <ele>142</ele>
        <time>2026-09-13T02:44:24.000Z</time>
        <extensions>
          <ns3:TrackPointExtension>
            <ns3:hr>106</ns3:hr>
            <ns3:cad>0</ns3:cad>
          </ns3:TrackPointExtension>
        </extensions>
      </trkpt>
      <trkpt lat="37.5016568787395954132080078125" lon="121.4266579784452915191650390625">
        <ele>142.1999969482421875</ele>
        <time>2026-09-13T02:44:25.000Z</time>
        <extensions>
          <ns3:TrackPointExtension>
            <ns3:hr>107</ns3:hr>
            <ns3:cad>0</ns3:cad>
          </ns3:TrackPointExtension>
        </extensions>
      </trkpt>
      <trkpt lat="37.5016689486801624298095703125" lon="121.4266718924045562744140625">
        <ele>143</ele>
        <time>2026-09-13T02:44:34.000Z</time>
        <extensions>
          <ns3:TrackPointExtension>
            <ns3:hr>108</ns3:hr>
            <ns3:cad>0</ns3:cad>
          </ns3:TrackPointExtension>
        </extensions>
      </trkpt>
      <trkpt lat="37.50166676938533782958984375" lon="121.4266697131097316741943359375">
        <ele>143</ele>
        <time>2026-09-13T02:44:38.000Z</time>
        <extensions>
          <ns3:TrackPointExtension>
            <ns3:hr>105</ns3:hr>
            <ns3:cad>0</ns3:cad>
          </ns3:TrackPointExtension>
        </extensions>
      </trkpt>
      <trkpt lat="37.50165998004376888275146484375" lon="121.42665378749370574951171875">
        <ele>143.399993896484375</ele>
        <time>2026-09-13T02:44:45.000Z</time>
        <extensions>
          <ns3:TrackPointExtension>
            <ns3:hr>106</ns3:hr>
            <ns3:cad>0</ns3:cad>
          </ns3:TrackPointExtension>
        </extensions>
      </trkpt>
      <trkpt lat="37.50164874829351902008056640625" lon="121.42662822268903255462646484375">
        <ele>144.399993896484375</ele>
        <time>2026-09-13T02:44:50.000Z</time>
        <extensions>
          <ns3:TrackPointExtension>
            <ns3:hr>106</ns3:hr>
            <ns3:cad>0</ns3:cad>
          </ns3:TrackPointExtension>
        </extensions>
      </trkpt>
      <trkpt lat="37.50164656899869441986083984375" lon="121.42661891877651214599609375">
        <ele>144.600006103515625</ele>
        <time>2026-09-13T02:44:51.000Z</time>
        <extensions>
          <ns3:TrackPointExtension>
            <ns3:hr>106</ns3:hr>
            <ns3:cad>0</ns3:cad>
          </ns3:TrackPointExtension>
        </extensions>
      </trkpt>
      <trkpt lat="37.50164397060871124267578125" lon="121.426579691469669342041015625">
        <ele>145.399993896484375</ele>
        <time>2026-09-13T02:44:55.000Z</time>
        <extensions>
          <ns3:TrackPointExtension>
            <ns3:hr>107</ns3:hr>
            <ns3:cad>0</ns3:cad>
          </ns3:TrackPointExtension>
        </extensions>
      </trkpt>
      <trkpt lat="37.50164019875228404998779296875" lon="121.42656418494880199432373046875">
        <ele>145.8000030517578125</ele>
        <time>2026-09-13T02:44:57.000Z</time>
        <extensions>
          <ns3:TrackPointExtension>
            <ns3:hr>108</ns3:hr>
            <ns3:cad>0</ns3:cad>
          </ns3:TrackPointExtension>
        </extensions>
      </trkpt>
      <trkpt lat="37.5016300566494464874267578125" lon="121.42653652466833591461181640625">
        <ele>146.600006103515625</ele>
        <time>2026-09-13T02:45:01.000Z</time>
        <extensions>
          <ns3:TrackPointExtension>
            <ns3:hr>110</ns3:hr>
            <ns3:cad>0</ns3:cad>
          </ns3:TrackPointExtension>
        </extensions>
      </trkpt>
      <trkpt lat="37.501623518764972686767578125" lon="121.426526047289371490478515625">
        <ele>146.8000030517578125</ele>
        <time>2026-09-13T02:45:02.000Z</time>
        <extensions>
          <ns3:TrackPointExtension>
            <ns3:hr>111</ns3:hr>
            <ns3:cad>0</ns3:cad>
          </ns3:TrackPointExtension>
        </extensions>
      </trkpt>
      <trkpt lat="37.50159543938934803009033203125" lon="121.4265097863972187042236328125">
        <ele>147.8000030517578125</ele>
        <time>2026-09-13T02:45:07.000Z</time>
        <extensions>
          <ns3:TrackPointExtension>
            <ns3:hr>112</ns3:hr>
            <ns3:cad>0</ns3:cad>
          </ns3:TrackPointExtension>
        </extensions>
      </trkpt>
      <trkpt lat="37.50159309245645999908447265625" lon="121.4265040867030620574951171875">
        <ele>148</ele>
        <time>2026-09-13T02:45:08.000Z</time>
        <extensions>
          <ns3:TrackPointExtension>
            <ns3:hr>113</ns3:hr>
            <ns3:cad>0</ns3:cad>
          </ns3:TrackPointExtension>
        </extensions>
      </trkpt>
      <trkpt lat="37.501593343913555145263671875" lon="121.42649763263761997222900390625">
        <ele>148.1999969482421875</ele>
        <time>2026-09-13T02:45:10.000Z</time>
        <extensions>
          <ns3:TrackPointExtension>
            <ns3:hr>110</ns3:hr>
            <ns3:cad>0</ns3:cad>
          </ns3:TrackPointExtension>
        </extensions>
      </trkpt>
      <trkpt lat="37.50159912742674350738525390625" lon="121.42647433094680309295654296875">
        <ele>148.399993896484375</ele>
        <time>2026-09-13T02:45:14.000Z</time>
        <extensions>
          <ns3:TrackPointExtension>
            <ns3:hr>109</ns3:hr>
            <ns3:cad>0</ns3:cad>
          </ns3:TrackPointExtension>
        </extensions>
      </trkpt>
      <trkpt lat="37.5016005523502826690673828125" lon="121.426458656787872314453125">
        <ele>148.8000030517578125</ele>
        <time>2026-09-13T02:45:16.000Z</time>
        <extensions>
          <ns3:TrackPointExtension>
            <ns3:hr>108</ns3:hr>
            <ns3:cad>0</ns3:cad>
          </ns3:TrackPointExtension>
        </extensions>
      </trkpt>
      <trkpt lat="37.50159845687448978424072265625" lon="121.4264504425227642059326171875">
        <ele>149.600006103515625</ele>
        <time>2026-09-13T02:45:19.000Z</time>
        <extensions>
          <ns3:TrackPointExtension>
            <ns3:hr>108</ns3:hr>
            <ns3:cad>45</ns3:cad>
          </ns3:TrackPointExtension>
        </extensions>
      </trkpt>
      <trkpt lat="37.501599378883838653564453125" lon="121.42644315026700496673583984375">
        <ele>150</ele>
        <time>2026-09-13T02:45:20.000Z</time>
        <extensions>
          <ns3:TrackPointExtension>
            <ns3:hr>107</ns3:hr>
            <ns3:cad>45</ns3:cad>
          </ns3:TrackPointExtension>
        </extensions>
      </trkpt>
      <trkpt lat="37.50158336944878101348876953125" lon="121.42642085440456867218017578125">
        <ele>151.1999969482421875</ele>
        <time>2026-09-13T02:45:24.000Z</time>
        <extensions>
          <ns3:TrackPointExtension>
            <ns3:hr>109</ns3:hr>
            <ns3:cad>0</ns3:cad>
          </ns3:TrackPointExtension>
        </extensions>
      </trkpt>
      <trkpt lat="37.5015827827155590057373046875" lon="121.42641113139688968658447265625">
        <ele>151.600006103515625</ele>
        <time>2026-09-13T02:45:25.000Z</time>
        <extensions>
          <ns3:TrackPointExtension>
            <ns3:hr>109</ns3:hr>
            <ns3:cad>0</ns3:cad>
          </ns3:TrackPointExtension>
        </extensions>
      </trkpt>
      <trkpt lat="37.50157901085913181304931640625" lon="121.4263790287077426910400390625">
        <ele>152.600006103515625</ele>
        <time>2026-09-13T02:45:28.000Z</time>
        <extensions>
          <ns3:TrackPointExtension>
            <ns3:hr>112</ns3:hr>
            <ns3:cad>0</ns3:cad>
          </ns3:TrackPointExtension>
        </extensions>
      </trkpt>
      <trkpt lat="37.50158253125846385955810546875" lon="121.42634826712310314178466796875">
        <ele>153.1999969482421875</ele>
        <time>2026-09-13T02:45:30.000Z</time>
        <extensions>
          <ns3:TrackPointExtension>
            <ns3:hr>113</ns3:hr>
            <ns3:cad>0</ns3:cad>
          </ns3:TrackPointExtension>
        </extensions>
      </trkpt>
      <trkpt lat="37.50158823095262050628662109375" lon="121.42632949165999889373779296875">
        <ele>153.8000030517578125</ele>
        <time>2026-09-13T02:45:32.000Z</time>
        <extensions>
          <ns3:TrackPointExtension>
            <ns3:hr>114</ns3:hr>
            <ns3:cad>0</ns3:cad>
          </ns3:TrackPointExtension>
        </extensions>
      </trkpt>
      <trkpt lat="37.50160910189151763916015625" lon="121.42630551941692829132080078125">
        <ele>155</ele>
        <time>2026-09-13T02:45:36.000Z</time>
        <extensions>
          <ns3:TrackPointExtension>
            <ns3:hr>116</ns3:hr>
            <ns3:cad>0</ns3:cad>
          </ns3:TrackPointExtension>
        </extensions>
      </trkpt>
      <trkpt lat="37.5016500055789947509765625" lon="121.42629780806601047515869140625">
        <ele>156.1999969482421875</ele>
        <time>2026-09-13T02:45:40.000Z</time>
        <extensions>
          <ns3:TrackPointExtension>
            <ns3:hr>118</ns3:hr>
            <ns3:cad>0</ns3:cad>
          </ns3:TrackPointExtension>
        </extensions>
      </trkpt>
      <trkpt lat="37.50166006386280059814453125" lon="121.42628657631576061248779296875">
        <ele>156.8000030517578125</ele>
        <time>2026-09-13T02:45:42.000Z</time>
        <extensions>
          <ns3:TrackPointExtension>
            <ns3:hr>119</ns3:hr>
            <ns3:cad>0</ns3:cad>
          </ns3:TrackPointExtension>
        </extensions>
      </trkpt>
      <trkpt lat="37.50168152153491973876953125" lon="121.42627291381359100341796875">
        <ele>157.1999969482421875</ele>
        <time>2026-09-13T02:45:44.000Z</time>
        <extensions>
          <ns3:TrackPointExtension>
            <ns3:hr>119</ns3:hr>
            <ns3:cad>0</ns3:cad>
          </ns3:TrackPointExtension>
        </extensions>
      </trkpt>
      <trkpt lat="37.50169568695127964019775390625" lon="121.4262499473989009857177734375">
        <ele>158</ele>
        <time>2026-09-13T02:45:47.000Z</time>
        <extensions>
          <ns3:TrackPointExtension>
            <ns3:hr>119</ns3:hr>
            <ns3:cad>0</ns3:cad>
          </ns3:TrackPointExtension>
        </extensions>
      </trkpt>
      <trkpt lat="37.50170423649251461029052734375" lon="121.4262472651898860931396484375">
        <ele>158.399993896484375</ele>
        <time>2026-09-13T02:45:49.000Z</time>
        <extensions>
          <ns3:TrackPointExtension>
            <ns3:hr>118</ns3:hr>
            <ns3:cad>47</ns3:cad>
          </ns3:TrackPointExtension>
        </extensions>
      </trkpt>
      <trkpt lat="37.50171965919435024261474609375" lon="121.426239721477031707763671875">
        <ele>159.1999969482421875</ele>
        <time>2026-09-13T02:45:52.000Z</time>
        <extensions>
          <ns3:TrackPointExtension>
            <ns3:hr>117</ns3:hr>
            <ns3:cad>0</ns3:cad>
          </ns3:TrackPointExtension>
        </extensions>
      </trkpt>
      <trkpt lat="37.50172602944076061248779296875" lon="121.426231004297733306884765625">
        <ele>159.8000030517578125</ele>
        <time>2026-09-13T02:45:54.000Z</time>
        <extensions>
          <ns3:TrackPointExtension>
            <ns3:hr>117</ns3:hr>
            <ns3:cad>47</ns3:cad>
          </ns3:TrackPointExtension>
        </extensions>
      </trkpt>
      <trkpt lat="37.5017138756811618804931640625" lon="121.426212899386882781982421875">
        <ele>160.600006103515625</ele>
        <time>2026-09-13T02:45:58.000Z</time>
        <extensions>
          <ns3:TrackPointExtension>
            <ns3:hr>118</ns3:hr>
            <ns3:cad>45</ns3:cad>
          </ns3:TrackPointExtension>
        </extensions>
      </trkpt>
      <trkpt lat="37.5017162226140499114990234375" lon="121.4262077026069164276123046875">
        <ele>160.8000030517578125</ele>
        <time>2026-09-13T02:45:59.000Z</time>
        <extensions>
          <ns3:TrackPointExtension>
            <ns3:hr>118</ns3:hr>
            <ns3:cad>45</ns3:cad>
          </ns3:TrackPointExtension>
        </extensions>
      </trkpt>
      <trkpt lat="37.50171949155628681182861328125" lon="121.42617308534681797027587890625">
        <ele>161.8000030517578125</ele>
        <time>2026-09-13T02:46:03.000Z</time>
        <extensions>
          <ns3:TrackPointExtension>
            <ns3:hr>117</ns3:hr>
            <ns3:cad>0</ns3:cad>
          </ns3:TrackPointExtension>
        </extensions>
      </trkpt>
      <trkpt lat="37.5017209164798259735107421875" lon="121.4261678047478199005126953125">
        <ele>162</ele>
        <time>2026-09-13T02:46:04.000Z</time>
        <extensions>
          <ns3:TrackPointExtension>
            <ns3:hr>118</ns3:hr>
            <ns3:cad>0</ns3:cad>
          </ns3:TrackPointExtension>
        </extensions>
      </trkpt>
      <trkpt lat="37.50170658342540264129638671875" lon="121.426140479743480682373046875">
        <ele>163.1999969482421875</ele>
        <time>2026-09-13T02:46:08.000Z</time>
        <extensions>
          <ns3:TrackPointExtension>
            <ns3:hr>117</ns3:hr>
            <ns3:cad>0</ns3:cad>
          </ns3:TrackPointExtension>
        </extensions>
      </trkpt>
      <trkpt lat="37.50170591287314891815185546875" lon="121.426136456429958343505859375">
        <ele>163.399993896484375</ele>
        <time>2026-09-13T02:46:09.000Z</time>
        <extensions>
          <ns3:TrackPointExtension>
            <ns3:hr>117</ns3:hr>
            <ns3:cad>0</ns3:cad>
          </ns3:TrackPointExtension>
        </extensions>
      </trkpt>
      <trkpt lat="37.50170390121638774871826171875" lon="121.4261161722242832183837890625">
        <ele>164.399993896484375</ele>
        <time>2026-09-13T02:46:13.000Z</time>
        <extensions>
          <ns3:TrackPointExtension>
            <ns3:hr>117</ns3:hr>
            <ns3:cad>0</ns3:cad>
          </ns3:TrackPointExtension>
        </extensions>
      </trkpt>
      <trkpt lat="37.50170432031154632568359375" lon="121.42611139453947544097900390625">
        <ele>164.600006103515625</ele>
        <time>2026-09-13T02:46:14.000Z</time>
        <extensions>
          <ns3:TrackPointExtension>
            <ns3:hr>117</ns3:hr>
            <ns3:cad>0</ns3:cad>
          </ns3:TrackPointExtension>
        </extensions>
      </trkpt>
      <trkpt lat="37.50170038081705570220947265625" lon="121.42610603012144565582275390625">
        <ele>165.399993896484375</ele>
        <time>2026-09-13T02:46:17.000Z</time>
        <extensions>
          <ns3:TrackPointExtension>
            <ns3:hr>117</ns3:hr>
            <ns3:cad>0</ns3:cad>
          </ns3:TrackPointExtension>
        </extensions>
      </trkpt>
      <trkpt lat="37.50169954262673854827880859375" lon="121.42609060741961002349853515625">
        <ele>166</ele>
        <time>2026-09-13T02:46:19.000Z</time>
        <extensions>
          <ns3:TrackPointExtension>
            <ns3:hr>117</ns3:hr>
            <ns3:cad>0</ns3:cad>
          </ns3:TrackPointExtension>
        </extensions>
      </trkpt>
      <trkpt lat="37.50169954262673854827880859375" lon="121.4260890148580074310302734375">
        <ele>166.399993896484375</ele>
        <time>2026-09-13T02:46:21.000Z</time>
        <extensions>
          <ns3:TrackPointExtension>
            <ns3:hr>117</ns3:hr>
            <ns3:cad>0</ns3:cad>
          </ns3:TrackPointExtension>
        </extensions>
      </trkpt>
      <trkpt lat="37.50169090926647186279296875" lon="121.42607585527002811431884765625">
        <ele>167.399993896484375</ele>
        <time>2026-09-13T02:46:24.000Z</time>
        <extensions>
          <ns3:TrackPointExtension>
            <ns3:hr>118</ns3:hr>
            <ns3:cad>0</ns3:cad>
          </ns3:TrackPointExtension>
        </extensions>
      </trkpt>
      <trkpt lat="37.50168462283909320831298828125" lon="121.4260642044246196746826171875">
        <ele>167.600006103515625</ele>
        <time>2026-09-13T02:46:25.000Z</time>
        <extensions>
          <ns3:TrackPointExtension>
            <ns3:hr>118</ns3:hr>
            <ns3:cad>0</ns3:cad>
          </ns3:TrackPointExtension>
        </extensions>
      </trkpt>
      <trkpt lat="37.50167121179401874542236328125" lon="121.4260464347898960113525390625">
        <ele>168.600006103515625</ele>
        <time>2026-09-13T02:46:29.000Z</time>
        <extensions>
          <ns3:TrackPointExtension>
            <ns3:hr>119</ns3:hr>
            <ns3:cad>0</ns3:cad>
          </ns3:TrackPointExtension>
        </extensions>
      </trkpt>
      <trkpt lat="37.50166450627148151397705078125" lon="121.42604232765734195709228515625">
        <ele>168.600006103515625</ele>
        <time>2026-09-13T02:46:30.000Z</time>
        <extensions>
          <ns3:TrackPointExtension>
            <ns3:hr>119</ns3:hr>
            <ns3:cad>0</ns3:cad>
          </ns3:TrackPointExtension>
        </extensions>
      </trkpt>
      <trkpt lat="37.5016285479068756103515625" lon="121.42600242979824542999267578125">
        <ele>168.600006103515625</ele>
        <time>2026-09-13T02:46:36.000Z</time>
        <extensions>
          <ns3:TrackPointExtension>
            <ns3:hr>122</ns3:hr>
            <ns3:cad>0</ns3:cad>
          </ns3:TrackPointExtension>
        </extensions>
      </trkpt>
      <trkpt lat="37.50163257122039794921875" lon="121.425991952419281005859375">
        <ele>168.600006103515625</ele>
        <time>2026-09-13T02:46:43.000Z</time>
        <extensions>
          <ns3:TrackPointExtension>
            <ns3:hr>123</ns3:hr>
            <ns3:cad>0</ns3:cad>
          </ns3:TrackPointExtension>
        </extensions>
      </trkpt>
      <trkpt lat="37.50161756761372089385986328125" lon="121.42598751001060009002685546875">
        <ele>168.399993896484375</ele>
        <time>2026-09-13T02:46:54.000Z</time>
        <extensions>
          <ns3:TrackPointExtension>
            <ns3:hr>124</ns3:hr>
            <ns3:cad>0</ns3:cad>
          </ns3:TrackPointExtension>
        </extensions>
      </trkpt>
      <trkpt lat="37.501621507108211517333984375" lon="121.425984911620616912841796875">
        <ele>168.399993896484375</ele>
        <time>2026-09-13T02:46:59.000Z</time>
        <extensions>
          <ns3:TrackPointExtension>
            <ns3:hr>121</ns3:hr>
            <ns3:cad>0</ns3:cad>
          </ns3:TrackPointExtension>
        </extensions>
      </trkpt>
      <trkpt lat="37.501630894839763641357421875" lon="121.4259904436767101287841796875">
        <ele>168.1999969482421875</ele>
        <time>2026-09-13T02:47:04.000Z</time>
        <extensions>
          <ns3:TrackPointExtension>
            <ns3:hr>120</ns3:hr>
            <ns3:cad>0</ns3:cad>
          </ns3:TrackPointExtension>
        </extensions>
      </trkpt>
      <trkpt lat="37.50163726508617401123046875" lon="121.42598734237253665924072265625">
        <ele>168</ele>
        <time>2026-09-13T02:47:13.000Z</time>
        <extensions>
          <ns3:TrackPointExtension>
            <ns3:hr>117</ns3:hr>
            <ns3:cad>0</ns3:cad>
          </ns3:TrackPointExtension>
        </extensions>
      </trkpt>
      <trkpt lat="37.50163382850587368011474609375" lon="121.42598164267838001251220703125">
        <ele>168</ele>
        <time>2026-09-13T02:47:15.000Z</time>
        <extensions>
          <ns3:TrackPointExtension>
            <ns3:hr>117</ns3:hr>
            <ns3:cad>0</ns3:cad>
          </ns3:TrackPointExtension>
        </extensions>
      </trkpt>
      <trkpt lat="37.501624189317226409912109375" lon="121.425973512232303619384765625">
        <ele>168</ele>
        <time>2026-09-13T02:47:21.000Z</time>
        <extensions>
          <ns3:TrackPointExtension>
            <ns3:hr>114</ns3:hr>
            <ns3:cad>0</ns3:cad>
          </ns3:TrackPointExtension>
        </extensions>
      </trkpt>
      <trkpt lat="37.5016312301158905029296875" lon="121.42597426660358905792236328125">
        <ele>168</ele>
        <time>2026-09-13T02:47:30.000Z</time>
        <extensions>
          <ns3:TrackPointExtension>
            <ns3:hr>112</ns3:hr>
            <ns3:cad>0</ns3:cad>
          </ns3:TrackPointExtension>
        </extensions>
      </trkpt>
      <trkpt lat="37.50163181684911251068115234375" lon="121.4259746856987476348876953125">
        <ele>167.8000030517578125</ele>
        <time>2026-09-13T02:47:33.000Z</time>
        <extensions>
          <ns3:TrackPointExtension>
            <ns3:hr>107</ns3:hr>
            <ns3:cad>0</ns3:cad>
          </ns3:TrackPointExtension>
        </extensions>
      </trkpt>
      <trkpt lat="37.50163181684911251068115234375" lon="121.4259746856987476348876953125">
        <ele>167.8000030517578125</ele>
        <time>2026-09-13T02:47:40.000Z</time>
        <extensions>
          <ns3:TrackPointExtension>
            <ns3:hr>104</ns3:hr>
            <ns3:cad>0</ns3:cad>
          </ns3:TrackPointExtension>
        </extensions>
      </trkpt>
      <trkpt lat="37.50163181684911251068115234375" lon="121.4259746856987476348876953125">
        <ele>167.8000030517578125</ele>
        <time>2026-09-13T02:47:42.000Z</time>
        <extensions>
          <ns3:TrackPointExtension>
            <ns3:hr>101</ns3:hr>
            <ns3:cad>0</ns3:cad>
          </ns3:TrackPointExtension>
        </extensions>
      </trkpt>
      <trkpt lat="37.50163181684911251068115234375" lon="121.4259746856987476348876953125">
        <ele>167.8000030517578125</ele>
        <time>2026-09-13T02:47:50.000Z</time>
        <extensions>
          <ns3:TrackPointExtension>
            <ns3:hr>100</ns3:hr>
            <ns3:cad>0</ns3:cad>
          </ns3:TrackPointExtension>
        </extensions>
      </trkpt>
      <trkpt lat="37.50163181684911251068115234375" lon="121.4259746856987476348876953125">
        <ele>167.8000030517578125</ele>
        <time>2026-09-13T02:47:58.000Z</time>
        <extensions>
          <ns3:TrackPointExtension>
            <ns3:hr>97</ns3:hr>
            <ns3:cad>0</ns3:cad>
          </ns3:TrackPointExtension>
        </extensions>
      </trkpt>
      <trkpt lat="37.50163181684911251068115234375" lon="121.4259746856987476348876953125">
        <ele>167.600006103515625</ele>
        <time>2026-09-13T02:48:02.000Z</time>
        <extensions>
          <ns3:TrackPointExtension>
            <ns3:hr>93</ns3:hr>
            <ns3:cad>0</ns3:cad>
          </ns3:TrackPointExtension>
        </extensions>
      </trkpt>
      <trkpt lat="37.5016360916197299957275390625" lon="121.425976864993572235107421875">
        <ele>167.600006103515625</ele>
        <time>2026-09-13T02:48:05.000Z</time>
        <extensions>
          <ns3:TrackPointExtension>
            <ns3:hr>92</ns3:hr>
            <ns3:cad>0</ns3:cad>
          </ns3:TrackPointExtension>
        </extensions>
      </trkpt>
      <trkpt lat="37.5016394443809986114501953125" lon="121.425980217754840850830078125">
        <ele>167.600006103515625</ele>
        <time>2026-09-13T02:48:07.000Z</time>
        <extensions>
          <ns3:TrackPointExtension>
            <ns3:hr>91</ns3:hr>
            <ns3:cad>0</ns3:cad>
          </ns3:TrackPointExtension>
        </extensions>
      </trkpt>
      <trkpt lat="37.50163818709552288055419921875" lon="121.42598834820091724395751953125">
        <ele>167.600006103515625</ele>
        <time>2026-09-13T02:48:15.000Z</time>
        <extensions>
          <ns3:TrackPointExtension>
            <ns3:hr>90</ns3:hr>
            <ns3:cad>0</ns3:cad>
          </ns3:TrackPointExtension>
        </extensions>
      </trkpt>
      <trkpt lat="37.50164288096129894256591796875" lon="121.4259837381541728973388671875">
        <ele>167.600006103515625</ele>
        <time>2026-09-13T02:48:24.000Z</time>
        <extensions>
          <ns3:TrackPointExtension>
            <ns3:hr>90</ns3:hr>
            <ns3:cad>0</ns3:cad>
          </ns3:TrackPointExtension>
        </extensions>
      </trkpt>
      <trkpt lat="37.50165143050253391265869140625" lon="121.4259906113147735595703125">
        <ele>167.600006103515625</ele>
        <time>2026-09-13T02:48:33.000Z</time>
        <extensions>
          <ns3:TrackPointExtension>
            <ns3:hr>89</ns3:hr>
            <ns3:cad>0</ns3:cad>
          </ns3:TrackPointExtension>
        </extensions>
      </trkpt>
      <trkpt lat="37.50163215212523937225341796875" lon="121.42600695602595806121826171875">
        <ele>167.600006103515625</ele>
        <time>2026-09-13T02:48:44.000Z</time>
        <extensions>
          <ns3:TrackPointExtension>
            <ns3:hr>91</ns3:hr>
            <ns3:cad>0</ns3:cad>
          </ns3:TrackPointExtension>
        </extensions>
      </trkpt>
      <trkpt lat="37.50163198448717594146728515625" lon="121.42600536346435546875">
        <ele>167.8000030517578125</ele>
        <time>2026-09-13T02:48:53.000Z</time>
        <extensions>
          <ns3:TrackPointExtension>
            <ns3:hr>90</ns3:hr>
            <ns3:cad>0</ns3:cad>
          </ns3:TrackPointExtension>
        </extensions>
      </trkpt>
      <trkpt lat="37.50163952820003032684326171875" lon="121.4259978197515010833740234375">
        <ele>167.600006103515625</ele>
        <time>2026-09-13T02:49:02.000Z</time>
        <extensions>
          <ns3:TrackPointExtension>
            <ns3:hr>89</ns3:hr>
            <ns3:cad>0</ns3:cad>
          </ns3:TrackPointExtension>
        </extensions>
      </trkpt>
      <trkpt lat="37.50164355151355266571044921875" lon="121.42599538899958133697509765625">
        <ele>167.1999969482421875</ele>
        <time>2026-09-13T02:49:12.000Z</time>
        <extensions>
          <ns3:TrackPointExtension>
            <ns3:hr>91</ns3:hr>
            <ns3:cad>0</ns3:cad>
          </ns3:TrackPointExtension>
        </extensions>
      </trkpt>
      <trkpt lat="37.50164958648383617401123046875" lon="121.42598457634449005126953125">
        <ele>167.1999969482421875</ele>
        <time>2026-09-13T02:49:22.000Z</time>
        <extensions>
          <ns3:TrackPointExtension>
            <ns3:hr>91</ns3:hr>
            <ns3:cad>0</ns3:cad>
          </ns3:TrackPointExtension>
        </extensions>
      </trkpt>
      <trkpt lat="37.501649670302867889404296875" lon="121.42597921192646026611328125">
        <ele>167.600006103515625</ele>
        <time>2026-09-13T02:49:33.000Z</time>
        <extensions>
          <ns3:TrackPointExtension>
            <ns3:hr>91</ns3:hr>
            <ns3:cad>0</ns3:cad>
          </ns3:TrackPointExtension>
        </extensions>
      </trkpt>
      <trkpt lat="37.50165914185345172882080078125" lon="121.4259756915271282196044921875">
        <ele>167.600006103515625</ele>
        <time>2026-09-13T02:49:48.000Z</time>
        <extensions>
          <ns3:TrackPointExtension>
            <ns3:hr>89</ns3:hr>
            <ns3:cad>0</ns3:cad>
          </ns3:TrackPointExtension>
        </extensions>
      </trkpt>
      <trkpt lat="37.5016525201499462127685546875" lon="121.42597393132746219635009765625">
        <ele>167.399993896484375</ele>
        <time>2026-09-13T02:49:54.000Z</time>
        <extensions>
          <ns3:TrackPointExtension>
            <ns3:hr>86</ns3:hr>
            <ns3:cad>0</ns3:cad>
          </ns3:TrackPointExtension>
        </extensions>
      </trkpt>
      <trkpt lat="37.5016417913138866424560546875" lon="121.4259745180606842041015625">
        <ele>167.399993896484375</ele>
        <time>2026-09-13T02:49:59.000Z</time>
        <extensions>
          <ns3:TrackPointExtension>
            <ns3:hr>87</ns3:hr>
            <ns3:cad>0</ns3:cad>
          </ns3:TrackPointExtension>
        </extensions>
      </trkpt>
      <trkpt lat="37.50163684599101543426513671875" lon="121.42596906982362270355224609375">
        <ele>167.1999969482421875</ele>
        <time>2026-09-13T02:50:08.000Z</time>
        <extensions>
          <ns3:TrackPointExtension>
            <ns3:hr>87</ns3:hr>
            <ns3:cad>0</ns3:cad>
          </ns3:TrackPointExtension>
        </extensions>
      </trkpt>
      <trkpt lat="37.50164455734193325042724609375" lon="121.4259800501167774200439453125">
        <ele>167.600006103515625</ele>
        <time>2026-09-13T02:50:20.000Z</time>
        <extensions>
          <ns3:TrackPointExtension>
            <ns3:hr>85</ns3:hr>
            <ns3:cad>0</ns3:cad>
          </ns3:TrackPointExtension>
        </extensions>
      </trkpt>
      <trkpt lat="37.5016387738287448883056640625" lon="121.42598046921193599700927734375">
        <ele>167.600006103515625</ele>
        <time>2026-09-13T02:50:24.000Z</time>
        <extensions>
          <ns3:TrackPointExtension>
            <ns3:hr>82</ns3:hr>
            <ns3:cad>0</ns3:cad>
          </ns3:TrackPointExtension>
        </extensions>
      </trkpt>
      <trkpt lat="37.5016216747462749481201171875" lon="121.42599706538021564483642578125">
        <ele>168</ele>
        <time>2026-09-13T02:50:29.000Z</time>
        <extensions>
          <ns3:TrackPointExtension>
            <ns3:hr>81</ns3:hr>
            <ns3:cad>0</ns3:cad>
          </ns3:TrackPointExtension>
        </extensions>
      </trkpt>
      <trkpt lat="37.50162527896463871002197265625" lon="121.425991617143154144287109375">
        <ele>168</ele>
        <time>2026-09-13T02:50:35.000Z</time>
        <extensions>
          <ns3:TrackPointExtension>
            <ns3:hr>81</ns3:hr>
            <ns3:cad>0</ns3:cad>
          </ns3:TrackPointExtension>
        </extensions>
      </trkpt>
      <trkpt lat="37.5015925057232379913330078125" lon="121.42604492604732513427734375">
        <ele>168.1999969482421875</ele>
        <time>2026-09-13T02:50:43.000Z</time>
        <extensions>
          <ns3:TrackPointExtension>
            <ns3:hr>84</ns3:hr>
            <ns3:cad>50</ns3:cad>
          </ns3:TrackPointExtension>
        </extensions>
      </trkpt>
      <trkpt lat="37.50157783739268779754638671875" lon="121.42606160603463649749755859375">
        <ele>168.600006103515625</ele>
        <time>2026-09-13T02:50:49.000Z</time>
        <extensions>
          <ns3:TrackPointExtension>
            <ns3:hr>85</ns3:hr>
            <ns3:cad>0</ns3:cad>
          </ns3:TrackPointExtension>
        </extensions>
      </trkpt>
      <trkpt lat="37.5015770830214023590087890625" lon="121.4260608516633510589599609375">
        <ele>168.600006103515625</ele>
        <time>2026-09-13T02:50:50.000Z</time>
        <extensions>
          <ns3:TrackPointExtension>
            <ns3:hr>84</ns3:hr>
            <ns3:cad>0</ns3:cad>
          </ns3:TrackPointExtension>
        </extensions>
      </trkpt>
      <trkpt lat="37.5015784241259098052978515625" lon="121.42605707980692386627197265625">
        <ele>168</ele>
        <time>2026-09-13T02:50:57.000Z</time>
        <extensions>
          <ns3:TrackPointExtension>
            <ns3:hr>86</ns3:hr>
            <ns3:cad>0</ns3:cad>
          </ns3:TrackPointExtension>
        </extensions>
      </trkpt>
      <trkpt lat="37.5015921704471111297607421875" lon="121.42609362490475177764892578125">
        <ele>168.600006103515625</ele>
        <time>2026-09-13T02:51:04.000Z</time>
        <extensions>
          <ns3:TrackPointExtension>
            <ns3:hr>85</ns3:hr>
            <ns3:cad>0</ns3:cad>
          </ns3:TrackPointExtension>
        </extensions>
      </trkpt>
      <trkpt lat="37.50159032642841339111328125" lon="121.42607334069907665252685546875">
        <ele>168.1999969482421875</ele>
        <time>2026-09-13T02:51:12.000Z</time>
        <extensions>
          <ns3:TrackPointExtension>
            <ns3:hr>83</ns3:hr>
            <ns3:cad>0</ns3:cad>
          </ns3:TrackPointExtension>
        </extensions>
      </trkpt>
      <trkpt lat="37.501624189317226409912109375" lon="121.42600108869373798370361328125">
        <ele>168.399993896484375</ele>
        <time>2026-09-13T02:51:19.000Z</time>
        <extensions>
          <ns3:TrackPointExtension>
            <ns3:hr>86</ns3:hr>
            <ns3:cad>63</ns3:cad>
          </ns3:TrackPointExtension>
        </extensions>
      </trkpt>
      <trkpt lat="37.50162410549819469451904296875" lon="121.42598751001060009002685546875">
        <ele>168.399993896484375</ele>
        <time>2026-09-13T02:51:21.000Z</time>
        <extensions>
          <ns3:TrackPointExtension>
            <ns3:hr>89</ns3:hr>
            <ns3:cad>0</ns3:cad>
          </ns3:TrackPointExtension>
        </extensions>
      </trkpt>
      <trkpt lat="37.5016173161566257476806640625" lon="121.42598952166736125946044921875">
        <ele>168.399993896484375</ele>
        <time>2026-09-13T02:51:25.000Z</time>
        <extensions>
          <ns3:TrackPointExtension>
            <ns3:hr>90</ns3:hr>
            <ns3:cad>0</ns3:cad>
          </ns3:TrackPointExtension>
        </extensions>
      </trkpt>
      <trkpt lat="37.50162921845912933349609375" lon="121.42599857412278652191162109375">
        <ele>168.399993896484375</ele>
        <time>2026-09-13T02:51:34.000Z</time>
        <extensions>
          <ns3:TrackPointExtension>
            <ns3:hr>90</ns3:hr>
            <ns3:cad>0</ns3:cad>
          </ns3:TrackPointExtension>
        </extensions>
      </trkpt>
      <trkpt lat="37.50162745825946331024169921875" lon="121.42599798738956451416015625">
        <ele>168.600006103515625</ele>
        <time>2026-09-13T02:51:40.000Z</time>
        <extensions>
          <ns3:TrackPointExtension>
            <ns3:hr>87</ns3:hr>
            <ns3:cad>0</ns3:cad>
          </ns3:TrackPointExtension>
        </extensions>
      </trkpt>
      <trkpt lat="37.5016312301158905029296875" lon="121.425986252725124359130859375">
        <ele>168.1999969482421875</ele>
        <time>2026-09-13T02:51:44.000Z</time>
        <extensions>
          <ns3:TrackPointExtension>
            <ns3:hr>86</ns3:hr>
            <ns3:cad>0</ns3:cad>
          </ns3:TrackPointExtension>
        </extensions>
      </trkpt>
      <trkpt lat="37.50162729062139987945556640625" lon="121.42597896046936511993408203125">
        <ele>168</ele>
        <time>2026-09-13T02:51:51.000Z</time>
        <extensions>
          <ns3:TrackPointExtension>
            <ns3:hr>83</ns3:hr>
            <ns3:cad>0</ns3:cad>
          </ns3:TrackPointExtension>
        </extensions>
      </trkpt>
      <trkpt lat="37.501622177660465240478515625" lon="121.42598298378288745880126953125">
        <ele>168</ele>
        <time>2026-09-13T02:51:57.000Z</time>
        <extensions>
          <ns3:TrackPointExtension>
            <ns3:hr>82</ns3:hr>
            <ns3:cad>0</ns3:cad>
          </ns3:TrackPointExtension>
        </extensions>
      </trkpt>
      <trkpt lat="37.50162812881171703338623046875" lon="121.4259927906095981597900390625">
        <ele>168.1999969482421875</ele>
        <time>2026-09-13T02:52:13.000Z</time>
        <extensions>
          <ns3:TrackPointExtension>
            <ns3:hr>84</ns3:hr>
            <ns3:cad>0</ns3:cad>
          </ns3:TrackPointExtension>
        </extensions>
      </trkpt>
      <trkpt lat="37.50162628479301929473876953125" lon="121.42598918639123439788818359375">
        <ele>168.1999969482421875</ele>
        <time>2026-09-13T02:52:19.000Z</time>
        <extensions>
          <ns3:TrackPointExtension>
            <ns3:hr>84</ns3:hr>
            <ns3:cad>0</ns3:cad>
          </ns3:TrackPointExtension>
        </extensions>
      </trkpt>
      <trkpt lat="37.50162192620337009429931640625" lon="121.4259934611618518829345703125">
        <ele>168.1999969482421875</ele>
        <time>2026-09-13T02:52:20.000Z</time>
        <extensions>
          <ns3:TrackPointExtension>
            <ns3:hr>84</ns3:hr>
            <ns3:cad>0</ns3:cad>
          </ns3:TrackPointExtension>
        </extensions>
      </trkpt>
      <trkpt lat="37.50162628479301929473876953125" lon="121.4259879291057586669921875">
        <ele>168.399993896484375</ele>
        <time>2026-09-13T02:52:33.000Z</time>
        <extensions>
          <ns3:TrackPointExtension>
            <ns3:hr>86</ns3:hr>
            <ns3:cad>0</ns3:cad>
          </ns3:TrackPointExtension>
        </extensions>
      </trkpt>
      <trkpt lat="37.50162477605044841766357421875" lon="121.42601282335817813873291015625">
        <ele>168.1999969482421875</ele>
        <time>2026-09-13T02:52:43.000Z</time>
        <extensions>
          <ns3:TrackPointExtension>
            <ns3:hr>84</ns3:hr>
            <ns3:cad>0</ns3:cad>
          </ns3:TrackPointExtension>
        </extensions>
      </trkpt>
      <trkpt lat="37.50163190066814422607421875" lon="121.42599798738956451416015625">
        <ele>168</ele>
        <time>2026-09-13T02:52:50.000Z</time>
        <extensions>
          <ns3:TrackPointExtension>
            <ns3:hr>87</ns3:hr>
            <ns3:cad>0</ns3:cad>
          </ns3:TrackPointExtension>
        </extensions>
      </trkpt>
      <trkpt lat="37.50163449905812740325927734375" lon="121.42598683945834636688232421875">
        <ele>168.1999969482421875</ele>
        <time>2026-09-13T02:52:52.000Z</time>
        <extensions>
          <ns3:TrackPointExtension>
            <ns3:hr>86</ns3:hr>
            <ns3:cad>0</ns3:cad>
          </ns3:TrackPointExtension>
        </extensions>
      </trkpt>
      <trkpt lat="37.5016438029706478118896484375" lon="121.42597560770809650421142578125">
        <ele>168.1999969482421875</ele>
        <time>2026-09-13T02:53:01.000Z</time>
        <extensions>
          <ns3:TrackPointExtension>
            <ns3:hr>86</ns3:hr>
            <ns3:cad>0</ns3:cad>
          </ns3:TrackPointExtension>
        </extensions>
      </trkpt>
      <trkpt lat="37.5016360916197299957275390625" lon="121.42597091384232044219970703125">
        <ele>168</ele>
        <time>2026-09-13T02:53:10.000Z</time>
        <extensions>
          <ns3:TrackPointExtension>
            <ns3:hr>89</ns3:hr>
            <ns3:cad>0</ns3:cad>
          </ns3:TrackPointExtension>
        </extensions>
      </trkpt>
      <trkpt lat="37.501634918153285980224609375" lon="121.42597250640392303466796875">
        <ele>167.8000030517578125</ele>
        <time>2026-09-13T02:53:13.000Z</time>
        <extensions>
          <ns3:TrackPointExtension>
            <ns3:hr>89</ns3:hr>
            <ns3:cad>0</ns3:cad>
          </ns3:TrackPointExtension>
        </extensions>
      </trkpt>
      <trkpt lat="37.5016392767429351806640625" lon="121.4259854145348072052001953125">
        <ele>168</ele>
        <time>2026-09-13T02:53:21.000Z</time>
        <extensions>
          <ns3:TrackPointExtension>
            <ns3:hr>90</ns3:hr>
            <ns3:cad>0</ns3:cad>
          </ns3:TrackPointExtension>
        </extensions>
      </trkpt>
      <trkpt lat="37.50164740718901157379150390625" lon="121.42598616890609264373779296875">
        <ele>168</ele>
        <time>2026-09-13T02:53:27.000Z</time>
        <extensions>
          <ns3:TrackPointExtension>
            <ns3:hr>87</ns3:hr>
            <ns3:cad>0</ns3:cad>
          </ns3:TrackPointExtension>
        </extensions>
      </trkpt>
      <trkpt lat="37.5016421265900135040283203125" lon="121.42597828991711139678955078125">
        <ele>168</ele>
        <time>2026-09-13T02:53:31.000Z</time>
        <extensions>
          <ns3:TrackPointExtension>
            <ns3:hr>85</ns3:hr>
            <ns3:cad>0</ns3:cad>
          </ns3:TrackPointExtension>
        </extensions>
      </trkpt>
      <trkpt lat="37.5016354210674762725830078125" lon="121.42596890218555927276611328125">
        <ele>167.8000030517578125</ele>
        <time>2026-09-13T02:53:40.000Z</time>
        <extensions>
          <ns3:TrackPointExtension>
            <ns3:hr>82</ns3:hr>
            <ns3:cad>0</ns3:cad>
          </ns3:TrackPointExtension>
        </extensions>
      </trkpt>
      <trkpt lat="37.50164254568517208099365234375" lon="121.42596487887203693389892578125">
        <ele>167.8000030517578125</ele>
        <time>2026-09-13T02:53:46.000Z</time>
        <extensions>
          <ns3:TrackPointExtension>
            <ns3:hr>82</ns3:hr>
            <ns3:cad>0</ns3:cad>
          </ns3:TrackPointExtension>
        </extensions>
      </trkpt>
      <trkpt lat="37.50164397060871124267578125" lon="121.4259663037955760955810546875">
        <ele>167.600006103515625</ele>
        <time>2026-09-13T02:53:48.000Z</time>
        <extensions>
          <ns3:TrackPointExtension>
            <ns3:hr>86</ns3:hr>
            <ns3:cad>0</ns3:cad>
          </ns3:TrackPointExtension>
        </extensions>
      </trkpt>
      <trkpt lat="37.50164506025612354278564453125" lon="121.4259664714336395263671875">
        <ele>167.8000030517578125</ele>
        <time>2026-09-13T02:53:50.000Z</time>
        <extensions>
          <ns3:TrackPointExtension>
            <ns3:hr>89</ns3:hr>
            <ns3:cad>0</ns3:cad>
          </ns3:TrackPointExtension>
        </extensions>
      </trkpt>
      <trkpt lat="37.5016500055789947509765625" lon="121.42596580088138580322265625">
        <ele>167.8000030517578125</ele>
        <time>2026-09-13T02:53:54.000Z</time>
        <extensions>
          <ns3:TrackPointExtension>
            <ns3:hr>86</ns3:hr>
            <ns3:cad>0</ns3:cad>
          </ns3:TrackPointExtension>
        </extensions>
      </trkpt>
      <trkpt lat="37.50166249461472034454345703125" lon="121.42597594298422336578369140625">
        <ele>167.8000030517578125</ele>
        <time>2026-09-13T02:54:04.000Z</time>
        <extensions>
          <ns3:TrackPointExtension>
            <ns3:hr>89</ns3:hr>
            <ns3:cad>0</ns3:cad>
          </ns3:TrackPointExtension>
        </extensions>
      </trkpt>
      <trkpt lat="37.5016619078814983367919921875" lon="121.425972841680049896240234375">
        <ele>167.600006103515625</ele>
        <time>2026-09-13T02:54:07.000Z</time>
        <extensions>
          <ns3:TrackPointExtension>
            <ns3:hr>92</ns3:hr>
            <ns3:cad>0</ns3:cad>
          </ns3:TrackPointExtension>
        </extensions>
      </trkpt>
      <trkpt lat="37.50167707912623882293701171875" lon="121.42598214559257030487060546875">
        <ele>167.8000030517578125</ele>
        <time>2026-09-13T02:54:20.000Z</time>
        <extensions>
          <ns3:TrackPointExtension>
            <ns3:hr>88</ns3:hr>
            <ns3:cad>0</ns3:cad>
          </ns3:TrackPointExtension>
        </extensions>
      </trkpt>
      <trkpt lat="37.5016592256724834442138671875" lon="121.425974853336811065673828125">
        <ele>167.600006103515625</ele>
        <time>2026-09-13T02:54:31.000Z</time>
        <extensions>
          <ns3:TrackPointExtension>
            <ns3:hr>90</ns3:hr>
            <ns3:cad>0</ns3:cad>
          </ns3:TrackPointExtension>
        </extensions>
      </trkpt>
      <trkpt lat="37.50164723955094814300537109375" lon="121.4259852468967437744140625">
        <ele>167.8000030517578125</ele>
        <time>2026-09-13T02:54:43.000Z</time>
        <extensions>
          <ns3:TrackPointExtension>
            <ns3:hr>91</ns3:hr>
            <ns3:cad>0</ns3:cad>
          </ns3:TrackPointExtension>
        </extensions>
      </trkpt>
      <trkpt lat="37.501632906496524810791015625" lon="121.4259877614676952362060546875">
        <ele>167.600006103515625</ele>
        <time>2026-09-13T02:55:02.000Z</time>
        <extensions>
          <ns3:TrackPointExtension>
            <ns3:hr>92</ns3:hr>
            <ns3:cad>0</ns3:cad>
          </ns3:TrackPointExtension>
        </extensions>
      </trkpt>
      <trkpt lat="37.5016250275075435638427734375" lon="121.4259766973555088043212890625">
        <ele>167.600006103515625</ele>
        <time>2026-09-13T02:55:18.000Z</time>
        <extensions>
          <ns3:TrackPointExtension>
            <ns3:hr>92</ns3:hr>
            <ns3:cad>0</ns3:cad>
          </ns3:TrackPointExtension>
        </extensions>
      </trkpt>
      <trkpt lat="37.50164262950420379638671875" lon="121.42596521414816379547119140625">
        <ele>167.600006103515625</ele>
        <time>2026-09-13T02:55:38.000Z</time>
        <extensions>
          <ns3:TrackPointExtension>
            <ns3:hr>92</ns3:hr>
            <ns3:cad>0</ns3:cad>
          </ns3:TrackPointExtension>
        </extensions>
      </trkpt>
      <trkpt lat="37.501632235944271087646484375" lon="121.42597384750843048095703125">
        <ele>167.399993896484375</ele>
        <time>2026-09-13T02:55:54.000Z</time>
        <extensions>
          <ns3:TrackPointExtension>
            <ns3:hr>91</ns3:hr>
            <ns3:cad>0</ns3:cad>
          </ns3:TrackPointExtension>
        </extensions>
      </trkpt>
      <trkpt lat="37.5016458146274089813232421875" lon="121.42598013393580913543701171875">
        <ele>167.1999969482421875</ele>
        <time>2026-09-13T02:56:12.000Z</time>
        <extensions>
          <ns3:TrackPointExtension>
            <ns3:hr>93</ns3:hr>
            <ns3:cad>0</ns3:cad>
          </ns3:TrackPointExtension>
        </extensions>
      </trkpt>
      <trkpt lat="37.50164506025612354278564453125" lon="121.42598315142095088958740234375">
        <ele>167.600006103515625</ele>
        <time>2026-09-13T02:56:22.000Z</time>
        <extensions>
          <ns3:TrackPointExtension>
            <ns3:hr>91</ns3:hr>
            <ns3:cad>0</ns3:cad>
          </ns3:TrackPointExtension>
        </extensions>
      </trkpt>
      <trkpt lat="37.50164665281772613525390625" lon="121.42598013393580913543701171875">
        <ele>167.399993896484375</ele>
        <time>2026-09-13T02:56:25.000Z</time>
        <extensions>
          <ns3:TrackPointExtension>
            <ns3:hr>87</ns3:hr>
            <ns3:cad>0</ns3:cad>
          </ns3:TrackPointExtension>
        </extensions>
      </trkpt>
      <trkpt lat="37.5016521848738193511962890625" lon="121.425983570516109466552734375">
        <ele>167.600006103515625</ele>
        <time>2026-09-13T02:56:27.000Z</time>
        <extensions>
          <ns3:TrackPointExtension>
            <ns3:hr>84</ns3:hr>
            <ns3:cad>0</ns3:cad>
          </ns3:TrackPointExtension>
        </extensions>
      </trkpt>
      <trkpt lat="37.5016572140157222747802734375" lon="121.42599706538021564483642578125">
        <ele>168</ele>
        <time>2026-09-13T02:56:31.000Z</time>
        <extensions>
          <ns3:TrackPointExtension>
            <ns3:hr>84</ns3:hr>
            <ns3:cad>0</ns3:cad>
          </ns3:TrackPointExtension>
        </extensions>
      </trkpt>
      <trkpt lat="37.50166785903275012969970703125" lon="121.426002345979213714599609375">
        <ele>167.8000030517578125</ele>
        <time>2026-09-13T02:56:42.000Z</time>
        <extensions>
          <ns3:TrackPointExtension>
            <ns3:hr>87</ns3:hr>
            <ns3:cad>0</ns3:cad>
          </ns3:TrackPointExtension>
        </extensions>
      </trkpt>
      <trkpt lat="37.50166702084243297576904296875" lon="121.42600310035049915313720703125">
        <ele>167.8000030517578125</ele>
        <time>2026-09-13T02:56:44.000Z</time>
        <extensions>
          <ns3:TrackPointExtension>
            <ns3:hr>91</ns3:hr>
            <ns3:cad>0</ns3:cad>
          </ns3:TrackPointExtension>
        </extensions>
      </trkpt>
      <trkpt lat="37.501661069691181182861328125" lon="121.42600511200726032257080078125">
        <ele>168</ele>
        <time>2026-09-13T02:56:49.000Z</time>
        <extensions>
          <ns3:TrackPointExtension>
            <ns3:hr>94</ns3:hr>
            <ns3:cad>0</ns3:cad>
          </ns3:TrackPointExtension>
        </extensions>
      </trkpt>
      <trkpt lat="37.50163231976330280303955078125" lon="121.42600527964532375335693359375">
        <ele>168</ele>
        <time>2026-09-13T02:57:00.000Z</time>
        <extensions>
          <ns3:TrackPointExtension>
            <ns3:hr>92</ns3:hr>
            <ns3:cad>0</ns3:cad>
          </ns3:TrackPointExtension>
        </extensions>
      </trkpt>
      <trkpt lat="37.50164053402841091156005859375" lon="121.42599119804799556732177734375">
        <ele>168.1999969482421875</ele>
        <time>2026-09-13T02:57:09.000Z</time>
        <extensions>
          <ns3:TrackPointExtension>
            <ns3:hr>94</ns3:hr>
            <ns3:cad>0</ns3:cad>
          </ns3:TrackPointExtension>
        </extensions>
      </trkpt>
      <trkpt lat="37.5016424618661403656005859375" lon="121.4259854145348072052001953125">
        <ele>168.1999969482421875</ele>
        <time>2026-09-13T02:57:14.000Z</time>
        <extensions>
          <ns3:TrackPointExtension>
            <ns3:hr>97</ns3:hr>
            <ns3:cad>0</ns3:cad>
          </ns3:TrackPointExtension>
        </extensions>
      </trkpt>
      <trkpt lat="37.5016384385526180267333984375" lon="121.42598499543964862823486328125">
        <ele>168.1999969482421875</ele>
        <time>2026-09-13T02:57:18.000Z</time>
        <extensions>
          <ns3:TrackPointExtension>
            <ns3:hr>97</ns3:hr>
            <ns3:cad>0</ns3:cad>
          </ns3:TrackPointExtension>
        </extensions>
      </trkpt>
      <trkpt lat="37.50163324177265167236328125" lon="121.42598700709640979766845703125">
        <ele>168.1999969482421875</ele>
        <time>2026-09-13T02:57:22.000Z</time>
        <extensions>
          <ns3:TrackPointExtension>
            <ns3:hr>100</ns3:hr>
            <ns3:cad>0</ns3:cad>
          </ns3:TrackPointExtension>
        </extensions>
      </trkpt>
      <trkpt lat="37.5016277097165584564208984375" lon="121.425990946590900421142578125">
        <ele>168</ele>
        <time>2026-09-13T02:57:25.000Z</time>
        <extensions>
          <ns3:TrackPointExtension>
            <ns3:hr>103</ns3:hr>
            <ns3:cad>0</ns3:cad>
          </ns3:TrackPointExtension>
        </extensions>
      </trkpt>
      <trkpt lat="37.50162863172590732574462890625" lon="121.42598868347704410552978515625">
        <ele>167.8000030517578125</ele>
        <time>2026-09-13T02:57:29.000Z</time>
        <extensions>
          <ns3:TrackPointExtension>
            <ns3:hr>103</ns3:hr>
            <ns3:cad>0</ns3:cad>
          </ns3:TrackPointExtension>
        </extensions>
      </trkpt>
      <trkpt lat="37.50163030810654163360595703125" lon="121.42598725855350494384765625">
        <ele>167.8000030517578125</ele>
        <time>2026-09-13T02:57:37.000Z</time>
        <extensions>
          <ns3:TrackPointExtension>
            <ns3:hr>99</ns3:hr>
            <ns3:cad>0</ns3:cad>
          </ns3:TrackPointExtension>
        </extensions>
      </trkpt>
      <trkpt lat="37.50162578187882900238037109375" lon="121.42599287442862987518310546875">
        <ele>167.8000030517578125</ele>
        <time>2026-09-13T02:57:38.000Z</time>
        <extensions>
          <ns3:TrackPointExtension>
            <ns3:hr>94</ns3:hr>
            <ns3:cad>0</ns3:cad>
          </ns3:TrackPointExtension>
        </extensions>
      </trkpt>
      <trkpt lat="37.50162695534527301788330078125" lon="121.42599253915250301361083984375">
        <ele>167.8000030517578125</ele>
        <time>2026-09-13T02:57:39.000Z</time>
        <extensions>
          <ns3:TrackPointExtension>
            <ns3:hr>86</ns3:hr>
            <ns3:cad>0</ns3:cad>
          </ns3:TrackPointExtension>
        </extensions>
      </trkpt>
      <trkpt lat="37.50162812881171703338623046875" lon="121.42599270679056644439697265625">
        <ele>167.8000030517578125</ele>
        <time>2026-09-13T02:57:40.000Z</time>
        <extensions>
          <ns3:TrackPointExtension>
            <ns3:hr>82</ns3:hr>
            <ns3:cad>0</ns3:cad>
          </ns3:TrackPointExtension>
        </extensions>
      </trkpt>
      <trkpt lat="37.50163315795361995697021484375" lon="121.42599086277186870574951171875">
        <ele>167.8000030517578125</ele>
        <time>2026-09-13T02:57:42.000Z</time>
        <extensions>
          <ns3:TrackPointExtension>
            <ns3:hr>81</ns3:hr>
            <ns3:cad>0</ns3:cad>
          </ns3:TrackPointExtension>
        </extensions>
      </trkpt>
      <trkpt lat="37.50163064338266849517822265625" lon="121.4259894378483295440673828125">
        <ele>168</ele>
        <time>2026-09-13T02:57:48.000Z</time>
        <extensions>
          <ns3:TrackPointExtension>
            <ns3:hr>79</ns3:hr>
            <ns3:cad>0</ns3:cad>
          </ns3:TrackPointExtension>
        </extensions>
      </trkpt>
      <trkpt lat="37.5016136281192302703857421875" lon="121.42602506093680858612060546875">
        <ele>168</ele>
        <time>2026-09-13T02:57:56.000Z</time>
        <extensions>
          <ns3:TrackPointExtension>
            <ns3:hr>79</ns3:hr>
            <ns3:cad>0</ns3:cad>
          </ns3:TrackPointExtension>
        </extensions>
      </trkpt>
      <trkpt lat="37.50157649628818035125732421875" lon="121.4259852468967437744140625">
        <ele>167.600006103515625</ele>
        <time>2026-09-13T02:58:00.000Z</time>
        <extensions>
          <ns3:TrackPointExtension>
            <ns3:hr>79</ns3:hr>
            <ns3:cad>0</ns3:cad>
          </ns3:TrackPointExtension>
        </extensions>
      </trkpt>
      <trkpt lat="37.50153265893459320068359375" lon="121.425935961306095123291015625">
        <ele>167.8000030517578125</ele>
        <time>2026-09-13T02:58:06.000Z</time>
        <extensions>
          <ns3:TrackPointExtension>
            <ns3:hr>80</ns3:hr>
            <ns3:cad>53</ns3:cad>
          </ns3:TrackPointExtension>
        </extensions>
      </trkpt>
      <trkpt lat="37.50149150379002094268798828125" lon="121.425841748714447021484375">
        <ele>167.8000030517578125</ele>
        <time>2026-09-13T02:58:12.000Z</time>
        <extensions>
          <ns3:TrackPointExtension>
            <ns3:hr>80</ns3:hr>
            <ns3:cad>57</ns3:cad>
          </ns3:TrackPointExtension>
        </extensions>
      </trkpt>
      <trkpt lat="37.501489408314228057861328125" lon="121.42580377869307994842529296875">
        <ele>167.8000030517578125</ele>
        <time>2026-09-13T02:58:16.000Z</time>
        <extensions>
          <ns3:TrackPointExtension>
            <ns3:hr>83</ns3:hr>
            <ns3:cad>56</ns3:cad>
          </ns3:TrackPointExtension>
        </extensions>
      </trkpt>
      <trkpt lat="37.50150307081639766693115234375" lon="121.42579254694283008575439453125">
        <ele>168.1999969482421875</ele>
        <time>2026-09-13T02:58:18.000Z</time>
        <extensions>
          <ns3:TrackPointExtension>
            <ns3:hr>84</ns3:hr>
            <ns3:cad>56</ns3:cad>
          </ns3:TrackPointExtension>
        </extensions>
      </trkpt>
      <trkpt lat="37.5015371851623058319091796875" lon="121.42576790414750576019287109375">
        <ele>169.1999969482421875</ele>
        <time>2026-09-13T02:58:22.000Z</time>
        <extensions>
          <ns3:TrackPointExtension>
            <ns3:hr>84</ns3:hr>
            <ns3:cad>0</ns3:cad>
          </ns3:TrackPointExtension>
        </extensions>
      </trkpt>
      <trkpt lat="37.50156040303409099578857421875" lon="121.42574711702764034271240234375">
        <ele>170</ele>
        <time>2026-09-13T02:58:25.000Z</time>
        <extensions>
          <ns3:TrackPointExtension>
            <ns3:hr>85</ns3:hr>
            <ns3:cad>0</ns3:cad>
          </ns3:TrackPointExtension>
        </extensions>
      </trkpt>
      <trkpt lat="37.50157917849719524383544921875" lon="121.42573135904967784881591796875">
        <ele>170.1999969482421875</ele>
        <time>2026-09-13T02:58:26.000Z</time>
        <extensions>
          <ns3:TrackPointExtension>
            <ns3:hr>85</ns3:hr>
            <ns3:cad>46</ns3:cad>
          </ns3:TrackPointExtension>
        </extensions>
      </trkpt>
      <trkpt lat="37.50160641968250274658203125" lon="121.4257049560546875">
        <ele>171</ele>
        <time>2026-09-13T02:58:29.000Z</time>
        <extensions>
          <ns3:TrackPointExtension>
            <ns3:hr>88</ns3:hr>
            <ns3:cad>47</ns3:cad>
          </ns3:TrackPointExtension>
        </extensions>
      </trkpt>
      <trkpt lat="37.50161991454660892486572265625" lon="121.4256927184760570526123046875">
        <ele>171.399993896484375</ele>
        <time>2026-09-13T02:58:30.000Z</time>
        <extensions>
          <ns3:TrackPointExtension>
            <ns3:hr>88</ns3:hr>
            <ns3:cad>47</ns3:cad>
          </ns3:TrackPointExtension>
        </extensions>
      </trkpt>
      <trkpt lat="37.50164137221872806549072265625" lon="121.42567017115652561187744140625">
        <ele>172.1999969482421875</ele>
        <time>2026-09-13T02:58:33.000Z</time>
        <extensions>
          <ns3:TrackPointExtension>
            <ns3:hr>91</ns3:hr>
            <ns3:cad>47</ns3:cad>
          </ns3:TrackPointExtension>
        </extensions>
      </trkpt>
      <trkpt lat="37.50165193341672420501708984375" lon="121.42565667629241943359375">
        <ele>172.600006103515625</ele>
        <time>2026-09-13T02:58:34.000Z</time>
        <extensions>
          <ns3:TrackPointExtension>
            <ns3:hr>92</ns3:hr>
            <ns3:cad>47</ns3:cad>
          </ns3:TrackPointExtension>
        </extensions>
      </trkpt>
      <trkpt lat="37.50165679492056369781494140625" lon="121.425634883344173431396484375">
        <ele>173</ele>
        <time>2026-09-13T02:58:36.000Z</time>
        <extensions>
          <ns3:TrackPointExtension>
            <ns3:hr>93</ns3:hr>
            <ns3:cad>47</ns3:cad>
          </ns3:TrackPointExtension>
        </extensions>
      </trkpt>
      <trkpt lat="37.50166702084243297576904296875" lon="121.42560328356921672821044921875">
        <ele>173.600006103515625</ele>
        <time>2026-09-13T02:58:40.000Z</time>
        <extensions>
          <ns3:TrackPointExtension>
            <ns3:hr>96</ns3:hr>
            <ns3:cad>47</ns3:cad>
          </ns3:TrackPointExtension>
        </extensions>
      </trkpt>
      <trkpt lat="37.50167154707014560699462890625" lon="121.42559439875185489654541015625">
        <ele>173.8000030517578125</ele>
        <time>2026-09-13T02:58:41.000Z</time>
        <extensions>
          <ns3:TrackPointExtension>
            <ns3:hr>97</ns3:hr>
            <ns3:cad>47</ns3:cad>
          </ns3:TrackPointExtension>
        </extensions>
      </trkpt>
      <trkpt lat="37.5016803480684757232666015625" lon="121.425581239163875579833984375">
        <ele>174.1999969482421875</ele>
        <time>2026-09-13T02:58:45.000Z</time>
        <extensions>
          <ns3:TrackPointExtension>
            <ns3:hr>100</ns3:hr>
            <ns3:cad>0</ns3:cad>
          </ns3:TrackPointExtension>
        </extensions>
      </trkpt>
      <trkpt lat="37.50168378464877605438232421875" lon="121.42557377927005290985107421875">
        <ele>174.399993896484375</ele>
        <time>2026-09-13T02:58:46.000Z</time>
        <extensions>
          <ns3:TrackPointExtension>
            <ns3:hr>103</ns3:hr>
            <ns3:cad>0</ns3:cad>
          </ns3:TrackPointExtension>
        </extensions>
      </trkpt>
      <trkpt lat="37.5016826950013637542724609375" lon="121.42556992359459400177001953125">
        <ele>174.399993896484375</ele>
        <time>2026-09-13T02:58:47.000Z</time>
        <extensions>
          <ns3:TrackPointExtension>
            <ns3:hr>106</ns3:hr>
            <ns3:cad>0</ns3:cad>
          </ns3:TrackPointExtension>
        </extensions>
      </trkpt>
      <trkpt lat="37.50168797560036182403564453125" lon="121.4255569316446781158447265625">
        <ele>174.600006103515625</ele>
        <time>2026-09-13T02:58:49.000Z</time>
        <extensions>
          <ns3:TrackPointExtension>
            <ns3:hr>110</ns3:hr>
            <ns3:cad>0</ns3:cad>
          </ns3:TrackPointExtension>
        </extensions>
      </trkpt>
      <trkpt lat="37.501690573990345001220703125" lon="121.4255488850176334381103515625">
        <ele>174.8000030517578125</ele>
        <time>2026-09-13T02:58:50.000Z</time>
        <extensions>
          <ns3:TrackPointExtension>
            <ns3:hr>113</ns3:hr>
            <ns3:cad>40</ns3:cad>
          </ns3:TrackPointExtension>
        </extensions>
      </trkpt>
      <trkpt lat="37.50169359147548675537109375" lon="121.42554544843733310699462890625">
        <ele>175</ele>
        <time>2026-09-13T02:58:51.000Z</time>
        <extensions>
          <ns3:TrackPointExtension>
            <ns3:hr>115</ns3:hr>
            <ns3:cad>40</ns3:cad>
          </ns3:TrackPointExtension>
        </extensions>
      </trkpt>
      <trkpt lat="37.50171261839568614959716796875" lon="121.42552734352648258209228515625">
        <ele>175.8000030517578125</ele>
        <time>2026-09-13T02:58:55.000Z</time>
        <extensions>
          <ns3:TrackPointExtension>
            <ns3:hr>115</ns3:hr>
            <ns3:cad>40</ns3:cad>
          </ns3:TrackPointExtension>
        </extensions>
      </trkpt>
      <trkpt lat="37.501715719699859619140625" lon="121.4255163632333278656005859375">
        <ele>176</ele>
        <time>2026-09-13T02:58:56.000Z</time>
        <extensions>
          <ns3:TrackPointExtension>
            <ns3:hr>116</ns3:hr>
            <ns3:cad>46</ns3:cad>
          </ns3:TrackPointExtension>
        </extensions>
      </trkpt>
      <trkpt lat="37.50174589455127716064453125" lon="121.425469927489757537841796875">
        <ele>176</ele>
        <time>2026-09-13T02:59:01.000Z</time>
        <extensions>
          <ns3:TrackPointExtension>
            <ns3:hr>117</ns3:hr>
            <ns3:cad>0</ns3:cad>
          </ns3:TrackPointExtension>
        </extensions>
      </trkpt>
      <trkpt lat="37.50175402499735355377197265625" lon="121.42546615563333034515380859375">
        <ele>176.1999969482421875</ele>
        <time>2026-09-13T02:59:07.000Z</time>
        <extensions>
          <ns3:TrackPointExtension>
            <ns3:hr>117</ns3:hr>
            <ns3:cad>0</ns3:cad>
          </ns3:TrackPointExtension>
        </extensions>
      </trkpt>
      <trkpt lat="37.501767687499523162841796875" lon="121.42545710317790508270263671875">
        <ele>176.600006103515625</ele>
        <time>2026-09-13T02:59:16.000Z</time>
        <extensions>
          <ns3:TrackPointExtension>
            <ns3:hr>114</ns3:hr>
            <ns3:cad>0</ns3:cad>
          </ns3:TrackPointExtension>
        </extensions>
      </trkpt>
      <trkpt lat="37.501767687499523162841796875" lon="121.42545710317790508270263671875">
        <ele>176.600006103515625</ele>
        <time>2026-09-13T02:59:17.000Z</time>
        <extensions>
          <ns3:TrackPointExtension>
            <ns3:hr>114</ns3:hr>
            <ns3:cad>0</ns3:cad>
          </ns3:TrackPointExtension>
        </extensions>
      </trkpt>
      <trkpt lat="37.501767687499523162841796875" lon="121.42545710317790508270263671875">
        <ele>176.600006103515625</ele>
        <time>2026-09-13T02:59:21.000Z</time>
        <extensions>
          <ns3:TrackPointExtension>
            <ns3:hr>123</ns3:hr>
            <ns3:cad>0</ns3:cad>
          </ns3:TrackPointExtension>
        </extensions>
      </trkpt>
      <trkpt lat="37.501766681671142578125" lon="121.4254637248814105987548828125">
        <ele>177</ele>
        <time>2026-09-13T02:59:28.000Z</time>
        <extensions>
          <ns3:TrackPointExtension>
            <ns3:hr>124</ns3:hr>
            <ns3:cad>0</ns3:cad>
          </ns3:TrackPointExtension>
        </extensions>
      </trkpt>
      <trkpt lat="37.50176332890987396240234375" lon="121.425456516444683074951171875">
        <ele>177</ele>
        <time>2026-09-13T02:59:30.000Z</time>
        <extensions>
          <ns3:TrackPointExtension>
            <ns3:hr>124</ns3:hr>
            <ns3:cad>0</ns3:cad>
          </ns3:TrackPointExtension>
        </extensions>
      </trkpt>
      <trkpt lat="37.50175218097865581512451171875" lon="121.42544788308441638946533203125">
        <ele>176.399993896484375</ele>
        <time>2026-09-13T02:59:37.000Z</time>
        <extensions>
          <ns3:TrackPointExtension>
            <ns3:hr>120</ns3:hr>
            <ns3:cad>0</ns3:cad>
          </ns3:TrackPointExtension>
        </extensions>
      </trkpt>
      <trkpt lat="37.5017517618834972381591796875" lon="121.425444781780242919921875">
        <ele>176.399993896484375</ele>
        <time>2026-09-13T02:59:38.000Z</time>
        <extensions>
          <ns3:TrackPointExtension>
            <ns3:hr>115</ns3:hr>
            <ns3:cad>0</ns3:cad>
          </ns3:TrackPointExtension>
        </extensions>
      </trkpt>
      <trkpt lat="37.50175394117832183837890625" lon="121.425439082086086273193359375">
        <ele>176.399993896484375</ele>
        <time>2026-09-13T02:59:39.000Z</time>
        <extensions>
          <ns3:TrackPointExtension>
            <ns3:hr>105</ns3:hr>
            <ns3:cad>0</ns3:cad>
          </ns3:TrackPointExtension>
        </extensions>
      </trkpt>
      <trkpt lat="37.50175687484443187713623046875" lon="121.42543262802064418792724609375">
        <ele>176.399993896484375</ele>
        <time>2026-09-13T02:59:40.000Z</time>
        <extensions>
          <ns3:TrackPointExtension>
            <ns3:hr>102</ns3:hr>
            <ns3:cad>0</ns3:cad>
          </ns3:TrackPointExtension>
        </extensions>
      </trkpt>
      <trkpt lat="37.5017628259956836700439453125" lon="121.42542558722198009490966796875">
        <ele>176.399993896484375</ele>
        <time>2026-09-13T02:59:41.000Z</time>
        <extensions>
          <ns3:TrackPointExtension>
            <ns3:hr>102</ns3:hr>
            <ns3:cad>0</ns3:cad>
          </ns3:TrackPointExtension>
        </extensions>
      </trkpt>
      <trkpt lat="37.501815296709537506103515625" lon="121.4253651537001132965087890625">
        <ele>176.600006103515625</ele>
        <time>2026-09-13T02:59:47.000Z</time>
        <extensions>
          <ns3:TrackPointExtension>
            <ns3:hr>101</ns3:hr>
            <ns3:cad>77</ns3:cad>
          </ns3:TrackPointExtension>
        </extensions>
      </trkpt>
      <trkpt lat="37.50192099250853061676025390625" lon="121.42527488060295581817626953125">
        <ele>176.600006103515625</ele>
        <time>2026-09-13T02:59:55.000Z</time>
        <extensions>
          <ns3:TrackPointExtension>
            <ns3:hr>101</ns3:hr>
            <ns3:cad>57</ns3:cad>
          </ns3:TrackPointExtension>
        </extensions>
      </trkpt>
      <trkpt lat="37.50195032916963100433349609375" lon="121.42526113428175449371337890625">
        <ele>177</ele>
        <time>2026-09-13T02:59:59.000Z</time>
        <extensions>
          <ns3:TrackPointExtension>
            <ns3:hr>101</ns3:hr>
            <ns3:cad>57</ns3:cad>
          </ns3:TrackPointExtension>
        </extensions>
      </trkpt>
      <trkpt lat="37.50195720233023166656494140625" lon="121.425258703529834747314453125">
        <ele>177.399993896484375</ele>
        <time>2026-09-13T03:00:00.000Z</time>
        <extensions>
          <ns3:TrackPointExtension>
            <ns3:hr>101</ns3:hr>
            <ns3:cad>57</ns3:cad>
          </ns3:TrackPointExtension>
        </extensions>
      </trkpt>
      <trkpt lat="37.50199341215193271636962890625" lon="121.4252650737762451171875">
        <ele>178</ele>
        <time>2026-09-13T03:00:03.000Z</time>
        <extensions>
          <ns3:TrackPointExtension>
            <ns3:hr>102</ns3:hr>
            <ns3:cad>0</ns3:cad>
          </ns3:TrackPointExtension>
        </extensions>
      </trkpt>
      <trkpt lat="37.5020199827849864959716796875" lon="121.425270102918148040771484375">
        <ele>178.600006103515625</ele>
        <time>2026-09-13T03:00:06.000Z</time>
        <extensions>
          <ns3:TrackPointExtension>
            <ns3:hr>102</ns3:hr>
            <ns3:cad>0</ns3:cad>
          </ns3:TrackPointExtension>
        </extensions>
      </trkpt>
      <trkpt lat="37.5020300410687923431396484375" lon="121.42527110874652862548828125">
        <ele>179</ele>
        <time>2026-09-13T03:00:07.000Z</time>
        <extensions>
          <ns3:TrackPointExtension>
            <ns3:hr>103</ns3:hr>
            <ns3:cad>0</ns3:cad>
          </ns3:TrackPointExtension>
        </extensions>
      </trkpt>
      <trkpt lat="37.502041272819042205810546875" lon="121.42526247538626194000244140625">
        <ele>180.1999969482421875</ele>
        <time>2026-09-13T03:00:11.000Z</time>
        <extensions>
          <ns3:TrackPointExtension>
            <ns3:hr>103</ns3:hr>
            <ns3:cad>62</ns3:cad>
          </ns3:TrackPointExtension>
        </extensions>
      </trkpt>
      <trkpt lat="37.502054013311862945556640625" lon="121.4252571947872638702392578125">
        <ele>180.399993896484375</ele>
        <time>2026-09-13T03:00:12.000Z</time>
        <extensions>
          <ns3:TrackPointExtension>
            <ns3:hr>104</ns3:hr>
            <ns3:cad>62</ns3:cad>
          </ns3:TrackPointExtension>
        </extensions>
      </trkpt>
      <trkpt lat="37.50208309851586818695068359375" lon="121.42523464746773242950439453125">
        <ele>181.399993896484375</ele>
        <time>2026-09-13T03:00:17.000Z</time>
        <extensions>
          <ns3:TrackPointExtension>
            <ns3:hr>105</ns3:hr>
            <ns3:cad>0</ns3:cad>
          </ns3:TrackPointExtension>
        </extensions>
      </trkpt>
      <trkpt lat="37.50209030695259571075439453125" lon="121.42522408626973628997802734375">
        <ele>181.600006103515625</ele>
        <time>2026-09-13T03:00:18.000Z</time>
        <extensions>
          <ns3:TrackPointExtension>
            <ns3:hr>105</ns3:hr>
            <ns3:cad>0</ns3:cad>
          </ns3:TrackPointExtension>
        </extensions>
      </trkpt>
      <trkpt lat="37.50212115235626697540283203125" lon="121.42521469853818416595458984375">
        <ele>182.399993896484375</ele>
        <time>2026-09-13T03:00:23.000Z</time>
        <extensions>
          <ns3:TrackPointExtension>
            <ns3:hr>106</ns3:hr>
            <ns3:cad>73</ns3:cad>
          </ns3:TrackPointExtension>
        </extensions>
      </trkpt>
      <trkpt lat="37.50215065665543079376220703125" lon="121.42518469132483005523681640625">
        <ele>183.600006103515625</ele>
        <time>2026-09-13T03:00:30.000Z</time>
        <extensions>
          <ns3:TrackPointExtension>
            <ns3:hr>109</ns3:hr>
            <ns3:cad>0</ns3:cad>
          </ns3:TrackPointExtension>
        </extensions>
      </trkpt>
      <trkpt lat="37.50218711793422698974609375" lon="121.42514445818960666656494140625">
        <ele>184.8000030517578125</ele>
        <time>2026-09-13T03:00:37.000Z</time>
        <extensions>
          <ns3:TrackPointExtension>
            <ns3:hr>110</ns3:hr>
            <ns3:cad>0</ns3:cad>
          </ns3:TrackPointExtension>
        </extensions>
      </trkpt>
      <trkpt lat="37.50219172798097133636474609375" lon="121.42514294944703578948974609375">
        <ele>185</ele>
        <time>2026-09-13T03:00:38.000Z</time>
        <extensions>
          <ns3:TrackPointExtension>
            <ns3:hr>114</ns3:hr>
            <ns3:cad>0</ns3:cad>
          </ns3:TrackPointExtension>
        </extensions>
      </trkpt>
      <trkpt lat="37.5022000260651111602783203125" lon="121.42513993196189403533935546875">
        <ele>185.1999969482421875</ele>
        <time>2026-09-13T03:00:39.000Z</time>
        <extensions>
          <ns3:TrackPointExtension>
            <ns3:hr>114</ns3:hr>
            <ns3:cad>0</ns3:cad>
          </ns3:TrackPointExtension>
        </extensions>
      </trkpt>
      <trkpt lat="37.5022275187075138092041015625" lon="121.4251338131725788116455078125">
        <ele>185.600006103515625</ele>
        <time>2026-09-13T03:00:43.000Z</time>
        <extensions>
          <ns3:TrackPointExtension>
            <ns3:hr>116</ns3:hr>
            <ns3:cad>0</ns3:cad>
          </ns3:TrackPointExtension>
        </extensions>
      </trkpt>
      <trkpt lat="37.502237074077129364013671875" lon="121.42513188533484935760498046875">
        <ele>185.8000030517578125</ele>
        <time>2026-09-13T03:00:44.000Z</time>
        <extensions>
          <ns3:TrackPointExtension>
            <ns3:hr>115</ns3:hr>
            <ns3:cad>0</ns3:cad>
          </ns3:TrackPointExtension>
        </extensions>
      </trkpt>
      <trkpt lat="37.50227252952754497528076171875" lon="121.4251307956874370574951171875">
        <ele>186.399993896484375</ele>
        <time>2026-09-13T03:00:49.000Z</time>
        <extensions>
          <ns3:TrackPointExtension>
            <ns3:hr>115</ns3:hr>
            <ns3:cad>0</ns3:cad>
          </ns3:TrackPointExtension>
        </extensions>
      </trkpt>
      <trkpt lat="37.502280659973621368408203125" lon="121.42512232996523380279541015625">
        <ele>186.8000030517578125</ele>
        <time>2026-09-13T03:00:51.000Z</time>
        <extensions>
          <ns3:TrackPointExtension>
            <ns3:hr>114</ns3:hr>
            <ns3:cad>0</ns3:cad>
          </ns3:TrackPointExtension>
        </extensions>
      </trkpt>
      <trkpt lat="37.5022959150373935699462890625" lon="121.42509735189378261566162109375">
        <ele>187.399993896484375</ele>
        <time>2026-09-13T03:00:54.000Z</time>
        <extensions>
          <ns3:TrackPointExtension>
            <ns3:hr>110</ns3:hr>
            <ns3:cad>0</ns3:cad>
          </ns3:TrackPointExtension>
        </extensions>
      </trkpt>
      <trkpt lat="37.50229842960834503173828125" lon="121.42508930526673793792724609375">
        <ele>187.600006103515625</ele>
        <time>2026-09-13T03:00:55.000Z</time>
        <extensions>
          <ns3:TrackPointExtension>
            <ns3:hr>109</ns3:hr>
            <ns3:cad>0</ns3:cad>
          </ns3:TrackPointExtension>
        </extensions>
      </trkpt>
      <trkpt lat="37.50230136327445507049560546875" lon="121.425080001354217529296875">
        <ele>188</ele>
        <time>2026-09-13T03:00:56.000Z</time>
        <extensions>
          <ns3:TrackPointExtension>
            <ns3:hr>107</ns3:hr>
            <ns3:cad>0</ns3:cad>
          </ns3:TrackPointExtension>
        </extensions>
      </trkpt>
      <trkpt lat="37.50231578014791011810302734375" lon="121.4250372536480426788330078125">
        <ele>188.8000030517578125</ele>
        <time>2026-09-13T03:01:00.000Z</time>
        <extensions>
          <ns3:TrackPointExtension>
            <ns3:hr>104</ns3:hr>
            <ns3:cad>0</ns3:cad>
          </ns3:TrackPointExtension>
        </extensions>
      </trkpt>
      <trkpt lat="37.502317540347576141357421875" lon="121.42502367496490478515625">
        <ele>189</ele>
        <time>2026-09-13T03:01:01.000Z</time>
        <extensions>
          <ns3:TrackPointExtension>
            <ns3:hr>104</ns3:hr>
            <ns3:cad>0</ns3:cad>
          </ns3:TrackPointExtension>
        </extensions>
      </trkpt>
      <trkpt lat="37.502332292497158050537109375" lon="121.42499618232250213623046875">
        <ele>189.8000030517578125</ele>
        <time>2026-09-13T03:01:05.000Z</time>
        <extensions>
          <ns3:TrackPointExtension>
            <ns3:hr>104</ns3:hr>
            <ns3:cad>0</ns3:cad>
          </ns3:TrackPointExtension>
        </extensions>
      </trkpt>
      <trkpt lat="37.50233866274356842041015625" lon="121.424981094896793365478515625">
        <ele>190.1999969482421875</ele>
        <time>2026-09-13T03:01:07.000Z</time>
        <extensions>
          <ns3:TrackPointExtension>
            <ns3:hr>103</ns3:hr>
            <ns3:cad>0</ns3:cad>
          </ns3:TrackPointExtension>
        </extensions>
      </trkpt>
      <trkpt lat="37.50233866274356842041015625" lon="121.42495335079729557037353515625">
        <ele>190.600006103515625</ele>
        <time>2026-09-13T03:01:11.000Z</time>
        <extensions>
          <ns3:TrackPointExtension>
            <ns3:hr>104</ns3:hr>
            <ns3:cad>0</ns3:cad>
          </ns3:TrackPointExtension>
        </extensions>
      </trkpt>
      <trkpt lat="37.50232935883104801177978515625" lon="121.424919404089450836181640625">
        <ele>191.1999969482421875</ele>
        <time>2026-09-13T03:01:15.000Z</time>
        <extensions>
          <ns3:TrackPointExtension>
            <ns3:hr>106</ns3:hr>
            <ns3:cad>0</ns3:cad>
          </ns3:TrackPointExtension>
        </extensions>
      </trkpt>
      <trkpt lat="37.5023244135081768035888671875" lon="121.42489920370280742645263671875">
        <ele>191.399993896484375</ele>
        <time>2026-09-13T03:01:17.000Z</time>
        <extensions>
          <ns3:TrackPointExtension>
            <ns3:hr>107</ns3:hr>
            <ns3:cad>0</ns3:cad>
          </ns3:TrackPointExtension>
        </extensions>
      </trkpt>
      <trkpt lat="37.502322234213352203369140625" lon="121.42484824173152446746826171875">
        <ele>192.1999969482421875</ele>
        <time>2026-09-13T03:01:22.000Z</time>
        <extensions>
          <ns3:TrackPointExtension>
            <ns3:hr>109</ns3:hr>
            <ns3:cad>0</ns3:cad>
          </ns3:TrackPointExtension>
        </extensions>
      </trkpt>
      <trkpt lat="37.50231997109949588775634765625" lon="121.4248290471732616424560546875">
        <ele>192.399993896484375</ele>
        <time>2026-09-13T03:01:24.000Z</time>
        <extensions>
          <ns3:TrackPointExtension>
            <ns3:hr>108</ns3:hr>
            <ns3:cad>46</ns3:cad>
          </ns3:TrackPointExtension>
        </extensions>
      </trkpt>
      <trkpt lat="37.5023281015455722808837890625" lon="121.42477758228778839111328125">
        <ele>193.399993896484375</ele>
        <time>2026-09-13T03:01:28.000Z</time>
        <extensions>
          <ns3:TrackPointExtension>
            <ns3:hr>110</ns3:hr>
            <ns3:cad>46</ns3:cad>
          </ns3:TrackPointExtension>
        </extensions>
      </trkpt>
      <trkpt lat="37.502334974706172943115234375" lon="121.42476685345172882080078125">
        <ele>193.600006103515625</ele>
        <time>2026-09-13T03:01:29.000Z</time>
        <extensions>
          <ns3:TrackPointExtension>
            <ns3:hr>110</ns3:hr>
            <ns3:cad>46</ns3:cad>
          </ns3:TrackPointExtension>
        </extensions>
      </trkpt>
      <trkpt lat="37.50236305408179759979248046875" lon="121.424751766026020050048828125">
        <ele>194</ele>
        <time>2026-09-13T03:01:33.000Z</time>
        <extensions>
          <ns3:TrackPointExtension>
            <ns3:hr>111</ns3:hr>
            <ns3:cad>0</ns3:cad>
          </ns3:TrackPointExtension>
        </extensions>
      </trkpt>
      <trkpt lat="37.50238358974456787109375" lon="121.4247541129589080810546875">
        <ele>194.399993896484375</ele>
        <time>2026-09-13T03:01:35.000Z</time>
        <extensions>
          <ns3:TrackPointExtension>
            <ns3:hr>112</ns3:hr>
            <ns3:cad>0</ns3:cad>
          </ns3:TrackPointExtension>
        </extensions>
      </trkpt>
      <trkpt lat="37.50239272601902484893798828125" lon="121.42475545406341552734375">
        <ele>194.600006103515625</ele>
        <time>2026-09-13T03:01:36.000Z</time>
        <extensions>
          <ns3:TrackPointExtension>
            <ns3:hr>112</ns3:hr>
            <ns3:cad>0</ns3:cad>
          </ns3:TrackPointExtension>
        </extensions>
      </trkpt>
      <trkpt lat="37.5024454481899738311767578125" lon="121.42475478351116180419921875">
        <ele>195.600006103515625</ele>
        <time>2026-09-13T03:01:41.000Z</time>
        <extensions>
          <ns3:TrackPointExtension>
            <ns3:hr>114</ns3:hr>
            <ns3:cad>0</ns3:cad>
          </ns3:TrackPointExtension>
        </extensions>
      </trkpt>
      <trkpt lat="37.5024900399148464202880859375" lon="121.424749754369258880615234375">
        <ele>196.399993896484375</ele>
        <time>2026-09-13T03:01:46.000Z</time>
        <extensions>
          <ns3:TrackPointExtension>
            <ns3:hr>113</ns3:hr>
            <ns3:cad>0</ns3:cad>
          </ns3:TrackPointExtension>
        </extensions>
      </trkpt>
      <trkpt lat="37.50253379344940185546875" lon="121.424798704683780670166015625">
        <ele>196.399993896484375</ele>
        <time>2026-09-13T03:01:53.000Z</time>
        <extensions>
          <ns3:TrackPointExtension>
            <ns3:hr>111</ns3:hr>
            <ns3:cad>0</ns3:cad>
          </ns3:TrackPointExtension>
        </extensions>
      </trkpt>
      <trkpt lat="37.50256204046308994293212890625" lon="121.42481991089880466461181640625">
        <ele>196.600006103515625</ele>
        <time>2026-09-13T03:01:55.000Z</time>
        <extensions>
          <ns3:TrackPointExtension>
            <ns3:hr>109</ns3:hr>
            <ns3:cad>0</ns3:cad>
          </ns3:TrackPointExtension>
        </extensions>
      </trkpt>
      <trkpt lat="37.5025855936110019683837890625" lon="121.4248280413448810577392578125">
        <ele>197</ele>
        <time>2026-09-13T03:01:58.000Z</time>
        <extensions>
          <ns3:TrackPointExtension>
            <ns3:hr>106</ns3:hr>
            <ns3:cad>0</ns3:cad>
          </ns3:TrackPointExtension>
        </extensions>
      </trkpt>
      <trkpt lat="37.5026291795074939727783203125" lon="121.42485075630247592926025390625">
        <ele>197.399993896484375</ele>
        <time>2026-09-13T03:02:03.000Z</time>
        <extensions>
          <ns3:TrackPointExtension>
            <ns3:hr>105</ns3:hr>
            <ns3:cad>49</ns3:cad>
          </ns3:TrackPointExtension>
        </extensions>
      </trkpt>
      <trkpt lat="37.50263714231550693511962890625" lon="121.42485612072050571441650390625">
        <ele>197.600006103515625</ele>
        <time>2026-09-13T03:02:05.000Z</time>
        <extensions>
          <ns3:TrackPointExtension>
            <ns3:hr>106</ns3:hr>
            <ns3:cad>49</ns3:cad>
          </ns3:TrackPointExtension>
        </extensions>
      </trkpt>
      <trkpt lat="37.50266253948211669921875" lon="121.4248733036220073699951171875">
        <ele>198</ele>
        <time>2026-09-13T03:02:09.000Z</time>
        <extensions>
          <ns3:TrackPointExtension>
            <ns3:hr>108</ns3:hr>
            <ns3:cad>49</ns3:cad>
          </ns3:TrackPointExtension>
        </extensions>
      </trkpt>
      <trkpt lat="37.5027113221585750579833984375" lon="121.42488746903836727142333984375">
        <ele>198.600006103515625</ele>
        <time>2026-09-13T03:02:17.000Z</time>
        <extensions>
          <ns3:TrackPointExtension>
            <ns3:hr>110</ns3:hr>
            <ns3:cad>0</ns3:cad>
          </ns3:TrackPointExtension>
        </extensions>
      </trkpt>
      <trkpt lat="37.50272087752819061279296875" lon="121.4248944260179996490478515625">
        <ele>198.8000030517578125</ele>
        <time>2026-09-13T03:02:19.000Z</time>
        <extensions>
          <ns3:TrackPointExtension>
            <ns3:hr>110</ns3:hr>
            <ns3:cad>0</ns3:cad>
          </ns3:TrackPointExtension>
        </extensions>
      </trkpt>
      <trkpt lat="37.50274996273219585418701171875" lon="121.424905993044376373291015625">
        <ele>199.399993896484375</ele>
        <time>2026-09-13T03:02:23.000Z</time>
        <extensions>
          <ns3:TrackPointExtension>
            <ns3:hr>111</ns3:hr>
            <ns3:cad>0</ns3:cad>
          </ns3:TrackPointExtension>
        </extensions>
      </trkpt>
      <trkpt lat="37.50276639126241207122802734375" lon="121.4249155484139919281005859375">
        <ele>199.8000030517578125</ele>
        <time>2026-09-13T03:02:26.000Z</time>
        <extensions>
          <ns3:TrackPointExtension>
            <ns3:hr>110</ns3:hr>
            <ns3:cad>77</ns3:cad>
          </ns3:TrackPointExtension>
        </extensions>
      </trkpt>
      <trkpt lat="37.50281810760498046875" lon="121.4249360002577304840087890625">
        <ele>200.600006103515625</ele>
        <time>2026-09-13T03:02:31.000Z</time>
        <extensions>
          <ns3:TrackPointExtension>
            <ns3:hr>109</ns3:hr>
            <ns3:cad>0</ns3:cad>
          </ns3:TrackPointExtension>
        </extensions>
      </trkpt>
      <trkpt lat="37.502853311598300933837890625" lon="121.4249507524073123931884765625">
        <ele>201.1999969482421875</ele>
        <time>2026-09-13T03:02:33.000Z</time>
        <extensions>
          <ns3:TrackPointExtension>
            <ns3:hr>110</ns3:hr>
            <ns3:cad>0</ns3:cad>
          </ns3:TrackPointExtension>
        </extensions>
      </trkpt>
      <trkpt lat="37.50288323499262332916259765625" lon="121.42494295723736286163330078125">
        <ele>202</ele>
        <time>2026-09-13T03:02:36.000Z</time>
        <extensions>
          <ns3:TrackPointExtension>
            <ns3:hr>110</ns3:hr>
            <ns3:cad>0</ns3:cad>
          </ns3:TrackPointExtension>
        </extensions>
      </trkpt>
      <trkpt lat="37.50289312563836574554443359375" lon="121.42494798637926578521728515625">
        <ele>202.399993896484375</ele>
        <time>2026-09-13T03:02:37.000Z</time>
        <extensions>
          <ns3:TrackPointExtension>
            <ns3:hr>110</ns3:hr>
            <ns3:cad>0</ns3:cad>
          </ns3:TrackPointExtension>
        </extensions>
      </trkpt>
      <trkpt lat="37.50293805263936519622802734375" lon="121.424972377717494964599609375">
        <ele>203.1999969482421875</ele>
        <time>2026-09-13T03:02:41.000Z</time>
        <extensions>
          <ns3:TrackPointExtension>
            <ns3:hr>111</ns3:hr>
            <ns3:cad>48</ns3:cad>
          </ns3:TrackPointExtension>
        </extensions>
      </trkpt>
      <trkpt lat="37.50294643454253673553466796875" lon="121.42497246153652667999267578125">
        <ele>203.399993896484375</ele>
        <time>2026-09-13T03:02:42.000Z</time>
        <extensions>
          <ns3:TrackPointExtension>
            <ns3:hr>111</ns3:hr>
            <ns3:cad>48</ns3:cad>
          </ns3:TrackPointExtension>
        </extensions>
      </trkpt>
      <trkpt lat="37.50300007872283458709716796875" lon="121.4249794185161590576171875">
        <ele>204.600006103515625</ele>
        <time>2026-09-13T03:02:46.000Z</time>
        <extensions>
          <ns3:TrackPointExtension>
            <ns3:hr>111</ns3:hr>
            <ns3:cad>48</ns3:cad>
          </ns3:TrackPointExtension>
        </extensions>
      </trkpt>
      <trkpt lat="37.503035031259059906005859375" lon="121.4249695278704166412353515625">
        <ele>206</ele>
        <time>2026-09-13T03:02:50.000Z</time>
        <extensions>
          <ns3:TrackPointExtension>
            <ns3:hr>113</ns3:hr>
            <ns3:cad>0</ns3:cad>
          </ns3:TrackPointExtension>
        </extensions>
      </trkpt>
      <trkpt lat="37.50304408371448516845703125" lon="121.42496558837592601776123046875">
        <ele>206.1999969482421875</ele>
        <time>2026-09-13T03:02:51.000Z</time>
        <extensions>
          <ns3:TrackPointExtension>
            <ns3:hr>114</ns3:hr>
            <ns3:cad>0</ns3:cad>
          </ns3:TrackPointExtension>
        </extensions>
      </trkpt>
      <trkpt lat="37.5030769407749176025390625" lon="121.424963660538196563720703125">
        <ele>207.1999969482421875</ele>
        <time>2026-09-13T03:02:54.000Z</time>
        <extensions>
          <ns3:TrackPointExtension>
            <ns3:hr>115</ns3:hr>
            <ns3:cad>0</ns3:cad>
          </ns3:TrackPointExtension>
        </extensions>
      </trkpt>
      <trkpt lat="37.5030915252864360809326171875" lon="121.42496173270046710968017578125">
        <ele>207.8000030517578125</ele>
        <time>2026-09-13T03:02:56.000Z</time>
        <extensions>
          <ns3:TrackPointExtension>
            <ns3:hr>115</ns3:hr>
            <ns3:cad>106</ns3:cad>
          </ns3:TrackPointExtension>
        </extensions>
      </trkpt>
      <trkpt lat="37.5031022541224956512451171875" lon="121.42495594918727874755859375">
        <ele>208.399993896484375</ele>
        <time>2026-09-13T03:02:58.000Z</time>
        <extensions>
          <ns3:TrackPointExtension>
            <ns3:hr>116</ns3:hr>
            <ns3:cad>106</ns3:cad>
          </ns3:TrackPointExtension>
        </extensions>
      </trkpt>
      <trkpt lat="37.50314407981932163238525390625" lon="121.42493910156190395355224609375">
        <ele>209.600006103515625</ele>
        <time>2026-09-13T03:03:02.000Z</time>
        <extensions>
          <ns3:TrackPointExtension>
            <ns3:hr>118</ns3:hr>
            <ns3:cad>0</ns3:cad>
          </ns3:TrackPointExtension>
        </extensions>
      </trkpt>
      <trkpt lat="37.5031466782093048095703125" lon="121.424940191209316253662109375">
        <ele>210.600006103515625</ele>
        <time>2026-09-13T03:03:07.000Z</time>
        <extensions>
          <ns3:TrackPointExtension>
            <ns3:hr>118</ns3:hr>
            <ns3:cad>0</ns3:cad>
          </ns3:TrackPointExtension>
        </extensions>
      </trkpt>
      <trkpt lat="37.5031461752951145172119140625" lon="121.4249437116086483001708984375">
        <ele>210.8000030517578125</ele>
        <time>2026-09-13T03:03:08.000Z</time>
        <extensions>
          <ns3:TrackPointExtension>
            <ns3:hr>118</ns3:hr>
            <ns3:cad>0</ns3:cad>
          </ns3:TrackPointExtension>
        </extensions>
      </trkpt>
      <trkpt lat="37.50314734876155853271484375" lon="121.42494681291282176971435546875">
        <ele>210.8000030517578125</ele>
        <time>2026-09-13T03:03:13.000Z</time>
        <extensions>
          <ns3:TrackPointExtension>
            <ns3:hr>116</ns3:hr>
            <ns3:cad>0</ns3:cad>
          </ns3:TrackPointExtension>
        </extensions>
      </trkpt>
      <trkpt lat="37.503167800605297088623046875" lon="121.4249460585415363311767578125">
        <ele>211</ele>
        <time>2026-09-13T03:03:20.000Z</time>
        <extensions>
          <ns3:TrackPointExtension>
            <ns3:hr>113</ns3:hr>
            <ns3:cad>0</ns3:cad>
          </ns3:TrackPointExtension>
        </extensions>
      </trkpt>
      <trkpt lat="37.5031880848109722137451171875" lon="121.42493440769612789154052734375">
        <ele>211.8000030517578125</ele>
        <time>2026-09-13T03:03:23.000Z</time>
        <extensions>
          <ns3:TrackPointExtension>
            <ns3:hr>113</ns3:hr>
            <ns3:cad>0</ns3:cad>
          </ns3:TrackPointExtension>
        </extensions>
      </trkpt>
      <trkpt lat="37.5031921081244945526123046875" lon="121.42491647042334079742431640625">
        <ele>212.8000030517578125</ele>
        <time>2026-09-13T03:03:27.000Z</time>
        <extensions>
          <ns3:TrackPointExtension>
            <ns3:hr>112</ns3:hr>
            <ns3:cad>0</ns3:cad>
          </ns3:TrackPointExtension>
        </extensions>
      </trkpt>
      <trkpt lat="37.50321012921631336212158203125" lon="121.4248964376747608184814453125">
        <ele>213.8000030517578125</ele>
        <time>2026-09-13T03:03:31.000Z</time>
        <extensions>
          <ns3:TrackPointExtension>
            <ns3:hr>112</ns3:hr>
            <ns3:cad>0</ns3:cad>
          </ns3:TrackPointExtension>
        </extensions>
      </trkpt>
      <trkpt lat="37.5032150745391845703125" lon="121.42489132471382617950439453125">
        <ele>214.1999969482421875</ele>
        <time>2026-09-13T03:03:32.000Z</time>
        <extensions>
          <ns3:TrackPointExtension>
            <ns3:hr>113</ns3:hr>
            <ns3:cad>0</ns3:cad>
          </ns3:TrackPointExtension>
        </extensions>
      </trkpt>
      <trkpt lat="37.5032313354313373565673828125" lon="121.4248816855251789093017578125">
        <ele>215</ele>
        <time>2026-09-13T03:03:35.000Z</time>
        <extensions>
          <ns3:TrackPointExtension>
            <ns3:hr>113</ns3:hr>
            <ns3:cad>0</ns3:cad>
          </ns3:TrackPointExtension>
        </extensions>
      </trkpt>
      <trkpt lat="37.50323846004903316497802734375" lon="121.42487808130681514739990234375">
        <ele>215.600006103515625</ele>
        <time>2026-09-13T03:03:37.000Z</time>
        <extensions>
          <ns3:TrackPointExtension>
            <ns3:hr>114</ns3:hr>
            <ns3:cad>91</ns3:cad>
          </ns3:TrackPointExtension>
        </extensions>
      </trkpt>
      <trkpt lat="37.50325421802699565887451171875" lon="121.42486919648945331573486328125">
        <ele>216.1999969482421875</ele>
        <time>2026-09-13T03:03:39.000Z</time>
        <extensions>
          <ns3:TrackPointExtension>
            <ns3:hr>114</ns3:hr>
            <ns3:cad>0</ns3:cad>
          </ns3:TrackPointExtension>
        </extensions>
      </trkpt>
      <trkpt lat="37.503257654607295989990234375" lon="121.42486349679529666900634765625">
        <ele>216.8000030517578125</ele>
        <time>2026-09-13T03:03:41.000Z</time>
        <extensions>
          <ns3:TrackPointExtension>
            <ns3:hr>114</ns3:hr>
            <ns3:cad>0</ns3:cad>
          </ns3:TrackPointExtension>
        </extensions>
      </trkpt>
      <trkpt lat="37.503268718719482421875" lon="121.42485268414020538330078125">
        <ele>217.399993896484375</ele>
        <time>2026-09-13T03:03:43.000Z</time>
        <extensions>
          <ns3:TrackPointExtension>
            <ns3:hr>115</ns3:hr>
            <ns3:cad>0</ns3:cad>
          </ns3:TrackPointExtension>
        </extensions>
      </trkpt>
      <trkpt lat="37.5032893382012844085693359375" lon="121.42482720315456390380859375">
        <ele>218.600006103515625</ele>
        <time>2026-09-13T03:03:47.000Z</time>
        <extensions>
          <ns3:TrackPointExtension>
            <ns3:hr>116</ns3:hr>
            <ns3:cad>47</ns3:cad>
          </ns3:TrackPointExtension>
        </extensions>
      </trkpt>
      <trkpt lat="37.503308616578578948974609375" lon="121.42481052316725254058837890625">
        <ele>219.600006103515625</ele>
        <time>2026-09-13T03:03:51.000Z</time>
        <extensions>
          <ns3:TrackPointExtension>
            <ns3:hr>117</ns3:hr>
            <ns3:cad>0</ns3:cad>
          </ns3:TrackPointExtension>
        </extensions>
      </trkpt>
      <trkpt lat="37.50332026742398738861083984375" lon="121.4247988723218441009521484375">
        <ele>220.399993896484375</ele>
        <time>2026-09-13T03:03:54.000Z</time>
        <extensions>
          <ns3:TrackPointExtension>
            <ns3:hr>116</ns3:hr>
            <ns3:cad>42</ns3:cad>
          </ns3:TrackPointExtension>
        </extensions>
      </trkpt>
      <trkpt lat="37.503331415355205535888671875" lon="121.42478990368545055389404296875">
        <ele>220.8000030517578125</ele>
        <time>2026-09-13T03:03:56.000Z</time>
        <extensions>
          <ns3:TrackPointExtension>
            <ns3:hr>115</ns3:hr>
            <ns3:cad>45</ns3:cad>
          </ns3:TrackPointExtension>
        </extensions>
      </trkpt>
      <trkpt lat="37.50333937816321849822998046875" lon="121.42478873021900653839111328125">
        <ele>221.600006103515625</ele>
        <time>2026-09-13T03:04:00.000Z</time>
        <extensions>
          <ns3:TrackPointExtension>
            <ns3:hr>113</ns3:hr>
            <ns3:cad>53</ns3:cad>
          </ns3:TrackPointExtension>
        </extensions>
      </trkpt>
      <trkpt lat="37.503348849713802337646484375" lon="121.4247834496200084686279296875">
        <ele>221.8000030517578125</ele>
        <time>2026-09-13T03:04:01.000Z</time>
        <extensions>
          <ns3:TrackPointExtension>
            <ns3:hr>113</ns3:hr>
            <ns3:cad>0</ns3:cad>
          </ns3:TrackPointExtension>
        </extensions>
      </trkpt>
      <trkpt lat="37.5033687986433506011962890625" lon="121.4247782528400421142578125">
        <ele>223</ele>
        <time>2026-09-13T03:04:05.000Z</time>
        <extensions>
          <ns3:TrackPointExtension>
            <ns3:hr>112</ns3:hr>
            <ns3:cad>0</ns3:cad>
          </ns3:TrackPointExtension>
        </extensions>
      </trkpt>
      <trkpt lat="37.50339201651513576507568359375" lon="121.4247512631118297576904296875">
        <ele>224</ele>
        <time>2026-09-13T03:04:10.000Z</time>
        <extensions>
          <ns3:TrackPointExtension>
            <ns3:hr>111</ns3:hr>
            <ns3:cad>0</ns3:cad>
          </ns3:TrackPointExtension>
        </extensions>
      </trkpt>
      <trkpt lat="37.5034086965024471282958984375" lon="121.424736678600311279296875">
        <ele>225</ele>
        <time>2026-09-13T03:04:13.000Z</time>
        <extensions>
          <ns3:TrackPointExtension>
            <ns3:hr>111</ns3:hr>
            <ns3:cad>0</ns3:cad>
          </ns3:TrackPointExtension>
        </extensions>
      </trkpt>
      <trkpt lat="37.50341959297657012939453125" lon="121.4247361756861209869384765625">
        <ele>225.1999969482421875</ele>
        <time>2026-09-13T03:04:14.000Z</time>
        <extensions>
          <ns3:TrackPointExtension>
            <ns3:hr>111</ns3:hr>
            <ns3:cad>0</ns3:cad>
          </ns3:TrackPointExtension>
        </extensions>
      </trkpt>
      <trkpt lat="37.50343325547873973846435546875" lon="121.42474137246608734130859375">
        <ele>226.1999969482421875</ele>
        <time>2026-09-13T03:04:19.000Z</time>
        <extensions>
          <ns3:TrackPointExtension>
            <ns3:hr>112</ns3:hr>
            <ns3:cad>0</ns3:cad>
          </ns3:TrackPointExtension>
        </extensions>
      </trkpt>
      <trkpt lat="37.5034336745738983154296875" lon="121.42474003136157989501953125">
        <ele>226.1999969482421875</ele>
        <time>2026-09-13T03:04:20.000Z</time>
        <extensions>
          <ns3:TrackPointExtension>
            <ns3:hr>112</ns3:hr>
            <ns3:cad>0</ns3:cad>
          </ns3:TrackPointExtension>
        </extensions>
      </trkpt>
      <trkpt lat="37.503431998193264007568359375" lon="121.42474665306508541107177734375">
        <ele>226.399993896484375</ele>
        <time>2026-09-13T03:04:27.000Z</time>
        <extensions>
          <ns3:TrackPointExtension>
            <ns3:hr>114</ns3:hr>
            <ns3:cad>0</ns3:cad>
          </ns3:TrackPointExtension>
        </extensions>
      </trkpt>
      <trkpt lat="37.50343241728842258453369140625" lon="121.42475956119596958160400390625">
        <ele>226.1999969482421875</ele>
        <time>2026-09-13T03:04:36.000Z</time>
        <extensions>
          <ns3:TrackPointExtension>
            <ns3:hr>113</ns3:hr>
            <ns3:cad>0</ns3:cad>
          </ns3:TrackPointExtension>
        </extensions>
      </trkpt>
      <trkpt lat="37.50343166291713714599609375" lon="121.4247619919478893280029296875">
        <ele>226</ele>
        <time>2026-09-13T03:04:47.000Z</time>
        <extensions>
          <ns3:TrackPointExtension>
            <ns3:hr>112</ns3:hr>
            <ns3:cad>0</ns3:cad>
          </ns3:TrackPointExtension>
        </extensions>
      </trkpt>
      <trkpt lat="37.50342319719493389129638671875" lon="121.424758471548557281494140625">
        <ele>226</ele>
        <time>2026-09-13T03:04:58.000Z</time>
        <extensions>
          <ns3:TrackPointExtension>
            <ns3:hr>112</ns3:hr>
            <ns3:cad>0</ns3:cad>
          </ns3:TrackPointExtension>
        </extensions>
      </trkpt>
      <trkpt lat="37.5034301541745662689208984375" lon="121.424738354980945587158203125">
        <ele>225.8000030517578125</ele>
        <time>2026-09-13T03:05:07.000Z</time>
        <extensions>
          <ns3:TrackPointExtension>
            <ns3:hr>109</ns3:hr>
            <ns3:cad>0</ns3:cad>
          </ns3:TrackPointExtension>
        </extensions>
      </trkpt>
      <trkpt lat="37.5034296512603759765625" lon="121.424741707742214202880859375">
        <ele>225.8000030517578125</ele>
        <time>2026-09-13T03:05:10.000Z</time>
        <extensions>
          <ns3:TrackPointExtension>
            <ns3:hr>109</ns3:hr>
            <ns3:cad>0</ns3:cad>
          </ns3:TrackPointExtension>
        </extensions>
      </trkpt>
      <trkpt lat="37.50342152081429958343505859375" lon="121.42475604079663753509521484375">
        <ele>225.600006103515625</ele>
        <time>2026-09-13T03:05:22.000Z</time>
        <extensions>
          <ns3:TrackPointExtension>
            <ns3:hr>106</ns3:hr>
            <ns3:cad>0</ns3:cad>
          </ns3:TrackPointExtension>
        </extensions>
      </trkpt>
      <trkpt lat="37.5034187547862529754638671875" lon="121.424774564802646636962890625">
        <ele>225.600006103515625</ele>
        <time>2026-09-13T03:05:30.000Z</time>
        <extensions>
          <ns3:TrackPointExtension>
            <ns3:hr>105</ns3:hr>
            <ns3:cad>0</ns3:cad>
          </ns3:TrackPointExtension>
        </extensions>
      </trkpt>
      <trkpt lat="37.5034455768764019012451171875" lon="121.42473776824772357940673828125">
        <ele>226</ele>
        <time>2026-09-13T03:05:37.000Z</time>
        <extensions>
          <ns3:TrackPointExtension>
            <ns3:hr>102</ns3:hr>
            <ns3:cad>0</ns3:cad>
          </ns3:TrackPointExtension>
        </extensions>
      </trkpt>
      <trkpt lat="37.50349796377122402191162109375" lon="121.42469015903770923614501953125">
        <ele>227.399993896484375</ele>
        <time>2026-09-13T03:05:46.000Z</time>
        <extensions>
          <ns3:TrackPointExtension>
            <ns3:hr>101</ns3:hr>
            <ns3:cad>0</ns3:cad>
          </ns3:TrackPointExtension>
        </extensions>
      </trkpt>
      <trkpt lat="37.50350005924701690673828125" lon="121.42468948848545551300048828125">
        <ele>227.600006103515625</ele>
        <time>2026-09-13T03:05:47.000Z</time>
        <extensions>
          <ns3:TrackPointExtension>
            <ns3:hr>100</ns3:hr>
            <ns3:cad>0</ns3:cad>
          </ns3:TrackPointExtension>
        </extensions>
      </trkpt>
      <trkpt lat="37.5035039149224758148193359375" lon="121.42468295060098171234130859375">
        <ele>227.8000030517578125</ele>
        <time>2026-09-13T03:05:49.000Z</time>
        <extensions>
          <ns3:TrackPointExtension>
            <ns3:hr>97</ns3:hr>
            <ns3:cad>0</ns3:cad>
          </ns3:TrackPointExtension>
        </extensions>
      </trkpt>
      <trkpt lat="37.5035096146166324615478515625" lon="121.4246816933155059814453125">
        <ele>228</ele>
        <time>2026-09-13T03:05:50.000Z</time>
        <extensions>
          <ns3:TrackPointExtension>
            <ns3:hr>94</ns3:hr>
            <ns3:cad>0</ns3:cad>
          </ns3:TrackPointExtension>
        </extensions>
      </trkpt>
      <trkpt lat="37.5035176612436771392822265625" lon="121.42468060366809368133544921875">
        <ele>228.1999969482421875</ele>
        <time>2026-09-13T03:05:51.000Z</time>
        <extensions>
          <ns3:TrackPointExtension>
            <ns3:hr>94</ns3:hr>
            <ns3:cad>0</ns3:cad>
          </ns3:TrackPointExtension>
        </extensions>
      </trkpt>
      <trkpt lat="37.50351942144334316253662109375" lon="121.42467909492552280426025390625">
        <ele>228.399993896484375</ele>
        <time>2026-09-13T03:05:52.000Z</time>
        <extensions>
          <ns3:TrackPointExtension>
            <ns3:hr>95</ns3:hr>
            <ns3:cad>0</ns3:cad>
          </ns3:TrackPointExtension>
        </extensions>
      </trkpt>
      <trkpt lat="37.5035273842513561248779296875" lon="121.424673981964588165283203125">
        <ele>228.600006103515625</ele>
        <time>2026-09-13T03:05:53.000Z</time>
        <extensions>
          <ns3:TrackPointExtension>
            <ns3:hr>97</ns3:hr>
            <ns3:cad>0</ns3:cad>
          </ns3:TrackPointExtension>
        </extensions>
      </trkpt>
      <trkpt lat="37.50353467650711536407470703125" lon="121.42466903664171695709228515625">
        <ele>229</ele>
        <time>2026-09-13T03:05:55.000Z</time>
        <extensions>
          <ns3:TrackPointExtension>
            <ns3:hr>100</ns3:hr>
            <ns3:cad>0</ns3:cad>
          </ns3:TrackPointExtension>
        </extensions>
      </trkpt>
      <trkpt lat="37.5035498477518558502197265625" lon="121.4246580563485622406005859375">
        <ele>229.600006103515625</ele>
        <time>2026-09-13T03:05:58.000Z</time>
        <extensions>
          <ns3:TrackPointExtension>
            <ns3:hr>102</ns3:hr>
            <ns3:cad>0</ns3:cad>
          </ns3:TrackPointExtension>
        </extensions>
      </trkpt>
      <trkpt lat="37.50355982221662998199462890625" lon="121.4246463216841220855712890625">
        <ele>230</ele>
        <time>2026-09-13T03:06:00.000Z</time>
        <extensions>
          <ns3:TrackPointExtension>
            <ns3:hr>104</ns3:hr>
            <ns3:cad>0</ns3:cad>
          </ns3:TrackPointExtension>
        </extensions>
      </trkpt>
      <trkpt lat="37.50357474200427532196044921875" lon="121.42462746240198612213134765625">
        <ele>230.600006103515625</ele>
        <time>2026-09-13T03:06:03.000Z</time>
        <extensions>
          <ns3:TrackPointExtension>
            <ns3:hr>106</ns3:hr>
            <ns3:cad>0</ns3:cad>
          </ns3:TrackPointExtension>
        </extensions>
      </trkpt>
      <trkpt lat="37.50358714722096920013427734375" lon="121.424606926739215850830078125">
        <ele>231.1999969482421875</ele>
        <time>2026-09-13T03:06:06.000Z</time>
        <extensions>
          <ns3:TrackPointExtension>
            <ns3:hr>107</ns3:hr>
            <ns3:cad>0</ns3:cad>
          </ns3:TrackPointExtension>
        </extensions>
      </trkpt>
      <trkpt lat="37.50360089354217052459716796875" lon="121.4245903305709362030029296875">
        <ele>231.600006103515625</ele>
        <time>2026-09-13T03:06:09.000Z</time>
        <extensions>
          <ns3:TrackPointExtension>
            <ns3:hr>107</ns3:hr>
            <ns3:cad>0</ns3:cad>
          </ns3:TrackPointExtension>
        </extensions>
      </trkpt>
      <trkpt lat="37.50362603925168514251708984375" lon="121.42457616515457630157470703125">
        <ele>232.1999969482421875</ele>
        <time>2026-09-13T03:06:13.000Z</time>
        <extensions>
          <ns3:TrackPointExtension>
            <ns3:hr>108</ns3:hr>
            <ns3:cad>0</ns3:cad>
          </ns3:TrackPointExtension>
        </extensions>
      </trkpt>
      <trkpt lat="37.5036350078880786895751953125" lon="121.4245326630771160125732421875">
        <ele>232.8000030517578125</ele>
        <time>2026-09-13T03:06:18.000Z</time>
        <extensions>
          <ns3:TrackPointExtension>
            <ns3:hr>110</ns3:hr>
            <ns3:cad>0</ns3:cad>
          </ns3:TrackPointExtension>
        </extensions>
      </trkpt>
      <trkpt lat="37.50359703786671161651611328125" lon="121.424496285617351531982421875">
        <ele>233.8000030517578125</ele>
        <time>2026-09-13T03:06:23.000Z</time>
        <extensions>
          <ns3:TrackPointExtension>
            <ns3:hr>113</ns3:hr>
            <ns3:cad>79</ns3:cad>
          </ns3:TrackPointExtension>
        </extensions>
      </trkpt>
      <trkpt lat="37.5035967864096164703369140625" lon="121.42448480241000652313232421875">
        <ele>234.1999969482421875</ele>
        <time>2026-09-13T03:06:26.000Z</time>
        <extensions>
          <ns3:TrackPointExtension>
            <ns3:hr>117</ns3:hr>
            <ns3:cad>0</ns3:cad>
          </ns3:TrackPointExtension>
        </extensions>
      </trkpt>
      <trkpt lat="37.50360156409442424774169921875" lon="121.42449402250349521636962890625">
        <ele>234.1999969482421875</ele>
        <time>2026-09-13T03:06:28.000Z</time>
        <extensions>
          <ns3:TrackPointExtension>
            <ns3:hr>120</ns3:hr>
            <ns3:cad>0</ns3:cad>
          </ns3:TrackPointExtension>
        </extensions>
      </trkpt>
      <trkpt lat="37.50362402759492397308349609375" lon="121.4245155639946460723876953125">
        <ele>233.8000030517578125</ele>
        <time>2026-09-13T03:06:32.000Z</time>
        <extensions>
          <ns3:TrackPointExtension>
            <ns3:hr>122</ns3:hr>
            <ns3:cad>0</ns3:cad>
          </ns3:TrackPointExtension>
        </extensions>
      </trkpt>
      <trkpt lat="37.50364615581929683685302734375" lon="121.424525119364261627197265625">
        <ele>233.600006103515625</ele>
        <time>2026-09-13T03:06:39.000Z</time>
        <extensions>
          <ns3:TrackPointExtension>
            <ns3:hr>121</ns3:hr>
            <ns3:cad>0</ns3:cad>
          </ns3:TrackPointExtension>
        </extensions>
      </trkpt>
      <trkpt lat="37.503673732280731201171875" lon="121.42449905164539813995361328125">
        <ele>234.1999969482421875</ele>
        <time>2026-09-13T03:06:46.000Z</time>
        <extensions>
          <ns3:TrackPointExtension>
            <ns3:hr>119</ns3:hr>
            <ns3:cad>0</ns3:cad>
          </ns3:TrackPointExtension>
        </extensions>
      </trkpt>
      <trkpt lat="37.5036625005304813385009765625" lon="121.4244676195085048675537109375">
        <ele>234.1999969482421875</ele>
        <time>2026-09-13T03:06:55.000Z</time>
        <extensions>
          <ns3:TrackPointExtension>
            <ns3:hr>122</ns3:hr>
            <ns3:cad>0</ns3:cad>
          </ns3:TrackPointExtension>
        </extensions>
      </trkpt>
      <trkpt lat="37.50366124324500560760498046875" lon="121.42446636222302913665771484375">
        <ele>234.1999969482421875</ele>
        <time>2026-09-13T03:06:56.000Z</time>
        <extensions>
          <ns3:TrackPointExtension>
            <ns3:hr>122</ns3:hr>
            <ns3:cad>0</ns3:cad>
          </ns3:TrackPointExtension>
        </extensions>
      </trkpt>
      <trkpt lat="37.503668367862701416015625" lon="121.4244682900607585906982421875">
        <ele>234.1999969482421875</ele>
        <time>2026-09-13T03:07:04.000Z</time>
        <extensions>
          <ns3:TrackPointExtension>
            <ns3:hr>120</ns3:hr>
            <ns3:cad>0</ns3:cad>
          </ns3:TrackPointExtension>
        </extensions>
      </trkpt>
      <trkpt lat="37.50367633067071437835693359375" lon="121.4244293980300426483154296875">
        <ele>234.399993896484375</ele>
        <time>2026-09-13T03:07:12.000Z</time>
        <extensions>
          <ns3:TrackPointExtension>
            <ns3:hr>118</ns3:hr>
            <ns3:cad>0</ns3:cad>
          </ns3:TrackPointExtension>
        </extensions>
      </trkpt>
      <trkpt lat="37.5036792643368244171142578125" lon="121.42441992647945880889892578125">
        <ele>234.1999969482421875</ele>
        <time>2026-09-13T03:07:18.000Z</time>
        <extensions>
          <ns3:TrackPointExtension>
            <ns3:hr>116</ns3:hr>
            <ns3:cad>0</ns3:cad>
          </ns3:TrackPointExtension>
        </extensions>
      </trkpt>
      <trkpt lat="37.503680102527141571044921875" lon="121.42441816627979278564453125">
        <ele>234.1999969482421875</ele>
        <time>2026-09-13T03:07:23.000Z</time>
        <extensions>
          <ns3:TrackPointExtension>
            <ns3:hr>113</ns3:hr>
            <ns3:cad>0</ns3:cad>
          </ns3:TrackPointExtension>
        </extensions>
      </trkpt>
      <trkpt lat="37.5036792643368244171142578125" lon="121.42441791482269763946533203125">
        <ele>234</ele>
        <time>2026-09-13T03:07:25.000Z</time>
        <extensions>
          <ns3:TrackPointExtension>
            <ns3:hr>110</ns3:hr>
            <ns3:cad>0</ns3:cad>
          </ns3:TrackPointExtension>
        </extensions>
      </trkpt>
      <trkpt lat="37.50367918051779270172119140625" lon="121.424417831003665924072265625">
        <ele>234</ele>
        <time>2026-09-13T03:07:32.000Z</time>
        <extensions>
          <ns3:TrackPointExtension>
            <ns3:hr>107</ns3:hr>
            <ns3:cad>0</ns3:cad>
          </ns3:TrackPointExtension>
        </extensions>
      </trkpt>
      <trkpt lat="37.50367918051779270172119140625" lon="121.424417831003665924072265625">
        <ele>234</ele>
        <time>2026-09-13T03:07:34.000Z</time>
        <extensions>
          <ns3:TrackPointExtension>
            <ns3:hr>103</ns3:hr>
            <ns3:cad>0</ns3:cad>
          </ns3:TrackPointExtension>
        </extensions>
      </trkpt>
      <trkpt lat="37.50367918051779270172119140625" lon="121.424417831003665924072265625">
        <ele>233.8000030517578125</ele>
        <time>2026-09-13T03:07:43.000Z</time>
        <extensions>
          <ns3:TrackPointExtension>
            <ns3:hr>100</ns3:hr>
            <ns3:cad>0</ns3:cad>
          </ns3:TrackPointExtension>
        </extensions>
      </trkpt>
      <trkpt lat="37.50367918051779270172119140625" lon="121.424417831003665924072265625">
        <ele>233.8000030517578125</ele>
        <time>2026-09-13T03:07:45.000Z</time>
        <extensions>
          <ns3:TrackPointExtension>
            <ns3:hr>101</ns3:hr>
            <ns3:cad>0</ns3:cad>
          </ns3:TrackPointExtension>
        </extensions>
      </trkpt>
      <trkpt lat="37.50369326211512088775634765625" lon="121.42442042939364910125732421875">
        <ele>233.600006103515625</ele>
        <time>2026-09-13T03:07:58.000Z</time>
        <extensions>
          <ns3:TrackPointExtension>
            <ns3:hr>100</ns3:hr>
            <ns3:cad>0</ns3:cad>
          </ns3:TrackPointExtension>
        </extensions>
      </trkpt>
      <trkpt lat="37.50369988381862640380859375" lon="121.42442495562136173248291015625">
        <ele>233.600006103515625</ele>
        <time>2026-09-13T03:08:07.000Z</time>
        <extensions>
          <ns3:TrackPointExtension>
            <ns3:hr>101</ns3:hr>
            <ns3:cad>0</ns3:cad>
          </ns3:TrackPointExtension>
        </extensions>
      </trkpt>
      <trkpt lat="37.503664679825305938720703125" lon="121.42443434335291385650634765625">
        <ele>233.600006103515625</ele>
        <time>2026-09-13T03:08:22.000Z</time>
        <extensions>
          <ns3:TrackPointExtension>
            <ns3:hr>100</ns3:hr>
            <ns3:cad>0</ns3:cad>
          </ns3:TrackPointExtension>
        </extensions>
      </trkpt>
      <trkpt lat="37.503671385347843170166015625" lon="121.42443023622035980224609375">
        <ele>233.600006103515625</ele>
        <time>2026-09-13T03:08:31.000Z</time>
        <extensions>
          <ns3:TrackPointExtension>
            <ns3:hr>97</ns3:hr>
            <ns3:cad>0</ns3:cad>
          </ns3:TrackPointExtension>
        </extensions>
      </trkpt>
      <trkpt lat="37.50367767177522182464599609375" lon="121.4244295656681060791015625">
        <ele>233.600006103515625</ele>
        <time>2026-09-13T03:08:38.000Z</time>
        <extensions>
          <ns3:TrackPointExtension>
            <ns3:hr>96</ns3:hr>
            <ns3:cad>0</ns3:cad>
          </ns3:TrackPointExtension>
        </extensions>
      </trkpt>
      <trkpt lat="37.50370332039892673492431640625" lon="121.42442713491618633270263671875">
        <ele>233.600006103515625</ele>
        <time>2026-09-13T03:08:50.000Z</time>
        <extensions>
          <ns3:TrackPointExtension>
            <ns3:hr>93</ns3:hr>
            <ns3:cad>0</ns3:cad>
          </ns3:TrackPointExtension>
        </extensions>
      </trkpt>
      <trkpt lat="37.50371069647371768951416015625" lon="121.424424536526203155517578125">
        <ele>233.600006103515625</ele>
        <time>2026-09-13T03:08:53.000Z</time>
        <extensions>
          <ns3:TrackPointExtension>
            <ns3:hr>91</ns3:hr>
            <ns3:cad>0</ns3:cad>
          </ns3:TrackPointExtension>
        </extensions>
      </trkpt>
      <trkpt lat="37.503714300692081451416015625" lon="121.4244223572313785552978515625">
        <ele>233.600006103515625</ele>
        <time>2026-09-13T03:08:56.000Z</time>
        <extensions>
          <ns3:TrackPointExtension>
            <ns3:hr>95</ns3:hr>
            <ns3:cad>0</ns3:cad>
          </ns3:TrackPointExtension>
        </extensions>
      </trkpt>
      <trkpt lat="37.50370248220860958099365234375" lon="121.4244376122951507568359375">
        <ele>233.1999969482421875</ele>
        <time>2026-09-13T03:09:08.000Z</time>
        <extensions>
          <ns3:TrackPointExtension>
            <ns3:hr>95</ns3:hr>
            <ns3:cad>0</ns3:cad>
          </ns3:TrackPointExtension>
        </extensions>
      </trkpt>
      <trkpt lat="37.5036487542092800140380859375" lon="121.42446988262236118316650390625">
        <ele>233.600006103515625</ele>
        <time>2026-09-13T03:09:16.000Z</time>
        <extensions>
          <ns3:TrackPointExtension>
            <ns3:hr>95</ns3:hr>
            <ns3:cad>0</ns3:cad>
          </ns3:TrackPointExtension>
        </extensions>
      </trkpt>
      <trkpt lat="37.5036638416349887847900390625" lon="121.42445395700633525848388671875">
        <ele>233.8000030517578125</ele>
        <time>2026-09-13T03:09:21.000Z</time>
        <extensions>
          <ns3:TrackPointExtension>
            <ns3:hr>98</ns3:hr>
            <ns3:cad>62</ns3:cad>
          </ns3:TrackPointExtension>
        </extensions>
      </trkpt>
      <trkpt lat="37.5036656856536865234375" lon="121.42444574274122714996337890625">
        <ele>233.8000030517578125</ele>
        <time>2026-09-13T03:09:23.000Z</time>
        <extensions>
          <ns3:TrackPointExtension>
            <ns3:hr>98</ns3:hr>
            <ns3:cad>0</ns3:cad>
          </ns3:TrackPointExtension>
        </extensions>
      </trkpt>
      <trkpt lat="37.50366509892046451568603515625" lon="121.42442830838263034820556640625">
        <ele>234</ele>
        <time>2026-09-13T03:09:31.000Z</time>
        <extensions>
          <ns3:TrackPointExtension>
            <ns3:hr>98</ns3:hr>
            <ns3:cad>0</ns3:cad>
          </ns3:TrackPointExtension>
        </extensions>
      </trkpt>
      <trkpt lat="37.5036648474633693695068359375" lon="121.42443534918129444122314453125">
        <ele>234</ele>
        <time>2026-09-13T03:09:38.000Z</time>
        <extensions>
          <ns3:TrackPointExtension>
            <ns3:hr>95</ns3:hr>
            <ns3:cad>0</ns3:cad>
          </ns3:TrackPointExtension>
        </extensions>
      </trkpt>
      <trkpt lat="37.503664679825305938720703125" lon="121.4244357682764530181884765625">
        <ele>234</ele>
        <time>2026-09-13T03:09:41.000Z</time>
        <extensions>
          <ns3:TrackPointExtension>
            <ns3:hr>92</ns3:hr>
            <ns3:cad>0</ns3:cad>
          </ns3:TrackPointExtension>
        </extensions>
      </trkpt>
      <trkpt lat="37.5036648474633693695068359375" lon="121.42443568445742130279541015625">
        <ele>233.8000030517578125</ele>
        <time>2026-09-13T03:09:44.000Z</time>
        <extensions>
          <ns3:TrackPointExtension>
            <ns3:hr>91</ns3:hr>
            <ns3:cad>0</ns3:cad>
          </ns3:TrackPointExtension>
        </extensions>
      </trkpt>
      <trkpt lat="37.503664679825305938720703125" lon="121.4244357682764530181884765625">
        <ele>234</ele>
        <time>2026-09-13T03:09:54.000Z</time>
        <extensions>
          <ns3:TrackPointExtension>
            <ns3:hr>88</ns3:hr>
            <ns3:cad>0</ns3:cad>
          </ns3:TrackPointExtension>
        </extensions>
      </trkpt>
      <trkpt lat="37.503664679825305938720703125" lon="121.4244357682764530181884765625">
        <ele>234</ele>
        <time>2026-09-13T03:09:57.000Z</time>
        <extensions>
          <ns3:TrackPointExtension>
            <ns3:hr>88</ns3:hr>
            <ns3:cad>0</ns3:cad>
          </ns3:TrackPointExtension>
        </extensions>
      </trkpt>
      <trkpt lat="37.50365185551345348358154296875" lon="121.42440140247344970703125">
        <ele>234.399993896484375</ele>
        <time>2026-09-13T03:10:07.000Z</time>
        <extensions>
          <ns3:TrackPointExtension>
            <ns3:hr>87</ns3:hr>
            <ns3:cad>0</ns3:cad>
          </ns3:TrackPointExtension>
        </extensions>
      </trkpt>
      <trkpt lat="37.50364632345736026763916015625" lon="121.42438539303839206695556640625">
        <ele>234.8000030517578125</ele>
        <time>2026-09-13T03:10:09.000Z</time>
        <extensions>
          <ns3:TrackPointExtension>
            <ns3:hr>87</ns3:hr>
            <ns3:cad>0</ns3:cad>
          </ns3:TrackPointExtension>
        </extensions>
      </trkpt>
      <trkpt lat="37.50363408587872982025146484375" lon="121.42433912493288516998291015625">
        <ele>236</ele>
        <time>2026-09-13T03:10:13.000Z</time>
        <extensions>
          <ns3:TrackPointExtension>
            <ns3:hr>88</ns3:hr>
            <ns3:cad>0</ns3:cad>
          </ns3:TrackPointExtension>
        </extensions>
      </trkpt>
      <trkpt lat="37.5036283023655414581298828125" lon="121.42430484294891357421875">
        <ele>236.8000030517578125</ele>
        <time>2026-09-13T03:10:17.000Z</time>
        <extensions>
          <ns3:TrackPointExtension>
            <ns3:hr>91</ns3:hr>
            <ns3:cad>55</ns3:cad>
          </ns3:TrackPointExtension>
        </extensions>
      </trkpt>
      <trkpt lat="37.5036192499101161956787109375" lon="121.42429587431252002716064453125">
        <ele>237</ele>
        <time>2026-09-13T03:10:19.000Z</time>
        <extensions>
          <ns3:TrackPointExtension>
            <ns3:hr>92</ns3:hr>
            <ns3:cad>55</ns3:cad>
          </ns3:TrackPointExtension>
        </extensions>
      </trkpt>
      <trkpt lat="37.503609694540500640869140625" lon="121.424269974231719970703125">
        <ele>237.8000030517578125</ele>
        <time>2026-09-13T03:10:21.000Z</time>
        <extensions>
          <ns3:TrackPointExtension>
            <ns3:hr>94</ns3:hr>
            <ns3:cad>0</ns3:cad>
          </ns3:TrackPointExtension>
        </extensions>
      </trkpt>
      <trkpt lat="37.503602989017963409423828125" lon="121.42425597645342350006103515625">
        <ele>238.1999969482421875</ele>
        <time>2026-09-13T03:10:22.000Z</time>
        <extensions>
          <ns3:TrackPointExtension>
            <ns3:hr>95</ns3:hr>
            <ns3:cad>0</ns3:cad>
          </ns3:TrackPointExtension>
        </extensions>
      </trkpt>
      <trkpt lat="37.50359117053449153900146484375" lon="121.42423854209482669830322265625">
        <ele>239</ele>
        <time>2026-09-13T03:10:24.000Z</time>
        <extensions>
          <ns3:TrackPointExtension>
            <ns3:hr>99</ns3:hr>
            <ns3:cad>0</ns3:cad>
          </ns3:TrackPointExtension>
        </extensions>
      </trkpt>
      <trkpt lat="37.5035880692303180694580078125" lon="121.42423753626644611358642578125">
        <ele>239.1999969482421875</ele>
        <time>2026-09-13T03:10:25.000Z</time>
        <extensions>
          <ns3:TrackPointExtension>
            <ns3:hr>101</ns3:hr>
            <ns3:cad>0</ns3:cad>
          </ns3:TrackPointExtension>
        </extensions>
      </trkpt>
      <trkpt lat="37.503574825823307037353515625" lon="121.42422563396394252777099609375">
        <ele>239.600006103515625</ele>
        <time>2026-09-13T03:10:27.000Z</time>
        <extensions>
          <ns3:TrackPointExtension>
            <ns3:hr>102</ns3:hr>
            <ns3:cad>0</ns3:cad>
          </ns3:TrackPointExtension>
        </extensions>
      </trkpt>
      <trkpt lat="37.50355638563632965087890625" lon="121.42419680021703243255615234375">
        <ele>240.600006103515625</ele>
        <time>2026-09-13T03:10:30.000Z</time>
        <extensions>
          <ns3:TrackPointExtension>
            <ns3:hr>102</ns3:hr>
            <ns3:cad>0</ns3:cad>
          </ns3:TrackPointExtension>
        </extensions>
      </trkpt>
      <trkpt lat="37.50354507006704807281494140625" lon="121.4241720736026763916015625">
        <ele>241.8000030517578125</ele>
        <time>2026-09-13T03:10:34.000Z</time>
        <extensions>
          <ns3:TrackPointExtension>
            <ns3:hr>103</ns3:hr>
            <ns3:cad>0</ns3:cad>
          </ns3:TrackPointExtension>
        </extensions>
      </trkpt>
      <trkpt lat="37.50353685580193996429443359375" lon="121.42414399422705173492431640625">
        <ele>242.8000030517578125</ele>
        <time>2026-09-13T03:10:38.000Z</time>
        <extensions>
          <ns3:TrackPointExtension>
            <ns3:hr>103</ns3:hr>
            <ns3:cad>0</ns3:cad>
          </ns3:TrackPointExtension>
        </extensions>
      </trkpt>
      <trkpt lat="37.50352545641362667083740234375" lon="121.42410845495760440826416015625">
        <ele>243.8000030517578125</ele>
        <time>2026-09-13T03:10:42.000Z</time>
        <extensions>
          <ns3:TrackPointExtension>
            <ns3:hr>105</ns3:hr>
            <ns3:cad>0</ns3:cad>
          </ns3:TrackPointExtension>
        </extensions>
      </trkpt>
      <trkpt lat="37.5035149790346622467041015625" lon="121.42407023347914218902587890625">
        <ele>244.8000030517578125</ele>
        <time>2026-09-13T03:10:48.000Z</time>
        <extensions>
          <ns3:TrackPointExtension>
            <ns3:hr>108</ns3:hr>
            <ns3:cad>68</ns3:cad>
          </ns3:TrackPointExtension>
        </extensions>
      </trkpt>
      <trkpt lat="37.50351523049175739288330078125" lon="121.42406537197530269622802734375">
        <ele>245</ele>
        <time>2026-09-13T03:10:49.000Z</time>
        <extensions>
          <ns3:TrackPointExtension>
            <ns3:hr>108</ns3:hr>
            <ns3:cad>69</ns3:cad>
          </ns3:TrackPointExtension>
        </extensions>
      </trkpt>
      <trkpt lat="37.50351305119693279266357421875" lon="121.42405740916728973388671875">
        <ele>245.600006103515625</ele>
        <time>2026-09-13T03:10:51.000Z</time>
        <extensions>
          <ns3:TrackPointExtension>
            <ns3:hr>110</ns3:hr>
            <ns3:cad>0</ns3:cad>
          </ns3:TrackPointExtension>
        </extensions>
      </trkpt>
      <trkpt lat="37.5035119615495204925537109375" lon="121.42404693178832530975341796875">
        <ele>246.1999969482421875</ele>
        <time>2026-09-13T03:10:53.000Z</time>
        <extensions>
          <ns3:TrackPointExtension>
            <ns3:hr>111</ns3:hr>
            <ns3:cad>0</ns3:cad>
          </ns3:TrackPointExtension>
        </extensions>
      </trkpt>
      <trkpt lat="37.503510452806949615478515625" lon="121.42402111552655696868896484375">
        <ele>247.1999969482421875</ele>
        <time>2026-09-13T03:10:56.000Z</time>
        <extensions>
          <ns3:TrackPointExtension>
            <ns3:hr>110</ns3:hr>
            <ns3:cad>0</ns3:cad>
          </ns3:TrackPointExtension>
        </extensions>
      </trkpt>
      <trkpt lat="37.503493018448352813720703125" lon="121.4239896833896636962890625">
        <ele>248.399993896484375</ele>
        <time>2026-09-13T03:11:01.000Z</time>
        <extensions>
          <ns3:TrackPointExtension>
            <ns3:hr>108</ns3:hr>
            <ns3:cad>0</ns3:cad>
          </ns3:TrackPointExtension>
        </extensions>
      </trkpt>
      <trkpt lat="37.503481619060039520263671875" lon="121.42396847717463970184326171875">
        <ele>249.399993896484375</ele>
        <time>2026-09-13T03:11:05.000Z</time>
        <extensions>
          <ns3:TrackPointExtension>
            <ns3:hr>106</ns3:hr>
            <ns3:cad>0</ns3:cad>
          </ns3:TrackPointExtension>
        </extensions>
      </trkpt>
      <trkpt lat="37.50347164459526538848876953125" lon="121.42395238392055034637451171875">
        <ele>250.1999969482421875</ele>
        <time>2026-09-13T03:11:09.000Z</time>
        <extensions>
          <ns3:TrackPointExtension>
            <ns3:hr>106</ns3:hr>
            <ns3:cad>0</ns3:cad>
          </ns3:TrackPointExtension>
        </extensions>
      </trkpt>
      <trkpt lat="37.5034680403769016265869140625" lon="121.4239387214183807373046875">
        <ele>250.399993896484375</ele>
        <time>2026-09-13T03:11:11.000Z</time>
        <extensions>
          <ns3:TrackPointExtension>
            <ns3:hr>107</ns3:hr>
            <ns3:cad>0</ns3:cad>
          </ns3:TrackPointExtension>
        </extensions>
      </trkpt>
      <trkpt lat="37.50346845947206020355224609375" lon="121.423914916813373565673828125">
        <ele>251.600006103515625</ele>
        <time>2026-09-13T03:11:16.000Z</time>
        <extensions>
          <ns3:TrackPointExtension>
            <ns3:hr>107</ns3:hr>
            <ns3:cad>0</ns3:cad>
          </ns3:TrackPointExtension>
        </extensions>
      </trkpt>
      <trkpt lat="37.5034670345485210418701171875" lon="121.42391181550920009613037109375">
        <ele>251.8000030517578125</ele>
        <time>2026-09-13T03:11:17.000Z</time>
        <extensions>
          <ns3:TrackPointExtension>
            <ns3:hr>107</ns3:hr>
            <ns3:cad>0</ns3:cad>
          </ns3:TrackPointExtension>
        </extensions>
      </trkpt>
      <trkpt lat="37.503463514149188995361328125" lon="121.42389689572155475616455078125">
        <ele>252.600006103515625</ele>
        <time>2026-09-13T03:11:22.000Z</time>
        <extensions>
          <ns3:TrackPointExtension>
            <ns3:hr>104</ns3:hr>
            <ns3:cad>0</ns3:cad>
          </ns3:TrackPointExtension>
        </extensions>
      </trkpt>
      <trkpt lat="37.5034618377685546875" lon="121.42388717271387577056884765625">
        <ele>253</ele>
        <time>2026-09-13T03:11:24.000Z</time>
        <extensions>
          <ns3:TrackPointExtension>
            <ns3:hr>103</ns3:hr>
            <ns3:cad>0</ns3:cad>
          </ns3:TrackPointExtension>
        </extensions>
      </trkpt>
      <trkpt lat="37.50346343033015727996826171875" lon="121.4238792099058628082275390625">
        <ele>253.8000030517578125</ele>
        <time>2026-09-13T03:11:28.000Z</time>
        <extensions>
          <ns3:TrackPointExtension>
            <ns3:hr>102</ns3:hr>
            <ns3:cad>0</ns3:cad>
          </ns3:TrackPointExtension>
        </extensions>
      </trkpt>
      <trkpt lat="37.50345873646438121795654296875" lon="121.42386697232723236083984375">
        <ele>254</ele>
        <time>2026-09-13T03:11:30.000Z</time>
        <extensions>
          <ns3:TrackPointExtension>
            <ns3:hr>102</ns3:hr>
            <ns3:cad>0</ns3:cad>
          </ns3:TrackPointExtension>
        </extensions>
      </trkpt>
      <trkpt lat="37.50345370732247829437255859375" lon="121.4238590933382511138916015625">
        <ele>254.8000030517578125</ele>
        <time>2026-09-13T03:11:33.000Z</time>
        <extensions>
          <ns3:TrackPointExtension>
            <ns3:hr>104</ns3:hr>
            <ns3:cad>0</ns3:cad>
          </ns3:TrackPointExtension>
        </extensions>
      </trkpt>
      <trkpt lat="37.50345236621797084808349609375" lon="121.42383939586579799652099609375">
        <ele>255.600006103515625</ele>
        <time>2026-09-13T03:11:36.000Z</time>
        <extensions>
          <ns3:TrackPointExtension>
            <ns3:hr>108</ns3:hr>
            <ns3:cad>0</ns3:cad>
          </ns3:TrackPointExtension>
        </extensions>
      </trkpt>
      <trkpt lat="37.5034479238092899322509765625" lon="121.423827745020389556884765625">
        <ele>256</ele>
        <time>2026-09-13T03:11:38.000Z</time>
        <extensions>
          <ns3:TrackPointExtension>
            <ns3:hr>108</ns3:hr>
            <ns3:cad>0</ns3:cad>
          </ns3:TrackPointExtension>
        </extensions>
      </trkpt>
      <trkpt lat="37.50343677587807178497314453125" lon="121.42381307668983936309814453125">
        <ele>257.20001220703125</ele>
        <time>2026-09-13T03:11:43.000Z</time>
        <extensions>
          <ns3:TrackPointExtension>
            <ns3:hr>108</ns3:hr>
            <ns3:cad>0</ns3:cad>
          </ns3:TrackPointExtension>
        </extensions>
      </trkpt>
      <trkpt lat="37.5034211017191410064697265625" lon="121.42377837561070919036865234375">
        <ele>258.399993896484375</ele>
        <time>2026-09-13T03:11:49.000Z</time>
        <extensions>
          <ns3:TrackPointExtension>
            <ns3:hr>108</ns3:hr>
            <ns3:cad>0</ns3:cad>
          </ns3:TrackPointExtension>
        </extensions>
      </trkpt>
      <trkpt lat="37.5034211017191410064697265625" lon="121.4237772859632968902587890625">
        <ele>258.600006103515625</ele>
        <time>2026-09-13T03:11:50.000Z</time>
        <extensions>
          <ns3:TrackPointExtension>
            <ns3:hr>108</ns3:hr>
            <ns3:cad>0</ns3:cad>
          </ns3:TrackPointExtension>
        </extensions>
      </trkpt>
      <trkpt lat="37.5034120492637157440185546875" lon="121.4237685687839984893798828125">
        <ele>259.399993896484375</ele>
        <time>2026-09-13T03:11:54.000Z</time>
        <extensions>
          <ns3:TrackPointExtension>
            <ns3:hr>107</ns3:hr>
            <ns3:cad>0</ns3:cad>
          </ns3:TrackPointExtension>
        </extensions>
      </trkpt>
      <trkpt lat="37.5033966265618801116943359375" lon="121.42374669201672077178955078125">
        <ele>260</ele>
        <time>2026-09-13T03:11:57.000Z</time>
        <extensions>
          <ns3:TrackPointExtension>
            <ns3:hr>106</ns3:hr>
            <ns3:cad>0</ns3:cad>
          </ns3:TrackPointExtension>
        </extensions>
      </trkpt>
      <trkpt lat="37.50338883139193058013916015625" lon="121.42373613081872463226318359375">
        <ele>260.600006103515625</ele>
        <time>2026-09-13T03:11:59.000Z</time>
        <extensions>
          <ns3:TrackPointExtension>
            <ns3:hr>106</ns3:hr>
            <ns3:cad>0</ns3:cad>
          </ns3:TrackPointExtension>
        </extensions>
      </trkpt>
      <trkpt lat="37.503378689289093017578125" lon="121.42372171394526958465576171875">
        <ele>261.79998779296875</ele>
        <time>2026-09-13T03:12:04.000Z</time>
        <extensions>
          <ns3:TrackPointExtension>
            <ns3:hr>105</ns3:hr>
            <ns3:cad>0</ns3:cad>
          </ns3:TrackPointExtension>
        </extensions>
      </trkpt>
      <trkpt lat="37.50337667763233184814453125" lon="121.4237182773649692535400390625">
        <ele>262</ele>
        <time>2026-09-13T03:12:05.000Z</time>
        <extensions>
          <ns3:TrackPointExtension>
            <ns3:hr>106</ns3:hr>
            <ns3:cad>0</ns3:cad>
          </ns3:TrackPointExtension>
        </extensions>
      </trkpt>
      <trkpt lat="37.5033630989491939544677734375" lon="121.42371115274727344512939453125">
        <ele>262.79998779296875</ele>
        <time>2026-09-13T03:12:09.000Z</time>
        <extensions>
          <ns3:TrackPointExtension>
            <ns3:hr>107</ns3:hr>
            <ns3:cad>0</ns3:cad>
          </ns3:TrackPointExtension>
        </extensions>
      </trkpt>
      <trkpt lat="37.50334390439093112945556640625" lon="121.4236941374838352203369140625">
        <ele>264</ele>
        <time>2026-09-13T03:12:14.000Z</time>
        <extensions>
          <ns3:TrackPointExtension>
            <ns3:hr>105</ns3:hr>
            <ns3:cad>0</ns3:cad>
          </ns3:TrackPointExtension>
        </extensions>
      </trkpt>
      <trkpt lat="37.50332647003233432769775390625" lon="121.42367427237331867218017578125">
        <ele>265.20001220703125</ele>
        <time>2026-09-13T03:12:19.000Z</time>
        <extensions>
          <ns3:TrackPointExtension>
            <ns3:hr>104</ns3:hr>
            <ns3:cad>0</ns3:cad>
          </ns3:TrackPointExtension>
        </extensions>
      </trkpt>
      <trkpt lat="37.50331096351146697998046875" lon="121.4236609451472759246826171875">
        <ele>266.399993896484375</ele>
        <time>2026-09-13T03:12:23.000Z</time>
        <extensions>
          <ns3:TrackPointExtension>
            <ns3:hr>104</ns3:hr>
            <ns3:cad>0</ns3:cad>
          </ns3:TrackPointExtension>
        </extensions>
      </trkpt>
      <trkpt lat="37.50329327769577503204345703125" lon="121.423649378120899200439453125">
        <ele>267.600006103515625</ele>
        <time>2026-09-13T03:12:27.000Z</time>
        <extensions>
          <ns3:TrackPointExtension>
            <ns3:hr>104</ns3:hr>
            <ns3:cad>0</ns3:cad>
          </ns3:TrackPointExtension>
        </extensions>
      </trkpt>
      <trkpt lat="37.50327182002365589141845703125" lon="121.4236197061836719512939453125">
        <ele>268.600006103515625</ele>
        <time>2026-09-13T03:12:31.000Z</time>
        <extensions>
          <ns3:TrackPointExtension>
            <ns3:hr>105</ns3:hr>
            <ns3:cad>0</ns3:cad>
          </ns3:TrackPointExtension>
        </extensions>
      </trkpt>
      <trkpt lat="37.50325673259794712066650390625" lon="121.4235928840935230255126953125">
        <ele>269.20001220703125</ele>
        <time>2026-09-13T03:12:34.000Z</time>
        <extensions>
          <ns3:TrackPointExtension>
            <ns3:hr>108</ns3:hr>
            <ns3:cad>0</ns3:cad>
          </ns3:TrackPointExtension>
        </extensions>
      </trkpt>
      <trkpt lat="37.5032366998493671417236328125" lon="121.4235479570925235748291015625">
        <ele>269.79998779296875</ele>
        <time>2026-09-13T03:12:39.000Z</time>
        <extensions>
          <ns3:TrackPointExtension>
            <ns3:hr>110</ns3:hr>
            <ns3:cad>0</ns3:cad>
          </ns3:TrackPointExtension>
        </extensions>
      </trkpt>
      <trkpt lat="37.50321079976856708526611328125" lon="121.42351828515529632568359375">
        <ele>270.79998779296875</ele>
        <time>2026-09-13T03:12:43.000Z</time>
        <extensions>
          <ns3:TrackPointExtension>
            <ns3:hr>113</ns3:hr>
            <ns3:cad>60</ns3:cad>
          </ns3:TrackPointExtension>
        </extensions>
      </trkpt>
      <trkpt lat="37.50320090912282466888427734375" lon="121.42351719550788402557373046875">
        <ele>270.79998779296875</ele>
        <time>2026-09-13T03:12:44.000Z</time>
        <extensions>
          <ns3:TrackPointExtension>
            <ns3:hr>118</ns3:hr>
            <ns3:cad>0</ns3:cad>
          </ns3:TrackPointExtension>
        </extensions>
      </trkpt>
      <trkpt lat="37.503196299076080322265625" lon="121.4235147647559642791748046875">
        <ele>271</ele>
        <time>2026-09-13T03:12:45.000Z</time>
        <extensions>
          <ns3:TrackPointExtension>
            <ns3:hr>123</ns3:hr>
            <ns3:cad>0</ns3:cad>
          </ns3:TrackPointExtension>
        </extensions>
      </trkpt>
      <trkpt lat="37.5031924434006214141845703125" lon="121.42351333983242511749267578125">
        <ele>271</ele>
        <time>2026-09-13T03:12:46.000Z</time>
        <extensions>
          <ns3:TrackPointExtension>
            <ns3:hr>131</ns3:hr>
            <ns3:cad>0</ns3:cad>
          </ns3:TrackPointExtension>
        </extensions>
      </trkpt>
      <trkpt lat="37.50319118611514568328857421875" lon="121.42351300455629825592041015625">
        <ele>271</ele>
        <time>2026-09-13T03:12:47.000Z</time>
        <extensions>
          <ns3:TrackPointExtension>
            <ns3:hr>136</ns3:hr>
            <ns3:cad>0</ns3:cad>
          </ns3:TrackPointExtension>
        </extensions>
      </trkpt>
      <trkpt lat="37.50317492522299289703369140625" lon="121.4235229790210723876953125">
        <ele>271.20001220703125</ele>
        <time>2026-09-13T03:12:49.000Z</time>
        <extensions>
          <ns3:TrackPointExtension>
            <ns3:hr>139</ns3:hr>
            <ns3:cad>0</ns3:cad>
          </ns3:TrackPointExtension>
        </extensions>
      </trkpt>
      <trkpt lat="37.50315430574119091033935546875" lon="121.4235261641442775726318359375">
        <ele>271.79998779296875</ele>
        <time>2026-09-13T03:12:52.000Z</time>
        <extensions>
          <ns3:TrackPointExtension>
            <ns3:hr>138</ns3:hr>
            <ns3:cad>0</ns3:cad>
          </ns3:TrackPointExtension>
        </extensions>
      </trkpt>
      <trkpt lat="37.50314776785671710968017578125" lon="121.4235221408307552337646484375">
        <ele>272</ele>
        <time>2026-09-13T03:12:53.000Z</time>
        <extensions>
          <ns3:TrackPointExtension>
            <ns3:hr>138</ns3:hr>
            <ns3:cad>0</ns3:cad>
          </ns3:TrackPointExtension>
        </extensions>
      </trkpt>
      <trkpt lat="37.50313184224069118499755859375" lon="121.42347578890621662139892578125">
        <ele>272.79998779296875</ele>
        <time>2026-09-13T03:12:58.000Z</time>
        <extensions>
          <ns3:TrackPointExtension>
            <ns3:hr>137</ns3:hr>
            <ns3:cad>0</ns3:cad>
          </ns3:TrackPointExtension>
        </extensions>
      </trkpt>
      <trkpt lat="37.50312832184135913848876953125" lon="121.4234530739486217498779296875">
        <ele>273</ele>
        <time>2026-09-13T03:13:00.000Z</time>
        <extensions>
          <ns3:TrackPointExtension>
            <ns3:hr>136</ns3:hr>
            <ns3:cad>0</ns3:cad>
          </ns3:TrackPointExtension>
        </extensions>
      </trkpt>
      <trkpt lat="37.503110803663730621337890625" lon="121.42336950637400150299072265625">
        <ele>274.20001220703125</ele>
        <time>2026-09-13T03:13:06.000Z</time>
        <extensions>
          <ns3:TrackPointExtension>
            <ns3:hr>136</ns3:hr>
            <ns3:cad>0</ns3:cad>
          </ns3:TrackPointExtension>
        </extensions>
      </trkpt>
      <trkpt lat="37.503071911633014678955078125" lon="121.423286609351634979248046875">
        <ele>275.20001220703125</ele>
        <time>2026-09-13T03:13:13.000Z</time>
        <extensions>
          <ns3:TrackPointExtension>
            <ns3:hr>136</ns3:hr>
            <ns3:cad>0</ns3:cad>
          </ns3:TrackPointExtension>
        </extensions>
      </trkpt>
      <trkpt lat="37.5030583329498767852783203125" lon="121.42321829684078693389892578125">
        <ele>276.20001220703125</ele>
        <time>2026-09-13T03:13:18.000Z</time>
        <extensions>
          <ns3:TrackPointExtension>
            <ns3:hr>138</ns3:hr>
            <ns3:cad>57</ns3:cad>
          </ns3:TrackPointExtension>
        </extensions>
      </trkpt>
      <trkpt lat="37.503046430647373199462890625" lon="121.42318611033260822296142578125">
        <ele>276.600006103515625</ele>
        <time>2026-09-13T03:13:21.000Z</time>
        <extensions>
          <ns3:TrackPointExtension>
            <ns3:hr>139</ns3:hr>
            <ns3:cad>0</ns3:cad>
          </ns3:TrackPointExtension>
        </extensions>
      </trkpt>
      <trkpt lat="37.5030345283448696136474609375" lon="121.4231674186885356903076171875">
        <ele>276.600006103515625</ele>
        <time>2026-09-13T03:13:28.000Z</time>
        <extensions>
          <ns3:TrackPointExtension>
            <ns3:hr>141</ns3:hr>
            <ns3:cad>0</ns3:cad>
          </ns3:TrackPointExtension>
        </extensions>
      </trkpt>
      <trkpt lat="37.50304140150547027587890625" lon="121.42317471094429492950439453125">
        <ele>277.20001220703125</ele>
        <time>2026-09-13T03:13:38.000Z</time>
        <extensions>
          <ns3:TrackPointExtension>
            <ns3:hr>138</ns3:hr>
            <ns3:cad>0</ns3:cad>
          </ns3:TrackPointExtension>
        </extensions>
      </trkpt>
      <trkpt lat="37.50304366461932659149169921875" lon="121.42317336983978748321533203125">
        <ele>277</ele>
        <time>2026-09-13T03:13:41.000Z</time>
        <extensions>
          <ns3:TrackPointExtension>
            <ns3:hr>137</ns3:hr>
            <ns3:cad>0</ns3:cad>
          </ns3:TrackPointExtension>
        </extensions>
      </trkpt>
      <trkpt lat="37.50305271707475185394287109375" lon="121.4231962524354457855224609375">
        <ele>276.20001220703125</ele>
        <time>2026-09-13T03:13:51.000Z</time>
        <extensions>
          <ns3:TrackPointExtension>
            <ns3:hr>134</ns3:hr>
            <ns3:cad>0</ns3:cad>
          </ns3:TrackPointExtension>
        </extensions>
      </trkpt>
      <trkpt lat="37.5030554831027984619140625" lon="121.42320304177701473236083984375">
        <ele>276.20001220703125</ele>
        <time>2026-09-13T03:13:56.000Z</time>
        <extensions>
          <ns3:TrackPointExtension>
            <ns3:hr>132</ns3:hr>
            <ns3:cad>0</ns3:cad>
          </ns3:TrackPointExtension>
        </extensions>
      </trkpt>
      <trkpt lat="37.50304869376122951507568359375" lon="121.423224918544292449951171875">
        <ele>276.20001220703125</ele>
        <time>2026-09-13T03:14:05.000Z</time>
        <extensions>
          <ns3:TrackPointExtension>
            <ns3:hr>129</ns3:hr>
            <ns3:cad>0</ns3:cad>
          </ns3:TrackPointExtension>
        </extensions>
      </trkpt>
      <trkpt lat="37.50304542481899261474609375" lon="121.42318577505648136138916015625">
        <ele>276.20001220703125</ele>
        <time>2026-09-13T03:14:10.000Z</time>
        <extensions>
          <ns3:TrackPointExtension>
            <ns3:hr>126</ns3:hr>
            <ns3:cad>0</ns3:cad>
          </ns3:TrackPointExtension>
        </extensions>
      </trkpt>
      <trkpt lat="37.50306017696857452392578125" lon="121.423186697065830230712890625">
        <ele>276.20001220703125</ele>
        <time>2026-09-13T03:14:11.000Z</time>
        <extensions>
          <ns3:TrackPointExtension>
            <ns3:hr>125</ns3:hr>
            <ns3:cad>0</ns3:cad>
          </ns3:TrackPointExtension>
        </extensions>
      </trkpt>
      <trkpt lat="37.50312614254653453826904296875" lon="121.42314101569354534149169921875">
        <ele>277</ele>
        <time>2026-09-13T03:14:21.000Z</time>
        <extensions>
          <ns3:TrackPointExtension>
            <ns3:hr>124</ns3:hr>
            <ns3:cad>0</ns3:cad>
          </ns3:TrackPointExtension>
        </extensions>
      </trkpt>
      <trkpt lat="37.5031227059662342071533203125" lon="121.42317135818302631378173828125">
        <ele>276.79998779296875</ele>
        <time>2026-09-13T03:14:27.000Z</time>
        <extensions>
          <ns3:TrackPointExtension>
            <ns3:hr>124</ns3:hr>
            <ns3:cad>0</ns3:cad>
          </ns3:TrackPointExtension>
        </extensions>
      </trkpt>
      <trkpt lat="37.50308968126773834228515625" lon="121.423156522214412689208984375">
        <ele>277</ele>
        <time>2026-09-13T03:14:33.000Z</time>
        <extensions>
          <ns3:TrackPointExtension>
            <ns3:hr>125</ns3:hr>
            <ns3:cad>0</ns3:cad>
          </ns3:TrackPointExtension>
        </extensions>
      </trkpt>
      <trkpt lat="37.50308607704937458038330078125" lon="121.4231496490538120269775390625">
        <ele>276.600006103515625</ele>
        <time>2026-09-13T03:14:43.000Z</time>
        <extensions>
          <ns3:TrackPointExtension>
            <ns3:hr>127</ns3:hr>
            <ns3:cad>0</ns3:cad>
          </ns3:TrackPointExtension>
        </extensions>
      </trkpt>
      <trkpt lat="37.503079958260059356689453125" lon="121.42314453609287738800048828125">
        <ele>276.600006103515625</ele>
        <time>2026-09-13T03:14:53.000Z</time>
        <extensions>
          <ns3:TrackPointExtension>
            <ns3:hr>128</ns3:hr>
            <ns3:cad>0</ns3:cad>
          </ns3:TrackPointExtension>
        </extensions>
      </trkpt>
      <trkpt lat="37.5030881725251674652099609375" lon="121.42314705066382884979248046875">
        <ele>276</ele>
        <time>2026-09-13T03:15:04.000Z</time>
        <extensions>
          <ns3:TrackPointExtension>
            <ns3:hr>126</ns3:hr>
            <ns3:cad>0</ns3:cad>
          </ns3:TrackPointExtension>
        </extensions>
      </trkpt>
      <trkpt lat="37.503077946603298187255859375" lon="121.4231265150010585784912109375">
        <ele>276.399993896484375</ele>
        <time>2026-09-13T03:15:13.000Z</time>
        <extensions>
          <ns3:TrackPointExtension>
            <ns3:hr>124</ns3:hr>
            <ns3:cad>0</ns3:cad>
          </ns3:TrackPointExtension>
        </extensions>
      </trkpt>
      <trkpt lat="37.5030528008937835693359375" lon="121.42311871983110904693603515625">
        <ele>276.399993896484375</ele>
        <time>2026-09-13T03:15:17.000Z</time>
        <extensions>
          <ns3:TrackPointExtension>
            <ns3:hr>120</ns3:hr>
            <ns3:cad>0</ns3:cad>
          </ns3:TrackPointExtension>
        </extensions>
      </trkpt>
      <trkpt lat="37.5030465982854366302490234375" lon="121.42311603762209415435791015625">
        <ele>276.20001220703125</ele>
        <time>2026-09-13T03:15:20.000Z</time>
        <extensions>
          <ns3:TrackPointExtension>
            <ns3:hr>119</ns3:hr>
            <ns3:cad>0</ns3:cad>
          </ns3:TrackPointExtension>
        </extensions>
      </trkpt>
      <trkpt lat="37.50303578563034534454345703125" lon="121.42314252443611621856689453125">
        <ele>276</ele>
        <time>2026-09-13T03:15:25.000Z</time>
        <extensions>
          <ns3:TrackPointExtension>
            <ns3:hr>116</ns3:hr>
            <ns3:cad>0</ns3:cad>
          </ns3:TrackPointExtension>
        </extensions>
      </trkpt>
      <trkpt lat="37.503039725124835968017578125" lon="121.42314772121608257293701171875">
        <ele>276</ele>
        <time>2026-09-13T03:15:27.000Z</time>
        <extensions>
          <ns3:TrackPointExtension>
            <ns3:hr>115</ns3:hr>
            <ns3:cad>0</ns3:cad>
          </ns3:TrackPointExtension>
        </extensions>
      </trkpt>
      <trkpt lat="37.50303863547742366790771484375" lon="121.42314118333160877227783203125">
        <ele>276</ele>
        <time>2026-09-13T03:15:33.000Z</time>
        <extensions>
          <ns3:TrackPointExtension>
            <ns3:hr>114</ns3:hr>
            <ns3:cad>0</ns3:cad>
          </ns3:TrackPointExtension>
        </extensions>
      </trkpt>
      <trkpt lat="37.5030345283448696136474609375" lon="121.423153169453144073486328125">
        <ele>276.79998779296875</ele>
        <time>2026-09-13T03:15:45.000Z</time>
        <extensions>
          <ns3:TrackPointExtension>
            <ns3:hr>113</ns3:hr>
            <ns3:cad>0</ns3:cad>
          </ns3:TrackPointExtension>
        </extensions>
      </trkpt>
      <trkpt lat="37.5030345283448696136474609375" lon="121.423153169453144073486328125">
        <ele>276.79998779296875</ele>
        <time>2026-09-13T03:15:46.000Z</time>
        <extensions>
          <ns3:TrackPointExtension>
            <ns3:hr>109</ns3:hr>
            <ns3:cad>0</ns3:cad>
          </ns3:TrackPointExtension>
        </extensions>
      </trkpt>
      <trkpt lat="37.5030345283448696136474609375" lon="121.423153169453144073486328125">
        <ele>276.600006103515625</ele>
        <time>2026-09-13T03:15:47.000Z</time>
        <extensions>
          <ns3:TrackPointExtension>
            <ns3:hr>103</ns3:hr>
            <ns3:cad>0</ns3:cad>
          </ns3:TrackPointExtension>
        </extensions>
      </trkpt>
      <trkpt lat="37.50304014421999454498291015625" lon="121.42313741147518157958984375">
        <ele>276.20001220703125</ele>
        <time>2026-09-13T03:15:58.000Z</time>
        <extensions>
          <ns3:TrackPointExtension>
            <ns3:hr>103</ns3:hr>
            <ns3:cad>0</ns3:cad>
          </ns3:TrackPointExtension>
        </extensions>
      </trkpt>
      <trkpt lat="37.503031678497791290283203125" lon="121.4231362380087375640869140625">
        <ele>275.79998779296875</ele>
        <time>2026-09-13T03:16:09.000Z</time>
        <extensions>
          <ns3:TrackPointExtension>
            <ns3:hr>102</ns3:hr>
            <ns3:cad>0</ns3:cad>
          </ns3:TrackPointExtension>
        </extensions>
      </trkpt>
      <trkpt lat="37.5030340254306793212890625" lon="121.4231426082551479339599609375">
        <ele>276.20001220703125</ele>
        <time>2026-09-13T03:16:19.000Z</time>
        <extensions>
          <ns3:TrackPointExtension>
            <ns3:hr>103</ns3:hr>
            <ns3:cad>0</ns3:cad>
          </ns3:TrackPointExtension>
        </extensions>
      </trkpt>
      <trkpt lat="37.50304098241031169891357421875" lon="121.42314721830189228057861328125">
        <ele>276</ele>
        <time>2026-09-13T03:16:31.000Z</time>
        <extensions>
          <ns3:TrackPointExtension>
            <ns3:hr>104</ns3:hr>
            <ns3:cad>0</ns3:cad>
          </ns3:TrackPointExtension>
        </extensions>
      </trkpt>
      <trkpt lat="37.503039725124835968017578125" lon="121.4231070689857006072998046875">
        <ele>276</ele>
        <time>2026-09-13T03:16:40.000Z</time>
        <extensions>
          <ns3:TrackPointExtension>
            <ns3:hr>106</ns3:hr>
            <ns3:cad>0</ns3:cad>
          </ns3:TrackPointExtension>
        </extensions>
      </trkpt>
      <trkpt lat="37.50303813256323337554931640625" lon="121.42302115447819232940673828125">
        <ele>276</ele>
        <time>2026-09-13T03:16:45.000Z</time>
        <extensions>
          <ns3:TrackPointExtension>
            <ns3:hr>106</ns3:hr>
            <ns3:cad>0</ns3:cad>
          </ns3:TrackPointExtension>
        </extensions>
      </trkpt>
      <trkpt lat="37.50305070541799068450927734375" lon="121.4229763112962245941162109375">
        <ele>276.600006103515625</ele>
        <time>2026-09-13T03:16:51.000Z</time>
        <extensions>
          <ns3:TrackPointExtension>
            <ns3:hr>105</ns3:hr>
            <ns3:cad>53</ns3:cad>
          </ns3:TrackPointExtension>
        </extensions>
      </trkpt>
      <trkpt lat="37.50307895243167877197265625" lon="121.42296214587986469268798828125">
        <ele>277.20001220703125</ele>
        <time>2026-09-13T03:16:55.000Z</time>
        <extensions>
          <ns3:TrackPointExtension>
            <ns3:hr>102</ns3:hr>
            <ns3:cad>0</ns3:cad>
          </ns3:TrackPointExtension>
        </extensions>
      </trkpt>
      <trkpt lat="37.50310954637825489044189453125" lon="121.42294974066317081451416015625">
        <ele>277.20001220703125</ele>
        <time>2026-09-13T03:16:58.000Z</time>
        <extensions>
          <ns3:TrackPointExtension>
            <ns3:hr>102</ns3:hr>
            <ns3:cad>0</ns3:cad>
          </ns3:TrackPointExtension>
        </extensions>
      </trkpt>
      <trkpt lat="37.50316319055855274200439453125" lon="121.42293884418904781341552734375">
        <ele>277.399993896484375</ele>
        <time>2026-09-13T03:17:05.000Z</time>
        <extensions>
          <ns3:TrackPointExtension>
            <ns3:hr>102</ns3:hr>
            <ns3:cad>51</ns3:cad>
          </ns3:TrackPointExtension>
        </extensions>
      </trkpt>
      <trkpt lat="37.50316168181598186492919921875" lon="121.42294253222644329071044921875">
        <ele>277.399993896484375</ele>
        <time>2026-09-13T03:17:13.000Z</time>
        <extensions>
          <ns3:TrackPointExtension>
            <ns3:hr>104</ns3:hr>
            <ns3:cad>0</ns3:cad>
          </ns3:TrackPointExtension>
        </extensions>
      </trkpt>
      <trkpt lat="37.503157742321491241455078125" lon="121.42294420860707759857177734375">
        <ele>277.399993896484375</ele>
        <time>2026-09-13T03:17:16.000Z</time>
        <extensions>
          <ns3:TrackPointExtension>
            <ns3:hr>97</ns3:hr>
            <ns3:cad>0</ns3:cad>
          </ns3:TrackPointExtension>
        </extensions>
      </trkpt>
      <trkpt lat="37.50315816141664981842041015625" lon="121.42294538207352161407470703125">
        <ele>277.399993896484375</ele>
        <time>2026-09-13T03:17:17.000Z</time>
        <extensions>
          <ns3:TrackPointExtension>
            <ns3:hr>93</ns3:hr>
            <ns3:cad>0</ns3:cad>
          </ns3:TrackPointExtension>
        </extensions>
      </trkpt>
      <trkpt lat="37.5031602568924427032470703125" lon="121.422942616045475006103515625">
        <ele>277.600006103515625</ele>
        <time>2026-09-13T03:17:20.000Z</time>
        <extensions>
          <ns3:TrackPointExtension>
            <ns3:hr>93</ns3:hr>
            <ns3:cad>0</ns3:cad>
          </ns3:TrackPointExtension>
        </extensions>
      </trkpt>
      <trkpt lat="37.50317861326038837432861328125" lon="121.42294068820774555206298828125">
        <ele>277.399993896484375</ele>
        <time>2026-09-13T03:17:26.000Z</time>
        <extensions>
          <ns3:TrackPointExtension>
            <ns3:hr>90</ns3:hr>
            <ns3:cad>0</ns3:cad>
          </ns3:TrackPointExtension>
        </extensions>
      </trkpt>
      <trkpt lat="37.5031840614974498748779296875" lon="121.42293884418904781341552734375">
        <ele>277.20001220703125</ele>
        <time>2026-09-13T03:17:28.000Z</time>
        <extensions>
          <ns3:TrackPointExtension>
            <ns3:hr>86</ns3:hr>
            <ns3:cad>0</ns3:cad>
          </ns3:TrackPointExtension>
        </extensions>
      </trkpt>
      <trkpt lat="37.503184564411640167236328125" lon="121.42294018529355525970458984375">
        <ele>277</ele>
        <time>2026-09-13T03:17:30.000Z</time>
        <extensions>
          <ns3:TrackPointExtension>
            <ns3:hr>84</ns3:hr>
            <ns3:cad>0</ns3:cad>
          </ns3:TrackPointExtension>
        </extensions>
      </trkpt>
      <trkpt lat="37.50318531878292560577392578125" lon="121.422947980463504791259765625">
        <ele>277.20001220703125</ele>
        <time>2026-09-13T03:17:32.000Z</time>
        <extensions>
          <ns3:TrackPointExtension>
            <ns3:hr>81</ns3:hr>
            <ns3:cad>0</ns3:cad>
          </ns3:TrackPointExtension>
        </extensions>
      </trkpt>
      <trkpt lat="37.5031723268330097198486328125" lon="121.4229572005569934844970703125">
        <ele>277.79998779296875</ele>
        <time>2026-09-13T03:17:35.000Z</time>
        <extensions>
          <ns3:TrackPointExtension>
            <ns3:hr>85</ns3:hr>
            <ns3:cad>0</ns3:cad>
          </ns3:TrackPointExtension>
        </extensions>
      </trkpt>
      <trkpt lat="37.5031683035194873809814453125" lon="121.4229677617549896240234375">
        <ele>277.79998779296875</ele>
        <time>2026-09-13T03:17:37.000Z</time>
        <extensions>
          <ns3:TrackPointExtension>
            <ns3:hr>89</ns3:hr>
            <ns3:cad>0</ns3:cad>
          </ns3:TrackPointExtension>
        </extensions>
      </trkpt>
      <trkpt lat="37.50316771678626537322998046875" lon="121.422969438135623931884765625">
        <ele>277.79998779296875</ele>
        <time>2026-09-13T03:17:38.000Z</time>
        <extensions>
          <ns3:TrackPointExtension>
            <ns3:hr>88</ns3:hr>
            <ns3:cad>0</ns3:cad>
          </ns3:TrackPointExtension>
        </extensions>
      </trkpt>
      <trkpt lat="37.5031736679375171661376953125" lon="121.4229652471840381622314453125">
        <ele>277.79998779296875</ele>
        <time>2026-09-13T03:17:40.000Z</time>
        <extensions>
          <ns3:TrackPointExtension>
            <ns3:hr>93</ns3:hr>
            <ns3:cad>0</ns3:cad>
          </ns3:TrackPointExtension>
        </extensions>
      </trkpt>
      <trkpt lat="37.5031740032136440277099609375" lon="121.42294638790190219879150390625">
        <ele>277.600006103515625</ele>
        <time>2026-09-13T03:17:47.000Z</time>
        <extensions>
          <ns3:TrackPointExtension>
            <ns3:hr>92</ns3:hr>
            <ns3:cad>0</ns3:cad>
          </ns3:TrackPointExtension>
        </extensions>
      </trkpt>
      <trkpt lat="37.50317676924169063568115234375" lon="121.4229474775493144989013671875">
        <ele>277.600006103515625</ele>
        <time>2026-09-13T03:17:50.000Z</time>
        <extensions>
          <ns3:TrackPointExtension>
            <ns3:hr>98</ns3:hr>
            <ns3:cad>0</ns3:cad>
          </ns3:TrackPointExtension>
        </extensions>
      </trkpt>
      <trkpt lat="37.50317559577524662017822265625" lon="121.42294839955866336822509765625">
        <ele>277.600006103515625</ele>
        <time>2026-09-13T03:17:51.000Z</time>
        <extensions>
          <ns3:TrackPointExtension>
            <ns3:hr>102</ns3:hr>
            <ns3:cad>0</ns3:cad>
          </ns3:TrackPointExtension>
        </extensions>
      </trkpt>
      <trkpt lat="37.5031746737658977508544921875" lon="121.42294856719672679901123046875">
        <ele>277.600006103515625</ele>
        <time>2026-09-13T03:17:52.000Z</time>
        <extensions>
          <ns3:TrackPointExtension>
            <ns3:hr>105</ns3:hr>
            <ns3:cad>0</ns3:cad>
          </ns3:TrackPointExtension>
        </extensions>
      </trkpt>
      <trkpt lat="37.5031746737658977508544921875" lon="121.4229484833776950836181640625">
        <ele>277.600006103515625</ele>
        <time>2026-09-13T03:17:56.000Z</time>
        <extensions>
          <ns3:TrackPointExtension>
            <ns3:hr>103</ns3:hr>
            <ns3:cad>0</ns3:cad>
          </ns3:TrackPointExtension>
        </extensions>
      </trkpt>
      <trkpt lat="37.5031746737658977508544921875" lon="121.4229484833776950836181640625">
        <ele>277.600006103515625</ele>
        <time>2026-09-13T03:18:08.000Z</time>
        <extensions>
          <ns3:TrackPointExtension>
            <ns3:hr>100</ns3:hr>
            <ns3:cad>0</ns3:cad>
          </ns3:TrackPointExtension>
        </extensions>
      </trkpt>
      <trkpt lat="37.5031746737658977508544921875" lon="121.4229484833776950836181640625">
        <ele>277.399993896484375</ele>
        <time>2026-09-13T03:18:10.000Z</time>
        <extensions>
          <ns3:TrackPointExtension>
            <ns3:hr>100</ns3:hr>
            <ns3:cad>0</ns3:cad>
          </ns3:TrackPointExtension>
        </extensions>
      </trkpt>
      <trkpt lat="37.50317358411848545074462890625" lon="121.42295024357736110687255859375">
        <ele>277.399993896484375</ele>
        <time>2026-09-13T03:18:13.000Z</time>
        <extensions>
          <ns3:TrackPointExtension>
            <ns3:hr>97</ns3:hr>
            <ns3:cad>0</ns3:cad>
          </ns3:TrackPointExtension>
        </extensions>
      </trkpt>
      <trkpt lat="37.50315464101731777191162109375" lon="121.42295711673796176910400390625">
        <ele>277.20001220703125</ele>
        <time>2026-09-13T03:18:19.000Z</time>
        <extensions>
          <ns3:TrackPointExtension>
            <ns3:hr>97</ns3:hr>
            <ns3:cad>65</ns3:cad>
          </ns3:TrackPointExtension>
        </extensions>
      </trkpt>
      <trkpt lat="37.50315682031214237213134765625" lon="121.422956027090549468994140625">
        <ele>277.79998779296875</ele>
        <time>2026-09-13T03:18:27.000Z</time>
        <extensions>
          <ns3:TrackPointExtension>
            <ns3:hr>96</ns3:hr>
            <ns3:cad>0</ns3:cad>
          </ns3:TrackPointExtension>
        </extensions>
      </trkpt>
      <trkpt lat="37.5031367875635623931884765625" lon="121.422990225255489349365234375">
        <ele>277.20001220703125</ele>
        <time>2026-09-13T03:18:36.000Z</time>
        <extensions>
          <ns3:TrackPointExtension>
            <ns3:hr>96</ns3:hr>
            <ns3:cad>0</ns3:cad>
          </ns3:TrackPointExtension>
        </extensions>
      </trkpt>
      <trkpt lat="37.5031468458473682403564453125" lon="121.4229696057736873626708984375">
        <ele>277</ele>
        <time>2026-09-13T03:18:42.000Z</time>
        <extensions>
          <ns3:TrackPointExtension>
            <ns3:hr>96</ns3:hr>
            <ns3:cad>0</ns3:cad>
          </ns3:TrackPointExtension>
        </extensions>
      </trkpt>
      <trkpt lat="37.50314910896122455596923828125" lon="121.4229709468781948089599609375">
        <ele>277</ele>
        <time>2026-09-13T03:18:52.000Z</time>
        <extensions>
          <ns3:TrackPointExtension>
            <ns3:hr>94</ns3:hr>
            <ns3:cad>0</ns3:cad>
          </ns3:TrackPointExtension>
        </extensions>
      </trkpt>
      <trkpt lat="37.50315648503601551055908203125" lon="121.42297002486884593963623046875">
        <ele>277.20001220703125</ele>
        <time>2026-09-13T03:18:59.000Z</time>
        <extensions>
          <ns3:TrackPointExtension>
            <ns3:hr>91</ns3:hr>
            <ns3:cad>0</ns3:cad>
          </ns3:TrackPointExtension>
        </extensions>
      </trkpt>
      <trkpt lat="37.50315413810312747955322265625" lon="121.42297220416367053985595703125">
        <ele>277.20001220703125</ele>
        <time>2026-09-13T03:19:03.000Z</time>
        <extensions>
          <ns3:TrackPointExtension>
            <ns3:hr>91</ns3:hr>
            <ns3:cad>0</ns3:cad>
          </ns3:TrackPointExtension>
        </extensions>
      </trkpt>
      <trkpt lat="37.50315212644636631011962890625" lon="121.42297488637268543243408203125">
        <ele>277</ele>
        <time>2026-09-13T03:19:06.000Z</time>
        <extensions>
          <ns3:TrackPointExtension>
            <ns3:hr>94</ns3:hr>
            <ns3:cad>0</ns3:cad>
          </ns3:TrackPointExtension>
        </extensions>
      </trkpt>
      <trkpt lat="37.50314525328576564788818359375" lon="121.42299315892159938812255859375">
        <ele>277</ele>
        <time>2026-09-13T03:19:14.000Z</time>
        <extensions>
          <ns3:TrackPointExtension>
            <ns3:hr>93</ns3:hr>
            <ns3:cad>0</ns3:cad>
          </ns3:TrackPointExtension>
        </extensions>
      </trkpt>
      <trkpt lat="37.50314508564770221710205078125" lon="121.42299416474997997283935546875">
        <ele>276.79998779296875</ele>
        <time>2026-09-13T03:19:28.000Z</time>
        <extensions>
          <ns3:TrackPointExtension>
            <ns3:hr>96</ns3:hr>
            <ns3:cad>0</ns3:cad>
          </ns3:TrackPointExtension>
        </extensions>
      </trkpt>
      <trkpt lat="37.50314793549478054046630859375" lon="121.423001624643802642822265625">
        <ele>276.79998779296875</ele>
        <time>2026-09-13T03:19:33.000Z</time>
        <extensions>
          <ns3:TrackPointExtension>
            <ns3:hr>94</ns3:hr>
            <ns3:cad>0</ns3:cad>
          </ns3:TrackPointExtension>
        </extensions>
      </trkpt>
      <trkpt lat="37.50315380282700061798095703125" lon="121.4229919016361236572265625">
        <ele>276.600006103515625</ele>
        <time>2026-09-13T03:19:46.000Z</time>
        <extensions>
          <ns3:TrackPointExtension>
            <ns3:hr>93</ns3:hr>
            <ns3:cad>0</ns3:cad>
          </ns3:TrackPointExtension>
        </extensions>
      </trkpt>
      <trkpt lat="37.5031726621091365814208984375" lon="121.4229910634458065032958984375">
        <ele>276.600006103515625</ele>
        <time>2026-09-13T03:19:57.000Z</time>
        <extensions>
          <ns3:TrackPointExtension>
            <ns3:hr>94</ns3:hr>
            <ns3:cad>0</ns3:cad>
          </ns3:TrackPointExtension>
        </extensions>
      </trkpt>
      <trkpt lat="37.503147684037685394287109375" lon="121.42298159189522266387939453125">
        <ele>276.600006103515625</ele>
        <time>2026-09-13T03:20:09.000Z</time>
        <extensions>
          <ns3:TrackPointExtension>
            <ns3:hr>95</ns3:hr>
            <ns3:cad>0</ns3:cad>
          </ns3:TrackPointExtension>
        </extensions>
      </trkpt>
      <trkpt lat="37.50315045006573200225830078125" lon="121.42299123108386993408203125">
        <ele>277</ele>
        <time>2026-09-13T03:20:18.000Z</time>
        <extensions>
          <ns3:TrackPointExtension>
            <ns3:hr>97</ns3:hr>
            <ns3:cad>0</ns3:cad>
          </ns3:TrackPointExtension>
        </extensions>
      </trkpt>
      <trkpt lat="37.503146342933177947998046875" lon="121.422986872494220733642578125">
        <ele>277</ele>
        <time>2026-09-13T03:20:24.000Z</time>
        <extensions>
          <ns3:TrackPointExtension>
            <ns3:hr>96</ns3:hr>
            <ns3:cad>0</ns3:cad>
          </ns3:TrackPointExtension>
        </extensions>
      </trkpt>
      <trkpt lat="37.5031478516757488250732421875" lon="121.42299852333962917327880859375">
        <ele>277</ele>
        <time>2026-09-13T03:20:29.000Z</time>
        <extensions>
          <ns3:TrackPointExtension>
            <ns3:hr>99</ns3:hr>
            <ns3:cad>0</ns3:cad>
          </ns3:TrackPointExtension>
        </extensions>
      </trkpt>
      <trkpt lat="37.50315179117023944854736328125" lon="121.42300170846283435821533203125">
        <ele>277</ele>
        <time>2026-09-13T03:20:34.000Z</time>
        <extensions>
          <ns3:TrackPointExtension>
            <ns3:hr>98</ns3:hr>
            <ns3:cad>0</ns3:cad>
          </ns3:TrackPointExtension>
        </extensions>
      </trkpt>
      <trkpt lat="37.503161095082759857177734375" lon="121.4229937456548213958740234375">
        <ele>277</ele>
        <time>2026-09-13T03:20:42.000Z</time>
        <extensions>
          <ns3:TrackPointExtension>
            <ns3:hr>98</ns3:hr>
            <ns3:cad>0</ns3:cad>
          </ns3:TrackPointExtension>
        </extensions>
      </trkpt>
      <trkpt lat="37.5031493604183197021484375" lon="121.42299734987318515777587890625">
        <ele>276.79998779296875</ele>
        <time>2026-09-13T03:20:55.000Z</time>
        <extensions>
          <ns3:TrackPointExtension>
            <ns3:hr>97</ns3:hr>
            <ns3:cad>0</ns3:cad>
          </ns3:TrackPointExtension>
        </extensions>
      </trkpt>
      <trkpt lat="37.50314625911414623260498046875" lon="121.4229974336922168731689453125">
        <ele>277</ele>
        <time>2026-09-13T03:21:04.000Z</time>
        <extensions>
          <ns3:TrackPointExtension>
            <ns3:hr>94</ns3:hr>
            <ns3:cad>0</ns3:cad>
          </ns3:TrackPointExtension>
        </extensions>
      </trkpt>
      <trkpt lat="37.5031468458473682403564453125" lon="121.4229972660541534423828125">
        <ele>277</ele>
        <time>2026-09-13T03:21:05.000Z</time>
        <extensions>
          <ns3:TrackPointExtension>
            <ns3:hr>94</ns3:hr>
            <ns3:cad>0</ns3:cad>
          </ns3:TrackPointExtension>
        </extensions>
      </trkpt>
      <trkpt lat="37.50315011478960514068603515625" lon="121.4229967631399631500244140625">
        <ele>276.600006103515625</ele>
        <time>2026-09-13T03:21:17.000Z</time>
        <extensions>
          <ns3:TrackPointExtension>
            <ns3:hr>94</ns3:hr>
            <ns3:cad>0</ns3:cad>
          </ns3:TrackPointExtension>
        </extensions>
      </trkpt>
      <trkpt lat="37.503145001828670501708984375" lon="121.42298544757068157196044921875">
        <ele>276.600006103515625</ele>
        <time>2026-09-13T03:21:31.000Z</time>
        <extensions>
          <ns3:TrackPointExtension>
            <ns3:hr>94</ns3:hr>
            <ns3:cad>0</ns3:cad>
          </ns3:TrackPointExtension>
        </extensions>
      </trkpt>
      <trkpt lat="37.503130920231342315673828125" lon="121.42298058606684207916259765625">
        <ele>276.79998779296875</ele>
        <time>2026-09-13T03:21:37.000Z</time>
        <extensions>
          <ns3:TrackPointExtension>
            <ns3:hr>95</ns3:hr>
            <ns3:cad>0</ns3:cad>
          </ns3:TrackPointExtension>
        </extensions>
      </trkpt>
      <trkpt lat="37.5030851550400257110595703125" lon="121.42296633683145046234130859375">
        <ele>276.600006103515625</ele>
        <time>2026-09-13T03:21:42.000Z</time>
        <extensions>
          <ns3:TrackPointExtension>
            <ns3:hr>92</ns3:hr>
            <ns3:cad>0</ns3:cad>
          </ns3:TrackPointExtension>
        </extensions>
      </trkpt>
      <trkpt lat="37.50307534821331501007080078125" lon="121.4229518361389636993408203125">
        <ele>276.600006103515625</ele>
        <time>2026-09-13T03:21:43.000Z</time>
        <extensions>
          <ns3:TrackPointExtension>
            <ns3:hr>92</ns3:hr>
            <ns3:cad>0</ns3:cad>
          </ns3:TrackPointExtension>
        </extensions>
      </trkpt>
      <trkpt lat="37.50306822359561920166015625" lon="121.42293532378971576690673828125">
        <ele>277</ele>
        <time>2026-09-13T03:21:47.000Z</time>
        <extensions>
          <ns3:TrackPointExtension>
            <ns3:hr>96</ns3:hr>
            <ns3:cad>0</ns3:cad>
          </ns3:TrackPointExtension>
        </extensions>
      </trkpt>
      <trkpt lat="37.503068558871746063232421875" lon="121.42293046228587627410888671875">
        <ele>277.399993896484375</ele>
        <time>2026-09-13T03:21:48.000Z</time>
        <extensions>
          <ns3:TrackPointExtension>
            <ns3:hr>100</ns3:hr>
            <ns3:cad>0</ns3:cad>
          </ns3:TrackPointExtension>
        </extensions>
      </trkpt>
      <trkpt lat="37.50306763686239719390869140625" lon="121.42292509786784648895263671875">
        <ele>277.600006103515625</ele>
        <time>2026-09-13T03:21:49.000Z</time>
        <extensions>
          <ns3:TrackPointExtension>
            <ns3:hr>104</ns3:hr>
            <ns3:cad>0</ns3:cad>
          </ns3:TrackPointExtension>
        </extensions>
      </trkpt>
      <trkpt lat="37.50306629575788974761962890625" lon="121.42292258329689502716064453125">
        <ele>277.79998779296875</ele>
        <time>2026-09-13T03:21:50.000Z</time>
        <extensions>
          <ns3:TrackPointExtension>
            <ns3:hr>108</ns3:hr>
            <ns3:cad>0</ns3:cad>
          </ns3:TrackPointExtension>
        </extensions>
      </trkpt>
      <trkpt lat="37.5030600093305110931396484375" lon="121.42290732823312282562255859375">
        <ele>278.600006103515625</ele>
        <time>2026-09-13T03:21:53.000Z</time>
        <extensions>
          <ns3:TrackPointExtension>
            <ns3:hr>110</ns3:hr>
            <ns3:cad>0</ns3:cad>
          </ns3:TrackPointExtension>
        </extensions>
      </trkpt>
      <trkpt lat="37.50306998379528522491455078125" lon="121.42286642454564571380615234375">
        <ele>279.399993896484375</ele>
        <time>2026-09-13T03:21:56.000Z</time>
        <extensions>
          <ns3:TrackPointExtension>
            <ns3:hr>111</ns3:hr>
            <ns3:cad>0</ns3:cad>
          </ns3:TrackPointExtension>
        </extensions>
      </trkpt>
      <trkpt lat="37.50307149253785610198974609375" lon="121.42285435460507869720458984375">
        <ele>279.600006103515625</ele>
        <time>2026-09-13T03:21:57.000Z</time>
        <extensions>
          <ns3:TrackPointExtension>
            <ns3:hr>111</ns3:hr>
            <ns3:cad>0</ns3:cad>
          </ns3:TrackPointExtension>
        </extensions>
      </trkpt>
      <trkpt lat="37.50306956470012664794921875" lon="121.42283658497035503387451171875">
        <ele>280.79998779296875</ele>
        <time>2026-09-13T03:22:01.000Z</time>
        <extensions>
          <ns3:TrackPointExtension>
            <ns3:hr>111</ns3:hr>
            <ns3:cad>0</ns3:cad>
          </ns3:TrackPointExtension>
        </extensions>
      </trkpt>
      <trkpt lat="37.503070570528507232666015625" lon="121.42283021472394466400146484375">
        <ele>281</ele>
        <time>2026-09-13T03:22:02.000Z</time>
        <extensions>
          <ns3:TrackPointExtension>
            <ns3:hr>112</ns3:hr>
            <ns3:cad>0</ns3:cad>
          </ns3:TrackPointExtension>
        </extensions>
      </trkpt>
      <trkpt lat="37.50307031907141208648681640625" lon="121.42282753251492977142333984375">
        <ele>282</ele>
        <time>2026-09-13T03:22:05.000Z</time>
        <extensions>
          <ns3:TrackPointExtension>
            <ns3:hr>112</ns3:hr>
            <ns3:cad>0</ns3:cad>
          </ns3:TrackPointExtension>
        </extensions>
      </trkpt>
      <trkpt lat="37.50306143425405025482177734375" lon="121.42283189110457897186279296875">
        <ele>282.79998779296875</ele>
        <time>2026-09-13T03:22:08.000Z</time>
        <extensions>
          <ns3:TrackPointExtension>
            <ns3:hr>114</ns3:hr>
            <ns3:cad>0</ns3:cad>
          </ns3:TrackPointExtension>
        </extensions>
      </trkpt>
      <trkpt lat="37.5030529685318470001220703125" lon="121.42282518558204174041748046875">
        <ele>283.20001220703125</ele>
        <time>2026-09-13T03:22:09.000Z</time>
        <extensions>
          <ns3:TrackPointExtension>
            <ns3:hr>114</ns3:hr>
            <ns3:cad>0</ns3:cad>
          </ns3:TrackPointExtension>
        </extensions>
      </trkpt>
      <trkpt lat="37.50303880311548709869384765625" lon="121.4228180609643459320068359375">
        <ele>284.399993896484375</ele>
        <time>2026-09-13T03:22:13.000Z</time>
        <extensions>
          <ns3:TrackPointExtension>
            <ns3:hr>115</ns3:hr>
            <ns3:cad>47</ns3:cad>
          </ns3:TrackPointExtension>
        </extensions>
      </trkpt>
      <trkpt lat="37.5030137412250041961669921875" lon="121.42280741594731807708740234375">
        <ele>285.79998779296875</ele>
        <time>2026-09-13T03:22:17.000Z</time>
        <extensions>
          <ns3:TrackPointExtension>
            <ns3:hr>116</ns3:hr>
            <ns3:cad>47</ns3:cad>
          </ns3:TrackPointExtension>
        </extensions>
      </trkpt>
      <trkpt lat="37.5030170939862728118896484375" lon="121.422813870012760162353515625">
        <ele>286</ele>
        <time>2026-09-13T03:22:18.000Z</time>
        <extensions>
          <ns3:TrackPointExtension>
            <ns3:hr>117</ns3:hr>
            <ns3:cad>52</ns3:cad>
          </ns3:TrackPointExtension>
        </extensions>
      </trkpt>
      <trkpt lat="37.50300250947475433349609375" lon="121.422810852527618408203125">
        <ele>286.79998779296875</ele>
        <time>2026-09-13T03:22:20.000Z</time>
        <extensions>
          <ns3:TrackPointExtension>
            <ns3:hr>119</ns3:hr>
            <ns3:cad>52</ns3:cad>
          </ns3:TrackPointExtension>
        </extensions>
      </trkpt>
      <trkpt lat="37.5029942952096462249755859375" lon="121.422813870012760162353515625">
        <ele>287.399993896484375</ele>
        <time>2026-09-13T03:22:22.000Z</time>
        <extensions>
          <ns3:TrackPointExtension>
            <ns3:hr>120</ns3:hr>
            <ns3:cad>0</ns3:cad>
          </ns3:TrackPointExtension>
        </extensions>
      </trkpt>
      <trkpt lat="37.502976357936859130859375" lon="121.42279869876801967620849609375">
        <ele>287.20001220703125</ele>
        <time>2026-09-13T03:22:26.000Z</time>
        <extensions>
          <ns3:TrackPointExtension>
            <ns3:hr>123</ns3:hr>
            <ns3:cad>0</ns3:cad>
          </ns3:TrackPointExtension>
        </extensions>
      </trkpt>
      <trkpt lat="37.50296805985271930694580078125" lon="121.4227949269115924835205078125">
        <ele>287.399993896484375</ele>
        <time>2026-09-13T03:22:29.000Z</time>
        <extensions>
          <ns3:TrackPointExtension>
            <ns3:hr>126</ns3:hr>
            <ns3:cad>0</ns3:cad>
          </ns3:TrackPointExtension>
        </extensions>
      </trkpt>
      <trkpt lat="37.5029671378433704376220703125" lon="121.42279601655900478363037109375">
        <ele>287.79998779296875</ele>
        <time>2026-09-13T03:22:31.000Z</time>
        <extensions>
          <ns3:TrackPointExtension>
            <ns3:hr>125</ns3:hr>
            <ns3:cad>0</ns3:cad>
          </ns3:TrackPointExtension>
        </extensions>
      </trkpt>
      <trkpt lat="37.50295733101665973663330078125" lon="121.4227841980755329132080078125">
        <ele>288</ele>
        <time>2026-09-13T03:22:37.000Z</time>
        <extensions>
          <ns3:TrackPointExtension>
            <ns3:hr>126</ns3:hr>
            <ns3:cad>0</ns3:cad>
          </ns3:TrackPointExtension>
        </extensions>
      </trkpt>
      <trkpt lat="37.5029178522527217864990234375" lon="121.42275092191994190216064453125">
        <ele>289</ele>
        <time>2026-09-13T03:22:42.000Z</time>
        <extensions>
          <ns3:TrackPointExtension>
            <ns3:hr>125</ns3:hr>
            <ns3:cad>0</ns3:cad>
          </ns3:TrackPointExtension>
        </extensions>
      </trkpt>
      <trkpt lat="37.50290804542601108551025390625" lon="121.42269912175834178924560546875">
        <ele>289.20001220703125</ele>
        <time>2026-09-13T03:22:48.000Z</time>
        <extensions>
          <ns3:TrackPointExtension>
            <ns3:hr>122</ns3:hr>
            <ns3:cad>0</ns3:cad>
          </ns3:TrackPointExtension>
        </extensions>
      </trkpt>
      <trkpt lat="37.50289916060864925384521484375" lon="121.4227285422384738922119140625">
        <ele>289.20001220703125</ele>
        <time>2026-09-13T03:22:56.000Z</time>
        <extensions>
          <ns3:TrackPointExtension>
            <ns3:hr>121</ns3:hr>
            <ns3:cad>0</ns3:cad>
          </ns3:TrackPointExtension>
        </extensions>
      </trkpt>
      <trkpt lat="37.5029118172824382781982421875" lon="121.4227344095706939697265625">
        <ele>289.20001220703125</ele>
        <time>2026-09-13T03:23:05.000Z</time>
        <extensions>
          <ns3:TrackPointExtension>
            <ns3:hr>120</ns3:hr>
            <ns3:cad>0</ns3:cad>
          </ns3:TrackPointExtension>
        </extensions>
      </trkpt>
      <trkpt lat="37.5028980709612369537353515625" lon="121.42269945703446865081787109375">
        <ele>289.20001220703125</ele>
        <time>2026-09-13T03:23:11.000Z</time>
        <extensions>
          <ns3:TrackPointExtension>
            <ns3:hr>121</ns3:hr>
            <ns3:cad>0</ns3:cad>
          </ns3:TrackPointExtension>
        </extensions>
      </trkpt>
      <trkpt lat="37.50285364687442779541015625" lon="121.4226785860955715179443359375">
        <ele>290.20001220703125</ele>
        <time>2026-09-13T03:23:16.000Z</time>
        <extensions>
          <ns3:TrackPointExtension>
            <ns3:hr>120</ns3:hr>
            <ns3:cad>0</ns3:cad>
          </ns3:TrackPointExtension>
        </extensions>
      </trkpt>
      <trkpt lat="37.5028236396610736846923828125" lon="121.42266333103179931640625">
        <ele>291.20001220703125</ele>
        <time>2026-09-13T03:23:20.000Z</time>
        <extensions>
          <ns3:TrackPointExtension>
            <ns3:hr>119</ns3:hr>
            <ns3:cad>0</ns3:cad>
          </ns3:TrackPointExtension>
        </extensions>
      </trkpt>
      <trkpt lat="37.50282120890915393829345703125" lon="121.42266090027987957000732421875">
        <ele>291.600006103515625</ele>
        <time>2026-09-13T03:23:22.000Z</time>
        <extensions>
          <ns3:TrackPointExtension>
            <ns3:hr>118</ns3:hr>
            <ns3:cad>0</ns3:cad>
          </ns3:TrackPointExtension>
        </extensions>
      </trkpt>
      <trkpt lat="37.50278617255389690399169921875" lon="121.422621421515941619873046875">
        <ele>292.20001220703125</ele>
        <time>2026-09-13T03:23:28.000Z</time>
        <extensions>
          <ns3:TrackPointExtension>
            <ns3:hr>121</ns3:hr>
            <ns3:cad>0</ns3:cad>
          </ns3:TrackPointExtension>
        </extensions>
      </trkpt>
      <trkpt lat="37.50278390944004058837890625" lon="121.42261463217437267303466796875">
        <ele>292.600006103515625</ele>
        <time>2026-09-13T03:23:29.000Z</time>
        <extensions>
          <ns3:TrackPointExtension>
            <ns3:hr>122</ns3:hr>
            <ns3:cad>0</ns3:cad>
          </ns3:TrackPointExtension>
        </extensions>
      </trkpt>
      <trkpt lat="37.502776198089122772216796875" lon="121.42258462496101856231689453125">
        <ele>292.79998779296875</ele>
        <time>2026-09-13T03:23:35.000Z</time>
        <extensions>
          <ns3:TrackPointExtension>
            <ns3:hr>122</ns3:hr>
            <ns3:cad>0</ns3:cad>
          </ns3:TrackPointExtension>
        </extensions>
      </trkpt>
      <trkpt lat="37.50272758305072784423828125" lon="121.42257213592529296875">
        <ele>293.20001220703125</ele>
        <time>2026-09-13T03:23:41.000Z</time>
        <extensions>
          <ns3:TrackPointExtension>
            <ns3:hr>121</ns3:hr>
            <ns3:cad>0</ns3:cad>
          </ns3:TrackPointExtension>
        </extensions>
      </trkpt>
      <trkpt lat="37.502703107893466949462890625" lon="121.422567106783390045166015625">
        <ele>293.20001220703125</ele>
        <time>2026-09-13T03:23:44.000Z</time>
        <extensions>
          <ns3:TrackPointExtension>
            <ns3:hr>118</ns3:hr>
            <ns3:cad>47</ns3:cad>
          </ns3:TrackPointExtension>
        </extensions>
      </trkpt>
      <trkpt lat="37.50265759415924549102783203125" lon="121.4225545339286327362060546875">
        <ele>293.20001220703125</ele>
        <time>2026-09-13T03:23:47.000Z</time>
        <extensions>
          <ns3:TrackPointExtension>
            <ns3:hr>117</ns3:hr>
            <ns3:cad>53</ns3:cad>
          </ns3:TrackPointExtension>
        </extensions>
      </trkpt>
      <trkpt lat="37.5026278384029865264892578125" lon="121.4225359261035919189453125">
        <ele>293.20001220703125</ele>
        <time>2026-09-13T03:23:50.000Z</time>
        <extensions>
          <ns3:TrackPointExtension>
            <ns3:hr>114</ns3:hr>
            <ns3:cad>55</ns3:cad>
          </ns3:TrackPointExtension>
        </extensions>
      </trkpt>
      <trkpt lat="37.50261719338595867156982421875" lon="121.4225287176668643951416015625">
        <ele>293.20001220703125</ele>
        <time>2026-09-13T03:23:52.000Z</time>
        <extensions>
          <ns3:TrackPointExtension>
            <ns3:hr>114</ns3:hr>
            <ns3:cad>55</ns3:cad>
          </ns3:TrackPointExtension>
        </extensions>
      </trkpt>
      <trkpt lat="37.50257897190749645233154296875" lon="121.422475911676883697509765625">
        <ele>293</ele>
        <time>2026-09-13T03:23:58.000Z</time>
        <extensions>
          <ns3:TrackPointExtension>
            <ns3:hr>116</ns3:hr>
            <ns3:cad>55</ns3:cad>
          </ns3:TrackPointExtension>
        </extensions>
      </trkpt>
      <trkpt lat="37.50255801714956760406494140625" lon="121.4224495925009250640869140625">
        <ele>293.399993896484375</ele>
        <time>2026-09-13T03:24:03.000Z</time>
        <extensions>
          <ns3:TrackPointExtension>
            <ns3:hr>117</ns3:hr>
            <ns3:cad>55</ns3:cad>
          </ns3:TrackPointExtension>
        </extensions>
      </trkpt>
      <trkpt lat="37.502509653568267822265625" lon="121.42239536158740520477294921875">
        <ele>292.79998779296875</ele>
        <time>2026-09-13T03:24:10.000Z</time>
        <extensions>
          <ns3:TrackPointExtension>
            <ns3:hr>117</ns3:hr>
            <ns3:cad>0</ns3:cad>
          </ns3:TrackPointExtension>
        </extensions>
      </trkpt>
      <trkpt lat="37.5024749524891376495361328125" lon="121.42237742431461811065673828125">
        <ele>293.600006103515625</ele>
        <time>2026-09-13T03:24:15.000Z</time>
        <extensions>
          <ns3:TrackPointExtension>
            <ns3:hr>119</ns3:hr>
            <ns3:cad>0</ns3:cad>
          </ns3:TrackPointExtension>
        </extensions>
      </trkpt>
      <trkpt lat="37.50245131552219390869140625" lon="121.42237524501979351043701171875">
        <ele>294.79998779296875</ele>
        <time>2026-09-13T03:24:19.000Z</time>
        <extensions>
          <ns3:TrackPointExtension>
            <ns3:hr>118</ns3:hr>
            <ns3:cad>0</ns3:cad>
          </ns3:TrackPointExtension>
        </extensions>
      </trkpt>
      <trkpt lat="37.5024437718093395233154296875" lon="121.4223697967827320098876953125">
        <ele>295</ele>
        <time>2026-09-13T03:24:20.000Z</time>
        <extensions>
          <ns3:TrackPointExtension>
            <ns3:hr>118</ns3:hr>
            <ns3:cad>0</ns3:cad>
          </ns3:TrackPointExtension>
        </extensions>
      </trkpt>
      <trkpt lat="37.5024306960403919219970703125" lon="121.42236535437405109405517578125">
        <ele>295.79998779296875</ele>
        <time>2026-09-13T03:24:23.000Z</time>
        <extensions>
          <ns3:TrackPointExtension>
            <ns3:hr>118</ns3:hr>
            <ns3:cad>0</ns3:cad>
          </ns3:TrackPointExtension>
        </extensions>
      </trkpt>
      <trkpt lat="37.50242491252720355987548828125" lon="121.422367952764034271240234375">
        <ele>296.600006103515625</ele>
        <time>2026-09-13T03:24:25.000Z</time>
        <extensions>
          <ns3:TrackPointExtension>
            <ns3:hr>118</ns3:hr>
            <ns3:cad>0</ns3:cad>
          </ns3:TrackPointExtension>
        </extensions>
      </trkpt>
      <trkpt lat="37.50240379013121128082275390625" lon="121.4223523624241352081298828125">
        <ele>297.20001220703125</ele>
        <time>2026-09-13T03:24:27.000Z</time>
        <extensions>
          <ns3:TrackPointExtension>
            <ns3:hr>118</ns3:hr>
            <ns3:cad>0</ns3:cad>
          </ns3:TrackPointExtension>
        </extensions>
      </trkpt>
      <trkpt lat="37.50239901244640350341796875" lon="121.42235412262380123138427734375">
        <ele>297.600006103515625</ele>
        <time>2026-09-13T03:24:29.000Z</time>
        <extensions>
          <ns3:TrackPointExtension>
            <ns3:hr>119</ns3:hr>
            <ns3:cad>0</ns3:cad>
          </ns3:TrackPointExtension>
        </extensions>
      </trkpt>
      <trkpt lat="37.50238115899264812469482421875" lon="121.4223392866551876068115234375">
        <ele>298.399993896484375</ele>
        <time>2026-09-13T03:24:32.000Z</time>
        <extensions>
          <ns3:TrackPointExtension>
            <ns3:hr>120</ns3:hr>
            <ns3:cad>0</ns3:cad>
          </ns3:TrackPointExtension>
        </extensions>
      </trkpt>
      <trkpt lat="37.50237897969782352447509765625" lon="121.4223419688642024993896484375">
        <ele>298.79998779296875</ele>
        <time>2026-09-13T03:24:33.000Z</time>
        <extensions>
          <ns3:TrackPointExtension>
            <ns3:hr>121</ns3:hr>
            <ns3:cad>0</ns3:cad>
          </ns3:TrackPointExtension>
        </extensions>
      </trkpt>
      <trkpt lat="37.50235919840633869171142578125" lon="121.4223215170204639434814453125">
        <ele>299.600006103515625</ele>
        <time>2026-09-13T03:24:36.000Z</time>
        <extensions>
          <ns3:TrackPointExtension>
            <ns3:hr>122</ns3:hr>
            <ns3:cad>0</ns3:cad>
          </ns3:TrackPointExtension>
        </extensions>
      </trkpt>
      <trkpt lat="37.50235467217862606048583984375" lon="121.422316990792751312255859375">
        <ele>299.79998779296875</ele>
        <time>2026-09-13T03:24:37.000Z</time>
        <extensions>
          <ns3:TrackPointExtension>
            <ns3:hr>122</ns3:hr>
            <ns3:cad>0</ns3:cad>
          </ns3:TrackPointExtension>
        </extensions>
      </trkpt>
      <trkpt lat="37.502364479005336761474609375" lon="121.42230324447154998779296875">
        <ele>300.600006103515625</ele>
        <time>2026-09-13T03:24:41.000Z</time>
        <extensions>
          <ns3:TrackPointExtension>
            <ns3:hr>122</ns3:hr>
            <ns3:cad>0</ns3:cad>
          </ns3:TrackPointExtension>
        </extensions>
      </trkpt>
      <trkpt lat="37.502368502318859100341796875" lon="121.42230584286153316497802734375">
        <ele>301</ele>
        <time>2026-09-13T03:24:43.000Z</time>
        <extensions>
          <ns3:TrackPointExtension>
            <ns3:hr>122</ns3:hr>
            <ns3:cad>47</ns3:cad>
          </ns3:TrackPointExtension>
        </extensions>
      </trkpt>
      <trkpt lat="37.50239607878029346466064453125" lon="121.42230768688023090362548828125">
        <ele>301.399993896484375</ele>
        <time>2026-09-13T03:24:50.000Z</time>
        <extensions>
          <ns3:TrackPointExtension>
            <ns3:hr>124</ns3:hr>
            <ns3:cad>0</ns3:cad>
          </ns3:TrackPointExtension>
        </extensions>
      </trkpt>
      <trkpt lat="37.50243061222136020660400390625" lon="121.422306932508945465087890625">
        <ele>301.600006103515625</ele>
        <time>2026-09-13T03:24:58.000Z</time>
        <extensions>
          <ns3:TrackPointExtension>
            <ns3:hr>124</ns3:hr>
            <ns3:cad>0</ns3:cad>
          </ns3:TrackPointExtension>
        </extensions>
      </trkpt>
      <trkpt lat="37.502440921962261199951171875" lon="121.42230249010026454925537109375">
        <ele>301.600006103515625</ele>
        <time>2026-09-13T03:25:00.000Z</time>
        <extensions>
          <ns3:TrackPointExtension>
            <ns3:hr>125</ns3:hr>
            <ns3:cad>0</ns3:cad>
          </ns3:TrackPointExtension>
        </extensions>
      </trkpt>
      <trkpt lat="37.50246967189013957977294921875" lon="121.42228606157004833221435546875">
        <ele>301.600006103515625</ele>
        <time>2026-09-13T03:25:05.000Z</time>
        <extensions>
          <ns3:TrackPointExtension>
            <ns3:hr>127</ns3:hr>
            <ns3:cad>0</ns3:cad>
          </ns3:TrackPointExtension>
        </extensions>
      </trkpt>
      <trkpt lat="37.50252130441367626190185546875" lon="121.42227767966687679290771484375">
        <ele>300.79998779296875</ele>
        <time>2026-09-13T03:25:12.000Z</time>
        <extensions>
          <ns3:TrackPointExtension>
            <ns3:hr>124</ns3:hr>
            <ns3:cad>61</ns3:cad>
          </ns3:TrackPointExtension>
        </extensions>
      </trkpt>
      <trkpt lat="37.502577044069766998291015625" lon="121.42230886034667491912841796875">
        <ele>301</ele>
        <time>2026-09-13T03:25:17.000Z</time>
        <extensions>
          <ns3:TrackPointExtension>
            <ns3:hr>124</ns3:hr>
            <ns3:cad>55</ns3:cad>
          </ns3:TrackPointExtension>
        </extensions>
      </trkpt>
      <trkpt lat="37.502579055726528167724609375" lon="121.42232947982847690582275390625">
        <ele>301</ele>
        <time>2026-09-13T03:25:19.000Z</time>
        <extensions>
          <ns3:TrackPointExtension>
            <ns3:hr>122</ns3:hr>
            <ns3:cad>0</ns3:cad>
          </ns3:TrackPointExtension>
        </extensions>
      </trkpt>
      <trkpt lat="37.5025726854801177978515625" lon="121.422335766255855560302734375">
        <ele>300.79998779296875</ele>
        <time>2026-09-13T03:25:21.000Z</time>
        <extensions>
          <ns3:TrackPointExtension>
            <ns3:hr>119</ns3:hr>
            <ns3:cad>0</ns3:cad>
          </ns3:TrackPointExtension>
        </extensions>
      </trkpt>
      <trkpt lat="37.50257469713687896728515625" lon="121.42233534716069698333740234375">
        <ele>301</ele>
        <time>2026-09-13T03:25:22.000Z</time>
        <extensions>
          <ns3:TrackPointExtension>
            <ns3:hr>117</ns3:hr>
            <ns3:cad>0</ns3:cad>
          </ns3:TrackPointExtension>
        </extensions>
      </trkpt>
      <trkpt lat="37.5025775469839572906494140625" lon="121.4223456569015979766845703125">
        <ele>300.79998779296875</ele>
        <time>2026-09-13T03:25:25.000Z</time>
        <extensions>
          <ns3:TrackPointExtension>
            <ns3:hr>115</ns3:hr>
            <ns3:cad>0</ns3:cad>
          </ns3:TrackPointExtension>
        </extensions>
      </trkpt>
      <trkpt lat="37.50258408486843109130859375" lon="121.4223915897309780120849609375">
        <ele>300.79998779296875</ele>
        <time>2026-09-13T03:25:28.000Z</time>
        <extensions>
          <ns3:TrackPointExtension>
            <ns3:hr>115</ns3:hr>
            <ns3:cad>0</ns3:cad>
          </ns3:TrackPointExtension>
        </extensions>
      </trkpt>
      <trkpt lat="37.50261954031884670257568359375" lon="121.4224366843700408935546875">
        <ele>301.20001220703125</ele>
        <time>2026-09-13T03:25:34.000Z</time>
        <extensions>
          <ns3:TrackPointExtension>
            <ns3:hr>116</ns3:hr>
            <ns3:cad>51</ns3:cad>
          </ns3:TrackPointExtension>
        </extensions>
      </trkpt>
      <trkpt lat="37.50265709124505519866943359375" lon="121.42244447953999042510986328125">
        <ele>301.20001220703125</ele>
        <time>2026-09-13T03:25:39.000Z</time>
        <extensions>
          <ns3:TrackPointExtension>
            <ns3:hr>115</ns3:hr>
            <ns3:cad>48</ns3:cad>
          </ns3:TrackPointExtension>
        </extensions>
      </trkpt>
      <trkpt lat="37.50271685421466827392578125" lon="121.4224589802324771881103515625">
        <ele>301.20001220703125</ele>
        <time>2026-09-13T03:25:46.000Z</time>
        <extensions>
          <ns3:TrackPointExtension>
            <ns3:hr>116</ns3:hr>
            <ns3:cad>0</ns3:cad>
          </ns3:TrackPointExtension>
        </extensions>
      </trkpt>
      <trkpt lat="37.5027297623455524444580078125" lon="121.42245722003281116485595703125">
        <ele>301.20001220703125</ele>
        <time>2026-09-13T03:25:49.000Z</time>
        <extensions>
          <ns3:TrackPointExtension>
            <ns3:hr>113</ns3:hr>
            <ns3:cad>0</ns3:cad>
          </ns3:TrackPointExtension>
        </extensions>
      </trkpt>
      <trkpt lat="37.5027282536029815673828125" lon="121.42247465439140796661376953125">
        <ele>301.399993896484375</ele>
        <time>2026-09-13T03:25:52.000Z</time>
        <extensions>
          <ns3:TrackPointExtension>
            <ns3:hr>113</ns3:hr>
            <ns3:cad>0</ns3:cad>
          </ns3:TrackPointExtension>
        </extensions>
      </trkpt>
      <trkpt lat="37.502726577222347259521484375" lon="121.422501392662525177001953125">
        <ele>301.399993896484375</ele>
        <time>2026-09-13T03:26:01.000Z</time>
        <extensions>
          <ns3:TrackPointExtension>
            <ns3:hr>113</ns3:hr>
            <ns3:cad>0</ns3:cad>
          </ns3:TrackPointExtension>
        </extensions>
      </trkpt>
      <trkpt lat="37.5027166865766048431396484375" lon="121.4224965311586856842041015625">
        <ele>301.399993896484375</ele>
        <time>2026-09-13T03:26:07.000Z</time>
        <extensions>
          <ns3:TrackPointExtension>
            <ns3:hr>112</ns3:hr>
            <ns3:cad>0</ns3:cad>
          </ns3:TrackPointExtension>
        </extensions>
      </trkpt>
      <trkpt lat="37.50271643511950969696044921875" lon="121.4225293882191181182861328125">
        <ele>301.79998779296875</ele>
        <time>2026-09-13T03:26:17.000Z</time>
        <extensions>
          <ns3:TrackPointExtension>
            <ns3:hr>113</ns3:hr>
            <ns3:cad>0</ns3:cad>
          </ns3:TrackPointExtension>
        </extensions>
      </trkpt>
      <trkpt lat="37.5027220509946346282958984375" lon="121.42252176068723201751708984375">
        <ele>302</ele>
        <time>2026-09-13T03:26:23.000Z</time>
        <extensions>
          <ns3:TrackPointExtension>
            <ns3:hr>110</ns3:hr>
            <ns3:cad>0</ns3:cad>
          </ns3:TrackPointExtension>
        </extensions>
      </trkpt>
      <trkpt lat="37.50272045843303203582763671875" lon="121.4225012250244617462158203125">
        <ele>302.20001220703125</ele>
        <time>2026-09-13T03:26:28.000Z</time>
        <extensions>
          <ns3:TrackPointExtension>
            <ns3:hr>113</ns3:hr>
            <ns3:cad>0</ns3:cad>
          </ns3:TrackPointExtension>
        </extensions>
      </trkpt>
      <trkpt lat="37.50272045843303203582763671875" lon="121.4225010573863983154296875">
        <ele>302.20001220703125</ele>
        <time>2026-09-13T03:26:31.000Z</time>
        <extensions>
          <ns3:TrackPointExtension>
            <ns3:hr>113</ns3:hr>
            <ns3:cad>0</ns3:cad>
          </ns3:TrackPointExtension>
        </extensions>
      </trkpt>
      <trkpt lat="37.5027202069759368896484375" lon="121.42249636352062225341796875">
        <ele>302</ele>
        <time>2026-09-13T03:26:35.000Z</time>
        <extensions>
          <ns3:TrackPointExtension>
            <ns3:hr>109</ns3:hr>
            <ns3:cad>0</ns3:cad>
          </ns3:TrackPointExtension>
        </extensions>
      </trkpt>
      <trkpt lat="37.50272045843303203582763671875" lon="121.4225010573863983154296875">
        <ele>302.20001220703125</ele>
        <time>2026-09-13T03:26:38.000Z</time>
        <extensions>
          <ns3:TrackPointExtension>
            <ns3:hr>106</ns3:hr>
            <ns3:cad>0</ns3:cad>
          </ns3:TrackPointExtension>
        </extensions>
      </trkpt>
      <trkpt lat="37.50272045843303203582763671875" lon="121.4225010573863983154296875">
        <ele>302.20001220703125</ele>
        <time>2026-09-13T03:26:42.000Z</time>
        <extensions>
          <ns3:TrackPointExtension>
            <ns3:hr>103</ns3:hr>
            <ns3:cad>0</ns3:cad>
          </ns3:TrackPointExtension>
        </extensions>
      </trkpt>
      <trkpt lat="37.50272045843303203582763671875" lon="121.4225010573863983154296875">
        <ele>302.20001220703125</ele>
        <time>2026-09-13T03:26:43.000Z</time>
        <extensions>
          <ns3:TrackPointExtension>
            <ns3:hr>100</ns3:hr>
            <ns3:cad>0</ns3:cad>
          </ns3:TrackPointExtension>
        </extensions>
      </trkpt>
      <trkpt lat="37.50272045843303203582763671875" lon="121.4225010573863983154296875">
        <ele>302.20001220703125</ele>
        <time>2026-09-13T03:26:51.000Z</time>
        <extensions>
          <ns3:TrackPointExtension>
            <ns3:hr>97</ns3:hr>
            <ns3:cad>0</ns3:cad>
          </ns3:TrackPointExtension>
        </extensions>
      </trkpt>
      <trkpt lat="37.5027250684797763824462890625" lon="121.4224795997142791748046875">
        <ele>302.20001220703125</ele>
        <time>2026-09-13T03:26:58.000Z</time>
        <extensions>
          <ns3:TrackPointExtension>
            <ns3:hr>94</ns3:hr>
            <ns3:cad>0</ns3:cad>
          </ns3:TrackPointExtension>
        </extensions>
      </trkpt>
      <trkpt lat="37.50272951088845729827880859375" lon="121.42247482202947139739990234375">
        <ele>302.20001220703125</ele>
        <time>2026-09-13T03:27:03.000Z</time>
        <extensions>
          <ns3:TrackPointExtension>
            <ns3:hr>94</ns3:hr>
            <ns3:cad>0</ns3:cad>
          </ns3:TrackPointExtension>
        </extensions>
      </trkpt>
      <trkpt lat="37.502713501453399658203125" lon="121.4224371872842311859130859375">
        <ele>301.399993896484375</ele>
        <time>2026-09-13T03:27:11.000Z</time>
        <extensions>
          <ns3:TrackPointExtension>
            <ns3:hr>95</ns3:hr>
            <ns3:cad>0</ns3:cad>
          </ns3:TrackPointExtension>
        </extensions>
      </trkpt>
      <trkpt lat="37.50275038182735443115234375" lon="121.42242587171494960784912109375">
        <ele>301.399993896484375</ele>
        <time>2026-09-13T03:27:17.000Z</time>
        <extensions>
          <ns3:TrackPointExtension>
            <ns3:hr>95</ns3:hr>
            <ns3:cad>0</ns3:cad>
          </ns3:TrackPointExtension>
        </extensions>
      </trkpt>
      <trkpt lat="37.5027953088283538818359375" lon="121.4224388636648654937744140625">
        <ele>301.399993896484375</ele>
        <time>2026-09-13T03:27:24.000Z</time>
        <extensions>
          <ns3:TrackPointExtension>
            <ns3:hr>95</ns3:hr>
            <ns3:cad>0</ns3:cad>
          </ns3:TrackPointExtension>
        </extensions>
      </trkpt>
      <trkpt lat="37.502805031836032867431640625" lon="121.4224837906658649444580078125">
        <ele>301.600006103515625</ele>
        <time>2026-09-13T03:27:32.000Z</time>
        <extensions>
          <ns3:TrackPointExtension>
            <ns3:hr>93</ns3:hr>
            <ns3:cad>0</ns3:cad>
          </ns3:TrackPointExtension>
        </extensions>
      </trkpt>
      <trkpt lat="37.502805031836032867431640625" lon="121.4224837906658649444580078125">
        <ele>301.600006103515625</ele>
        <time>2026-09-13T03:27:35.000Z</time>
        <extensions>
          <ns3:TrackPointExtension>
            <ns3:hr>90</ns3:hr>
            <ns3:cad>0</ns3:cad>
          </ns3:TrackPointExtension>
        </extensions>
      </trkpt>
      <trkpt lat="37.502805031836032867431640625" lon="121.4224837906658649444580078125">
        <ele>302</ele>
        <time>2026-09-13T03:27:38.000Z</time>
        <extensions>
          <ns3:TrackPointExtension>
            <ns3:hr>87</ns3:hr>
            <ns3:cad>0</ns3:cad>
          </ns3:TrackPointExtension>
        </extensions>
      </trkpt>
      <trkpt lat="37.5028025172650814056396484375" lon="121.42248085699975490570068359375">
        <ele>302.399993896484375</ele>
        <time>2026-09-13T03:27:45.000Z</time>
        <extensions>
          <ns3:TrackPointExtension>
            <ns3:hr>87</ns3:hr>
            <ns3:cad>0</ns3:cad>
          </ns3:TrackPointExtension>
        </extensions>
      </trkpt>
      <trkpt lat="37.502805031836032867431640625" lon="121.4224837906658649444580078125">
        <ele>302.600006103515625</ele>
        <time>2026-09-13T03:27:50.000Z</time>
        <extensions>
          <ns3:TrackPointExtension>
            <ns3:hr>90</ns3:hr>
            <ns3:cad>0</ns3:cad>
          </ns3:TrackPointExtension>
        </extensions>
      </trkpt>
      <trkpt lat="37.502805031836032867431640625" lon="121.4224837906658649444580078125">
        <ele>302.600006103515625</ele>
        <time>2026-09-13T03:27:51.000Z</time>
        <extensions>
          <ns3:TrackPointExtension>
            <ns3:hr>94</ns3:hr>
            <ns3:cad>0</ns3:cad>
          </ns3:TrackPointExtension>
        </extensions>
      </trkpt>
      <trkpt lat="37.502805031836032867431640625" lon="121.4224837906658649444580078125">
        <ele>302.600006103515625</ele>
        <time>2026-09-13T03:27:52.000Z</time>
        <extensions>
          <ns3:TrackPointExtension>
            <ns3:hr>97</ns3:hr>
            <ns3:cad>0</ns3:cad>
          </ns3:TrackPointExtension>
        </extensions>
      </trkpt>
      <trkpt lat="37.502805031836032867431640625" lon="121.4224837906658649444580078125">
        <ele>302.399993896484375</ele>
        <time>2026-09-13T03:27:57.000Z</time>
        <extensions>
          <ns3:TrackPointExtension>
            <ns3:hr>94</ns3:hr>
            <ns3:cad>0</ns3:cad>
          </ns3:TrackPointExtension>
        </extensions>
      </trkpt>
      <trkpt lat="37.502805031836032867431640625" lon="121.4224837906658649444580078125">
        <ele>302.399993896484375</ele>
        <time>2026-09-13T03:27:58.000Z</time>
        <extensions>
          <ns3:TrackPointExtension>
            <ns3:hr>94</ns3:hr>
            <ns3:cad>0</ns3:cad>
          </ns3:TrackPointExtension>
        </extensions>
      </trkpt>
      <trkpt lat="37.50280746258795261383056640625" lon="121.42248789779841899871826171875">
        <ele>302.399993896484375</ele>
        <time>2026-09-13T03:28:03.000Z</time>
        <extensions>
          <ns3:TrackPointExtension>
            <ns3:hr>91</ns3:hr>
            <ns3:cad>0</ns3:cad>
          </ns3:TrackPointExtension>
        </extensions>
      </trkpt>
      <trkpt lat="37.5028167665004730224609375" lon="121.42249510623514652252197265625">
        <ele>302</ele>
        <time>2026-09-13T03:28:06.000Z</time>
        <extensions>
          <ns3:TrackPointExtension>
            <ns3:hr>90</ns3:hr>
            <ns3:cad>0</ns3:cad>
          </ns3:TrackPointExtension>
        </extensions>
      </trkpt>
      <trkpt lat="37.5028132461011409759521484375" lon="121.42246426083147525787353515625">
        <ele>301.79998779296875</ele>
        <time>2026-09-13T03:28:12.000Z</time>
        <extensions>
          <ns3:TrackPointExtension>
            <ns3:hr>88</ns3:hr>
            <ns3:cad>0</ns3:cad>
          </ns3:TrackPointExtension>
        </extensions>
      </trkpt>
      <trkpt lat="37.50282548367977142333984375" lon="121.42241363413631916046142578125">
        <ele>302</ele>
        <time>2026-09-13T03:28:19.000Z</time>
        <extensions>
          <ns3:TrackPointExtension>
            <ns3:hr>87</ns3:hr>
            <ns3:cad>0</ns3:cad>
          </ns3:TrackPointExtension>
        </extensions>
      </trkpt>
      <trkpt lat="37.5028481148183345794677734375" lon="121.42236585728824138641357421875">
        <ele>302</ele>
        <time>2026-09-13T03:28:25.000Z</time>
        <extensions>
          <ns3:TrackPointExtension>
            <ns3:hr>88</ns3:hr>
            <ns3:cad>49</ns3:cad>
          </ns3:TrackPointExtension>
        </extensions>
      </trkpt>
      <trkpt lat="37.5028149224817752838134765625" lon="121.4223288930952548980712890625">
        <ele>302</ele>
        <time>2026-09-13T03:28:31.000Z</time>
        <extensions>
          <ns3:TrackPointExtension>
            <ns3:hr>87</ns3:hr>
            <ns3:cad>0</ns3:cad>
          </ns3:TrackPointExtension>
        </extensions>
      </trkpt>
      <trkpt lat="37.50278416089713573455810546875" lon="121.4222896657884120941162109375">
        <ele>302.20001220703125</ele>
        <time>2026-09-13T03:28:37.000Z</time>
        <extensions>
          <ns3:TrackPointExtension>
            <ns3:hr>88</ns3:hr>
            <ns3:cad>0</ns3:cad>
          </ns3:TrackPointExtension>
        </extensions>
      </trkpt>
      <trkpt lat="37.502734623849391937255859375" lon="121.4222910068929195404052734375">
        <ele>302.399993896484375</ele>
        <time>2026-09-13T03:28:43.000Z</time>
        <extensions>
          <ns3:TrackPointExtension>
            <ns3:hr>87</ns3:hr>
            <ns3:cad>0</ns3:cad>
          </ns3:TrackPointExtension>
        </extensions>
      </trkpt>
      <trkpt lat="37.50263161025941371917724609375" lon="121.42231975682079792022705078125">
        <ele>302.399993896484375</ele>
        <time>2026-09-13T03:28:51.000Z</time>
        <extensions>
          <ns3:TrackPointExtension>
            <ns3:hr>87</ns3:hr>
            <ns3:cad>0</ns3:cad>
          </ns3:TrackPointExtension>
        </extensions>
      </trkpt>
      <trkpt lat="37.5025916285812854766845703125" lon="121.422345824539661407470703125">
        <ele>302.20001220703125</ele>
        <time>2026-09-13T03:28:56.000Z</time>
        <extensions>
          <ns3:TrackPointExtension>
            <ns3:hr>86</ns3:hr>
            <ns3:cad>53</ns3:cad>
          </ns3:TrackPointExtension>
        </extensions>
      </trkpt>
      <trkpt lat="37.5025507248938083648681640625" lon="121.4223419688642024993896484375">
        <ele>302</ele>
        <time>2026-09-13T03:29:01.000Z</time>
        <extensions>
          <ns3:TrackPointExtension>
            <ns3:hr>85</ns3:hr>
            <ns3:cad>0</ns3:cad>
          </ns3:TrackPointExtension>
        </extensions>
      </trkpt>
      <trkpt lat="37.50251677818596363067626953125" lon="121.422333419322967529296875">
        <ele>302.20001220703125</ele>
        <time>2026-09-13T03:29:05.000Z</time>
        <extensions>
          <ns3:TrackPointExtension>
            <ns3:hr>85</ns3:hr>
            <ns3:cad>51</ns3:cad>
          </ns3:TrackPointExtension>
        </extensions>
      </trkpt>
      <trkpt lat="37.50247738324105739593505859375" lon="121.42232880927622318267822265625">
        <ele>302.20001220703125</ele>
        <time>2026-09-13T03:29:10.000Z</time>
        <extensions>
          <ns3:TrackPointExtension>
            <ns3:hr>84</ns3:hr>
            <ns3:cad>0</ns3:cad>
          </ns3:TrackPointExtension>
        </extensions>
      </trkpt>
      <trkpt lat="37.50246397219598293304443359375" lon="121.42232763580977916717529296875">
        <ele>302.79998779296875</ele>
        <time>2026-09-13T03:29:14.000Z</time>
        <extensions>
          <ns3:TrackPointExtension>
            <ns3:hr>84</ns3:hr>
            <ns3:cad>44</ns3:cad>
          </ns3:TrackPointExtension>
        </extensions>
      </trkpt>
      <trkpt lat="37.50246145762503147125244140625" lon="121.4223248697817325592041015625">
        <ele>303</ele>
        <time>2026-09-13T03:29:15.000Z</time>
        <extensions>
          <ns3:TrackPointExtension>
            <ns3:hr>84</ns3:hr>
            <ns3:cad>44</ns3:cad>
          </ns3:TrackPointExtension>
        </extensions>
      </trkpt>
      <trkpt lat="37.5024407543241977691650390625" lon="121.42232998274266719818115234375">
        <ele>303.399993896484375</ele>
        <time>2026-09-13T03:29:20.000Z</time>
        <extensions>
          <ns3:TrackPointExtension>
            <ns3:hr>84</ns3:hr>
            <ns3:cad>0</ns3:cad>
          </ns3:TrackPointExtension>
        </extensions>
      </trkpt>
      <trkpt lat="37.5024135969579219818115234375" lon="121.4223171584308147430419921875">
        <ele>303.20001220703125</ele>
        <time>2026-09-13T03:29:25.000Z</time>
        <extensions>
          <ns3:TrackPointExtension>
            <ns3:hr>83</ns3:hr>
            <ns3:cad>0</ns3:cad>
          </ns3:TrackPointExtension>
        </extensions>
      </trkpt>
      <trkpt lat="37.5023931451141834259033203125" lon="121.42231791280210018157958984375">
        <ele>302.79998779296875</ele>
        <time>2026-09-13T03:29:29.000Z</time>
        <extensions>
          <ns3:TrackPointExtension>
            <ns3:hr>86</ns3:hr>
            <ns3:cad>0</ns3:cad>
          </ns3:TrackPointExtension>
        </extensions>
      </trkpt>
      <trkpt lat="37.5023827515542507171630859375" lon="121.42231556586921215057373046875">
        <ele>302.79998779296875</ele>
        <time>2026-09-13T03:29:31.000Z</time>
        <extensions>
          <ns3:TrackPointExtension>
            <ns3:hr>89</ns3:hr>
            <ns3:cad>49</ns3:cad>
          </ns3:TrackPointExtension>
        </extensions>
      </trkpt>
      <trkpt lat="37.5023549236357212066650390625" lon="121.42231690697371959686279296875">
        <ele>302.20001220703125</ele>
        <time>2026-09-13T03:29:38.000Z</time>
        <extensions>
          <ns3:TrackPointExtension>
            <ns3:hr>90</ns3:hr>
            <ns3:cad>49</ns3:cad>
          </ns3:TrackPointExtension>
        </extensions>
      </trkpt>
      <trkpt lat="37.50234025530517101287841796875" lon="121.4222879894077777862548828125">
        <ele>303.399993896484375</ele>
        <time>2026-09-13T03:29:44.000Z</time>
        <extensions>
          <ns3:TrackPointExtension>
            <ns3:hr>90</ns3:hr>
            <ns3:cad>49</ns3:cad>
          </ns3:TrackPointExtension>
        </extensions>
      </trkpt>
      <trkpt lat="37.50233924947679042816162109375" lon="121.42226527445018291473388671875">
        <ele>304</ele>
        <time>2026-09-13T03:29:46.000Z</time>
        <extensions>
          <ns3:TrackPointExtension>
            <ns3:hr>90</ns3:hr>
            <ns3:cad>47</ns3:cad>
          </ns3:TrackPointExtension>
        </extensions>
      </trkpt>
      <trkpt lat="37.50233321450650691986083984375" lon="121.422218419611454010009765625">
        <ele>304.79998779296875</ele>
        <time>2026-09-13T03:29:51.000Z</time>
        <extensions>
          <ns3:TrackPointExtension>
            <ns3:hr>91</ns3:hr>
            <ns3:cad>47</ns3:cad>
          </ns3:TrackPointExtension>
        </extensions>
      </trkpt>
      <trkpt lat="37.5023314543068408966064453125" lon="121.42220400273799896240234375">
        <ele>305</ele>
        <time>2026-09-13T03:29:52.000Z</time>
        <extensions>
          <ns3:TrackPointExtension>
            <ns3:hr>91</ns3:hr>
            <ns3:cad>47</ns3:cad>
          </ns3:TrackPointExtension>
        </extensions>
      </trkpt>
      <trkpt lat="37.50230857171118259429931640625" lon="121.422131247818470001220703125">
        <ele>305.79998779296875</ele>
        <time>2026-09-13T03:29:58.000Z</time>
        <extensions>
          <ns3:TrackPointExtension>
            <ns3:hr>89</ns3:hr>
            <ns3:cad>48</ns3:cad>
          </ns3:TrackPointExtension>
        </extensions>
      </trkpt>
      <trkpt lat="37.50229650177061557769775390625" lon="121.422109119594097137451171875">
        <ele>306.20001220703125</ele>
        <time>2026-09-13T03:30:00.000Z</time>
        <extensions>
          <ns3:TrackPointExtension>
            <ns3:hr>91</ns3:hr>
            <ns3:cad>48</ns3:cad>
          </ns3:TrackPointExtension>
        </extensions>
      </trkpt>
      <trkpt lat="37.50229977071285247802734375" lon="121.422062851488590240478515625">
        <ele>307.20001220703125</ele>
        <time>2026-09-13T03:30:04.000Z</time>
        <extensions>
          <ns3:TrackPointExtension>
            <ns3:hr>94</ns3:hr>
            <ns3:cad>47</ns3:cad>
          </ns3:TrackPointExtension>
        </extensions>
      </trkpt>
      <trkpt lat="37.50230270437896251678466796875" lon="121.42205237410962581634521484375">
        <ele>307.399993896484375</ele>
        <time>2026-09-13T03:30:05.000Z</time>
        <extensions>
          <ns3:TrackPointExtension>
            <ns3:hr>95</ns3:hr>
            <ns3:cad>47</ns3:cad>
          </ns3:TrackPointExtension>
        </extensions>
      </trkpt>
      <trkpt lat="37.50230890698730945587158203125" lon="121.42203812487423419952392578125">
        <ele>308</ele>
        <time>2026-09-13T03:30:07.000Z</time>
        <extensions>
          <ns3:TrackPointExtension>
            <ns3:hr>96</ns3:hr>
            <ns3:cad>0</ns3:cad>
          </ns3:TrackPointExtension>
        </extensions>
      </trkpt>
      <trkpt lat="37.50231544487178325653076171875" lon="121.42203812487423419952392578125">
        <ele>308.600006103515625</ele>
        <time>2026-09-13T03:30:09.000Z</time>
        <extensions>
          <ns3:TrackPointExtension>
            <ns3:hr>99</ns3:hr>
            <ns3:cad>0</ns3:cad>
          </ns3:TrackPointExtension>
        </extensions>
      </trkpt>
      <trkpt lat="37.50231628306210041046142578125" lon="121.422042734920978546142578125">
        <ele>309.20001220703125</ele>
        <time>2026-09-13T03:30:11.000Z</time>
        <extensions>
          <ns3:TrackPointExtension>
            <ns3:hr>102</ns3:hr>
            <ns3:cad>0</ns3:cad>
          </ns3:TrackPointExtension>
        </extensions>
      </trkpt>
      <trkpt lat="37.50232164748013019561767578125" lon="121.42204030416905879974365234375">
        <ele>309.399993896484375</ele>
        <time>2026-09-13T03:30:12.000Z</time>
        <extensions>
          <ns3:TrackPointExtension>
            <ns3:hr>106</ns3:hr>
            <ns3:cad>0</ns3:cad>
          </ns3:TrackPointExtension>
        </extensions>
      </trkpt>
      <trkpt lat="37.5023314543068408966064453125" lon="121.42203728668391704559326171875">
        <ele>309.79998779296875</ele>
        <time>2026-09-13T03:30:13.000Z</time>
        <extensions>
          <ns3:TrackPointExtension>
            <ns3:hr>108</ns3:hr>
            <ns3:cad>0</ns3:cad>
          </ns3:TrackPointExtension>
        </extensions>
      </trkpt>
      <trkpt lat="37.50235483981668949127197265625" lon="121.42203100025653839111328125">
        <ele>310.79998779296875</ele>
        <time>2026-09-13T03:30:17.000Z</time>
        <extensions>
          <ns3:TrackPointExtension>
            <ns3:hr>111</ns3:hr>
            <ns3:cad>0</ns3:cad>
          </ns3:TrackPointExtension>
        </extensions>
      </trkpt>
      <trkpt lat="37.5023616291582584381103515625" lon="121.42203041352331638336181640625">
        <ele>311.399993896484375</ele>
        <time>2026-09-13T03:30:19.000Z</time>
        <extensions>
          <ns3:TrackPointExtension>
            <ns3:hr>114</ns3:hr>
            <ns3:cad>0</ns3:cad>
          </ns3:TrackPointExtension>
        </extensions>
      </trkpt>
      <trkpt lat="37.5023814104497432708740234375" lon="121.42203108407557010650634765625">
        <ele>312</ele>
        <time>2026-09-13T03:30:21.000Z</time>
        <extensions>
          <ns3:TrackPointExtension>
            <ns3:hr>116</ns3:hr>
            <ns3:cad>0</ns3:cad>
          </ns3:TrackPointExtension>
        </extensions>
      </trkpt>
      <trkpt lat="37.5023983418941497802734375" lon="121.42202563583850860595703125">
        <ele>312.600006103515625</ele>
        <time>2026-09-13T03:30:24.000Z</time>
        <extensions>
          <ns3:TrackPointExtension>
            <ns3:hr>118</ns3:hr>
            <ns3:cad>0</ns3:cad>
          </ns3:TrackPointExtension>
        </extensions>
      </trkpt>
      <trkpt lat="37.50240261666476726531982421875" lon="121.4220180921256542205810546875">
        <ele>313.20001220703125</ele>
        <time>2026-09-13T03:30:26.000Z</time>
        <extensions>
          <ns3:TrackPointExtension>
            <ns3:hr>119</ns3:hr>
            <ns3:cad>48</ns3:cad>
          </ns3:TrackPointExtension>
        </extensions>
      </trkpt>
      <trkpt lat="37.50241669826209545135498046875" lon="121.4219959639012813568115234375">
        <ele>313.79998779296875</ele>
        <time>2026-09-13T03:30:30.000Z</time>
        <extensions>
          <ns3:TrackPointExtension>
            <ns3:hr>120</ns3:hr>
            <ns3:cad>0</ns3:cad>
          </ns3:TrackPointExtension>
        </extensions>
      </trkpt>
      <trkpt lat="37.502422817051410675048828125" lon="121.42199437133967876434326171875">
        <ele>314.20001220703125</ele>
        <time>2026-09-13T03:30:31.000Z</time>
        <extensions>
          <ns3:TrackPointExtension>
            <ns3:hr>120</ns3:hr>
            <ns3:cad>0</ns3:cad>
          </ns3:TrackPointExtension>
        </extensions>
      </trkpt>
      <trkpt lat="37.50243388116359710693359375" lon="121.42198833636939525604248046875">
        <ele>315.20001220703125</ele>
        <time>2026-09-13T03:30:35.000Z</time>
        <extensions>
          <ns3:TrackPointExtension>
            <ns3:hr>119</ns3:hr>
            <ns3:cad>0</ns3:cad>
          </ns3:TrackPointExtension>
        </extensions>
      </trkpt>
      <trkpt lat="37.50243815593421459197998046875" lon="121.421977691352367401123046875">
        <ele>315.79998779296875</ele>
        <time>2026-09-13T03:30:37.000Z</time>
        <extensions>
          <ns3:TrackPointExtension>
            <ns3:hr>119</ns3:hr>
            <ns3:cad>0</ns3:cad>
          </ns3:TrackPointExtension>
        </extensions>
      </trkpt>
      <trkpt lat="37.50244771130383014678955078125" lon="121.421968638896942138671875">
        <ele>316.399993896484375</ele>
        <time>2026-09-13T03:30:39.000Z</time>
        <extensions>
          <ns3:TrackPointExtension>
            <ns3:hr>119</ns3:hr>
            <ns3:cad>0</ns3:cad>
          </ns3:TrackPointExtension>
        </extensions>
      </trkpt>
      <trkpt lat="37.502462379634380340576171875" lon="121.42195514403283596038818359375">
        <ele>317.600006103515625</ele>
        <time>2026-09-13T03:30:43.000Z</time>
        <extensions>
          <ns3:TrackPointExtension>
            <ns3:hr>120</ns3:hr>
            <ns3:cad>0</ns3:cad>
          </ns3:TrackPointExtension>
        </extensions>
      </trkpt>
      <trkpt lat="37.502461709082126617431640625" lon="121.42195397056639194488525390625">
        <ele>318</ele>
        <time>2026-09-13T03:30:44.000Z</time>
        <extensions>
          <ns3:TrackPointExtension>
            <ns3:hr>120</ns3:hr>
            <ns3:cad>0</ns3:cad>
          </ns3:TrackPointExtension>
        </extensions>
      </trkpt>
      <trkpt lat="37.50247553922235965728759765625" lon="121.42193980515003204345703125">
        <ele>318.79998779296875</ele>
        <time>2026-09-13T03:30:48.000Z</time>
        <extensions>
          <ns3:TrackPointExtension>
            <ns3:hr>121</ns3:hr>
            <ns3:cad>0</ns3:cad>
          </ns3:TrackPointExtension>
        </extensions>
      </trkpt>
      <trkpt lat="37.50247947871685028076171875" lon="121.42193150706589221954345703125">
        <ele>319.20001220703125</ele>
        <time>2026-09-13T03:30:50.000Z</time>
        <extensions>
          <ns3:TrackPointExtension>
            <ns3:hr>122</ns3:hr>
            <ns3:cad>0</ns3:cad>
          </ns3:TrackPointExtension>
        </extensions>
      </trkpt>
      <trkpt lat="37.502471767365932464599609375" lon="121.421857662498950958251953125">
        <ele>319.79998779296875</ele>
        <time>2026-09-13T03:30:55.000Z</time>
        <extensions>
          <ns3:TrackPointExtension>
            <ns3:hr>123</ns3:hr>
            <ns3:cad>0</ns3:cad>
          </ns3:TrackPointExtension>
        </extensions>
      </trkpt>
      <trkpt lat="37.50244234688580036163330078125" lon="121.421785913407802581787109375">
        <ele>319.600006103515625</ele>
        <time>2026-09-13T03:31:01.000Z</time>
        <extensions>
          <ns3:TrackPointExtension>
            <ns3:hr>123</ns3:hr>
            <ns3:cad>52</ns3:cad>
          </ns3:TrackPointExtension>
        </extensions>
      </trkpt>
      <trkpt lat="37.5024028681218624114990234375" lon="121.421745009720325469970703125">
        <ele>319.399993896484375</ele>
        <time>2026-09-13T03:31:05.000Z</time>
        <extensions>
          <ns3:TrackPointExtension>
            <ns3:hr>120</ns3:hr>
            <ns3:cad>0</ns3:cad>
          </ns3:TrackPointExtension>
        </extensions>
      </trkpt>
      <trkpt lat="37.5024001859128475189208984375" lon="121.42174576409161090850830078125">
        <ele>319.399993896484375</ele>
        <time>2026-09-13T03:31:07.000Z</time>
        <extensions>
          <ns3:TrackPointExtension>
            <ns3:hr>117</ns3:hr>
            <ns3:cad>0</ns3:cad>
          </ns3:TrackPointExtension>
        </extensions>
      </trkpt>
      <trkpt lat="37.50237160362303256988525390625" lon="121.42170100472867488861083984375">
        <ele>319.600006103515625</ele>
        <time>2026-09-13T03:31:13.000Z</time>
        <extensions>
          <ns3:TrackPointExtension>
            <ns3:hr>118</ns3:hr>
            <ns3:cad>0</ns3:cad>
          </ns3:TrackPointExtension>
        </extensions>
      </trkpt>
      <trkpt lat="37.5023381598293781280517578125" lon="121.42166219651699066162109375">
        <ele>319.600006103515625</ele>
        <time>2026-09-13T03:31:17.000Z</time>
        <extensions>
          <ns3:TrackPointExtension>
            <ns3:hr>115</ns3:hr>
            <ns3:cad>0</ns3:cad>
          </ns3:TrackPointExtension>
        </extensions>
      </trkpt>
      <trkpt lat="37.5023146905004978179931640625" lon="121.421645097434520721435546875">
        <ele>319.600006103515625</ele>
        <time>2026-09-13T03:31:20.000Z</time>
        <extensions>
          <ns3:TrackPointExtension>
            <ns3:hr>114</ns3:hr>
            <ns3:cad>60</ns3:cad>
          </ns3:TrackPointExtension>
        </extensions>
      </trkpt>
      <trkpt lat="37.50225677154958248138427734375" lon="121.42161131836473941802978515625">
        <ele>319.600006103515625</ele>
        <time>2026-09-13T03:31:25.000Z</time>
        <extensions>
          <ns3:TrackPointExtension>
            <ns3:hr>111</ns3:hr>
            <ns3:cad>0</ns3:cad>
          </ns3:TrackPointExtension>
        </extensions>
      </trkpt>
      <trkpt lat="37.50224453397095203399658203125" lon="121.42159958370029926300048828125">
        <ele>319.600006103515625</ele>
        <time>2026-09-13T03:31:27.000Z</time>
        <extensions>
          <ns3:TrackPointExtension>
            <ns3:hr>111</ns3:hr>
            <ns3:cad>0</ns3:cad>
          </ns3:TrackPointExtension>
        </extensions>
      </trkpt>
      <trkpt lat="37.50224201940000057220458984375" lon="121.421582065522670745849609375">
        <ele>319.79998779296875</ele>
        <time>2026-09-13T03:31:31.000Z</time>
        <extensions>
          <ns3:TrackPointExtension>
            <ns3:hr>110</ns3:hr>
            <ns3:cad>53</ns3:cad>
          </ns3:TrackPointExtension>
        </extensions>
      </trkpt>
      <trkpt lat="37.50224470160901546478271484375" lon="121.4215664751827716827392578125">
        <ele>320</ele>
        <time>2026-09-13T03:31:35.000Z</time>
        <extensions>
          <ns3:TrackPointExtension>
            <ns3:hr>108</ns3:hr>
            <ns3:cad>0</ns3:cad>
          </ns3:TrackPointExtension>
        </extensions>
      </trkpt>
      <trkpt lat="37.502251826226711273193359375" lon="121.421567983925342559814453125">
        <ele>320</ele>
        <time>2026-09-13T03:31:46.000Z</time>
        <extensions>
          <ns3:TrackPointExtension>
            <ns3:hr>106</ns3:hr>
            <ns3:cad>0</ns3:cad>
          </ns3:TrackPointExtension>
        </extensions>
      </trkpt>
      <trkpt lat="37.5022533349692821502685546875" lon="121.4215627871453762054443359375">
        <ele>320</ele>
        <time>2026-09-13T03:31:51.000Z</time>
        <extensions>
          <ns3:TrackPointExtension>
            <ns3:hr>103</ns3:hr>
            <ns3:cad>0</ns3:cad>
          </ns3:TrackPointExtension>
        </extensions>
      </trkpt>
      <trkpt lat="37.50225023366510868072509765625" lon="121.42156337387859821319580078125">
        <ele>319.79998779296875</ele>
        <time>2026-09-13T03:31:59.000Z</time>
        <extensions>
          <ns3:TrackPointExtension>
            <ns3:hr>100</ns3:hr>
            <ns3:cad>0</ns3:cad>
          </ns3:TrackPointExtension>
        </extensions>
      </trkpt>
      <trkpt lat="37.5022513233125209808349609375" lon="121.421566307544708251953125">
        <ele>319.79998779296875</ele>
        <time>2026-09-13T03:32:01.000Z</time>
        <extensions>
          <ns3:TrackPointExtension>
            <ns3:hr>100</ns3:hr>
            <ns3:cad>0</ns3:cad>
          </ns3:TrackPointExtension>
        </extensions>
      </trkpt>
      <trkpt lat="37.502253837883472442626953125" lon="121.42157125286757946014404296875">
        <ele>319.600006103515625</ele>
        <time>2026-09-13T03:32:10.000Z</time>
        <extensions>
          <ns3:TrackPointExtension>
            <ns3:hr>98</ns3:hr>
            <ns3:cad>0</ns3:cad>
          </ns3:TrackPointExtension>
        </extensions>
      </trkpt>
      <trkpt lat="37.50221268273890018463134765625" lon="121.4215674810111522674560546875">
        <ele>319.600006103515625</ele>
        <time>2026-09-13T03:32:16.000Z</time>
        <extensions>
          <ns3:TrackPointExtension>
            <ns3:hr>98</ns3:hr>
            <ns3:cad>0</ns3:cad>
          </ns3:TrackPointExtension>
        </extensions>
      </trkpt>
      <trkpt lat="37.50218619592487812042236328125" lon="121.42153588123619556427001953125">
        <ele>320</ele>
        <time>2026-09-13T03:32:22.000Z</time>
        <extensions>
          <ns3:TrackPointExtension>
            <ns3:hr>97</ns3:hr>
            <ns3:cad>0</ns3:cad>
          </ns3:TrackPointExtension>
        </extensions>
      </trkpt>
      <trkpt lat="37.502151243388652801513671875" lon="121.42154149711132049560546875">
        <ele>320.399993896484375</ele>
        <time>2026-09-13T03:32:31.000Z</time>
        <extensions>
          <ns3:TrackPointExtension>
            <ns3:hr>95</ns3:hr>
            <ns3:cad>0</ns3:cad>
          </ns3:TrackPointExtension>
        </extensions>
      </trkpt>
      <trkpt lat="37.50212919898331165313720703125" lon="121.4215111546218395233154296875">
        <ele>320.79998779296875</ele>
        <time>2026-09-13T03:32:38.000Z</time>
        <extensions>
          <ns3:TrackPointExtension>
            <ns3:hr>95</ns3:hr>
            <ns3:cad>0</ns3:cad>
          </ns3:TrackPointExtension>
        </extensions>
      </trkpt>
      <trkpt lat="37.50213104300200939178466796875" lon="121.421507634222507476806640625">
        <ele>321</ele>
        <time>2026-09-13T03:32:40.000Z</time>
        <extensions>
          <ns3:TrackPointExtension>
            <ns3:hr>95</ns3:hr>
            <ns3:cad>0</ns3:cad>
          </ns3:TrackPointExtension>
        </extensions>
      </trkpt>
      <trkpt lat="37.50213238410651683807373046875" lon="121.4215047843754291534423828125">
        <ele>321</ele>
        <time>2026-09-13T03:32:42.000Z</time>
        <extensions>
          <ns3:TrackPointExtension>
            <ns3:hr>98</ns3:hr>
            <ns3:cad>0</ns3:cad>
          </ns3:TrackPointExtension>
        </extensions>
      </trkpt>
      <trkpt lat="37.50213623978197574615478515625" lon="121.42150872386991977691650390625">
        <ele>320.79998779296875</ele>
        <time>2026-09-13T03:32:51.000Z</time>
        <extensions>
          <ns3:TrackPointExtension>
            <ns3:hr>95</ns3:hr>
            <ns3:cad>0</ns3:cad>
          </ns3:TrackPointExtension>
        </extensions>
      </trkpt>
      <trkpt lat="37.502134144306182861328125" lon="121.4215014316141605377197265625">
        <ele>320.600006103515625</ele>
        <time>2026-09-13T03:32:54.000Z</time>
        <extensions>
          <ns3:TrackPointExtension>
            <ns3:hr>92</ns3:hr>
            <ns3:cad>0</ns3:cad>
          </ns3:TrackPointExtension>
        </extensions>
      </trkpt>
      <trkpt lat="37.502098940312862396240234375" lon="121.42147804610431194305419921875">
        <ele>320.79998779296875</ele>
        <time>2026-09-13T03:33:00.000Z</time>
        <extensions>
          <ns3:TrackPointExtension>
            <ns3:hr>92</ns3:hr>
            <ns3:cad>42</ns3:cad>
          </ns3:TrackPointExtension>
        </extensions>
      </trkpt>
      <trkpt lat="37.50205912627279758453369140625" lon="121.4214601926505565643310546875">
        <ele>321.399993896484375</ele>
        <time>2026-09-13T03:33:04.000Z</time>
        <extensions>
          <ns3:TrackPointExtension>
            <ns3:hr>91</ns3:hr>
            <ns3:cad>0</ns3:cad>
          </ns3:TrackPointExtension>
        </extensions>
      </trkpt>
      <trkpt lat="37.50203213654458522796630859375" lon="121.4214420877397060394287109375">
        <ele>322</ele>
        <time>2026-09-13T03:33:08.000Z</time>
        <extensions>
          <ns3:TrackPointExtension>
            <ns3:hr>90</ns3:hr>
            <ns3:cad>0</ns3:cad>
          </ns3:TrackPointExtension>
        </extensions>
      </trkpt>
      <trkpt lat="37.50199659727513790130615234375" lon="121.4214109070599079132080078125">
        <ele>323</ele>
        <time>2026-09-13T03:33:13.000Z</time>
        <extensions>
          <ns3:TrackPointExtension>
            <ns3:hr>89</ns3:hr>
            <ns3:cad>0</ns3:cad>
          </ns3:TrackPointExtension>
        </extensions>
      </trkpt>
      <trkpt lat="37.5019914843142032623291015625" lon="121.42141065560281276702880859375">
        <ele>323</ele>
        <time>2026-09-13T03:33:14.000Z</time>
        <extensions>
          <ns3:TrackPointExtension>
            <ns3:hr>90</ns3:hr>
            <ns3:cad>0</ns3:cad>
          </ns3:TrackPointExtension>
        </extensions>
      </trkpt>
      <trkpt lat="37.501960135996341705322265625" lon="121.4213825762271881103515625">
        <ele>323.600006103515625</ele>
        <time>2026-09-13T03:33:18.000Z</time>
        <extensions>
          <ns3:TrackPointExtension>
            <ns3:hr>89</ns3:hr>
            <ns3:cad>0</ns3:cad>
          </ns3:TrackPointExtension>
        </extensions>
      </trkpt>
      <trkpt lat="37.50192484818398952484130859375" lon="121.4213539101183414459228515625">
        <ele>324.20001220703125</ele>
        <time>2026-09-13T03:33:21.000Z</time>
        <extensions>
          <ns3:TrackPointExtension>
            <ns3:hr>90</ns3:hr>
            <ns3:cad>0</ns3:cad>
          </ns3:TrackPointExtension>
        </extensions>
      </trkpt>
      <trkpt lat="37.50191931612789630889892578125" lon="121.42134980298578739166259765625">
        <ele>324.399993896484375</ele>
        <time>2026-09-13T03:33:22.000Z</time>
        <extensions>
          <ns3:TrackPointExtension>
            <ns3:hr>91</ns3:hr>
            <ns3:cad>0</ns3:cad>
          </ns3:TrackPointExtension>
        </extensions>
      </trkpt>
      <trkpt lat="37.5018852017819881439208984375" lon="121.4213128387928009033203125">
        <ele>325</ele>
        <time>2026-09-13T03:33:27.000Z</time>
        <extensions>
          <ns3:TrackPointExtension>
            <ns3:hr>91</ns3:hr>
            <ns3:cad>0</ns3:cad>
          </ns3:TrackPointExtension>
        </extensions>
      </trkpt>
      <trkpt lat="37.50187086872756481170654296875" lon="121.4212979190051555633544921875">
        <ele>325.399993896484375</ele>
        <time>2026-09-13T03:33:29.000Z</time>
        <extensions>
          <ns3:TrackPointExtension>
            <ns3:hr>91</ns3:hr>
            <ns3:cad>0</ns3:cad>
          </ns3:TrackPointExtension>
        </extensions>
      </trkpt>
      <trkpt lat="37.50184270553290843963623046875" lon="121.42126983962953090667724609375">
        <ele>325.79998779296875</ele>
        <time>2026-09-13T03:33:32.000Z</time>
        <extensions>
          <ns3:TrackPointExtension>
            <ns3:hr>92</ns3:hr>
            <ns3:cad>0</ns3:cad>
          </ns3:TrackPointExtension>
        </extensions>
      </trkpt>
      <trkpt lat="37.501815967261791229248046875" lon="121.4212221466004848480224609375">
        <ele>326.20001220703125</ele>
        <time>2026-09-13T03:33:36.000Z</time>
        <extensions>
          <ns3:TrackPointExtension>
            <ns3:hr>95</ns3:hr>
            <ns3:cad>0</ns3:cad>
          </ns3:TrackPointExtension>
        </extensions>
      </trkpt>
      <trkpt lat="37.50180901028215885162353515625" lon="121.421206556260585784912109375">
        <ele>326.399993896484375</ele>
        <time>2026-09-13T03:33:38.000Z</time>
        <extensions>
          <ns3:TrackPointExtension>
            <ns3:hr>96</ns3:hr>
            <ns3:cad>0</ns3:cad>
          </ns3:TrackPointExtension>
        </extensions>
      </trkpt>
      <trkpt lat="37.50180565752089023590087890625" lon="121.42120085656642913818359375">
        <ele>326.600006103515625</ele>
        <time>2026-09-13T03:33:39.000Z</time>
        <extensions>
          <ns3:TrackPointExtension>
            <ns3:hr>96</ns3:hr>
            <ns3:cad>0</ns3:cad>
          </ns3:TrackPointExtension>
        </extensions>
      </trkpt>
      <trkpt lat="37.5017675198614597320556640625" lon="121.42113891430199146270751953125">
        <ele>327.600006103515625</ele>
        <time>2026-09-13T03:33:45.000Z</time>
        <extensions>
          <ns3:TrackPointExtension>
            <ns3:hr>98</ns3:hr>
            <ns3:cad>0</ns3:cad>
          </ns3:TrackPointExtension>
        </extensions>
      </trkpt>
      <trkpt lat="37.5017363391816616058349609375" lon="121.4210902154445648193359375">
        <ele>328</ele>
        <time>2026-09-13T03:33:48.000Z</time>
        <extensions>
          <ns3:TrackPointExtension>
            <ns3:hr>101</ns3:hr>
            <ns3:cad>0</ns3:cad>
          </ns3:TrackPointExtension>
        </extensions>
      </trkpt>
      <trkpt lat="37.501717396080493927001953125" lon="121.4210716076195240020751953125">
        <ele>328.20001220703125</ele>
        <time>2026-09-13T03:33:50.000Z</time>
        <extensions>
          <ns3:TrackPointExtension>
            <ns3:hr>102</ns3:hr>
            <ns3:cad>0</ns3:cad>
          </ns3:TrackPointExtension>
        </extensions>
      </trkpt>
      <trkpt lat="37.50168831087648868560791015625" lon="121.42105911858379840850830078125">
        <ele>328.79998779296875</ele>
        <time>2026-09-13T03:33:53.000Z</time>
        <extensions>
          <ns3:TrackPointExtension>
            <ns3:hr>104</ns3:hr>
            <ns3:cad>0</ns3:cad>
          </ns3:TrackPointExtension>
        </extensions>
      </trkpt>
      <trkpt lat="37.50165897421538829803466796875" lon="121.42102978192269802093505859375">
        <ele>329.399993896484375</ele>
        <time>2026-09-13T03:33:56.000Z</time>
        <extensions>
          <ns3:TrackPointExtension>
            <ns3:hr>107</ns3:hr>
            <ns3:cad>0</ns3:cad>
          </ns3:TrackPointExtension>
        </extensions>
      </trkpt>
      <trkpt lat="37.50163617543876171112060546875" lon="121.421004720032215118408203125">
        <ele>329.79998779296875</ele>
        <time>2026-09-13T03:33:59.000Z</time>
        <extensions>
          <ns3:TrackPointExtension>
            <ns3:hr>109</ns3:hr>
            <ns3:cad>0</ns3:cad>
          </ns3:TrackPointExtension>
        </extensions>
      </trkpt>
      <trkpt lat="37.5016205012798309326171875" lon="121.4209542609751224517822265625">
        <ele>330.20001220703125</ele>
        <time>2026-09-13T03:34:03.000Z</time>
        <extensions>
          <ns3:TrackPointExtension>
            <ns3:hr>108</ns3:hr>
            <ns3:cad>66</ns3:cad>
          </ns3:TrackPointExtension>
        </extensions>
      </trkpt>
      <trkpt lat="37.50161522068083286285400390625" lon="121.42091830261051654815673828125">
        <ele>330.399993896484375</ele>
        <time>2026-09-13T03:34:05.000Z</time>
        <extensions>
          <ns3:TrackPointExtension>
            <ns3:hr>105</ns3:hr>
            <ns3:cad>66</ns3:cad>
          </ns3:TrackPointExtension>
        </extensions>
      </trkpt>
      <trkpt lat="37.50161471776664257049560546875" lon="121.420871950685977935791015625">
        <ele>330.79998779296875</ele>
        <time>2026-09-13T03:34:08.000Z</time>
        <extensions>
          <ns3:TrackPointExtension>
            <ns3:hr>105</ns3:hr>
            <ns3:cad>57</ns3:cad>
          </ns3:TrackPointExtension>
        </extensions>
      </trkpt>
      <trkpt lat="37.5016163103282451629638671875" lon="121.42084403894841670989990234375">
        <ele>331</ele>
        <time>2026-09-13T03:34:10.000Z</time>
        <extensions>
          <ns3:TrackPointExtension>
            <ns3:hr>105</ns3:hr>
            <ns3:cad>53</ns3:cad>
          </ns3:TrackPointExtension>
        </extensions>
      </trkpt>
      <trkpt lat="37.50161890871822834014892578125" lon="121.4207799173891544342041015625">
        <ele>331.399993896484375</ele>
        <time>2026-09-13T03:34:14.000Z</time>
        <extensions>
          <ns3:TrackPointExtension>
            <ns3:hr>106</ns3:hr>
            <ns3:cad>0</ns3:cad>
          </ns3:TrackPointExtension>
        </extensions>
      </trkpt>
      <trkpt lat="37.50162293203175067901611328125" lon="121.42072065733373165130615234375">
        <ele>332</ele>
        <time>2026-09-13T03:34:19.000Z</time>
        <extensions>
          <ns3:TrackPointExtension>
            <ns3:hr>106</ns3:hr>
            <ns3:cad>0</ns3:cad>
          </ns3:TrackPointExtension>
        </extensions>
      </trkpt>
      <trkpt lat="37.5016377680003643035888671875" lon="121.42062895931303501129150390625">
        <ele>332.79998779296875</ele>
        <time>2026-09-13T03:34:25.000Z</time>
        <extensions>
          <ns3:TrackPointExtension>
            <ns3:hr>105</ns3:hr>
            <ns3:cad>0</ns3:cad>
          </ns3:TrackPointExtension>
        </extensions>
      </trkpt>
      <trkpt lat="37.50164170749485492706298828125" lon="121.4206059090793132781982421875">
        <ele>333</ele>
        <time>2026-09-13T03:34:27.000Z</time>
        <extensions>
          <ns3:TrackPointExtension>
            <ns3:hr>104</ns3:hr>
            <ns3:cad>0</ns3:cad>
          </ns3:TrackPointExtension>
        </extensions>
      </trkpt>
      <trkpt lat="37.50164673663675785064697265625" lon="121.42055385746061801910400390625">
        <ele>333.399993896484375</ele>
        <time>2026-09-13T03:34:30.000Z</time>
        <extensions>
          <ns3:TrackPointExtension>
            <ns3:hr>103</ns3:hr>
            <ns3:cad>0</ns3:cad>
          </ns3:TrackPointExtension>
        </extensions>
      </trkpt>
      <trkpt lat="37.5016660988330841064453125" lon="121.4205215871334075927734375">
        <ele>334</ele>
        <time>2026-09-13T03:34:36.000Z</time>
        <extensions>
          <ns3:TrackPointExtension>
            <ns3:hr>103</ns3:hr>
            <ns3:cad>0</ns3:cad>
          </ns3:TrackPointExtension>
        </extensions>
      </trkpt>
      <trkpt lat="37.501670457422733306884765625" lon="121.42052200622856616973876953125">
        <ele>334</ele>
        <time>2026-09-13T03:34:39.000Z</time>
        <extensions>
          <ns3:TrackPointExtension>
            <ns3:hr>103</ns3:hr>
            <ns3:cad>0</ns3:cad>
          </ns3:TrackPointExtension>
        </extensions>
      </trkpt>
      <trkpt lat="37.50170775689184665679931640625" lon="121.4204905740916728973388671875">
        <ele>334.20001220703125</ele>
        <time>2026-09-13T03:34:46.000Z</time>
        <extensions>
          <ns3:TrackPointExtension>
            <ns3:hr>101</ns3:hr>
            <ns3:cad>0</ns3:cad>
          </ns3:TrackPointExtension>
        </extensions>
      </trkpt>
      <trkpt lat="37.50173189677298069000244140625" lon="121.4204438030719757080078125">
        <ele>334.600006103515625</ele>
        <time>2026-09-13T03:34:51.000Z</time>
        <extensions>
          <ns3:TrackPointExtension>
            <ns3:hr>98</ns3:hr>
            <ns3:cad>0</ns3:cad>
          </ns3:TrackPointExtension>
        </extensions>
      </trkpt>
      <trkpt lat="37.5017400272190570831298828125" lon="121.42042913474142551422119140625">
        <ele>334.79998779296875</ele>
        <time>2026-09-13T03:34:52.000Z</time>
        <extensions>
          <ns3:TrackPointExtension>
            <ns3:hr>98</ns3:hr>
            <ns3:cad>0</ns3:cad>
          </ns3:TrackPointExtension>
        </extensions>
      </trkpt>
      <trkpt lat="37.50177095644176006317138671875" lon="121.42037465237081050872802734375">
        <ele>335.20001220703125</ele>
        <time>2026-09-13T03:34:57.000Z</time>
        <extensions>
          <ns3:TrackPointExtension>
            <ns3:hr>100</ns3:hr>
            <ns3:cad>0</ns3:cad>
          </ns3:TrackPointExtension>
        </extensions>
      </trkpt>
      <trkpt lat="37.50177933834493160247802734375" lon="121.4203628338873386383056640625">
        <ele>335.20001220703125</ele>
        <time>2026-09-13T03:34:58.000Z</time>
        <extensions>
          <ns3:TrackPointExtension>
            <ns3:hr>100</ns3:hr>
            <ns3:cad>0</ns3:cad>
          </ns3:TrackPointExtension>
        </extensions>
      </trkpt>
      <trkpt lat="37.50181370414793491363525390625" lon="121.4202823676168918609619140625">
        <ele>336</ele>
        <time>2026-09-13T03:35:04.000Z</time>
        <extensions>
          <ns3:TrackPointExtension>
            <ns3:hr>99</ns3:hr>
            <ns3:cad>65</ns3:cad>
          </ns3:TrackPointExtension>
        </extensions>
      </trkpt>
      <trkpt lat="37.5018248520791530609130859375" lon="121.42025780864059925079345703125">
        <ele>336.20001220703125</ele>
        <time>2026-09-13T03:35:06.000Z</time>
        <extensions>
          <ns3:TrackPointExtension>
            <ns3:hr>99</ns3:hr>
            <ns3:cad>65</ns3:cad>
          </ns3:TrackPointExtension>
        </extensions>
      </trkpt>
      <trkpt lat="37.50184438191354274749755859375" lon="121.420175246894359588623046875">
        <ele>336.600006103515625</ele>
        <time>2026-09-13T03:35:13.000Z</time>
        <extensions>
          <ns3:TrackPointExtension>
            <ns3:hr>100</ns3:hr>
            <ns3:cad>53</ns3:cad>
          </ns3:TrackPointExtension>
        </extensions>
      </trkpt>
      <trkpt lat="37.50185108743607997894287109375" lon="121.420080699026584625244140625">
        <ele>337</ele>
        <time>2026-09-13T03:35:20.000Z</time>
        <extensions>
          <ns3:TrackPointExtension>
            <ns3:hr>100</ns3:hr>
            <ns3:cad>0</ns3:cad>
          </ns3:TrackPointExtension>
        </extensions>
      </trkpt>
      <trkpt lat="37.50185091979801654815673828125" lon="121.4200761727988719940185546875">
        <ele>337.20001220703125</ele>
        <time>2026-09-13T03:35:21.000Z</time>
        <extensions>
          <ns3:TrackPointExtension>
            <ns3:hr>101</ns3:hr>
            <ns3:cad>0</ns3:cad>
          </ns3:TrackPointExtension>
        </extensions>
      </trkpt>
      <trkpt lat="37.50184907577931880950927734375" lon="121.42008648253977298736572265625">
        <ele>337.399993896484375</ele>
        <time>2026-09-13T03:35:22.000Z</time>
        <extensions>
          <ns3:TrackPointExtension>
            <ns3:hr>100</ns3:hr>
            <ns3:cad>64</ns3:cad>
          </ns3:TrackPointExtension>
        </extensions>
      </trkpt>
      <trkpt lat="37.501842118799686431884765625" lon="121.42007390968501567840576171875">
        <ele>337.20001220703125</ele>
        <time>2026-09-13T03:35:25.000Z</time>
        <extensions>
          <ns3:TrackPointExtension>
            <ns3:hr>101</ns3:hr>
            <ns3:cad>0</ns3:cad>
          </ns3:TrackPointExtension>
        </extensions>
      </trkpt>
      <trkpt lat="37.5017909891903400421142578125" lon="121.4200007356703281402587890625">
        <ele>337.600006103515625</ele>
        <time>2026-09-13T03:35:33.000Z</time>
        <extensions>
          <ns3:TrackPointExtension>
            <ns3:hr>101</ns3:hr>
            <ns3:cad>53</ns3:cad>
          </ns3:TrackPointExtension>
        </extensions>
      </trkpt>
      <trkpt lat="37.5017655082046985626220703125" lon="121.4199658669531345367431640625">
        <ele>338.20001220703125</ele>
        <time>2026-09-13T03:35:37.000Z</time>
        <extensions>
          <ns3:TrackPointExtension>
            <ns3:hr>100</ns3:hr>
            <ns3:cad>49</ns3:cad>
          </ns3:TrackPointExtension>
        </extensions>
      </trkpt>
      <trkpt lat="37.50176341272890567779541015625" lon="121.41995899379253387451171875">
        <ele>338.399993896484375</ele>
        <time>2026-09-13T03:35:38.000Z</time>
        <extensions>
          <ns3:TrackPointExtension>
            <ns3:hr>101</ns3:hr>
            <ns3:cad>49</ns3:cad>
          </ns3:TrackPointExtension>
        </extensions>
      </trkpt>
      <trkpt lat="37.5017289631068706512451171875" lon="121.419904343783855438232421875">
        <ele>339.20001220703125</ele>
        <time>2026-09-13T03:35:43.000Z</time>
        <extensions>
          <ns3:TrackPointExtension>
            <ns3:hr>100</ns3:hr>
            <ns3:cad>48</ns3:cad>
          </ns3:TrackPointExtension>
        </extensions>
      </trkpt>
      <trkpt lat="37.5017246045172214508056640625" lon="121.41990375705063343048095703125">
        <ele>339.399993896484375</ele>
        <time>2026-09-13T03:35:44.000Z</time>
        <extensions>
          <ns3:TrackPointExtension>
            <ns3:hr>100</ns3:hr>
            <ns3:cad>48</ns3:cad>
          </ns3:TrackPointExtension>
        </extensions>
      </trkpt>
      <trkpt lat="37.5017028115689754486083984375" lon="121.41987089999020099639892578125">
        <ele>340</ele>
        <time>2026-09-13T03:35:47.000Z</time>
        <extensions>
          <ns3:TrackPointExtension>
            <ns3:hr>100</ns3:hr>
            <ns3:cad>48</ns3:cad>
          </ns3:TrackPointExtension>
        </extensions>
      </trkpt>
      <trkpt lat="37.5016927532851696014404296875" lon="121.41985237598419189453125">
        <ele>340.600006103515625</ele>
        <time>2026-09-13T03:35:50.000Z</time>
        <extensions>
          <ns3:TrackPointExtension>
            <ns3:hr>102</ns3:hr>
            <ns3:cad>51</ns3:cad>
          </ns3:TrackPointExtension>
        </extensions>
      </trkpt>
      <trkpt lat="37.50168579630553722381591796875" lon="121.4198263920843601226806640625">
        <ele>341</ele>
        <time>2026-09-13T03:35:52.000Z</time>
        <extensions>
          <ns3:TrackPointExtension>
            <ns3:hr>103</ns3:hr>
            <ns3:cad>47</ns3:cad>
          </ns3:TrackPointExtension>
        </extensions>
      </trkpt>
      <trkpt lat="37.50168822705745697021484375" lon="121.41978104598820209503173828125">
        <ele>341.600006103515625</ele>
        <time>2026-09-13T03:35:55.000Z</time>
        <extensions>
          <ns3:TrackPointExtension>
            <ns3:hr>103</ns3:hr>
            <ns3:cad>0</ns3:cad>
          </ns3:TrackPointExtension>
        </extensions>
      </trkpt>
      <trkpt lat="37.5016883946955204010009765625" lon="121.41977501101791858673095703125">
        <ele>341.79998779296875</ele>
        <time>2026-09-13T03:35:56.000Z</time>
        <extensions>
          <ns3:TrackPointExtension>
            <ns3:hr>103</ns3:hr>
            <ns3:cad>0</ns3:cad>
          </ns3:TrackPointExtension>
        </extensions>
      </trkpt>
      <trkpt lat="37.501693926751613616943359375" lon="121.419726647436618804931640625">
        <ele>342.600006103515625</ele>
        <time>2026-09-13T03:36:00.000Z</time>
        <extensions>
          <ns3:TrackPointExtension>
            <ns3:hr>104</ns3:hr>
            <ns3:cad>0</ns3:cad>
          </ns3:TrackPointExtension>
        </extensions>
      </trkpt>
      <trkpt lat="37.501699961721897125244140625" lon="121.41971667297184467315673828125">
        <ele>342.600006103515625</ele>
        <time>2026-09-13T03:36:01.000Z</time>
        <extensions>
          <ns3:TrackPointExtension>
            <ns3:hr>104</ns3:hr>
            <ns3:cad>0</ns3:cad>
          </ns3:TrackPointExtension>
        </extensions>
      </trkpt>
      <trkpt lat="37.50171312130987644195556640625" lon="121.419695131480693817138671875">
        <ele>342.79998779296875</ele>
        <time>2026-09-13T03:36:03.000Z</time>
        <extensions>
          <ns3:TrackPointExtension>
            <ns3:hr>107</ns3:hr>
            <ns3:cad>0</ns3:cad>
          </ns3:TrackPointExtension>
        </extensions>
      </trkpt>
      <trkpt lat="37.5017199106514453887939453125" lon="121.41968532465398311614990234375">
        <ele>343.20001220703125</ele>
        <time>2026-09-13T03:36:05.000Z</time>
        <extensions>
          <ns3:TrackPointExtension>
            <ns3:hr>108</ns3:hr>
            <ns3:cad>0</ns3:cad>
          </ns3:TrackPointExtension>
        </extensions>
      </trkpt>
      <trkpt lat="37.501728795468807220458984375" lon="121.41968783922493457794189453125">
        <ele>343.600006103515625</ele>
        <time>2026-09-13T03:36:08.000Z</time>
        <extensions>
          <ns3:TrackPointExtension>
            <ns3:hr>109</ns3:hr>
            <ns3:cad>0</ns3:cad>
          </ns3:TrackPointExtension>
        </extensions>
      </trkpt>
      <trkpt lat="37.50173290260136127471923828125" lon="121.41968633048236370086669921875">
        <ele>343.600006103515625</ele>
        <time>2026-09-13T03:36:09.000Z</time>
        <extensions>
          <ns3:TrackPointExtension>
            <ns3:hr>109</ns3:hr>
            <ns3:cad>0</ns3:cad>
          </ns3:TrackPointExtension>
        </extensions>
      </trkpt>
      <trkpt lat="37.50176609493792057037353515625" lon="121.41968281008303165435791015625">
        <ele>343.600006103515625</ele>
        <time>2026-09-13T03:36:12.000Z</time>
        <extensions>
          <ns3:TrackPointExtension>
            <ns3:hr>110</ns3:hr>
            <ns3:cad>0</ns3:cad>
          </ns3:TrackPointExtension>
        </extensions>
      </trkpt>
      <trkpt lat="37.5018037296831607818603515625" lon="121.41967090778052806854248046875">
        <ele>344.399993896484375</ele>
        <time>2026-09-13T03:36:17.000Z</time>
        <extensions>
          <ns3:TrackPointExtension>
            <ns3:hr>111</ns3:hr>
            <ns3:cad>0</ns3:cad>
          </ns3:TrackPointExtension>
        </extensions>
      </trkpt>
      <trkpt lat="37.5018297135829925537109375" lon="121.41965732909739017486572265625">
        <ele>344.79998779296875</ele>
        <time>2026-09-13T03:36:19.000Z</time>
        <extensions>
          <ns3:TrackPointExtension>
            <ns3:hr>112</ns3:hr>
            <ns3:cad>0</ns3:cad>
          </ns3:TrackPointExtension>
        </extensions>
      </trkpt>
      <trkpt lat="37.50185376964509487152099609375" lon="121.41964609734714031219482421875">
        <ele>345.20001220703125</ele>
        <time>2026-09-13T03:36:22.000Z</time>
        <extensions>
          <ns3:TrackPointExtension>
            <ns3:hr>112</ns3:hr>
            <ns3:cad>53</ns3:cad>
          </ns3:TrackPointExtension>
        </extensions>
      </trkpt>
      <trkpt lat="37.50189919956028461456298828125" lon="121.41963821835815906524658203125">
        <ele>345.79998779296875</ele>
        <time>2026-09-13T03:36:26.000Z</time>
        <extensions>
          <ns3:TrackPointExtension>
            <ns3:hr>113</ns3:hr>
            <ns3:cad>0</ns3:cad>
          </ns3:TrackPointExtension>
        </extensions>
      </trkpt>
      <trkpt lat="37.50190339051187038421630859375" lon="121.419638805091381072998046875">
        <ele>345.79998779296875</ele>
        <time>2026-09-13T03:36:27.000Z</time>
        <extensions>
          <ns3:TrackPointExtension>
            <ns3:hr>113</ns3:hr>
            <ns3:cad>0</ns3:cad>
          </ns3:TrackPointExtension>
        </extensions>
      </trkpt>
      <trkpt lat="37.5019566155970096588134765625" lon="121.41963771544396877288818359375">
        <ele>346.600006103515625</ele>
        <time>2026-09-13T03:36:31.000Z</time>
        <extensions>
          <ns3:TrackPointExtension>
            <ns3:hr>113</ns3:hr>
            <ns3:cad>49</ns3:cad>
          </ns3:TrackPointExtension>
        </extensions>
      </trkpt>
      <trkpt lat="37.50197522342205047607421875" lon="121.419638134539127349853515625">
        <ele>347</ele>
        <time>2026-09-13T03:36:33.000Z</time>
        <extensions>
          <ns3:TrackPointExtension>
            <ns3:hr>113</ns3:hr>
            <ns3:cad>0</ns3:cad>
          </ns3:TrackPointExtension>
        </extensions>
      </trkpt>
      <trkpt lat="37.50201813876628875732421875" lon="121.4196416549384593963623046875">
        <ele>347.600006103515625</ele>
        <time>2026-09-13T03:36:36.000Z</time>
        <extensions>
          <ns3:TrackPointExtension>
            <ns3:hr>113</ns3:hr>
            <ns3:cad>100</ns3:cad>
          </ns3:TrackPointExtension>
        </extensions>
      </trkpt>
      <trkpt lat="37.5020333938300609588623046875" lon="121.4196399785578250885009765625">
        <ele>348.20001220703125</ele>
        <time>2026-09-13T03:36:38.000Z</time>
        <extensions>
          <ns3:TrackPointExtension>
            <ns3:hr>114</ns3:hr>
            <ns3:cad>50</ns3:cad>
          </ns3:TrackPointExtension>
        </extensions>
      </trkpt>
      <trkpt lat="37.50207354314625263214111328125" lon="121.41963168047368526458740234375">
        <ele>348.600006103515625</ele>
        <time>2026-09-13T03:36:41.000Z</time>
        <extensions>
          <ns3:TrackPointExtension>
            <ns3:hr>114</ns3:hr>
            <ns3:cad>51</ns3:cad>
          </ns3:TrackPointExtension>
        </extensions>
      </trkpt>
      <trkpt lat="37.50209868885576725006103515625" lon="121.419632770121097564697265625">
        <ele>349.20001220703125</ele>
        <time>2026-09-13T03:36:43.000Z</time>
        <extensions>
          <ns3:TrackPointExtension>
            <ns3:hr>115</ns3:hr>
            <ns3:cad>53</ns3:cad>
          </ns3:TrackPointExtension>
        </extensions>
      </trkpt>
      <trkpt lat="37.5021286122500896453857421875" lon="121.4196336083114147186279296875">
        <ele>349.79998779296875</ele>
        <time>2026-09-13T03:36:46.000Z</time>
        <extensions>
          <ns3:TrackPointExtension>
            <ns3:hr>115</ns3:hr>
            <ns3:cad>0</ns3:cad>
          </ns3:TrackPointExtension>
        </extensions>
      </trkpt>
      <trkpt lat="37.50216272659599781036376953125" lon="121.41962497495114803314208984375">
        <ele>350.399993896484375</ele>
        <time>2026-09-13T03:36:49.000Z</time>
        <extensions>
          <ns3:TrackPointExtension>
            <ns3:hr>116</ns3:hr>
            <ns3:cad>0</ns3:cad>
          </ns3:TrackPointExtension>
        </extensions>
      </trkpt>
      <trkpt lat="37.5021822564303874969482421875" lon="121.41962212510406970977783203125">
        <ele>351</ele>
        <time>2026-09-13T03:36:51.000Z</time>
        <extensions>
          <ns3:TrackPointExtension>
            <ns3:hr>116</ns3:hr>
            <ns3:cad>0</ns3:cad>
          </ns3:TrackPointExtension>
        </extensions>
      </trkpt>
      <trkpt lat="37.50221922062337398529052734375" lon="121.41961592249572277069091796875">
        <ele>351.600006103515625</ele>
        <time>2026-09-13T03:36:54.000Z</time>
        <extensions>
          <ns3:TrackPointExtension>
            <ns3:hr>117</ns3:hr>
            <ns3:cad>0</ns3:cad>
          </ns3:TrackPointExtension>
        </extensions>
      </trkpt>
      <trkpt lat="37.50223883427679538726806640625" lon="121.41961743123829364776611328125">
        <ele>352.20001220703125</ele>
        <time>2026-09-13T03:36:56.000Z</time>
        <extensions>
          <ns3:TrackPointExtension>
            <ns3:hr>118</ns3:hr>
            <ns3:cad>0</ns3:cad>
          </ns3:TrackPointExtension>
        </extensions>
      </trkpt>
      <trkpt lat="37.50226498581469058990478515625" lon="121.4196242205798625946044921875">
        <ele>352.79998779296875</ele>
        <time>2026-09-13T03:36:59.000Z</time>
        <extensions>
          <ns3:TrackPointExtension>
            <ns3:hr>118</ns3:hr>
            <ns3:cad>0</ns3:cad>
          </ns3:TrackPointExtension>
        </extensions>
      </trkpt>
      <trkpt lat="37.50232449732720851898193359375" lon="121.41964140348136425018310546875">
        <ele>354</ele>
        <time>2026-09-13T03:37:04.000Z</time>
        <extensions>
          <ns3:TrackPointExtension>
            <ns3:hr>119</ns3:hr>
            <ns3:cad>0</ns3:cad>
          </ns3:TrackPointExtension>
        </extensions>
      </trkpt>
      <trkpt lat="37.50239440239965915679931640625" lon="121.41966403461992740631103515625">
        <ele>355.20001220703125</ele>
        <time>2026-09-13T03:37:10.000Z</time>
        <extensions>
          <ns3:TrackPointExtension>
            <ns3:hr>119</ns3:hr>
            <ns3:cad>0</ns3:cad>
          </ns3:TrackPointExtension>
        </extensions>
      </trkpt>
      <trkpt lat="37.5024466216564178466796875" lon="121.41967509873211383819580078125">
        <ele>356.20001220703125</ele>
        <time>2026-09-13T03:37:15.000Z</time>
        <extensions>
          <ns3:TrackPointExtension>
            <ns3:hr>119</ns3:hr>
            <ns3:cad>0</ns3:cad>
          </ns3:TrackPointExtension>
        </extensions>
      </trkpt>
      <trkpt lat="37.502462379634380340576171875" lon="121.4196792058646678924560546875">
        <ele>356.600006103515625</ele>
        <time>2026-09-13T03:37:17.000Z</time>
        <extensions>
          <ns3:TrackPointExtension>
            <ns3:hr>118</ns3:hr>
            <ns3:cad>0</ns3:cad>
          </ns3:TrackPointExtension>
        </extensions>
      </trkpt>
      <trkpt lat="37.50249800272285938262939453125" lon="121.41968348063528537750244140625">
        <ele>357.399993896484375</ele>
        <time>2026-09-13T03:37:20.000Z</time>
        <extensions>
          <ns3:TrackPointExtension>
            <ns3:hr>117</ns3:hr>
            <ns3:cad>0</ns3:cad>
          </ns3:TrackPointExtension>
        </extensions>
      </trkpt>
      <trkpt lat="37.5025332905352115631103515625" lon="121.4196849055588245391845703125">
        <ele>358</ele>
        <time>2026-09-13T03:37:23.000Z</time>
        <extensions>
          <ns3:TrackPointExtension>
            <ns3:hr>117</ns3:hr>
            <ns3:cad>0</ns3:cad>
          </ns3:TrackPointExtension>
        </extensions>
      </trkpt>
      <trkpt lat="37.5025540776550769805908203125" lon="121.4196899347007274627685546875">
        <ele>358.600006103515625</ele>
        <time>2026-09-13T03:37:25.000Z</time>
        <extensions>
          <ns3:TrackPointExtension>
            <ns3:hr>117</ns3:hr>
            <ns3:cad>0</ns3:cad>
          </ns3:TrackPointExtension>
        </extensions>
      </trkpt>
      <trkpt lat="37.50258584506809711456298828125" lon="121.41971767880022525787353515625">
        <ele>359.399993896484375</ele>
        <time>2026-09-13T03:37:29.000Z</time>
        <extensions>
          <ns3:TrackPointExtension>
            <ns3:hr>116</ns3:hr>
            <ns3:cad>0</ns3:cad>
          </ns3:TrackPointExtension>
        </extensions>
      </trkpt>
      <trkpt lat="37.502601854503154754638671875" lon="121.41973100602626800537109375">
        <ele>359.600006103515625</ele>
        <time>2026-09-13T03:37:33.000Z</time>
        <extensions>
          <ns3:TrackPointExtension>
            <ns3:hr>115</ns3:hr>
            <ns3:cad>0</ns3:cad>
          </ns3:TrackPointExtension>
        </extensions>
      </trkpt>
      <trkpt lat="37.5026236474514007568359375" lon="121.4197415672242641448974609375">
        <ele>360.399993896484375</ele>
        <time>2026-09-13T03:37:37.000Z</time>
        <extensions>
          <ns3:TrackPointExtension>
            <ns3:hr>115</ns3:hr>
            <ns3:cad>0</ns3:cad>
          </ns3:TrackPointExtension>
        </extensions>
      </trkpt>
      <trkpt lat="37.50263881869614124298095703125" lon="121.41974651254713535308837890625">
        <ele>360.79998779296875</ele>
        <time>2026-09-13T03:37:39.000Z</time>
        <extensions>
          <ns3:TrackPointExtension>
            <ns3:hr>116</ns3:hr>
            <ns3:cad>0</ns3:cad>
          </ns3:TrackPointExtension>
        </extensions>
      </trkpt>
      <trkpt lat="37.502672262489795684814453125" lon="121.41975891776382923126220703125">
        <ele>361.79998779296875</ele>
        <time>2026-09-13T03:37:44.000Z</time>
        <extensions>
          <ns3:TrackPointExtension>
            <ns3:hr>117</ns3:hr>
            <ns3:cad>0</ns3:cad>
          </ns3:TrackPointExtension>
        </extensions>
      </trkpt>
      <trkpt lat="37.5026788003742694854736328125" lon="121.41976377926766872406005859375">
        <ele>361.79998779296875</ele>
        <time>2026-09-13T03:37:45.000Z</time>
        <extensions>
          <ns3:TrackPointExtension>
            <ns3:hr>117</ns3:hr>
            <ns3:cad>0</ns3:cad>
          </ns3:TrackPointExtension>
        </extensions>
      </trkpt>
      <trkpt lat="37.5027166865766048431396484375" lon="121.419772244989871978759765625">
        <ele>362.79998779296875</ele>
        <time>2026-09-13T03:37:51.000Z</time>
        <extensions>
          <ns3:TrackPointExtension>
            <ns3:hr>118</ns3:hr>
            <ns3:cad>0</ns3:cad>
          </ns3:TrackPointExtension>
        </extensions>
      </trkpt>
      <trkpt lat="37.50271777622401714324951171875" lon="121.4197719097137451171875">
        <ele>363</ele>
        <time>2026-09-13T03:37:52.000Z</time>
        <extensions>
          <ns3:TrackPointExtension>
            <ns3:hr>118</ns3:hr>
            <ns3:cad>0</ns3:cad>
          </ns3:TrackPointExtension>
        </extensions>
      </trkpt>
      <trkpt lat="37.50274258665740489959716796875" lon="121.41977383755147457122802734375">
        <ele>363.399993896484375</ele>
        <time>2026-09-13T03:37:55.000Z</time>
        <extensions>
          <ns3:TrackPointExtension>
            <ns3:hr>122</ns3:hr>
            <ns3:cad>0</ns3:cad>
          </ns3:TrackPointExtension>
        </extensions>
      </trkpt>
      <trkpt lat="37.50274912454187870025634765625" lon="121.4197757653892040252685546875">
        <ele>363.600006103515625</ele>
        <time>2026-09-13T03:37:56.000Z</time>
        <extensions>
          <ns3:TrackPointExtension>
            <ns3:hr>122</ns3:hr>
            <ns3:cad>15</ns3:cad>
          </ns3:TrackPointExtension>
        </extensions>
      </trkpt>
      <trkpt lat="37.5027706660330295562744140625" lon="121.4197777770459651947021484375">
        <ele>364</ele>
        <time>2026-09-13T03:37:59.000Z</time>
        <extensions>
          <ns3:TrackPointExtension>
            <ns3:hr>123</ns3:hr>
            <ns3:cad>15</ns3:cad>
          </ns3:TrackPointExtension>
        </extensions>
      </trkpt>
      <trkpt lat="37.502792961895465850830078125" lon="121.41977853141725063323974609375">
        <ele>364.600006103515625</ele>
        <time>2026-09-13T03:38:02.000Z</time>
        <extensions>
          <ns3:TrackPointExtension>
            <ns3:hr>123</ns3:hr>
            <ns3:cad>15</ns3:cad>
          </ns3:TrackPointExtension>
        </extensions>
      </trkpt>
      <trkpt lat="37.502815425395965576171875" lon="121.41977635212242603302001953125">
        <ele>365.20001220703125</ele>
        <time>2026-09-13T03:38:06.000Z</time>
        <extensions>
          <ns3:TrackPointExtension>
            <ns3:hr>123</ns3:hr>
            <ns3:cad>0</ns3:cad>
          </ns3:TrackPointExtension>
        </extensions>
      </trkpt>
      <trkpt lat="37.502819783985614776611328125" lon="121.41977383755147457122802734375">
        <ele>365.20001220703125</ele>
        <time>2026-09-13T03:38:07.000Z</time>
        <extensions>
          <ns3:TrackPointExtension>
            <ns3:hr>123</ns3:hr>
            <ns3:cad>0</ns3:cad>
          </ns3:TrackPointExtension>
        </extensions>
      </trkpt>
      <trkpt lat="37.5028645433485507965087890625" lon="121.41976763494312763214111328125">
        <ele>366.20001220703125</ele>
        <time>2026-09-13T03:38:13.000Z</time>
        <extensions>
          <ns3:TrackPointExtension>
            <ns3:hr>123</ns3:hr>
            <ns3:cad>0</ns3:cad>
          </ns3:TrackPointExtension>
        </extensions>
      </trkpt>
      <trkpt lat="37.50290033407509326934814453125" lon="121.41977258026599884033203125">
        <ele>367</ele>
        <time>2026-09-13T03:38:18.000Z</time>
        <extensions>
          <ns3:TrackPointExtension>
            <ns3:hr>121</ns3:hr>
            <ns3:cad>0</ns3:cad>
          </ns3:TrackPointExtension>
        </extensions>
      </trkpt>
      <trkpt lat="37.50291391275823116302490234375" lon="121.41977651976048946380615234375">
        <ele>367.399993896484375</ele>
        <time>2026-09-13T03:38:20.000Z</time>
        <extensions>
          <ns3:TrackPointExtension>
            <ns3:hr>120</ns3:hr>
            <ns3:cad>0</ns3:cad>
          </ns3:TrackPointExtension>
        </extensions>
      </trkpt>
      <trkpt lat="37.50292816199362277984619140625" lon="121.41977123916149139404296875">
        <ele>367.79998779296875</ele>
        <time>2026-09-13T03:38:23.000Z</time>
        <extensions>
          <ns3:TrackPointExtension>
            <ns3:hr>120</ns3:hr>
            <ns3:cad>0</ns3:cad>
          </ns3:TrackPointExtension>
        </extensions>
      </trkpt>
      <trkpt lat="37.502965964376926422119140625" lon="121.4197747595608234405517578125">
        <ele>368.399993896484375</ele>
        <time>2026-09-13T03:38:28.000Z</time>
        <extensions>
          <ns3:TrackPointExtension>
            <ns3:hr>120</ns3:hr>
            <ns3:cad>0</ns3:cad>
          </ns3:TrackPointExtension>
        </extensions>
      </trkpt>
      <trkpt lat="37.50299655832350254058837890625" lon="121.4197866618633270263671875">
        <ele>369.20001220703125</ele>
        <time>2026-09-13T03:38:33.000Z</time>
        <extensions>
          <ns3:TrackPointExtension>
            <ns3:hr>118</ns3:hr>
            <ns3:cad>0</ns3:cad>
          </ns3:TrackPointExtension>
        </extensions>
      </trkpt>
      <trkpt lat="37.50301181338727474212646484375" lon="121.419789008796215057373046875">
        <ele>369.600006103515625</ele>
        <time>2026-09-13T03:38:35.000Z</time>
        <extensions>
          <ns3:TrackPointExtension>
            <ns3:hr>117</ns3:hr>
            <ns3:cad>0</ns3:cad>
          </ns3:TrackPointExtension>
        </extensions>
      </trkpt>
      <trkpt lat="37.50302664935588836669921875" lon="121.41979177482426166534423828125">
        <ele>369.79998779296875</ele>
        <time>2026-09-13T03:38:37.000Z</time>
        <extensions>
          <ns3:TrackPointExtension>
            <ns3:hr>117</ns3:hr>
            <ns3:cad>0</ns3:cad>
          </ns3:TrackPointExtension>
        </extensions>
      </trkpt>
      <trkpt lat="37.5030740909278392791748046875" lon="121.4197955466806888580322265625">
        <ele>370.600006103515625</ele>
        <time>2026-09-13T03:38:41.000Z</time>
        <extensions>
          <ns3:TrackPointExtension>
            <ns3:hr>116</ns3:hr>
            <ns3:cad>0</ns3:cad>
          </ns3:TrackPointExtension>
        </extensions>
      </trkpt>
      <trkpt lat="37.50309948809444904327392578125" lon="121.4198012463748455047607421875">
        <ele>370.79998779296875</ele>
        <time>2026-09-13T03:38:43.000Z</time>
        <extensions>
          <ns3:TrackPointExtension>
            <ns3:hr>116</ns3:hr>
            <ns3:cad>0</ns3:cad>
          </ns3:TrackPointExtension>
        </extensions>
      </trkpt>
      <trkpt lat="37.50314734876155853271484375" lon="121.41981021501123905181884765625">
        <ele>371.20001220703125</ele>
        <time>2026-09-13T03:38:46.000Z</time>
        <extensions>
          <ns3:TrackPointExtension>
            <ns3:hr>119</ns3:hr>
            <ns3:cad>0</ns3:cad>
          </ns3:TrackPointExtension>
        </extensions>
      </trkpt>
      <trkpt lat="37.5032135657966136932373046875" lon="121.419830583035945892333984375">
        <ele>371.600006103515625</ele>
        <time>2026-09-13T03:38:52.000Z</time>
        <extensions>
          <ns3:TrackPointExtension>
            <ns3:hr>120</ns3:hr>
            <ns3:cad>0</ns3:cad>
          </ns3:TrackPointExtension>
        </extensions>
      </trkpt>
      <trkpt lat="37.503303587436676025390625" lon="121.419855393469333648681640625">
        <ele>372</ele>
        <time>2026-09-13T03:39:01.000Z</time>
        <extensions>
          <ns3:TrackPointExtension>
            <ns3:hr>120</ns3:hr>
            <ns3:cad>0</ns3:cad>
          </ns3:TrackPointExtension>
        </extensions>
      </trkpt>
      <trkpt lat="37.50333032570779323577880859375" lon="121.41986385919153690338134765625">
        <ele>372.20001220703125</ele>
        <time>2026-09-13T03:39:05.000Z</time>
        <extensions>
          <ns3:TrackPointExtension>
            <ns3:hr>117</ns3:hr>
            <ns3:cad>0</ns3:cad>
          </ns3:TrackPointExtension>
        </extensions>
      </trkpt>
      <trkpt lat="37.5033620931208133697509765625" lon="121.4198743365705013275146484375">
        <ele>372.20001220703125</ele>
        <time>2026-09-13T03:39:08.000Z</time>
        <extensions>
          <ns3:TrackPointExtension>
            <ns3:hr>116</ns3:hr>
            <ns3:cad>0</ns3:cad>
          </ns3:TrackPointExtension>
        </extensions>
      </trkpt>
      <trkpt lat="37.5033989734947681427001953125" lon="121.4198833890259265899658203125">
        <ele>372.399993896484375</ele>
        <time>2026-09-13T03:39:13.000Z</time>
        <extensions>
          <ns3:TrackPointExtension>
            <ns3:hr>116</ns3:hr>
            <ns3:cad>0</ns3:cad>
          </ns3:TrackPointExtension>
        </extensions>
      </trkpt>
      <trkpt lat="37.5034546293318271636962890625" lon="121.41990425996482372283935546875">
        <ele>372.399993896484375</ele>
        <time>2026-09-13T03:39:20.000Z</time>
        <extensions>
          <ns3:TrackPointExtension>
            <ns3:hr>114</ns3:hr>
            <ns3:cad>0</ns3:cad>
          </ns3:TrackPointExtension>
        </extensions>
      </trkpt>
      <trkpt lat="37.5034563057124614715576171875" lon="121.41991649754345417022705078125">
        <ele>372.399993896484375</ele>
        <time>2026-09-13T03:39:21.000Z</time>
        <extensions>
          <ns3:TrackPointExtension>
            <ns3:hr>114</ns3:hr>
            <ns3:cad>61</ns3:cad>
          </ns3:TrackPointExtension>
        </extensions>
      </trkpt>
      <trkpt lat="37.5034765899181365966796875" lon="121.4199890010058879852294921875">
        <ele>372.399993896484375</ele>
        <time>2026-09-13T03:39:27.000Z</time>
        <extensions>
          <ns3:TrackPointExtension>
            <ns3:hr>113</ns3:hr>
            <ns3:cad>0</ns3:cad>
          </ns3:TrackPointExtension>
        </extensions>
      </trkpt>
      <trkpt lat="37.50352285802364349365234375" lon="121.4200584031641483306884765625">
        <ele>372.600006103515625</ele>
        <time>2026-09-13T03:39:34.000Z</time>
        <extensions>
          <ns3:TrackPointExtension>
            <ns3:hr>111</ns3:hr>
            <ns3:cad>65</ns3:cad>
          </ns3:TrackPointExtension>
        </extensions>
      </trkpt>
      <trkpt lat="37.50354238785803318023681640625" lon="121.42011280171573162078857421875">
        <ele>372.399993896484375</ele>
        <time>2026-09-13T03:39:39.000Z</time>
        <extensions>
          <ns3:TrackPointExtension>
            <ns3:hr>109</ns3:hr>
            <ns3:cad>0</ns3:cad>
          </ns3:TrackPointExtension>
        </extensions>
      </trkpt>
      <trkpt lat="37.50358630903065204620361328125" lon="121.42018572427332401275634765625">
        <ele>372.20001220703125</ele>
        <time>2026-09-13T03:39:47.000Z</time>
        <extensions>
          <ns3:TrackPointExtension>
            <ns3:hr>108</ns3:hr>
            <ns3:cad>55</ns3:cad>
          </ns3:TrackPointExtension>
        </extensions>
      </trkpt>
      <trkpt lat="37.50362151302397251129150390625" lon="121.42024464905261993408203125">
        <ele>372</ele>
        <time>2026-09-13T03:39:53.000Z</time>
        <extensions>
          <ns3:TrackPointExtension>
            <ns3:hr>106</ns3:hr>
            <ns3:cad>0</ns3:cad>
          </ns3:TrackPointExtension>
        </extensions>
      </trkpt>
      <trkpt lat="37.503643222153186798095703125" lon="121.42029854469001293182373046875">
        <ele>371.79998779296875</ele>
        <time>2026-09-13T03:40:00.000Z</time>
        <extensions>
          <ns3:TrackPointExtension>
            <ns3:hr>107</ns3:hr>
            <ns3:cad>0</ns3:cad>
          </ns3:TrackPointExtension>
        </extensions>
      </trkpt>
      <trkpt lat="37.5036712177097797393798828125" lon="121.42032553441822528839111328125">
        <ele>371.79998779296875</ele>
        <time>2026-09-13T03:40:07.000Z</time>
        <extensions>
          <ns3:TrackPointExtension>
            <ns3:hr>107</ns3:hr>
            <ns3:cad>0</ns3:cad>
          </ns3:TrackPointExtension>
        </extensions>
      </trkpt>
      <trkpt lat="37.503682784736156463623046875" lon="121.4203229360282421112060546875">
        <ele>371.79998779296875</ele>
        <time>2026-09-13T03:40:09.000Z</time>
        <extensions>
          <ns3:TrackPointExtension>
            <ns3:hr>106</ns3:hr>
            <ns3:cad>0</ns3:cad>
          </ns3:TrackPointExtension>
        </extensions>
      </trkpt>
      <trkpt lat="37.50369812361896038055419921875" lon="121.420328803360462188720703125">
        <ele>371.600006103515625</ele>
        <time>2026-09-13T03:40:17.000Z</time>
        <extensions>
          <ns3:TrackPointExtension>
            <ns3:hr>105</ns3:hr>
            <ns3:cad>0</ns3:cad>
          </ns3:TrackPointExtension>
        </extensions>
      </trkpt>
      <trkpt lat="37.50370013527572154998779296875" lon="121.42032586969435214996337890625">
        <ele>371.399993896484375</ele>
        <time>2026-09-13T03:40:30.000Z</time>
        <extensions>
          <ns3:TrackPointExtension>
            <ns3:hr>102</ns3:hr>
            <ns3:cad>0</ns3:cad>
          </ns3:TrackPointExtension>
        </extensions>
      </trkpt>
      <trkpt lat="37.5036980397999286651611328125" lon="121.42032377421855926513671875">
        <ele>371.399993896484375</ele>
        <time>2026-09-13T03:40:33.000Z</time>
        <extensions>
          <ns3:TrackPointExtension>
            <ns3:hr>101</ns3:hr>
            <ns3:cad>0</ns3:cad>
          </ns3:TrackPointExtension>
        </extensions>
      </trkpt>
      <trkpt lat="37.5037007220089435577392578125" lon="121.4203269593417644500732421875">
        <ele>371.399993896484375</ele>
        <time>2026-09-13T03:40:38.000Z</time>
        <extensions>
          <ns3:TrackPointExtension>
            <ns3:hr>98</ns3:hr>
            <ns3:cad>0</ns3:cad>
          </ns3:TrackPointExtension>
        </extensions>
      </trkpt>
      <trkpt lat="37.5037007220089435577392578125" lon="121.4203269593417644500732421875">
        <ele>371.20001220703125</ele>
        <time>2026-09-13T03:40:40.000Z</time>
        <extensions>
          <ns3:TrackPointExtension>
            <ns3:hr>95</ns3:hr>
            <ns3:cad>0</ns3:cad>
          </ns3:TrackPointExtension>
        </extensions>
      </trkpt>
      <trkpt lat="37.5037007220089435577392578125" lon="121.4203269593417644500732421875">
        <ele>371.20001220703125</ele>
        <time>2026-09-13T03:40:42.000Z</time>
        <extensions>
          <ns3:TrackPointExtension>
            <ns3:hr>92</ns3:hr>
            <ns3:cad>0</ns3:cad>
          </ns3:TrackPointExtension>
        </extensions>
      </trkpt>
      <trkpt lat="37.5037007220089435577392578125" lon="121.4203269593417644500732421875">
        <ele>371.20001220703125</ele>
        <time>2026-09-13T03:40:44.000Z</time>
        <extensions>
          <ns3:TrackPointExtension>
            <ns3:hr>89</ns3:hr>
            <ns3:cad>0</ns3:cad>
          </ns3:TrackPointExtension>
        </extensions>
      </trkpt>
      <trkpt lat="37.50369778834283351898193359375" lon="121.420324109494686126708984375">
        <ele>371.20001220703125</ele>
        <time>2026-09-13T03:40:52.000Z</time>
        <extensions>
          <ns3:TrackPointExtension>
            <ns3:hr>86</ns3:hr>
            <ns3:cad>0</ns3:cad>
          </ns3:TrackPointExtension>
        </extensions>
      </trkpt>
      <trkpt lat="37.5036943517625331878662109375" lon="121.420329473912715911865234375">
        <ele>371</ele>
        <time>2026-09-13T03:41:01.000Z</time>
        <extensions>
          <ns3:TrackPointExtension>
            <ns3:hr>84</ns3:hr>
            <ns3:cad>0</ns3:cad>
          </ns3:TrackPointExtension>
        </extensions>
      </trkpt>
      <trkpt lat="37.50369041226804256439208984375" lon="121.420327126979827880859375">
        <ele>371</ele>
        <time>2026-09-13T03:41:10.000Z</time>
        <extensions>
          <ns3:TrackPointExtension>
            <ns3:hr>83</ns3:hr>
            <ns3:cad>0</ns3:cad>
          </ns3:TrackPointExtension>
        </extensions>
      </trkpt>
      <trkpt lat="37.50369057990610599517822265625" lon="121.42033223994076251983642578125">
        <ele>370.79998779296875</ele>
        <time>2026-09-13T03:41:19.000Z</time>
        <extensions>
          <ns3:TrackPointExtension>
            <ns3:hr>82</ns3:hr>
            <ns3:cad>0</ns3:cad>
          </ns3:TrackPointExtension>
        </extensions>
      </trkpt>
      <trkpt lat="37.50369192101061344146728515625" lon="121.42033584415912628173828125">
        <ele>370.79998779296875</ele>
        <time>2026-09-13T03:41:22.000Z</time>
        <extensions>
          <ns3:TrackPointExtension>
            <ns3:hr>79</ns3:hr>
            <ns3:cad>0</ns3:cad>
          </ns3:TrackPointExtension>
        </extensions>
      </trkpt>
      <trkpt lat="37.50367398373782634735107421875" lon="121.4203350059688091278076171875">
        <ele>371</ele>
        <time>2026-09-13T03:41:31.000Z</time>
        <extensions>
          <ns3:TrackPointExtension>
            <ns3:hr>79</ns3:hr>
            <ns3:cad>0</ns3:cad>
          </ns3:TrackPointExtension>
        </extensions>
      </trkpt>
      <trkpt lat="37.5036547891795635223388671875" lon="121.42035168595612049102783203125">
        <ele>370.79998779296875</ele>
        <time>2026-09-13T03:41:37.000Z</time>
        <extensions>
          <ns3:TrackPointExtension>
            <ns3:hr>82</ns3:hr>
            <ns3:cad>0</ns3:cad>
          </ns3:TrackPointExtension>
        </extensions>
      </trkpt>
      <trkpt lat="37.50365537591278553009033203125" lon="121.4203578047454357147216796875">
        <ele>371.20001220703125</ele>
        <time>2026-09-13T03:41:40.000Z</time>
        <extensions>
          <ns3:TrackPointExtension>
            <ns3:hr>82</ns3:hr>
            <ns3:cad>0</ns3:cad>
          </ns3:TrackPointExtension>
        </extensions>
      </trkpt>
      <trkpt lat="37.5036581419408321380615234375" lon="121.4203534461557865142822265625">
        <ele>371.600006103515625</ele>
        <time>2026-09-13T03:41:51.000Z</time>
        <extensions>
          <ns3:TrackPointExtension>
            <ns3:hr>83</ns3:hr>
            <ns3:cad>0</ns3:cad>
          </ns3:TrackPointExtension>
        </extensions>
      </trkpt>
      <trkpt lat="37.5036581419408321380615234375" lon="121.4203534461557865142822265625">
        <ele>371.600006103515625</ele>
        <time>2026-09-13T03:41:55.000Z</time>
        <extensions>
          <ns3:TrackPointExtension>
            <ns3:hr>86</ns3:hr>
            <ns3:cad>0</ns3:cad>
          </ns3:TrackPointExtension>
        </extensions>
      </trkpt>
      <trkpt lat="37.5036581419408321380615234375" lon="121.4203534461557865142822265625">
        <ele>371.600006103515625</ele>
        <time>2026-09-13T03:41:58.000Z</time>
        <extensions>
          <ns3:TrackPointExtension>
            <ns3:hr>89</ns3:hr>
            <ns3:cad>0</ns3:cad>
          </ns3:TrackPointExtension>
        </extensions>
      </trkpt>
      <trkpt lat="37.5036574713885784149169921875" lon="121.42035118304193019866943359375">
        <ele>371.20001220703125</ele>
        <time>2026-09-13T03:42:02.000Z</time>
        <extensions>
          <ns3:TrackPointExtension>
            <ns3:hr>92</ns3:hr>
            <ns3:cad>0</ns3:cad>
          </ns3:TrackPointExtension>
        </extensions>
      </trkpt>
      <trkpt lat="37.5036588124930858612060546875" lon="121.4203457348048686981201171875">
        <ele>371.20001220703125</ele>
        <time>2026-09-13T03:42:04.000Z</time>
        <extensions>
          <ns3:TrackPointExtension>
            <ns3:hr>91</ns3:hr>
            <ns3:cad>0</ns3:cad>
          </ns3:TrackPointExtension>
        </extensions>
      </trkpt>
      <trkpt lat="37.50368605367839336395263671875" lon="121.42032419331371784210205078125">
        <ele>371</ele>
        <time>2026-09-13T03:42:12.000Z</time>
        <extensions>
          <ns3:TrackPointExtension>
            <ns3:hr>91</ns3:hr>
            <ns3:cad>0</ns3:cad>
          </ns3:TrackPointExtension>
        </extensions>
      </trkpt>
      <trkpt lat="37.5036759115755558013916015625" lon="121.42033190466463565826416015625">
        <ele>371</ele>
        <time>2026-09-13T03:42:20.000Z</time>
        <extensions>
          <ns3:TrackPointExtension>
            <ns3:hr>91</ns3:hr>
            <ns3:cad>0</ns3:cad>
          </ns3:TrackPointExtension>
        </extensions>
      </trkpt>
      <trkpt lat="37.50368270091712474822998046875" lon="121.420327126979827880859375">
        <ele>370.79998779296875</ele>
        <time>2026-09-13T03:42:25.000Z</time>
        <extensions>
          <ns3:TrackPointExtension>
            <ns3:hr>87</ns3:hr>
            <ns3:cad>0</ns3:cad>
          </ns3:TrackPointExtension>
        </extensions>
      </trkpt>
      <trkpt lat="37.503684125840663909912109375" lon="121.42032704316079616546630859375">
        <ele>370.79998779296875</ele>
        <time>2026-09-13T03:42:31.000Z</time>
        <extensions>
          <ns3:TrackPointExtension>
            <ns3:hr>86</ns3:hr>
            <ns3:cad>0</ns3:cad>
          </ns3:TrackPointExtension>
        </extensions>
      </trkpt>
      <trkpt lat="37.50368379056453704833984375" lon="121.42031899653375148773193359375">
        <ele>371</ele>
        <time>2026-09-13T03:42:42.000Z</time>
        <extensions>
          <ns3:TrackPointExtension>
            <ns3:hr>90</ns3:hr>
            <ns3:cad>0</ns3:cad>
          </ns3:TrackPointExtension>
        </extensions>
      </trkpt>
      <trkpt lat="37.50368638895452022552490234375" lon="121.420317403972148895263671875">
        <ele>371</ele>
        <time>2026-09-13T03:42:43.000Z</time>
        <extensions>
          <ns3:TrackPointExtension>
            <ns3:hr>90</ns3:hr>
            <ns3:cad>0</ns3:cad>
          </ns3:TrackPointExtension>
        </extensions>
      </trkpt>
      <trkpt lat="37.5036866404116153717041015625" lon="121.42031648196280002593994140625">
        <ele>371</ele>
        <time>2026-09-13T03:42:44.000Z</time>
        <extensions>
          <ns3:TrackPointExtension>
            <ns3:hr>91</ns3:hr>
            <ns3:cad>0</ns3:cad>
          </ns3:TrackPointExtension>
        </extensions>
      </trkpt>
      <trkpt lat="37.50367498956620693206787109375" lon="121.42033022828400135040283203125">
        <ele>371</ele>
        <time>2026-09-13T03:42:56.000Z</time>
        <extensions>
          <ns3:TrackPointExtension>
            <ns3:hr>90</ns3:hr>
            <ns3:cad>0</ns3:cad>
          </ns3:TrackPointExtension>
        </extensions>
      </trkpt>
      <trkpt lat="37.50367532484233379364013671875" lon="121.42033022828400135040283203125">
        <ele>371.20001220703125</ele>
        <time>2026-09-13T03:43:15.000Z</time>
        <extensions>
          <ns3:TrackPointExtension>
            <ns3:hr>89</ns3:hr>
            <ns3:cad>0</ns3:cad>
          </ns3:TrackPointExtension>
        </extensions>
      </trkpt>
      <trkpt lat="37.50367532484233379364013671875" lon="121.42033022828400135040283203125">
        <ele>371</ele>
        <time>2026-09-13T03:43:26.000Z</time>
        <extensions>
          <ns3:TrackPointExtension>
            <ns3:hr>92</ns3:hr>
            <ns3:cad>0</ns3:cad>
          </ns3:TrackPointExtension>
        </extensions>
      </trkpt>
      <trkpt lat="37.50368270091712474822998046875" lon="121.420321427285671234130859375">
        <ele>371</ele>
        <time>2026-09-13T03:43:33.000Z</time>
        <extensions>
          <ns3:TrackPointExtension>
            <ns3:hr>89</ns3:hr>
            <ns3:cad>0</ns3:cad>
          </ns3:TrackPointExtension>
        </extensions>
      </trkpt>
      <trkpt lat="37.5037184916436672210693359375" lon="121.420321762561798095703125">
        <ele>371</ele>
        <time>2026-09-13T03:43:43.000Z</time>
        <extensions>
          <ns3:TrackPointExtension>
            <ns3:hr>95</ns3:hr>
            <ns3:cad>0</ns3:cad>
          </ns3:TrackPointExtension>
        </extensions>
      </trkpt>
      <trkpt lat="37.50372469425201416015625" lon="121.4203204214572906494140625">
        <ele>371</ele>
        <time>2026-09-13T03:43:44.000Z</time>
        <extensions>
          <ns3:TrackPointExtension>
            <ns3:hr>95</ns3:hr>
            <ns3:cad>0</ns3:cad>
          </ns3:TrackPointExtension>
        </extensions>
      </trkpt>
      <trkpt lat="37.50376232899725437164306640625" lon="121.42031011171638965606689453125">
        <ele>371.20001220703125</ele>
        <time>2026-09-13T03:43:52.000Z</time>
        <extensions>
          <ns3:TrackPointExtension>
            <ns3:hr>96</ns3:hr>
            <ns3:cad>0</ns3:cad>
          </ns3:TrackPointExtension>
        </extensions>
      </trkpt>
      <trkpt lat="37.5037785060703754425048828125" lon="121.42025395296514034271240234375">
        <ele>371</ele>
        <time>2026-09-13T03:43:59.000Z</time>
        <extensions>
          <ns3:TrackPointExtension>
            <ns3:hr>97</ns3:hr>
            <ns3:cad>0</ns3:cad>
          </ns3:TrackPointExtension>
        </extensions>
      </trkpt>
      <trkpt lat="37.50378898344933986663818359375" lon="121.42018471844494342803955078125">
        <ele>371.20001220703125</ele>
        <time>2026-09-13T03:44:04.000Z</time>
        <extensions>
          <ns3:TrackPointExtension>
            <ns3:hr>94</ns3:hr>
            <ns3:cad>0</ns3:cad>
          </ns3:TrackPointExtension>
        </extensions>
      </trkpt>
      <trkpt lat="37.5037909112870693206787109375" lon="121.420143060386180877685546875">
        <ele>371.20001220703125</ele>
        <time>2026-09-13T03:44:07.000Z</time>
        <extensions>
          <ns3:TrackPointExtension>
            <ns3:hr>93</ns3:hr>
            <ns3:cad>0</ns3:cad>
          </ns3:TrackPointExtension>
        </extensions>
      </trkpt>
      <trkpt lat="37.5037865526974201202392578125" lon="121.4200681261718273162841796875">
        <ele>371.20001220703125</ele>
        <time>2026-09-13T03:44:13.000Z</time>
        <extensions>
          <ns3:TrackPointExtension>
            <ns3:hr>100</ns3:hr>
            <ns3:cad>0</ns3:cad>
          </ns3:TrackPointExtension>
        </extensions>
      </trkpt>
      <trkpt lat="37.50378814525902271270751953125" lon="121.42005865462124347686767578125">
        <ele>371.20001220703125</ele>
        <time>2026-09-13T03:44:14.000Z</time>
        <extensions>
          <ns3:TrackPointExtension>
            <ns3:hr>104</ns3:hr>
            <ns3:cad>0</ns3:cad>
          </ns3:TrackPointExtension>
        </extensions>
      </trkpt>
      <trkpt lat="37.5037885643541812896728515625" lon="121.42005027271807193756103515625">
        <ele>371.20001220703125</ele>
        <time>2026-09-13T03:44:15.000Z</time>
        <extensions>
          <ns3:TrackPointExtension>
            <ns3:hr>106</ns3:hr>
            <ns3:cad>0</ns3:cad>
          </ns3:TrackPointExtension>
        </extensions>
      </trkpt>
      <trkpt lat="37.50378864817321300506591796875" lon="121.4199745841324329376220703125">
        <ele>370.600006103515625</ele>
        <time>2026-09-13T03:44:22.000Z</time>
        <extensions>
          <ns3:TrackPointExtension>
            <ns3:hr>105</ns3:hr>
            <ns3:cad>61</ns3:cad>
          </ns3:TrackPointExtension>
        </extensions>
      </trkpt>
      <trkpt lat="37.50379334203898906707763671875" lon="121.4199662022292613983154296875">
        <ele>370.399993896484375</ele>
        <time>2026-09-13T03:44:23.000Z</time>
        <extensions>
          <ns3:TrackPointExtension>
            <ns3:hr>105</ns3:hr>
            <ns3:cad>0</ns3:cad>
          </ns3:TrackPointExtension>
        </extensions>
      </trkpt>
      <trkpt lat="37.50383625738322734832763671875" lon="121.41991398297250270843505859375">
        <ele>369.600006103515625</ele>
        <time>2026-09-13T03:44:31.000Z</time>
        <extensions>
          <ns3:TrackPointExtension>
            <ns3:hr>107</ns3:hr>
            <ns3:cad>0</ns3:cad>
          </ns3:TrackPointExtension>
        </extensions>
      </trkpt>
      <trkpt lat="37.5038448907434940338134765625" lon="121.419913731515407562255859375">
        <ele>369.399993896484375</ele>
        <time>2026-09-13T03:44:32.000Z</time>
        <extensions>
          <ns3:TrackPointExtension>
            <ns3:hr>107</ns3:hr>
            <ns3:cad>0</ns3:cad>
          </ns3:TrackPointExtension>
        </extensions>
      </trkpt>
      <trkpt lat="37.50384497456252574920654296875" lon="121.4199162460863590240478515625">
        <ele>369.399993896484375</ele>
        <time>2026-09-13T03:44:40.000Z</time>
        <extensions>
          <ns3:TrackPointExtension>
            <ns3:hr>108</ns3:hr>
            <ns3:cad>0</ns3:cad>
          </ns3:TrackPointExtension>
        </extensions>
      </trkpt>
      <trkpt lat="37.50385972671210765838623046875" lon="121.4198743365705013275146484375">
        <ele>368.79998779296875</ele>
        <time>2026-09-13T03:44:48.000Z</time>
        <extensions>
          <ns3:TrackPointExtension>
            <ns3:hr>108</ns3:hr>
            <ns3:cad>57</ns3:cad>
          </ns3:TrackPointExtension>
        </extensions>
      </trkpt>
      <trkpt lat="37.503889314830303192138671875" lon="121.4198294095695018768310546875">
        <ele>368.399993896484375</ele>
        <time>2026-09-13T03:44:54.000Z</time>
        <extensions>
          <ns3:TrackPointExtension>
            <ns3:hr>108</ns3:hr>
            <ns3:cad>0</ns3:cad>
          </ns3:TrackPointExtension>
        </extensions>
      </trkpt>
      <trkpt lat="37.5039035640656948089599609375" lon="121.41981415450572967529296875">
        <ele>368</ele>
        <time>2026-09-13T03:44:57.000Z</time>
        <extensions>
          <ns3:TrackPointExtension>
            <ns3:hr>109</ns3:hr>
            <ns3:cad>50</ns3:cad>
          </ns3:TrackPointExtension>
        </extensions>
      </trkpt>
      <trkpt lat="37.50393918715417385101318359375" lon="121.4197962172329425811767578125">
        <ele>367.399993896484375</ele>
        <time>2026-09-13T03:45:05.000Z</time>
        <extensions>
          <ns3:TrackPointExtension>
            <ns3:hr>110</ns3:hr>
            <ns3:cad>0</ns3:cad>
          </ns3:TrackPointExtension>
        </extensions>
      </trkpt>
      <trkpt lat="37.503941617906093597412109375" lon="121.41979965381324291229248046875">
        <ele>367.600006103515625</ele>
        <time>2026-09-13T03:45:15.000Z</time>
        <extensions>
          <ns3:TrackPointExtension>
            <ns3:hr>109</ns3:hr>
            <ns3:cad>0</ns3:cad>
          </ns3:TrackPointExtension>
        </extensions>
      </trkpt>
      <trkpt lat="37.50394421629607677459716796875" lon="121.419794373214244842529296875">
        <ele>367.399993896484375</ele>
        <time>2026-09-13T03:45:23.000Z</time>
        <extensions>
          <ns3:TrackPointExtension>
            <ns3:hr>107</ns3:hr>
            <ns3:cad>0</ns3:cad>
          </ns3:TrackPointExtension>
        </extensions>
      </trkpt>
      <trkpt lat="37.5039602257311344146728515625" lon="121.419776938855648040771484375">
        <ele>367.20001220703125</ele>
        <time>2026-09-13T03:45:25.000Z</time>
        <extensions>
          <ns3:TrackPointExtension>
            <ns3:hr>108</ns3:hr>
            <ns3:cad>0</ns3:cad>
          </ns3:TrackPointExtension>
        </extensions>
      </trkpt>
      <trkpt lat="37.50398210249841213226318359375" lon="121.4197543077170848846435546875">
        <ele>366.79998779296875</ele>
        <time>2026-09-13T03:45:29.000Z</time>
        <extensions>
          <ns3:TrackPointExtension>
            <ns3:hr>108</ns3:hr>
            <ns3:cad>0</ns3:cad>
          </ns3:TrackPointExtension>
        </extensions>
      </trkpt>
      <trkpt lat="37.5040192343294620513916015625" lon="121.41969881951808929443359375">
        <ele>366.600006103515625</ele>
        <time>2026-09-13T03:45:35.000Z</time>
        <extensions>
          <ns3:TrackPointExtension>
            <ns3:hr>101</ns3:hr>
            <ns3:cad>52</ns3:cad>
          </ns3:TrackPointExtension>
        </extensions>
      </trkpt>
      <trkpt lat="37.50403021462261676788330078125" lon="121.41968783922493457794189453125">
        <ele>366.600006103515625</ele>
        <time>2026-09-13T03:45:36.000Z</time>
        <extensions>
          <ns3:TrackPointExtension>
            <ns3:hr>96</ns3:hr>
            <ns3:cad>52</ns3:cad>
          </ns3:TrackPointExtension>
        </extensions>
      </trkpt>
      <trkpt lat="37.5040854513645172119140625" lon="121.419648863375186920166015625">
        <ele>366.20001220703125</ele>
        <time>2026-09-13T03:45:41.000Z</time>
        <extensions>
          <ns3:TrackPointExtension>
            <ns3:hr>94</ns3:hr>
            <ns3:cad>0</ns3:cad>
          </ns3:TrackPointExtension>
        </extensions>
      </trkpt>
      <trkpt lat="37.50409844331443309783935546875" lon="121.419645845890045166015625">
        <ele>366.20001220703125</ele>
        <time>2026-09-13T03:45:42.000Z</time>
        <extensions>
          <ns3:TrackPointExtension>
            <ns3:hr>94</ns3:hr>
            <ns3:cad>0</ns3:cad>
          </ns3:TrackPointExtension>
        </extensions>
      </trkpt>
      <trkpt lat="37.5041560269892215728759765625" lon="121.41963385976850986480712890625">
        <ele>365.79998779296875</ele>
        <time>2026-09-13T03:45:49.000Z</time>
        <extensions>
          <ns3:TrackPointExtension>
            <ns3:hr>96</ns3:hr>
            <ns3:cad>55</ns3:cad>
          </ns3:TrackPointExtension>
        </extensions>
      </trkpt>
      <trkpt lat="37.5041550211608409881591796875" lon="121.41962296329438686370849609375">
        <ele>365.79998779296875</ele>
        <time>2026-09-13T03:45:57.000Z</time>
        <extensions>
          <ns3:TrackPointExtension>
            <ns3:hr>96</ns3:hr>
            <ns3:cad>0</ns3:cad>
          </ns3:TrackPointExtension>
        </extensions>
      </trkpt>
      <trkpt lat="37.504182346165180206298828125" lon="121.41959882341325283050537109375">
        <ele>365.600006103515625</ele>
        <time>2026-09-13T03:46:05.000Z</time>
        <extensions>
          <ns3:TrackPointExtension>
            <ns3:hr>94</ns3:hr>
            <ns3:cad>0</ns3:cad>
          </ns3:TrackPointExtension>
        </extensions>
      </trkpt>
      <trkpt lat="37.50423607416450977325439453125" lon="121.41956546343863010406494140625">
        <ele>365.20001220703125</ele>
        <time>2026-09-13T03:46:11.000Z</time>
        <extensions>
          <ns3:TrackPointExtension>
            <ns3:hr>95</ns3:hr>
            <ns3:cad>0</ns3:cad>
          </ns3:TrackPointExtension>
        </extensions>
      </trkpt>
      <trkpt lat="37.5042839348316192626953125" lon="121.419553644955158233642578125">
        <ele>364.79998779296875</ele>
        <time>2026-09-13T03:46:15.000Z</time>
        <extensions>
          <ns3:TrackPointExtension>
            <ns3:hr>95</ns3:hr>
            <ns3:cad>0</ns3:cad>
          </ns3:TrackPointExtension>
        </extensions>
      </trkpt>
      <trkpt lat="37.50436507165431976318359375" lon="121.41954115591943264007568359375">
        <ele>364.20001220703125</ele>
        <time>2026-09-13T03:46:22.000Z</time>
        <extensions>
          <ns3:TrackPointExtension>
            <ns3:hr>95</ns3:hr>
            <ns3:cad>0</ns3:cad>
          </ns3:TrackPointExtension>
        </extensions>
      </trkpt>
      <trkpt lat="37.50437253154814243316650390625" lon="121.419540233910083770751953125">
        <ele>364.20001220703125</ele>
        <time>2026-09-13T03:46:23.000Z</time>
        <extensions>
          <ns3:TrackPointExtension>
            <ns3:hr>94</ns3:hr>
            <ns3:cad>0</ns3:cad>
          </ns3:TrackPointExtension>
        </extensions>
      </trkpt>
      <trkpt lat="37.5044081546366214752197265625" lon="121.4195360429584980010986328125">
        <ele>363.600006103515625</ele>
        <time>2026-09-13T03:46:27.000Z</time>
        <extensions>
          <ns3:TrackPointExtension>
            <ns3:hr>97</ns3:hr>
            <ns3:cad>79</ns3:cad>
          </ns3:TrackPointExtension>
        </extensions>
      </trkpt>
      <trkpt lat="37.504411675035953521728515625" lon="121.41953679732978343963623046875">
        <ele>363.600006103515625</ele>
        <time>2026-09-13T03:46:28.000Z</time>
        <extensions>
          <ns3:TrackPointExtension>
            <ns3:hr>98</ns3:hr>
            <ns3:cad>0</ns3:cad>
          </ns3:TrackPointExtension>
        </extensions>
      </trkpt>
      <trkpt lat="37.50442148186266422271728515625" lon="121.41953428275883197784423828125">
        <ele>363.600006103515625</ele>
        <time>2026-09-13T03:46:35.000Z</time>
        <extensions>
          <ns3:TrackPointExtension>
            <ns3:hr>99</ns3:hr>
            <ns3:cad>0</ns3:cad>
          </ns3:TrackPointExtension>
        </extensions>
      </trkpt>
      <trkpt lat="37.504475377500057220458984375" lon="121.419549621641635894775390625">
        <ele>363.20001220703125</ele>
        <time>2026-09-13T03:46:42.000Z</time>
        <extensions>
          <ns3:TrackPointExtension>
            <ns3:hr>98</ns3:hr>
            <ns3:cad>0</ns3:cad>
          </ns3:TrackPointExtension>
        </extensions>
      </trkpt>
      <trkpt lat="37.504537068307399749755859375" lon="121.41957216896116733551025390625">
        <ele>362.600006103515625</ele>
        <time>2026-09-13T03:46:49.000Z</time>
        <extensions>
          <ns3:TrackPointExtension>
            <ns3:hr>96</ns3:hr>
            <ns3:cad>0</ns3:cad>
          </ns3:TrackPointExtension>
        </extensions>
      </trkpt>
      <trkpt lat="37.50458174385130405426025390625" lon="121.41959027387201786041259765625">
        <ele>362.20001220703125</ele>
        <time>2026-09-13T03:46:54.000Z</time>
        <extensions>
          <ns3:TrackPointExtension>
            <ns3:hr>96</ns3:hr>
            <ns3:cad>0</ns3:cad>
          </ns3:TrackPointExtension>
        </extensions>
      </trkpt>
      <trkpt lat="37.50460512936115264892578125" lon="121.41960184089839458465576171875">
        <ele>361.79998779296875</ele>
        <time>2026-09-13T03:46:56.000Z</time>
        <extensions>
          <ns3:TrackPointExtension>
            <ns3:hr>96</ns3:hr>
            <ns3:cad>0</ns3:cad>
          </ns3:TrackPointExtension>
        </extensions>
      </trkpt>
      <trkpt lat="37.50468484126031398773193359375" lon="121.41962028108537197113037109375">
        <ele>361</ele>
        <time>2026-09-13T03:47:03.000Z</time>
        <extensions>
          <ns3:TrackPointExtension>
            <ns3:hr>97</ns3:hr>
            <ns3:cad>0</ns3:cad>
          </ns3:TrackPointExtension>
        </extensions>
      </trkpt>
      <trkpt lat="37.50469875521957874298095703125" lon="121.419619359076023101806640625">
        <ele>361</ele>
        <time>2026-09-13T03:47:04.000Z</time>
        <extensions>
          <ns3:TrackPointExtension>
            <ns3:hr>96</ns3:hr>
            <ns3:cad>0</ns3:cad>
          </ns3:TrackPointExtension>
        </extensions>
      </trkpt>
      <trkpt lat="37.5047600269317626953125" lon="121.4196114800870418548583984375">
        <ele>360.399993896484375</ele>
        <time>2026-09-13T03:47:10.000Z</time>
        <extensions>
          <ns3:TrackPointExtension>
            <ns3:hr>96</ns3:hr>
            <ns3:cad>0</ns3:cad>
          </ns3:TrackPointExtension>
        </extensions>
      </trkpt>
      <trkpt lat="37.50477888621389865875244140625" lon="121.41960561275482177734375">
        <ele>360</ele>
        <time>2026-09-13T03:47:12.000Z</time>
        <extensions>
          <ns3:TrackPointExtension>
            <ns3:hr>97</ns3:hr>
            <ns3:cad>0</ns3:cad>
          </ns3:TrackPointExtension>
        </extensions>
      </trkpt>
      <trkpt lat="37.5048389844596385955810546875" lon="121.419583149254322052001953125">
        <ele>359</ele>
        <time>2026-09-13T03:47:18.000Z</time>
        <extensions>
          <ns3:TrackPointExtension>
            <ns3:hr>95</ns3:hr>
            <ns3:cad>0</ns3:cad>
          </ns3:TrackPointExtension>
        </extensions>
      </trkpt>
      <trkpt lat="37.504862286150455474853515625" lon="121.41957770101726055145263671875">
        <ele>358.600006103515625</ele>
        <time>2026-09-13T03:47:21.000Z</time>
        <extensions>
          <ns3:TrackPointExtension>
            <ns3:hr>91</ns3:hr>
            <ns3:cad>0</ns3:cad>
          </ns3:TrackPointExtension>
        </extensions>
      </trkpt>
      <trkpt lat="37.50491333194077014923095703125" lon="121.419582478702068328857421875">
        <ele>358</ele>
        <time>2026-09-13T03:47:27.000Z</time>
        <extensions>
          <ns3:TrackPointExtension>
            <ns3:hr>89</ns3:hr>
            <ns3:cad>0</ns3:cad>
          </ns3:TrackPointExtension>
        </extensions>
      </trkpt>
      <trkpt lat="37.50497049652040004730224609375" lon="121.41959488391876220703125">
        <ele>356.79998779296875</ele>
        <time>2026-09-13T03:47:33.000Z</time>
        <extensions>
          <ns3:TrackPointExtension>
            <ns3:hr>89</ns3:hr>
            <ns3:cad>0</ns3:cad>
          </ns3:TrackPointExtension>
        </extensions>
      </trkpt>
      <trkpt lat="37.50500318594276905059814453125" lon="121.41957753337919712066650390625">
        <ele>356.399993896484375</ele>
        <time>2026-09-13T03:47:36.000Z</time>
        <extensions>
          <ns3:TrackPointExtension>
            <ns3:hr>88</ns3:hr>
            <ns3:cad>0</ns3:cad>
          </ns3:TrackPointExtension>
        </extensions>
      </trkpt>
      <trkpt lat="37.50503537245094776153564453125" lon="121.41957468353211879730224609375">
        <ele>355.79998779296875</ele>
        <time>2026-09-13T03:47:39.000Z</time>
        <extensions>
          <ns3:TrackPointExtension>
            <ns3:hr>87</ns3:hr>
            <ns3:cad>0</ns3:cad>
          </ns3:TrackPointExtension>
        </extensions>
      </trkpt>
      <trkpt lat="37.50507795251905918121337890625" lon="121.419609971344470977783203125">
        <ele>355</ele>
        <time>2026-09-13T03:47:44.000Z</time>
        <extensions>
          <ns3:TrackPointExtension>
            <ns3:hr>86</ns3:hr>
            <ns3:cad>0</ns3:cad>
          </ns3:TrackPointExtension>
        </extensions>
      </trkpt>
      <trkpt lat="37.50509555451571941375732421875" lon="121.41962908208370208740234375">
        <ele>354.79998779296875</ele>
        <time>2026-09-13T03:47:52.000Z</time>
        <extensions>
          <ns3:TrackPointExtension>
            <ns3:hr>86</ns3:hr>
            <ns3:cad>0</ns3:cad>
          </ns3:TrackPointExtension>
        </extensions>
      </trkpt>
      <trkpt lat="37.5050988234579563140869140625" lon="121.419630758464336395263671875">
        <ele>354.79998779296875</ele>
        <time>2026-09-13T03:48:00.000Z</time>
        <extensions>
          <ns3:TrackPointExtension>
            <ns3:hr>89</ns3:hr>
            <ns3:cad>0</ns3:cad>
          </ns3:TrackPointExtension>
        </extensions>
      </trkpt>
      <trkpt lat="37.5050988234579563140869140625" lon="121.419630758464336395263671875">
        <ele>354.79998779296875</ele>
        <time>2026-09-13T03:48:02.000Z</time>
        <extensions>
          <ns3:TrackPointExtension>
            <ns3:hr>91</ns3:hr>
            <ns3:cad>0</ns3:cad>
          </ns3:TrackPointExtension>
        </extensions>
      </trkpt>
      <trkpt lat="37.50510527752339839935302734375" lon="121.41963520087301731109619140625">
        <ele>354.399993896484375</ele>
        <time>2026-09-13T03:48:10.000Z</time>
        <extensions>
          <ns3:TrackPointExtension>
            <ns3:hr>91</ns3:hr>
            <ns3:cad>0</ns3:cad>
          </ns3:TrackPointExtension>
        </extensions>
      </trkpt>
      <trkpt lat="37.5051395595073699951171875" lon="121.4196641184389591217041015625">
        <ele>353.79998779296875</ele>
        <time>2026-09-13T03:48:15.000Z</time>
        <extensions>
          <ns3:TrackPointExtension>
            <ns3:hr>89</ns3:hr>
            <ns3:cad>0</ns3:cad>
          </ns3:TrackPointExtension>
        </extensions>
      </trkpt>
      <trkpt lat="37.50514936633408069610595703125" lon="121.419670321047306060791015625">
        <ele>353.600006103515625</ele>
        <time>2026-09-13T03:48:16.000Z</time>
        <extensions>
          <ns3:TrackPointExtension>
            <ns3:hr>88</ns3:hr>
            <ns3:cad>116</ns3:cad>
          </ns3:TrackPointExtension>
        </extensions>
      </trkpt>
      <trkpt lat="37.50519714318215847015380859375" lon="121.4197097159922122955322265625">
        <ele>352.600006103515625</ele>
        <time>2026-09-13T03:48:20.000Z</time>
        <extensions>
          <ns3:TrackPointExtension>
            <ns3:hr>88</ns3:hr>
            <ns3:cad>107</ns3:cad>
          </ns3:TrackPointExtension>
        </extensions>
      </trkpt>
      <trkpt lat="37.505211643874645233154296875" lon="121.41972421668469905853271484375">
        <ele>351.79998779296875</ele>
        <time>2026-09-13T03:48:23.000Z</time>
        <extensions>
          <ns3:TrackPointExtension>
            <ns3:hr>91</ns3:hr>
            <ns3:cad>57</ns3:cad>
          </ns3:TrackPointExtension>
        </extensions>
      </trkpt>
      <trkpt lat="37.505222372710704803466796875" lon="121.41973368823528289794921875">
        <ele>351.399993896484375</ele>
        <time>2026-09-13T03:48:25.000Z</time>
        <extensions>
          <ns3:TrackPointExtension>
            <ns3:hr>92</ns3:hr>
            <ns3:cad>55</ns3:cad>
          </ns3:TrackPointExtension>
        </extensions>
      </trkpt>
      <trkpt lat="37.50524458475410938262939453125" lon="121.4197566546499729156494140625">
        <ele>350.79998779296875</ele>
        <time>2026-09-13T03:48:29.000Z</time>
        <extensions>
          <ns3:TrackPointExtension>
            <ns3:hr>91</ns3:hr>
            <ns3:cad>102</ns3:cad>
          </ns3:TrackPointExtension>
        </extensions>
      </trkpt>
      <trkpt lat="37.5052493624389171600341796875" lon="121.41976377926766872406005859375">
        <ele>350.399993896484375</ele>
        <time>2026-09-13T03:48:32.000Z</time>
        <extensions>
          <ns3:TrackPointExtension>
            <ns3:hr>92</ns3:hr>
            <ns3:cad>50</ns3:cad>
          </ns3:TrackPointExtension>
        </extensions>
      </trkpt>
      <trkpt lat="37.5052678026258945465087890625" lon="121.419770903885364532470703125">
        <ele>350</ele>
        <time>2026-09-13T03:48:36.000Z</time>
        <extensions>
          <ns3:TrackPointExtension>
            <ns3:hr>92</ns3:hr>
            <ns3:cad>47</ns3:cad>
          </ns3:TrackPointExtension>
        </extensions>
      </trkpt>
      <trkpt lat="37.50530392862856388092041015625" lon="121.419786997139453887939453125">
        <ele>349.20001220703125</ele>
        <time>2026-09-13T03:48:39.000Z</time>
        <extensions>
          <ns3:TrackPointExtension>
            <ns3:hr>92</ns3:hr>
            <ns3:cad>47</ns3:cad>
          </ns3:TrackPointExtension>
        </extensions>
      </trkpt>
      <trkpt lat="37.50532086007297039031982421875" lon="121.4197864942252635955810546875">
        <ele>348.79998779296875</ele>
        <time>2026-09-13T03:48:41.000Z</time>
        <extensions>
          <ns3:TrackPointExtension>
            <ns3:hr>92</ns3:hr>
            <ns3:cad>47</ns3:cad>
          </ns3:TrackPointExtension>
        </extensions>
      </trkpt>
      <trkpt lat="37.5053361989557743072509765625" lon="121.4197807945311069488525390625">
        <ele>348</ele>
        <time>2026-09-13T03:48:45.000Z</time>
        <extensions>
          <ns3:TrackPointExtension>
            <ns3:hr>91</ns3:hr>
            <ns3:cad>55</ns3:cad>
          </ns3:TrackPointExtension>
        </extensions>
      </trkpt>
      <trkpt lat="37.5053848139941692352294921875" lon="121.41976981423795223236083984375">
        <ele>347.20001220703125</ele>
        <time>2026-09-13T03:48:50.000Z</time>
        <extensions>
          <ns3:TrackPointExtension>
            <ns3:hr>91</ns3:hr>
            <ns3:cad>105</ns3:cad>
          </ns3:TrackPointExtension>
        </extensions>
      </trkpt>
      <trkpt lat="37.5053985603153705596923828125" lon="121.419756822288036346435546875">
        <ele>346.79998779296875</ele>
        <time>2026-09-13T03:48:52.000Z</time>
        <extensions>
          <ns3:TrackPointExtension>
            <ns3:hr>91</ns3:hr>
            <ns3:cad>105</ns3:cad>
          </ns3:TrackPointExtension>
        </extensions>
      </trkpt>
      <trkpt lat="37.50542898662388324737548828125" lon="121.4197445847094058990478515625">
        <ele>345.79998779296875</ele>
        <time>2026-09-13T03:48:57.000Z</time>
        <extensions>
          <ns3:TrackPointExtension>
            <ns3:hr>93</ns3:hr>
            <ns3:cad>56</ns3:cad>
          </ns3:TrackPointExtension>
        </extensions>
      </trkpt>
      <trkpt lat="37.50549218617379665374755859375" lon="121.41975237987935543060302734375">
        <ele>344.79998779296875</ele>
        <time>2026-09-13T03:49:02.000Z</time>
        <extensions>
          <ns3:TrackPointExtension>
            <ns3:hr>95</ns3:hr>
            <ns3:cad>108</ns3:cad>
          </ns3:TrackPointExtension>
        </extensions>
      </trkpt>
      <trkpt lat="37.505498640239238739013671875" lon="121.41975187696516513824462890625">
        <ele>344.600006103515625</ele>
        <time>2026-09-13T03:49:03.000Z</time>
        <extensions>
          <ns3:TrackPointExtension>
            <ns3:hr>95</ns3:hr>
            <ns3:cad>102</ns3:cad>
          </ns3:TrackPointExtension>
        </extensions>
      </trkpt>
      <trkpt lat="37.5055417232215404510498046875" lon="121.41976361162960529327392578125">
        <ele>343.600006103515625</ele>
        <time>2026-09-13T03:49:08.000Z</time>
        <extensions>
          <ns3:TrackPointExtension>
            <ns3:hr>94</ns3:hr>
            <ns3:cad>0</ns3:cad>
          </ns3:TrackPointExtension>
        </extensions>
      </trkpt>
      <trkpt lat="37.50560157001018524169921875" lon="121.4197667129337787628173828125">
        <ele>342.600006103515625</ele>
        <time>2026-09-13T03:49:15.000Z</time>
        <extensions>
          <ns3:TrackPointExtension>
            <ns3:hr>94</ns3:hr>
            <ns3:cad>0</ns3:cad>
          </ns3:TrackPointExtension>
        </extensions>
      </trkpt>
      <trkpt lat="37.5056299008429050445556640625" lon="121.41977366991341114044189453125">
        <ele>341.600006103515625</ele>
        <time>2026-09-13T03:49:19.000Z</time>
        <extensions>
          <ns3:TrackPointExtension>
            <ns3:hr>94</ns3:hr>
            <ns3:cad>96</ns3:cad>
          </ns3:TrackPointExtension>
        </extensions>
      </trkpt>
      <trkpt lat="37.50564322806894779205322265625" lon="121.419779621064662933349609375">
        <ele>341.399993896484375</ele>
        <time>2026-09-13T03:49:20.000Z</time>
        <extensions>
          <ns3:TrackPointExtension>
            <ns3:hr>94</ns3:hr>
            <ns3:cad>95</ns3:cad>
          </ns3:TrackPointExtension>
        </extensions>
      </trkpt>
      <trkpt lat="37.50566636212170124053955078125" lon="121.41978867352008819580078125">
        <ele>340.399993896484375</ele>
        <time>2026-09-13T03:49:24.000Z</time>
        <extensions>
          <ns3:TrackPointExtension>
            <ns3:hr>93</ns3:hr>
            <ns3:cad>103</ns3:cad>
          </ns3:TrackPointExtension>
        </extensions>
      </trkpt>
      <trkpt lat="37.505703158676624298095703125" lon="121.41977014951407909393310546875">
        <ele>339.399993896484375</ele>
        <time>2026-09-13T03:49:29.000Z</time>
        <extensions>
          <ns3:TrackPointExtension>
            <ns3:hr>94</ns3:hr>
            <ns3:cad>53</ns3:cad>
          </ns3:TrackPointExtension>
        </extensions>
      </trkpt>
      <trkpt lat="37.50572788529098033905029296875" lon="121.41975908540189266204833984375">
        <ele>339</ele>
        <time>2026-09-13T03:49:31.000Z</time>
        <extensions>
          <ns3:TrackPointExtension>
            <ns3:hr>94</ns3:hr>
            <ns3:cad>103</ns3:cad>
          </ns3:TrackPointExtension>
        </extensions>
      </trkpt>
      <trkpt lat="37.505799047648906707763671875" lon="121.41975573264062404632568359375">
        <ele>338.399993896484375</ele>
        <time>2026-09-13T03:49:38.000Z</time>
        <extensions>
          <ns3:TrackPointExtension>
            <ns3:hr>93</ns3:hr>
            <ns3:cad>53</ns3:cad>
          </ns3:TrackPointExtension>
        </extensions>
      </trkpt>
      <trkpt lat="37.505808770656585693359375" lon="121.41975690610706806182861328125">
        <ele>338.20001220703125</ele>
        <time>2026-09-13T03:49:39.000Z</time>
        <extensions>
          <ns3:TrackPointExtension>
            <ns3:hr>93</ns3:hr>
            <ns3:cad>53</ns3:cad>
          </ns3:TrackPointExtension>
        </extensions>
      </trkpt>
      <trkpt lat="37.50587222166359424591064453125" lon="121.41976931132376194000244140625">
        <ele>338</ele>
        <time>2026-09-13T03:49:45.000Z</time>
        <extensions>
          <ns3:TrackPointExtension>
            <ns3:hr>93</ns3:hr>
            <ns3:cad>51</ns3:cad>
          </ns3:TrackPointExtension>
        </extensions>
      </trkpt>
      <trkpt lat="37.505909018218517303466796875" lon="121.419773586094379425048828125">
        <ele>337.600006103515625</ele>
        <time>2026-09-13T03:49:52.000Z</time>
        <extensions>
          <ns3:TrackPointExtension>
            <ns3:hr>93</ns3:hr>
            <ns3:cad>0</ns3:cad>
          </ns3:TrackPointExtension>
        </extensions>
      </trkpt>
      <trkpt lat="37.50587842427194118499755859375" lon="121.41980803571641445159912109375">
        <ele>338.20001220703125</ele>
        <time>2026-09-13T03:49:59.000Z</time>
        <extensions>
          <ns3:TrackPointExtension>
            <ns3:hr>94</ns3:hr>
            <ns3:cad>0</ns3:cad>
          </ns3:TrackPointExtension>
        </extensions>
      </trkpt>
      <trkpt lat="37.50587574206292629241943359375" lon="121.41979026608169078826904296875">
        <ele>338.20001220703125</ele>
        <time>2026-09-13T03:50:07.000Z</time>
        <extensions>
          <ns3:TrackPointExtension>
            <ns3:hr>98</ns3:hr>
            <ns3:cad>0</ns3:cad>
          </ns3:TrackPointExtension>
        </extensions>
      </trkpt>
      <trkpt lat="37.50587155111134052276611328125" lon="121.41978942789137363433837890625">
        <ele>338</ele>
        <time>2026-09-13T03:50:09.000Z</time>
        <extensions>
          <ns3:TrackPointExtension>
            <ns3:hr>101</ns3:hr>
            <ns3:cad>0</ns3:cad>
          </ns3:TrackPointExtension>
        </extensions>
      </trkpt>
      <trkpt lat="37.505870126187801361083984375" lon="121.419789008796215057373046875">
        <ele>338</ele>
        <time>2026-09-13T03:50:10.000Z</time>
        <extensions>
          <ns3:TrackPointExtension>
            <ns3:hr>101</ns3:hr>
            <ns3:cad>0</ns3:cad>
          </ns3:TrackPointExtension>
        </extensions>
      </trkpt>
      <trkpt lat="37.505874820053577423095703125" lon="121.41978456638753414154052734375">
        <ele>338</ele>
        <time>2026-09-13T03:50:25.000Z</time>
        <extensions>
          <ns3:TrackPointExtension>
            <ns3:hr>98</ns3:hr>
            <ns3:cad>0</ns3:cad>
          </ns3:TrackPointExtension>
        </extensions>
      </trkpt>
      <trkpt lat="37.505874820053577423095703125" lon="121.41978456638753414154052734375">
        <ele>338</ele>
        <time>2026-09-13T03:50:26.000Z</time>
        <extensions>
          <ns3:TrackPointExtension>
            <ns3:hr>94</ns3:hr>
            <ns3:cad>0</ns3:cad>
          </ns3:TrackPointExtension>
        </extensions>
      </trkpt>
      <trkpt lat="37.505874820053577423095703125" lon="121.41978456638753414154052734375">
        <ele>338</ele>
        <time>2026-09-13T03:50:27.000Z</time>
        <extensions>
          <ns3:TrackPointExtension>
            <ns3:hr>88</ns3:hr>
            <ns3:cad>0</ns3:cad>
          </ns3:TrackPointExtension>
        </extensions>
      </trkpt>
      <trkpt lat="37.50587515532970428466796875" lon="121.419785320758819580078125">
        <ele>338</ele>
        <time>2026-09-13T03:50:29.000Z</time>
        <extensions>
          <ns3:TrackPointExtension>
            <ns3:hr>85</ns3:hr>
            <ns3:cad>0</ns3:cad>
          </ns3:TrackPointExtension>
        </extensions>
      </trkpt>
      <trkpt lat="37.50587021000683307647705078125" lon="121.41979831270873546600341796875">
        <ele>338</ele>
        <time>2026-09-13T03:50:37.000Z</time>
        <extensions>
          <ns3:TrackPointExtension>
            <ns3:hr>86</ns3:hr>
            <ns3:cad>0</ns3:cad>
          </ns3:TrackPointExtension>
        </extensions>
      </trkpt>
      <trkpt lat="37.50590222887694835662841796875" lon="121.4198696427047252655029296875">
        <ele>337.20001220703125</ele>
        <time>2026-09-13T03:50:45.000Z</time>
        <extensions>
          <ns3:TrackPointExtension>
            <ns3:hr>88</ns3:hr>
            <ns3:cad>0</ns3:cad>
          </ns3:TrackPointExtension>
        </extensions>
      </trkpt>
      <trkpt lat="37.50595184974372386932373046875" lon="121.4199333451688289642333984375">
        <ele>336.20001220703125</ele>
        <time>2026-09-13T03:50:52.000Z</time>
        <extensions>
          <ns3:TrackPointExtension>
            <ns3:hr>88</ns3:hr>
            <ns3:cad>54</ns3:cad>
          </ns3:TrackPointExtension>
        </extensions>
      </trkpt>
      <trkpt lat="37.50595604069530963897705078125" lon="121.41993753612041473388671875">
        <ele>336</ele>
        <time>2026-09-13T03:50:53.000Z</time>
        <extensions>
          <ns3:TrackPointExtension>
            <ns3:hr>88</ns3:hr>
            <ns3:cad>54</ns3:cad>
          </ns3:TrackPointExtension>
        </extensions>
      </trkpt>
      <trkpt lat="37.50597531907260417938232421875" lon="121.41997584141790866851806640625">
        <ele>335.399993896484375</ele>
        <time>2026-09-13T03:50:58.000Z</time>
        <extensions>
          <ns3:TrackPointExtension>
            <ns3:hr>89</ns3:hr>
            <ns3:cad>55</ns3:cad>
          </ns3:TrackPointExtension>
        </extensions>
      </trkpt>
      <trkpt lat="37.50599862076342105865478515625" lon="121.4200084470212459564208984375">
        <ele>334.79998779296875</ele>
        <time>2026-09-13T03:51:03.000Z</time>
        <extensions>
          <ns3:TrackPointExtension>
            <ns3:hr>89</ns3:hr>
            <ns3:cad>0</ns3:cad>
          </ns3:TrackPointExtension>
        </extensions>
      </trkpt>
      <trkpt lat="37.5060228444635868072509765625" lon="121.420035101473331451416015625">
        <ele>334.20001220703125</ele>
        <time>2026-09-13T03:51:06.000Z</time>
        <extensions>
          <ns3:TrackPointExtension>
            <ns3:hr>90</ns3:hr>
            <ns3:cad>0</ns3:cad>
          </ns3:TrackPointExtension>
        </extensions>
      </trkpt>
      <trkpt lat="37.50603717751801013946533203125" lon="121.420058570802211761474609375">
        <ele>333.79998779296875</ele>
        <time>2026-09-13T03:51:09.000Z</time>
        <extensions>
          <ns3:TrackPointExtension>
            <ns3:hr>91</ns3:hr>
            <ns3:cad>52</ns3:cad>
          </ns3:TrackPointExtension>
        </extensions>
      </trkpt>
      <trkpt lat="37.5060526840388774871826171875" lon="121.420078687369823455810546875">
        <ele>333.399993896484375</ele>
        <time>2026-09-13T03:51:12.000Z</time>
        <extensions>
          <ns3:TrackPointExtension>
            <ns3:hr>90</ns3:hr>
            <ns3:cad>101</ns3:cad>
          </ns3:TrackPointExtension>
        </extensions>
      </trkpt>
      <trkpt lat="37.5060971081256866455078125" lon="121.420119591057300567626953125">
        <ele>332.79998779296875</ele>
        <time>2026-09-13T03:51:16.000Z</time>
        <extensions>
          <ns3:TrackPointExtension>
            <ns3:hr>92</ns3:hr>
            <ns3:cad>101</ns3:cad>
          </ns3:TrackPointExtension>
        </extensions>
      </trkpt>
      <trkpt lat="37.50611722469329833984375" lon="121.420140378177165985107421875">
        <ele>332.399993896484375</ele>
        <time>2026-09-13T03:51:18.000Z</time>
        <extensions>
          <ns3:TrackPointExtension>
            <ns3:hr>92</ns3:hr>
            <ns3:cad>0</ns3:cad>
          </ns3:TrackPointExtension>
        </extensions>
      </trkpt>
      <trkpt lat="37.50613608397543430328369140625" lon="121.42018455080687999725341796875">
        <ele>331.600006103515625</ele>
        <time>2026-09-13T03:51:23.000Z</time>
        <extensions>
          <ns3:TrackPointExtension>
            <ns3:hr>90</ns3:hr>
            <ns3:cad>54</ns3:cad>
          </ns3:TrackPointExtension>
        </extensions>
      </trkpt>
      <trkpt lat="37.50613708980381488800048828125" lon="121.42019595019519329071044921875">
        <ele>331.399993896484375</ele>
        <time>2026-09-13T03:51:24.000Z</time>
        <extensions>
          <ns3:TrackPointExtension>
            <ns3:hr>89</ns3:hr>
            <ns3:cad>54</ns3:cad>
          </ns3:TrackPointExtension>
        </extensions>
      </trkpt>
      <trkpt lat="37.50609903596341609954833984375" lon="121.4202453196048736572265625">
        <ele>331</ele>
        <time>2026-09-13T03:51:30.000Z</time>
        <extensions>
          <ns3:TrackPointExtension>
            <ns3:hr>88</ns3:hr>
            <ns3:cad>54</ns3:cad>
          </ns3:TrackPointExtension>
        </extensions>
      </trkpt>
      <trkpt lat="37.506079338490962982177734375" lon="121.42023685388267040252685546875">
        <ele>330.79998779296875</ele>
        <time>2026-09-13T03:51:33.000Z</time>
        <extensions>
          <ns3:TrackPointExtension>
            <ns3:hr>87</ns3:hr>
            <ns3:cad>54</ns3:cad>
          </ns3:TrackPointExtension>
        </extensions>
      </trkpt>
      <trkpt lat="37.506066262722015380859375" lon="121.4202104508876800537109375">
        <ele>330.79998779296875</ele>
        <time>2026-09-13T03:51:37.000Z</time>
        <extensions>
          <ns3:TrackPointExtension>
            <ns3:hr>87</ns3:hr>
            <ns3:cad>0</ns3:cad>
          </ns3:TrackPointExtension>
        </extensions>
      </trkpt>
      <trkpt lat="37.50606416724622249603271484375" lon="121.4201970398426055908203125">
        <ele>330.79998779296875</ele>
        <time>2026-09-13T03:51:46.000Z</time>
        <extensions>
          <ns3:TrackPointExtension>
            <ns3:hr>88</ns3:hr>
            <ns3:cad>0</ns3:cad>
          </ns3:TrackPointExtension>
        </extensions>
      </trkpt>
      <trkpt lat="37.506065927445888519287109375" lon="121.4201841317117214202880859375">
        <ele>331</ele>
        <time>2026-09-13T03:51:52.000Z</time>
        <extensions>
          <ns3:TrackPointExtension>
            <ns3:hr>85</ns3:hr>
            <ns3:cad>0</ns3:cad>
          </ns3:TrackPointExtension>
        </extensions>
      </trkpt>
      <trkpt lat="37.50606022775173187255859375" lon="121.42017248086631298065185546875">
        <ele>330.79998779296875</ele>
        <time>2026-09-13T03:51:55.000Z</time>
        <extensions>
          <ns3:TrackPointExtension>
            <ns3:hr>86</ns3:hr>
            <ns3:cad>0</ns3:cad>
          </ns3:TrackPointExtension>
        </extensions>
      </trkpt>
      <trkpt lat="37.50605511479079723358154296875" lon="121.42017834819853305816650390625">
        <ele>330.79998779296875</ele>
        <time>2026-09-13T03:52:05.000Z</time>
        <extensions>
          <ns3:TrackPointExtension>
            <ns3:hr>87</ns3:hr>
            <ns3:cad>0</ns3:cad>
          </ns3:TrackPointExtension>
        </extensions>
      </trkpt>
      <trkpt lat="37.5060603953897953033447265625" lon="121.42018438316881656646728515625">
        <ele>330.600006103515625</ele>
        <time>2026-09-13T03:52:13.000Z</time>
        <extensions>
          <ns3:TrackPointExtension>
            <ns3:hr>86</ns3:hr>
            <ns3:cad>0</ns3:cad>
          </ns3:TrackPointExtension>
        </extensions>
      </trkpt>
      <trkpt lat="37.5060624070465564727783203125" lon="121.4201888255774974822998046875">
        <ele>330.600006103515625</ele>
        <time>2026-09-13T03:52:14.000Z</time>
        <extensions>
          <ns3:TrackPointExtension>
            <ns3:hr>87</ns3:hr>
            <ns3:cad>0</ns3:cad>
          </ns3:TrackPointExtension>
        </extensions>
      </trkpt>
      <trkpt lat="37.5060620717704296112060546875" lon="121.42021120525896549224853515625">
        <ele>330.600006103515625</ele>
        <time>2026-09-13T03:52:20.000Z</time>
        <extensions>
          <ns3:TrackPointExtension>
            <ns3:hr>86</ns3:hr>
            <ns3:cad>0</ns3:cad>
          </ns3:TrackPointExtension>
        </extensions>
      </trkpt>
      <trkpt lat="37.50605645589530467987060546875" lon="121.42021891660988330841064453125">
        <ele>330.79998779296875</ele>
        <time>2026-09-13T03:52:26.000Z</time>
        <extensions>
          <ns3:TrackPointExtension>
            <ns3:hr>87</ns3:hr>
            <ns3:cad>0</ns3:cad>
          </ns3:TrackPointExtension>
        </extensions>
      </trkpt>
      <trkpt lat="37.5060647539794445037841796875" lon="121.42021112143993377685546875">
        <ele>331</ele>
        <time>2026-09-13T03:52:33.000Z</time>
        <extensions>
          <ns3:TrackPointExtension>
            <ns3:hr>88</ns3:hr>
            <ns3:cad>0</ns3:cad>
          </ns3:TrackPointExtension>
        </extensions>
      </trkpt>
      <trkpt lat="37.50605695880949497222900390625" lon="121.42020600847899913787841796875">
        <ele>330.79998779296875</ele>
        <time>2026-09-13T03:52:42.000Z</time>
        <extensions>
          <ns3:TrackPointExtension>
            <ns3:hr>89</ns3:hr>
            <ns3:cad>0</ns3:cad>
          </ns3:TrackPointExtension>
        </extensions>
      </trkpt>
      <trkpt lat="37.5060580484569072723388671875" lon="121.42020315863192081451416015625">
        <ele>330.79998779296875</ele>
        <time>2026-09-13T03:52:47.000Z</time>
        <extensions>
          <ns3:TrackPointExtension>
            <ns3:hr>92</ns3:hr>
            <ns3:cad>0</ns3:cad>
          </ns3:TrackPointExtension>
        </extensions>
      </trkpt>
      <trkpt lat="37.506060898303985595703125" lon="121.42020517028868198394775390625">
        <ele>330.399993896484375</ele>
        <time>2026-09-13T03:52:51.000Z</time>
        <extensions>
          <ns3:TrackPointExtension>
            <ns3:hr>92</ns3:hr>
            <ns3:cad>0</ns3:cad>
          </ns3:TrackPointExtension>
        </extensions>
      </trkpt>
      <trkpt lat="37.50606399960815906524658203125" lon="121.42021019943058490753173828125">
        <ele>330.600006103515625</ele>
        <time>2026-09-13T03:52:54.000Z</time>
        <extensions>
          <ns3:TrackPointExtension>
            <ns3:hr>89</ns3:hr>
            <ns3:cad>0</ns3:cad>
          </ns3:TrackPointExtension>
        </extensions>
      </trkpt>
      <trkpt lat="37.50606601126492023468017578125" lon="121.42021707259118556976318359375">
        <ele>330.79998779296875</ele>
        <time>2026-09-13T03:53:00.000Z</time>
        <extensions>
          <ns3:TrackPointExtension>
            <ns3:hr>92</ns3:hr>
            <ns3:cad>0</ns3:cad>
          </ns3:TrackPointExtension>
        </extensions>
      </trkpt>
      <trkpt lat="37.506067268550395965576171875" lon="121.4202159829437732696533203125">
        <ele>330.79998779296875</ele>
        <time>2026-09-13T03:53:02.000Z</time>
        <extensions>
          <ns3:TrackPointExtension>
            <ns3:hr>92</ns3:hr>
            <ns3:cad>0</ns3:cad>
          </ns3:TrackPointExtension>
        </extensions>
      </trkpt>
      <trkpt lat="37.5060691125690937042236328125" lon="121.420209445059299468994140625">
        <ele>331</ele>
        <time>2026-09-13T03:53:11.000Z</time>
        <extensions>
          <ns3:TrackPointExtension>
            <ns3:hr>92</ns3:hr>
            <ns3:cad>0</ns3:cad>
          </ns3:TrackPointExtension>
        </extensions>
      </trkpt>
      <trkpt lat="37.50606936402618885040283203125" lon="121.4202159829437732696533203125">
        <ele>330.399993896484375</ele>
        <time>2026-09-13T03:53:23.000Z</time>
        <extensions>
          <ns3:TrackPointExtension>
            <ns3:hr>89</ns3:hr>
            <ns3:cad>0</ns3:cad>
          </ns3:TrackPointExtension>
        </extensions>
      </trkpt>
      <trkpt lat="37.5060701183974742889404296875" lon="121.42021623440086841583251953125">
        <ele>330.399993896484375</ele>
        <time>2026-09-13T03:53:24.000Z</time>
        <extensions>
          <ns3:TrackPointExtension>
            <ns3:hr>89</ns3:hr>
            <ns3:cad>0</ns3:cad>
          </ns3:TrackPointExtension>
        </extensions>
      </trkpt>
      <trkpt lat="37.506071627140045166015625" lon="121.4202203415334224700927734375">
        <ele>330.399993896484375</ele>
        <time>2026-09-13T03:53:26.000Z</time>
        <extensions>
          <ns3:TrackPointExtension>
            <ns3:hr>94</ns3:hr>
            <ns3:cad>0</ns3:cad>
          </ns3:TrackPointExtension>
        </extensions>
      </trkpt>
      <trkpt lat="37.506071627140045166015625" lon="121.42022411338984966278076171875">
        <ele>330.600006103515625</ele>
        <time>2026-09-13T03:53:27.000Z</time>
        <extensions>
          <ns3:TrackPointExtension>
            <ns3:hr>101</ns3:hr>
            <ns3:cad>0</ns3:cad>
          </ns3:TrackPointExtension>
        </extensions>
      </trkpt>
      <trkpt lat="37.50607573427259922027587890625" lon="121.4202196709811687469482421875">
        <ele>330.600006103515625</ele>
        <time>2026-09-13T03:53:35.000Z</time>
        <extensions>
          <ns3:TrackPointExtension>
            <ns3:hr>101</ns3:hr>
            <ns3:cad>0</ns3:cad>
          </ns3:TrackPointExtension>
        </extensions>
      </trkpt>
      <trkpt lat="37.50607355497777462005615234375" lon="121.42021858133375644683837890625">
        <ele>330.399993896484375</ele>
        <time>2026-09-13T03:53:42.000Z</time>
        <extensions>
          <ns3:TrackPointExtension>
            <ns3:hr>104</ns3:hr>
            <ns3:cad>0</ns3:cad>
          </ns3:TrackPointExtension>
        </extensions>
      </trkpt>
      <trkpt lat="37.5060677714645862579345703125" lon="121.4202112890779972076416015625">
        <ele>330.79998779296875</ele>
        <time>2026-09-13T03:53:48.000Z</time>
        <extensions>
          <ns3:TrackPointExtension>
            <ns3:hr>100</ns3:hr>
            <ns3:cad>0</ns3:cad>
          </ns3:TrackPointExtension>
        </extensions>
      </trkpt>
      <trkpt lat="37.5060667656362056732177734375" lon="121.4202126301825046539306640625">
        <ele>330.600006103515625</ele>
        <time>2026-09-13T03:53:52.000Z</time>
        <extensions>
          <ns3:TrackPointExtension>
            <ns3:hr>97</ns3:hr>
            <ns3:cad>0</ns3:cad>
          </ns3:TrackPointExtension>
        </extensions>
      </trkpt>
      <trkpt lat="37.5060687772929668426513671875" lon="121.42021019943058490753173828125">
        <ele>330.79998779296875</ele>
        <time>2026-09-13T03:53:56.000Z</time>
        <extensions>
          <ns3:TrackPointExtension>
            <ns3:hr>96</ns3:hr>
            <ns3:cad>0</ns3:cad>
          </ns3:TrackPointExtension>
        </extensions>
      </trkpt>
      <trkpt lat="37.50606483779847621917724609375" lon="121.420209445059299468994140625">
        <ele>330.79998779296875</ele>
        <time>2026-09-13T03:54:06.000Z</time>
        <extensions>
          <ns3:TrackPointExtension>
            <ns3:hr>95</ns3:hr>
            <ns3:cad>0</ns3:cad>
          </ns3:TrackPointExtension>
        </extensions>
      </trkpt>
      <trkpt lat="37.5060654245316982269287109375" lon="121.42021003179252147674560546875">
        <ele>331</ele>
        <time>2026-09-13T03:54:12.000Z</time>
        <extensions>
          <ns3:TrackPointExtension>
            <ns3:hr>92</ns3:hr>
            <ns3:cad>0</ns3:cad>
          </ns3:TrackPointExtension>
        </extensions>
      </trkpt>
      <trkpt lat="37.5060627423226833343505859375" lon="121.42020751722157001495361328125">
        <ele>330.79998779296875</ele>
        <time>2026-09-13T03:54:16.000Z</time>
        <extensions>
          <ns3:TrackPointExtension>
            <ns3:hr>88</ns3:hr>
            <ns3:cad>0</ns3:cad>
          </ns3:TrackPointExtension>
        </extensions>
      </trkpt>
      <trkpt lat="37.506062574684619903564453125" lon="121.4202072657644748687744140625">
        <ele>330.79998779296875</ele>
        <time>2026-09-13T03:54:17.000Z</time>
        <extensions>
          <ns3:TrackPointExtension>
            <ns3:hr>84</ns3:hr>
            <ns3:cad>0</ns3:cad>
          </ns3:TrackPointExtension>
        </extensions>
      </trkpt>
      <trkpt lat="37.50606416724622249603271484375" lon="121.420210786163806915283203125">
        <ele>330.600006103515625</ele>
        <time>2026-09-13T03:54:19.000Z</time>
        <extensions>
          <ns3:TrackPointExtension>
            <ns3:hr>80</ns3:hr>
            <ns3:cad>0</ns3:cad>
          </ns3:TrackPointExtension>
        </extensions>
      </trkpt>
      <trkpt lat="37.50606114976108074188232421875" lon="121.42021070234477519989013671875">
        <ele>331.20001220703125</ele>
        <time>2026-09-13T03:54:31.000Z</time>
        <extensions>
          <ns3:TrackPointExtension>
            <ns3:hr>82</ns3:hr>
            <ns3:cad>0</ns3:cad>
          </ns3:TrackPointExtension>
        </extensions>
      </trkpt>
      <trkpt lat="37.5060624070465564727783203125" lon="121.4202106185257434844970703125">
        <ele>331.20001220703125</ele>
        <time>2026-09-13T03:54:33.000Z</time>
        <extensions>
          <ns3:TrackPointExtension>
            <ns3:hr>77</ns3:hr>
            <ns3:cad>0</ns3:cad>
          </ns3:TrackPointExtension>
        </extensions>
      </trkpt>
      <trkpt lat="37.506064586341381072998046875" lon="121.420210115611553192138671875">
        <ele>331</ele>
        <time>2026-09-13T03:54:36.000Z</time>
        <extensions>
          <ns3:TrackPointExtension>
            <ns3:hr>74</ns3:hr>
            <ns3:cad>0</ns3:cad>
          </ns3:TrackPointExtension>
        </extensions>
      </trkpt>
      <trkpt lat="37.50607254914939403533935546875" lon="121.4202049188315868377685546875">
        <ele>331</ele>
        <time>2026-09-13T03:54:46.000Z</time>
        <extensions>
          <ns3:TrackPointExtension>
            <ns3:hr>75</ns3:hr>
            <ns3:cad>0</ns3:cad>
          </ns3:TrackPointExtension>
        </extensions>
      </trkpt>
      <trkpt lat="37.50606559216976165771484375" lon="121.4201998896896839141845703125">
        <ele>331</ele>
        <time>2026-09-13T03:54:53.000Z</time>
        <extensions>
          <ns3:TrackPointExtension>
            <ns3:hr>78</ns3:hr>
            <ns3:cad>0</ns3:cad>
          </ns3:TrackPointExtension>
        </extensions>
      </trkpt>
      <trkpt lat="37.5060563720762729644775390625" lon="121.42019729129970073699951171875">
        <ele>330.79998779296875</ele>
        <time>2026-09-13T03:54:59.000Z</time>
        <extensions>
          <ns3:TrackPointExtension>
            <ns3:hr>79</ns3:hr>
            <ns3:cad>0</ns3:cad>
          </ns3:TrackPointExtension>
        </extensions>
      </trkpt>
      <trkpt lat="37.50606752000749111175537109375" lon="121.42021237872540950775146484375">
        <ele>330.79998779296875</ele>
        <time>2026-09-13T03:55:12.000Z</time>
        <extensions>
          <ns3:TrackPointExtension>
            <ns3:hr>78</ns3:hr>
            <ns3:cad>0</ns3:cad>
          </ns3:TrackPointExtension>
        </extensions>
      </trkpt>
      <trkpt lat="37.50607254914939403533935546875" lon="121.42021506093442440032958984375">
        <ele>330.79998779296875</ele>
        <time>2026-09-13T03:55:23.000Z</time>
        <extensions>
          <ns3:TrackPointExtension>
            <ns3:hr>79</ns3:hr>
            <ns3:cad>0</ns3:cad>
          </ns3:TrackPointExtension>
        </extensions>
      </trkpt>
      <trkpt lat="37.50607221387326717376708984375" lon="121.4202173240482807159423828125">
        <ele>330.79998779296875</ele>
        <time>2026-09-13T03:55:28.000Z</time>
        <extensions>
          <ns3:TrackPointExtension>
            <ns3:hr>76</ns3:hr>
            <ns3:cad>0</ns3:cad>
          </ns3:TrackPointExtension>
        </extensions>
      </trkpt>
      <trkpt lat="37.5060764886438846588134765625" lon="121.42021573148667812347412109375">
        <ele>331</ele>
        <time>2026-09-13T03:55:36.000Z</time>
        <extensions>
          <ns3:TrackPointExtension>
            <ns3:hr>76</ns3:hr>
            <ns3:cad>0</ns3:cad>
          </ns3:TrackPointExtension>
        </extensions>
      </trkpt>
      <trkpt lat="37.50607204623520374298095703125" lon="121.42021405510604381561279296875">
        <ele>330.79998779296875</ele>
        <time>2026-09-13T03:55:39.000Z</time>
        <extensions>
          <ns3:TrackPointExtension>
            <ns3:hr>73</ns3:hr>
            <ns3:cad>0</ns3:cad>
          </ns3:TrackPointExtension>
        </extensions>
      </trkpt>
      <trkpt lat="37.5060647539794445037841796875" lon="121.42020651139318943023681640625">
        <ele>330.79998779296875</ele>
        <time>2026-09-13T03:55:45.000Z</time>
        <extensions>
          <ns3:TrackPointExtension>
            <ns3:hr>70</ns3:hr>
            <ns3:cad>0</ns3:cad>
          </ns3:TrackPointExtension>
        </extensions>
      </trkpt>
      <trkpt lat="37.5060630775988101959228515625" lon="121.4202052541077136993408203125">
        <ele>330.600006103515625</ele>
        <time>2026-09-13T03:55:51.000Z</time>
        <extensions>
          <ns3:TrackPointExtension>
            <ns3:hr>71</ns3:hr>
            <ns3:cad>0</ns3:cad>
          </ns3:TrackPointExtension>
        </extensions>
      </trkpt>
      <trkpt lat="37.50606064684689044952392578125" lon="121.42021221108734607696533203125">
        <ele>330.600006103515625</ele>
        <time>2026-09-13T03:56:04.000Z</time>
        <extensions>
          <ns3:TrackPointExtension>
            <ns3:hr>73</ns3:hr>
            <ns3:cad>0</ns3:cad>
          </ns3:TrackPointExtension>
        </extensions>
      </trkpt>
      <trkpt lat="37.5060620717704296112060546875" lon="121.42020936124026775360107421875">
        <ele>331</ele>
        <time>2026-09-13T03:56:15.000Z</time>
        <extensions>
          <ns3:TrackPointExtension>
            <ns3:hr>70</ns3:hr>
            <ns3:cad>0</ns3:cad>
          </ns3:TrackPointExtension>
        </extensions>
      </trkpt>
      <trkpt lat="37.506066597998142242431640625" lon="121.42020600847899913787841796875">
        <ele>331</ele>
        <time>2026-09-13T03:56:18.000Z</time>
        <extensions>
          <ns3:TrackPointExtension>
            <ns3:hr>74</ns3:hr>
            <ns3:cad>0</ns3:cad>
          </ns3:TrackPointExtension>
        </extensions>
      </trkpt>
      <trkpt lat="37.50606768764555454254150390625" lon="121.420205421745777130126953125">
        <ele>330.79998779296875</ele>
        <time>2026-09-13T03:56:19.000Z</time>
        <extensions>
          <ns3:TrackPointExtension>
            <ns3:hr>77</ns3:hr>
            <ns3:cad>0</ns3:cad>
          </ns3:TrackPointExtension>
        </extensions>
      </trkpt>
      <trkpt lat="37.5060691125690937042236328125" lon="121.42020483501255512237548828125">
        <ele>330.79998779296875</ele>
        <time>2026-09-13T03:56:24.000Z</time>
        <extensions>
          <ns3:TrackPointExtension>
            <ns3:hr>80</ns3:hr>
            <ns3:cad>0</ns3:cad>
          </ns3:TrackPointExtension>
        </extensions>
      </trkpt>
      <trkpt lat="37.50606156885623931884765625" lon="121.42020198516547679901123046875">
        <ele>330.79998779296875</ele>
        <time>2026-09-13T03:56:31.000Z</time>
        <extensions>
          <ns3:TrackPointExtension>
            <ns3:hr>80</ns3:hr>
            <ns3:cad>0</ns3:cad>
          </ns3:TrackPointExtension>
        </extensions>
      </trkpt>
      <trkpt lat="37.50606902875006198883056640625" lon="121.42021925188601016998291015625">
        <ele>330.600006103515625</ele>
        <time>2026-09-13T03:56:44.000Z</time>
        <extensions>
          <ns3:TrackPointExtension>
            <ns3:hr>81</ns3:hr>
            <ns3:cad>0</ns3:cad>
          </ns3:TrackPointExtension>
        </extensions>
      </trkpt>
      <trkpt lat="37.50607271678745746612548828125" lon="121.4202149771153926849365234375">
        <ele>330.79998779296875</ele>
        <time>2026-09-13T03:56:58.000Z</time>
        <extensions>
          <ns3:TrackPointExtension>
            <ns3:hr>82</ns3:hr>
            <ns3:cad>0</ns3:cad>
          </ns3:TrackPointExtension>
        </extensions>
      </trkpt>
      <trkpt lat="37.506065927445888519287109375" lon="121.42020131461322307586669921875">
        <ele>330.600006103515625</ele>
        <time>2026-09-13T03:57:07.000Z</time>
        <extensions>
          <ns3:TrackPointExtension>
            <ns3:hr>79</ns3:hr>
            <ns3:cad>0</ns3:cad>
          </ns3:TrackPointExtension>
        </extensions>
      </trkpt>
      <trkpt lat="37.50606399960815906524658203125" lon="121.42020466737449169158935546875">
        <ele>330.79998779296875</ele>
        <time>2026-09-13T03:57:08.000Z</time>
        <extensions>
          <ns3:TrackPointExtension>
            <ns3:hr>79</ns3:hr>
            <ns3:cad>0</ns3:cad>
          </ns3:TrackPointExtension>
        </extensions>
      </trkpt>
      <trkpt lat="37.5060536898672580718994140625" lon="121.420200057327747344970703125">
        <ele>330.79998779296875</ele>
        <time>2026-09-13T03:57:20.000Z</time>
        <extensions>
          <ns3:TrackPointExtension>
            <ns3:hr>78</ns3:hr>
            <ns3:cad>0</ns3:cad>
          </ns3:TrackPointExtension>
        </extensions>
      </trkpt>
      <trkpt lat="37.5060540251433849334716796875" lon="121.42020030878484249114990234375">
        <ele>330.600006103515625</ele>
        <time>2026-09-13T03:57:23.000Z</time>
        <extensions>
          <ns3:TrackPointExtension>
            <ns3:hr>72</ns3:hr>
            <ns3:cad>0</ns3:cad>
          </ns3:TrackPointExtension>
        </extensions>
      </trkpt>
      <trkpt lat="37.506058551371097564697265625" lon="121.42019276507198810577392578125">
        <ele>330.600006103515625</ele>
        <time>2026-09-13T03:57:28.000Z</time>
        <extensions>
          <ns3:TrackPointExtension>
            <ns3:hr>69</ns3:hr>
            <ns3:cad>0</ns3:cad>
          </ns3:TrackPointExtension>
        </extensions>
      </trkpt>
      <trkpt lat="37.506058551371097564697265625" lon="121.42019276507198810577392578125">
        <ele>330.79998779296875</ele>
        <time>2026-09-13T03:57:44.000Z</time>
        <extensions>
          <ns3:TrackPointExtension>
            <ns3:hr>71</ns3:hr>
            <ns3:cad>0</ns3:cad>
          </ns3:TrackPointExtension>
        </extensions>
      </trkpt>
      <trkpt lat="37.506058551371097564697265625" lon="121.42019276507198810577392578125">
        <ele>330.600006103515625</ele>
        <time>2026-09-13T03:57:47.000Z</time>
        <extensions>
          <ns3:TrackPointExtension>
            <ns3:hr>74</ns3:hr>
            <ns3:cad>0</ns3:cad>
          </ns3:TrackPointExtension>
        </extensions>
      </trkpt>
      <trkpt lat="37.506058551371097564697265625" lon="121.42019276507198810577392578125">
        <ele>330.600006103515625</ele>
        <time>2026-09-13T03:58:00.000Z</time>
        <extensions>
          <ns3:TrackPointExtension>
            <ns3:hr>77</ns3:hr>
            <ns3:cad>0</ns3:cad>
          </ns3:TrackPointExtension>
        </extensions>
      </trkpt>
      <trkpt lat="37.5060624070465564727783203125" lon="121.42019108869135379791259765625">
        <ele>330.600006103515625</ele>
        <time>2026-09-13T03:58:05.000Z</time>
        <extensions>
          <ns3:TrackPointExtension>
            <ns3:hr>80</ns3:hr>
            <ns3:cad>0</ns3:cad>
          </ns3:TrackPointExtension>
        </extensions>
      </trkpt>
      <trkpt lat="37.5060624070465564727783203125" lon="121.42019041813910007476806640625">
        <ele>330.600006103515625</ele>
        <time>2026-09-13T03:58:07.000Z</time>
        <extensions>
          <ns3:TrackPointExtension>
            <ns3:hr>80</ns3:hr>
            <ns3:cad>0</ns3:cad>
          </ns3:TrackPointExtension>
        </extensions>
      </trkpt>
      <trkpt lat="37.5060570426285266876220703125" lon="121.4202072657644748687744140625">
        <ele>330.399993896484375</ele>
        <time>2026-09-13T03:58:18.000Z</time>
        <extensions>
          <ns3:TrackPointExtension>
            <ns3:hr>81</ns3:hr>
            <ns3:cad>0</ns3:cad>
          </ns3:TrackPointExtension>
        </extensions>
      </trkpt>
      <trkpt lat="37.50607808120548725128173828125" lon="121.42020869068801403045654296875">
        <ele>330.600006103515625</ele>
        <time>2026-09-13T03:58:29.000Z</time>
        <extensions>
          <ns3:TrackPointExtension>
            <ns3:hr>81</ns3:hr>
            <ns3:cad>0</ns3:cad>
          </ns3:TrackPointExtension>
        </extensions>
      </trkpt>
      <trkpt lat="37.5060774944722652435302734375" lon="121.42021958716213703155517578125">
        <ele>330.399993896484375</ele>
        <time>2026-09-13T03:58:37.000Z</time>
        <extensions>
          <ns3:TrackPointExtension>
            <ns3:hr>82</ns3:hr>
            <ns3:cad>0</ns3:cad>
          </ns3:TrackPointExtension>
        </extensions>
      </trkpt>
      <trkpt lat="37.50607171095907688140869140625" lon="121.42020634375512599945068359375">
        <ele>330</ele>
        <time>2026-09-13T03:58:46.000Z</time>
        <extensions>
          <ns3:TrackPointExtension>
            <ns3:hr>84</ns3:hr>
            <ns3:cad>0</ns3:cad>
          </ns3:TrackPointExtension>
        </extensions>
      </trkpt>
      <trkpt lat="37.50606961548328399658203125" lon="121.42021103762090206146240234375">
        <ele>330.20001220703125</ele>
        <time>2026-09-13T03:59:01.000Z</time>
        <extensions>
          <ns3:TrackPointExtension>
            <ns3:hr>84</ns3:hr>
            <ns3:cad>0</ns3:cad>
          </ns3:TrackPointExtension>
        </extensions>
      </trkpt>
      <trkpt lat="37.5060729682445526123046875" lon="121.42020466737449169158935546875">
        <ele>330.20001220703125</ele>
        <time>2026-09-13T03:59:13.000Z</time>
        <extensions>
          <ns3:TrackPointExtension>
            <ns3:hr>81</ns3:hr>
            <ns3:cad>0</ns3:cad>
          </ns3:TrackPointExtension>
        </extensions>
      </trkpt>
      <trkpt lat="37.5060741417109966278076171875" lon="121.4202042482793331146240234375">
        <ele>330.20001220703125</ele>
        <time>2026-09-13T03:59:20.000Z</time>
        <extensions>
          <ns3:TrackPointExtension>
            <ns3:hr>81</ns3:hr>
            <ns3:cad>0</ns3:cad>
          </ns3:TrackPointExtension>
        </extensions>
      </trkpt>
      <trkpt lat="37.50606785528361797332763671875" lon="121.42020567320287227630615234375">
        <ele>330.600006103515625</ele>
        <time>2026-09-13T03:59:32.000Z</time>
        <extensions>
          <ns3:TrackPointExtension>
            <ns3:hr>81</ns3:hr>
            <ns3:cad>0</ns3:cad>
          </ns3:TrackPointExtension>
        </extensions>
      </trkpt>
      <trkpt lat="37.50606299377977848052978515625" lon="121.4202082715928554534912109375">
        <ele>330.600006103515625</ele>
        <time>2026-09-13T03:59:45.000Z</time>
        <extensions>
          <ns3:TrackPointExtension>
            <ns3:hr>80</ns3:hr>
            <ns3:cad>0</ns3:cad>
          </ns3:TrackPointExtension>
        </extensions>
      </trkpt>
      <trkpt lat="37.50606969930231571197509765625" lon="121.42021103762090206146240234375">
        <ele>330.399993896484375</ele>
        <time>2026-09-13T03:59:58.000Z</time>
        <extensions>
          <ns3:TrackPointExtension>
            <ns3:hr>78</ns3:hr>
            <ns3:cad>0</ns3:cad>
          </ns3:TrackPointExtension>
        </extensions>
      </trkpt>
      <trkpt lat="37.50606425106525421142578125" lon="121.42021103762090206146240234375">
        <ele>330.399993896484375</ele>
        <time>2026-09-13T04:00:09.000Z</time>
        <extensions>
          <ns3:TrackPointExtension>
            <ns3:hr>77</ns3:hr>
            <ns3:cad>0</ns3:cad>
          </ns3:TrackPointExtension>
        </extensions>
      </trkpt>
      <trkpt lat="37.50607053749263286590576171875" lon="121.420196704566478729248046875">
        <ele>330.600006103515625</ele>
        <time>2026-09-13T04:00:20.000Z</time>
        <extensions>
          <ns3:TrackPointExtension>
            <ns3:hr>77</ns3:hr>
            <ns3:cad>0</ns3:cad>
          </ns3:TrackPointExtension>
        </extensions>
      </trkpt>
      <trkpt lat="37.50606265850365161895751953125" lon="121.4202025718986988067626953125">
        <ele>330.600006103515625</ele>
        <time>2026-09-13T04:00:32.000Z</time>
        <extensions>
          <ns3:TrackPointExtension>
            <ns3:hr>76</ns3:hr>
            <ns3:cad>0</ns3:cad>
          </ns3:TrackPointExtension>
        </extensions>
      </trkpt>
      <trkpt lat="37.50605218112468719482421875" lon="121.420197375118732452392578125">
        <ele>330.600006103515625</ele>
        <time>2026-09-13T04:00:35.000Z</time>
        <extensions>
          <ns3:TrackPointExtension>
            <ns3:hr>82</ns3:hr>
            <ns3:cad>0</ns3:cad>
          </ns3:TrackPointExtension>
        </extensions>
      </trkpt>
      <trkpt lat="37.5060488283634185791015625" lon="121.42019393853843212127685546875">
        <ele>330.600006103515625</ele>
        <time>2026-09-13T04:00:36.000Z</time>
        <extensions>
          <ns3:TrackPointExtension>
            <ns3:hr>85</ns3:hr>
            <ns3:cad>0</ns3:cad>
          </ns3:TrackPointExtension>
        </extensions>
      </trkpt>
      <trkpt lat="37.506045140326023101806640625" lon="121.42018656246364116668701171875">
        <ele>330.600006103515625</ele>
        <time>2026-09-13T04:00:43.000Z</time>
        <extensions>
          <ns3:TrackPointExtension>
            <ns3:hr>88</ns3:hr>
            <ns3:cad>0</ns3:cad>
          </ns3:TrackPointExtension>
        </extensions>
      </trkpt>
      <trkpt lat="37.50604547560214996337890625" lon="121.4201878197491168975830078125">
        <ele>330.600006103515625</ele>
        <time>2026-09-13T04:00:44.000Z</time>
        <extensions>
          <ns3:TrackPointExtension>
            <ns3:hr>87</ns3:hr>
            <ns3:cad>0</ns3:cad>
          </ns3:TrackPointExtension>
        </extensions>
      </trkpt>
      <trkpt lat="37.506054528057575225830078125" lon="121.4201878197491168975830078125">
        <ele>330.600006103515625</ele>
        <time>2026-09-13T04:00:57.000Z</time>
        <extensions>
          <ns3:TrackPointExtension>
            <ns3:hr>87</ns3:hr>
            <ns3:cad>0</ns3:cad>
          </ns3:TrackPointExtension>
        </extensions>
      </trkpt>
      <trkpt lat="37.5060627423226833343505859375" lon="121.4202010631561279296875">
        <ele>330.399993896484375</ele>
        <time>2026-09-13T04:01:04.000Z</time>
        <extensions>
          <ns3:TrackPointExtension>
            <ns3:hr>83</ns3:hr>
            <ns3:cad>0</ns3:cad>
          </ns3:TrackPointExtension>
        </extensions>
      </trkpt>
      <trkpt lat="37.5060620717704296112060546875" lon="121.4202104508876800537109375">
        <ele>330.600006103515625</ele>
        <time>2026-09-13T04:01:07.000Z</time>
        <extensions>
          <ns3:TrackPointExtension>
            <ns3:hr>80</ns3:hr>
            <ns3:cad>0</ns3:cad>
          </ns3:TrackPointExtension>
        </extensions>
      </trkpt>
      <trkpt lat="37.5060637481510639190673828125" lon="121.4202092774212360382080078125">
        <ele>330.399993896484375</ele>
        <time>2026-09-13T04:01:10.000Z</time>
        <extensions>
          <ns3:TrackPointExtension>
            <ns3:hr>79</ns3:hr>
            <ns3:cad>0</ns3:cad>
          </ns3:TrackPointExtension>
        </extensions>
      </trkpt>
      <trkpt lat="37.50605243258178234100341796875" lon="121.42019595019519329071044921875">
        <ele>330</ele>
        <time>2026-09-13T04:01:24.000Z</time>
        <extensions>
          <ns3:TrackPointExtension>
            <ns3:hr>78</ns3:hr>
            <ns3:cad>0</ns3:cad>
          </ns3:TrackPointExtension>
        </extensions>
      </trkpt>
      <trkpt lat="37.5060530193150043487548828125" lon="121.4202012307941913604736328125">
        <ele>329.79998779296875</ele>
        <time>2026-09-13T04:01:31.000Z</time>
        <extensions>
          <ns3:TrackPointExtension>
            <ns3:hr>75</ns3:hr>
            <ns3:cad>0</ns3:cad>
          </ns3:TrackPointExtension>
        </extensions>
      </trkpt>
      <trkpt lat="37.506053186953067779541015625" lon="121.420201398432254791259765625">
        <ele>329.79998779296875</ele>
        <time>2026-09-13T04:01:35.000Z</time>
        <extensions>
          <ns3:TrackPointExtension>
            <ns3:hr>72</ns3:hr>
            <ns3:cad>0</ns3:cad>
          </ns3:TrackPointExtension>
        </extensions>
      </trkpt>
      <trkpt lat="37.5060593895614147186279296875" lon="121.42020332626998424530029296875">
        <ele>329.79998779296875</ele>
        <time>2026-09-13T04:01:39.000Z</time>
        <extensions>
          <ns3:TrackPointExtension>
            <ns3:hr>69</ns3:hr>
            <ns3:cad>0</ns3:cad>
          </ns3:TrackPointExtension>
        </extensions>
      </trkpt>
      <trkpt lat="37.50606148503720760345458984375" lon="121.42020081169903278350830078125">
        <ele>330</ele>
        <time>2026-09-13T04:01:42.000Z</time>
        <extensions>
          <ns3:TrackPointExtension>
            <ns3:hr>64</ns3:hr>
            <ns3:cad>0</ns3:cad>
          </ns3:TrackPointExtension>
        </extensions>
      </trkpt>
      <trkpt lat="37.50606098212301731109619140625" lon="121.42019913531839847564697265625">
        <ele>330</ele>
        <time>2026-09-13T04:01:44.000Z</time>
        <extensions>
          <ns3:TrackPointExtension>
            <ns3:hr>61</ns3:hr>
            <ns3:cad>0</ns3:cad>
          </ns3:TrackPointExtension>
        </extensions>
      </trkpt>
      <trkpt lat="37.5060630775988101959228515625" lon="121.4201995544135570526123046875">
        <ele>330</ele>
        <time>2026-09-13T04:01:47.000Z</time>
        <extensions>
          <ns3:TrackPointExtension>
            <ns3:hr>61</ns3:hr>
            <ns3:cad>0</ns3:cad>
          </ns3:TrackPointExtension>
        </extensions>
      </trkpt>
      <trkpt lat="37.50606827437877655029296875" lon="121.42019662074744701385498046875">
        <ele>330</ele>
        <time>2026-09-13T04:02:02.000Z</time>
        <extensions>
          <ns3:TrackPointExtension>
            <ns3:hr>61</ns3:hr>
            <ns3:cad>0</ns3:cad>
          </ns3:TrackPointExtension>
        </extensions>
      </trkpt>
      <trkpt lat="37.50608428381383419036865234375" lon="121.420201398432254791259765625">
        <ele>330</ele>
        <time>2026-09-13T04:02:12.000Z</time>
        <extensions>
          <ns3:TrackPointExtension>
            <ns3:hr>61</ns3:hr>
            <ns3:cad>0</ns3:cad>
          </ns3:TrackPointExtension>
        </extensions>
      </trkpt>
      <trkpt lat="37.5060711242258548736572265625" lon="121.420198045670986175537109375">
        <ele>330.399993896484375</ele>
        <time>2026-09-13T04:02:15.000Z</time>
        <extensions>
          <ns3:TrackPointExtension>
            <ns3:hr>58</ns3:hr>
            <ns3:cad>0</ns3:cad>
          </ns3:TrackPointExtension>
        </extensions>
      </trkpt>
      <trkpt lat="37.50606752000749111175537109375" lon="121.42019678838551044464111328125">
        <ele>330.399993896484375</ele>
        <time>2026-09-13T04:02:20.000Z</time>
        <extensions>
          <ns3:TrackPointExtension>
            <ns3:hr>57</ns3:hr>
            <ns3:cad>0</ns3:cad>
          </ns3:TrackPointExtension>
        </extensions>
      </trkpt>
      <trkpt lat="37.50606550835072994232177734375" lon="121.420198045670986175537109375">
        <ele>330.600006103515625</ele>
        <time>2026-09-13T04:02:26.000Z</time>
        <extensions>
          <ns3:TrackPointExtension>
            <ns3:hr>62</ns3:hr>
            <ns3:cad>0</ns3:cad>
          </ns3:TrackPointExtension>
        </extensions>
      </trkpt>
      <trkpt lat="37.50606534071266651153564453125" lon="121.4201985485851764678955078125">
        <ele>330.600006103515625</ele>
        <time>2026-09-13T04:02:27.000Z</time>
        <extensions>
          <ns3:TrackPointExtension>
            <ns3:hr>70</ns3:hr>
            <ns3:cad>0</ns3:cad>
          </ns3:TrackPointExtension>
        </extensions>
      </trkpt>
      <trkpt lat="37.506064586341381072998046875" lon="121.4201972074806690216064453125">
        <ele>330.600006103515625</ele>
        <time>2026-09-13T04:02:28.000Z</time>
        <extensions>
          <ns3:TrackPointExtension>
            <ns3:hr>77</ns3:hr>
            <ns3:cad>0</ns3:cad>
          </ns3:TrackPointExtension>
        </extensions>
      </trkpt>
      <trkpt lat="37.5060647539794445037841796875" lon="121.4201988838613033294677734375">
        <ele>330.399993896484375</ele>
        <time>2026-09-13T04:02:29.000Z</time>
        <extensions>
          <ns3:TrackPointExtension>
            <ns3:hr>80</ns3:hr>
            <ns3:cad>0</ns3:cad>
          </ns3:TrackPointExtension>
        </extensions>
      </trkpt>
      <trkpt lat="37.50606098212301731109619140625" lon="121.42019980587065219879150390625">
        <ele>330.399993896484375</ele>
        <time>2026-09-13T04:02:30.000Z</time>
        <extensions>
          <ns3:TrackPointExtension>
            <ns3:hr>80</ns3:hr>
            <ns3:cad>0</ns3:cad>
          </ns3:TrackPointExtension>
        </extensions>
      </trkpt>
      <trkpt lat="37.506058551371097564697265625" lon="121.42019578255712985992431640625">
        <ele>330.399993896484375</ele>
        <time>2026-09-13T04:02:32.000Z</time>
        <extensions>
          <ns3:TrackPointExtension>
            <ns3:hr>80</ns3:hr>
            <ns3:cad>0</ns3:cad>
          </ns3:TrackPointExtension>
        </extensions>
      </trkpt>
      <trkpt lat="37.50606156885623931884765625" lon="121.4201851375401020050048828125">
        <ele>330.600006103515625</ele>
        <time>2026-09-13T04:02:40.000Z</time>
        <extensions>
          <ns3:TrackPointExtension>
            <ns3:hr>83</ns3:hr>
            <ns3:cad>0</ns3:cad>
          </ns3:TrackPointExtension>
        </extensions>
      </trkpt>
      <trkpt lat="37.5060607306659221649169921875" lon="121.4201854728162288665771484375">
        <ele>330.399993896484375</ele>
        <time>2026-09-13T04:02:47.000Z</time>
        <extensions>
          <ns3:TrackPointExtension>
            <ns3:hr>80</ns3:hr>
            <ns3:cad>0</ns3:cad>
          </ns3:TrackPointExtension>
        </extensions>
      </trkpt>
      <trkpt lat="37.50607556663453578948974609375" lon="121.42019008286297321319580078125">
        <ele>330.600006103515625</ele>
        <time>2026-09-13T04:02:54.000Z</time>
        <extensions>
          <ns3:TrackPointExtension>
            <ns3:hr>77</ns3:hr>
            <ns3:cad>0</ns3:cad>
          </ns3:TrackPointExtension>
        </extensions>
      </trkpt>
      <trkpt lat="37.50607841648161411285400390625" lon="121.4201985485851764678955078125">
        <ele>330.600006103515625</ele>
        <time>2026-09-13T04:02:59.000Z</time>
        <extensions>
          <ns3:TrackPointExtension>
            <ns3:hr>74</ns3:hr>
            <ns3:cad>0</ns3:cad>
          </ns3:TrackPointExtension>
        </extensions>
      </trkpt>
      <trkpt lat="37.506074644625186920166015625" lon="121.420205421745777130126953125">
        <ele>330.399993896484375</ele>
        <time>2026-09-13T04:03:04.000Z</time>
        <extensions>
          <ns3:TrackPointExtension>
            <ns3:hr>71</ns3:hr>
            <ns3:cad>0</ns3:cad>
          </ns3:TrackPointExtension>
        </extensions>
      </trkpt>
      <trkpt lat="37.50607456080615520477294921875" lon="121.4202116243541240692138671875">
        <ele>330.20001220703125</ele>
        <time>2026-09-13T04:03:06.000Z</time>
        <extensions>
          <ns3:TrackPointExtension>
            <ns3:hr>67</ns3:hr>
            <ns3:cad>0</ns3:cad>
          </ns3:TrackPointExtension>
        </extensions>
      </trkpt>
      <trkpt lat="37.50607204623520374298095703125" lon="121.420214474201202392578125">
        <ele>330</ele>
        <time>2026-09-13T04:03:09.000Z</time>
        <extensions>
          <ns3:TrackPointExtension>
            <ns3:hr>66</ns3:hr>
            <ns3:cad>0</ns3:cad>
          </ns3:TrackPointExtension>
        </extensions>
      </trkpt>
      <trkpt lat="37.5060702860355377197265625" lon="121.42022327519953250885009765625">
        <ele>330</ele>
        <time>2026-09-13T04:03:23.000Z</time>
        <extensions>
          <ns3:TrackPointExtension>
            <ns3:hr>67</ns3:hr>
            <ns3:cad>0</ns3:cad>
          </ns3:TrackPointExtension>
        </extensions>
      </trkpt>
      <trkpt lat="37.506068609654903411865234375" lon="121.4202230237424373626708984375">
        <ele>330.20001220703125</ele>
        <time>2026-09-13T04:03:27.000Z</time>
        <extensions>
          <ns3:TrackPointExtension>
            <ns3:hr>70</ns3:hr>
            <ns3:cad>0</ns3:cad>
          </ns3:TrackPointExtension>
        </extensions>
      </trkpt>
      <trkpt lat="37.506064586341381072998046875" lon="121.4202206768095493316650390625">
        <ele>330</ele>
        <time>2026-09-13T04:03:34.000Z</time>
        <extensions>
          <ns3:TrackPointExtension>
            <ns3:hr>66</ns3:hr>
            <ns3:cad>0</ns3:cad>
          </ns3:TrackPointExtension>
        </extensions>
      </trkpt>
      <trkpt lat="37.50606433488428592681884765625" lon="121.420219838619232177734375">
        <ele>330</ele>
        <time>2026-09-13T04:03:35.000Z</time>
        <extensions>
          <ns3:TrackPointExtension>
            <ns3:hr>63</ns3:hr>
            <ns3:cad>0</ns3:cad>
          </ns3:TrackPointExtension>
        </extensions>
      </trkpt>
      <trkpt lat="37.50606349669396877288818359375" lon="121.420218832790851593017578125">
        <ele>330</ele>
        <time>2026-09-13T04:03:36.000Z</time>
        <extensions>
          <ns3:TrackPointExtension>
            <ns3:hr>60</ns3:hr>
            <ns3:cad>0</ns3:cad>
          </ns3:TrackPointExtension>
        </extensions>
      </trkpt>
      <trkpt lat="37.50606349669396877288818359375" lon="121.42021807841956615447998046875">
        <ele>330</ele>
        <time>2026-09-13T04:03:37.000Z</time>
        <extensions>
          <ns3:TrackPointExtension>
            <ns3:hr>60</ns3:hr>
            <ns3:cad>0</ns3:cad>
          </ns3:TrackPointExtension>
        </extensions>
      </trkpt>
      <trkpt lat="37.5060657598078250885009765625" lon="121.420215480029582977294921875">
        <ele>330.399993896484375</ele>
        <time>2026-09-13T04:03:47.000Z</time>
        <extensions>
          <ns3:TrackPointExtension>
            <ns3:hr>57</ns3:hr>
            <ns3:cad>0</ns3:cad>
          </ns3:TrackPointExtension>
        </extensions>
      </trkpt>
      <trkpt lat="37.50607087276875972747802734375" lon="121.42020843923091888427734375">
        <ele>330.399993896484375</ele>
        <time>2026-09-13T04:03:51.000Z</time>
        <extensions>
          <ns3:TrackPointExtension>
            <ns3:hr>59</ns3:hr>
            <ns3:cad>0</ns3:cad>
          </ns3:TrackPointExtension>
        </extensions>
      </trkpt>
      <trkpt lat="37.5060694478452205657958984375" lon="121.42020852304995059967041015625">
        <ele>330.20001220703125</ele>
        <time>2026-09-13T04:03:58.000Z</time>
        <extensions>
          <ns3:TrackPointExtension>
            <ns3:hr>63</ns3:hr>
            <ns3:cad>0</ns3:cad>
          </ns3:TrackPointExtension>
        </extensions>
      </trkpt>
      <trkpt lat="37.5060654245316982269287109375" lon="121.42021137289702892303466796875">
        <ele>330.20001220703125</ele>
        <time>2026-09-13T04:03:59.000Z</time>
        <extensions>
          <ns3:TrackPointExtension>
            <ns3:hr>66</ns3:hr>
            <ns3:cad>0</ns3:cad>
          </ns3:TrackPointExtension>
        </extensions>
      </trkpt>
      <trkpt lat="37.50606081448495388031005859375" lon="121.42021556384861469268798828125">
        <ele>330.20001220703125</ele>
        <time>2026-09-13T04:04:03.000Z</time>
        <extensions>
          <ns3:TrackPointExtension>
            <ns3:hr>67</ns3:hr>
            <ns3:cad>0</ns3:cad>
          </ns3:TrackPointExtension>
        </extensions>
      </trkpt>
      <trkpt lat="37.50606349669396877288818359375" lon="121.42020785249769687652587890625">
        <ele>330.399993896484375</ele>
        <time>2026-09-13T04:04:19.000Z</time>
        <extensions>
          <ns3:TrackPointExtension>
            <ns3:hr>67</ns3:hr>
            <ns3:cad>0</ns3:cad>
          </ns3:TrackPointExtension>
        </extensions>
      </trkpt>
      <trkpt lat="37.50605846755206584930419921875" lon="121.4201992191374301910400390625">
        <ele>330.399993896484375</ele>
        <time>2026-09-13T04:04:30.000Z</time>
        <extensions>
          <ns3:TrackPointExtension>
            <ns3:hr>69</ns3:hr>
            <ns3:cad>0</ns3:cad>
          </ns3:TrackPointExtension>
        </extensions>
      </trkpt>
      <trkpt lat="37.50606031157076358795166015625" lon="121.42020181752741336822509765625">
        <ele>330.600006103515625</ele>
        <time>2026-09-13T04:04:33.000Z</time>
        <extensions>
          <ns3:TrackPointExtension>
            <ns3:hr>72</ns3:hr>
            <ns3:cad>0</ns3:cad>
          </ns3:TrackPointExtension>
        </extensions>
      </trkpt>
      <trkpt lat="37.50606249086558818817138671875" lon="121.420204751193523406982421875">
        <ele>330.79998779296875</ele>
        <time>2026-09-13T04:04:37.000Z</time>
        <extensions>
          <ns3:TrackPointExtension>
            <ns3:hr>75</ns3:hr>
            <ns3:cad>0</ns3:cad>
          </ns3:TrackPointExtension>
        </extensions>
      </trkpt>
      <trkpt lat="37.50606425106525421142578125" lon="121.420209445059299468994140625">
        <ele>330.79998779296875</ele>
        <time>2026-09-13T04:04:40.000Z</time>
        <extensions>
          <ns3:TrackPointExtension>
            <ns3:hr>75</ns3:hr>
            <ns3:cad>0</ns3:cad>
          </ns3:TrackPointExtension>
        </extensions>
      </trkpt>
      <trkpt lat="37.50606768764555454254150390625" lon="121.42020768485963344573974609375">
        <ele>330.600006103515625</ele>
        <time>2026-09-13T04:04:51.000Z</time>
        <extensions>
          <ns3:TrackPointExtension>
            <ns3:hr>77</ns3:hr>
            <ns3:cad>0</ns3:cad>
          </ns3:TrackPointExtension>
        </extensions>
      </trkpt>
      <trkpt lat="37.50606550835072994232177734375" lon="121.42020718194544315338134765625">
        <ele>330.600006103515625</ele>
        <time>2026-09-13T04:04:57.000Z</time>
        <extensions>
          <ns3:TrackPointExtension>
            <ns3:hr>80</ns3:hr>
            <ns3:cad>0</ns3:cad>
          </ns3:TrackPointExtension>
        </extensions>
      </trkpt>
      <trkpt lat="37.50606852583587169647216796875" lon="121.42021120525896549224853515625">
        <ele>330.79998779296875</ele>
        <time>2026-09-13T04:05:04.000Z</time>
        <extensions>
          <ns3:TrackPointExtension>
            <ns3:hr>81</ns3:hr>
            <ns3:cad>0</ns3:cad>
          </ns3:TrackPointExtension>
        </extensions>
      </trkpt>
      <trkpt lat="37.50607690773904323577880859375" lon="121.4202129654586315155029296875">
        <ele>330.600006103515625</ele>
        <time>2026-09-13T04:05:15.000Z</time>
        <extensions>
          <ns3:TrackPointExtension>
            <ns3:hr>78</ns3:hr>
            <ns3:cad>0</ns3:cad>
          </ns3:TrackPointExtension>
        </extensions>
      </trkpt>
      <trkpt lat="37.50607623718678951263427734375" lon="121.420217491686344146728515625">
        <ele>330.79998779296875</ele>
        <time>2026-09-13T04:05:21.000Z</time>
        <extensions>
          <ns3:TrackPointExtension>
            <ns3:hr>75</ns3:hr>
            <ns3:cad>0</ns3:cad>
          </ns3:TrackPointExtension>
        </extensions>
      </trkpt>
      <trkpt lat="37.50607757829129695892333984375" lon="121.42022587358951568603515625">
        <ele>330.79998779296875</ele>
        <time>2026-09-13T04:05:25.000Z</time>
        <extensions>
          <ns3:TrackPointExtension>
            <ns3:hr>76</ns3:hr>
            <ns3:cad>0</ns3:cad>
          </ns3:TrackPointExtension>
        </extensions>
      </trkpt>
      <trkpt lat="37.50606483779847621917724609375" lon="121.4202049188315868377685546875">
        <ele>331</ele>
        <time>2026-09-13T04:05:35.000Z</time>
        <extensions>
          <ns3:TrackPointExtension>
            <ns3:hr>75</ns3:hr>
            <ns3:cad>0</ns3:cad>
          </ns3:TrackPointExtension>
        </extensions>
      </trkpt>
      <trkpt lat="37.50606249086558818817138671875" lon="121.42019863240420818328857421875">
        <ele>330.79998779296875</ele>
        <time>2026-09-13T04:05:48.000Z</time>
        <extensions>
          <ns3:TrackPointExtension>
            <ns3:hr>78</ns3:hr>
            <ns3:cad>0</ns3:cad>
          </ns3:TrackPointExtension>
        </extensions>
      </trkpt>
      <trkpt lat="37.50606249086558818817138671875" lon="121.42019863240420818328857421875">
        <ele>330.79998779296875</ele>
        <time>2026-09-13T04:05:51.000Z</time>
        <extensions>
          <ns3:TrackPointExtension>
            <ns3:hr>79</ns3:hr>
            <ns3:cad>0</ns3:cad>
          </ns3:TrackPointExtension>
        </extensions>
      </trkpt>
      <trkpt lat="37.50606249086558818817138671875" lon="121.42019863240420818328857421875">
        <ele>330.600006103515625</ele>
        <time>2026-09-13T04:05:53.000Z</time>
        <extensions>
          <ns3:TrackPointExtension>
            <ns3:hr>83</ns3:hr>
            <ns3:cad>0</ns3:cad>
          </ns3:TrackPointExtension>
        </extensions>
      </trkpt>
      <trkpt lat="37.50606249086558818817138671875" lon="121.42019863240420818328857421875">
        <ele>330.600006103515625</ele>
        <time>2026-09-13T04:05:57.000Z</time>
        <extensions>
          <ns3:TrackPointExtension>
            <ns3:hr>86</ns3:hr>
            <ns3:cad>0</ns3:cad>
          </ns3:TrackPointExtension>
        </extensions>
      </trkpt>
      <trkpt lat="37.50605796463787555694580078125" lon="121.42020047642290592193603515625">
        <ele>330.600006103515625</ele>
        <time>2026-09-13T04:06:01.000Z</time>
        <extensions>
          <ns3:TrackPointExtension>
            <ns3:hr>83</ns3:hr>
            <ns3:cad>0</ns3:cad>
          </ns3:TrackPointExtension>
        </extensions>
      </trkpt>
      <trkpt lat="37.50606349669396877288818359375" lon="121.4202159829437732696533203125">
        <ele>330.399993896484375</ele>
        <time>2026-09-13T04:06:08.000Z</time>
        <extensions>
          <ns3:TrackPointExtension>
            <ns3:hr>82</ns3:hr>
            <ns3:cad>0</ns3:cad>
          </ns3:TrackPointExtension>
        </extensions>
      </trkpt>
      <trkpt lat="37.5060520134866237640380859375" lon="121.42020869068801403045654296875">
        <ele>330.600006103515625</ele>
        <time>2026-09-13T04:06:13.000Z</time>
        <extensions>
          <ns3:TrackPointExtension>
            <ns3:hr>85</ns3:hr>
            <ns3:cad>57</ns3:cad>
          </ns3:TrackPointExtension>
        </extensions>
      </trkpt>
      <trkpt lat="37.50604488886892795562744140625" lon="121.42021522857248783111572265625">
        <ele>330.399993896484375</ele>
        <time>2026-09-13T04:06:16.000Z</time>
        <extensions>
          <ns3:TrackPointExtension>
            <ns3:hr>86</ns3:hr>
            <ns3:cad>0</ns3:cad>
          </ns3:TrackPointExtension>
        </extensions>
      </trkpt>
      <trkpt lat="37.50604555942118167877197265625" lon="121.42020986415445804595947265625">
        <ele>330.600006103515625</ele>
        <time>2026-09-13T04:06:27.000Z</time>
        <extensions>
          <ns3:TrackPointExtension>
            <ns3:hr>85</ns3:hr>
            <ns3:cad>0</ns3:cad>
          </ns3:TrackPointExtension>
        </extensions>
      </trkpt>
      <trkpt lat="37.5060583837330341339111328125" lon="121.42020047642290592193603515625">
        <ele>330.79998779296875</ele>
        <time>2026-09-13T04:06:37.000Z</time>
        <extensions>
          <ns3:TrackPointExtension>
            <ns3:hr>82</ns3:hr>
            <ns3:cad>0</ns3:cad>
          </ns3:TrackPointExtension>
        </extensions>
      </trkpt>
      <trkpt lat="37.5060590542852878570556640625" lon="121.420205421745777130126953125">
        <ele>330.600006103515625</ele>
        <time>2026-09-13T04:06:42.000Z</time>
        <extensions>
          <ns3:TrackPointExtension>
            <ns3:hr>81</ns3:hr>
            <ns3:cad>0</ns3:cad>
          </ns3:TrackPointExtension>
        </extensions>
      </trkpt>
      <trkpt lat="37.5060496665537357330322265625" lon="121.42021237872540950775146484375">
        <ele>330.20001220703125</ele>
        <time>2026-09-13T04:06:53.000Z</time>
        <extensions>
          <ns3:TrackPointExtension>
            <ns3:hr>80</ns3:hr>
            <ns3:cad>0</ns3:cad>
          </ns3:TrackPointExtension>
        </extensions>
      </trkpt>
      <trkpt lat="37.50605058856308460235595703125" lon="121.420229561626911163330078125">
        <ele>330.20001220703125</ele>
        <time>2026-09-13T04:07:04.000Z</time>
        <extensions>
          <ns3:TrackPointExtension>
            <ns3:hr>80</ns3:hr>
            <ns3:cad>0</ns3:cad>
          </ns3:TrackPointExtension>
        </extensions>
      </trkpt>
      <trkpt lat="37.50604949891567230224609375" lon="121.42021388746798038482666015625">
        <ele>330.20001220703125</ele>
        <time>2026-09-13T04:07:14.000Z</time>
        <extensions>
          <ns3:TrackPointExtension>
            <ns3:hr>81</ns3:hr>
            <ns3:cad>0</ns3:cad>
          </ns3:TrackPointExtension>
        </extensions>
      </trkpt>
      <trkpt lat="37.506045140326023101806640625" lon="121.4202203415334224700927734375">
        <ele>330.20001220703125</ele>
        <time>2026-09-13T04:07:22.000Z</time>
        <extensions>
          <ns3:TrackPointExtension>
            <ns3:hr>80</ns3:hr>
            <ns3:cad>0</ns3:cad>
          </ns3:TrackPointExtension>
        </extensions>
      </trkpt>
      <trkpt lat="37.50607095658779144287109375" lon="121.42020575702190399169921875">
        <ele>330.20001220703125</ele>
        <time>2026-09-13T04:07:32.000Z</time>
        <extensions>
          <ns3:TrackPointExtension>
            <ns3:hr>78</ns3:hr>
            <ns3:cad>0</ns3:cad>
          </ns3:TrackPointExtension>
        </extensions>
      </trkpt>
      <trkpt lat="37.50606936402618885040283203125" lon="121.42019812949001789093017578125">
        <ele>330</ele>
        <time>2026-09-13T04:07:39.000Z</time>
        <extensions>
          <ns3:TrackPointExtension>
            <ns3:hr>78</ns3:hr>
            <ns3:cad>0</ns3:cad>
          </ns3:TrackPointExtension>
        </extensions>
      </trkpt>
      <trkpt lat="37.5060676038265228271484375" lon="121.420214809477329254150390625">
        <ele>330.20001220703125</ele>
        <time>2026-09-13T04:07:49.000Z</time>
        <extensions>
          <ns3:TrackPointExtension>
            <ns3:hr>76</ns3:hr>
            <ns3:cad>0</ns3:cad>
          </ns3:TrackPointExtension>
        </extensions>
      </trkpt>
      <trkpt lat="37.50605729408562183380126953125" lon="121.4202050864696502685546875">
        <ele>330.600006103515625</ele>
        <time>2026-09-13T04:07:57.000Z</time>
        <extensions>
          <ns3:TrackPointExtension>
            <ns3:hr>76</ns3:hr>
            <ns3:cad>0</ns3:cad>
          </ns3:TrackPointExtension>
        </extensions>
      </trkpt>
      <trkpt lat="37.50605360604822635650634765625" lon="121.42020181752741336822509765625">
        <ele>330.600006103515625</ele>
        <time>2026-09-13T04:08:06.000Z</time>
        <extensions>
          <ns3:TrackPointExtension>
            <ns3:hr>77</ns3:hr>
            <ns3:cad>0</ns3:cad>
          </ns3:TrackPointExtension>
        </extensions>
      </trkpt>
      <trkpt lat="37.5060597248375415802001953125" lon="121.42020173370838165283203125">
        <ele>330.20001220703125</ele>
        <time>2026-09-13T04:08:16.000Z</time>
        <extensions>
          <ns3:TrackPointExtension>
            <ns3:hr>77</ns3:hr>
            <ns3:cad>0</ns3:cad>
          </ns3:TrackPointExtension>
        </extensions>
      </trkpt>
      <trkpt lat="37.50606047920882701873779296875" lon="121.4202005602419376373291015625">
        <ele>330.600006103515625</ele>
        <time>2026-09-13T04:08:25.000Z</time>
        <extensions>
          <ns3:TrackPointExtension>
            <ns3:hr>78</ns3:hr>
            <ns3:cad>0</ns3:cad>
          </ns3:TrackPointExtension>
        </extensions>
      </trkpt>
      <trkpt lat="37.50605695880949497222900390625" lon="121.420214138925075531005859375">
        <ele>330.399993896484375</ele>
        <time>2026-09-13T04:08:36.000Z</time>
        <extensions>
          <ns3:TrackPointExtension>
            <ns3:hr>80</ns3:hr>
            <ns3:cad>0</ns3:cad>
          </ns3:TrackPointExtension>
        </extensions>
      </trkpt>
      <trkpt lat="37.5060560368001461029052734375" lon="121.42020282335579395294189453125">
        <ele>330</ele>
        <time>2026-09-13T04:08:43.000Z</time>
        <extensions>
          <ns3:TrackPointExtension>
            <ns3:hr>80</ns3:hr>
            <ns3:cad>0</ns3:cad>
          </ns3:TrackPointExtension>
        </extensions>
      </trkpt>
      <trkpt lat="37.5060516782104969024658203125" lon="121.42019896768033504486083984375">
        <ele>330.20001220703125</ele>
        <time>2026-09-13T04:08:52.000Z</time>
        <extensions>
          <ns3:TrackPointExtension>
            <ns3:hr>81</ns3:hr>
            <ns3:cad>0</ns3:cad>
          </ns3:TrackPointExtension>
        </extensions>
      </trkpt>
      <trkpt lat="37.5060553662478923797607421875" lon="121.42019460909068584442138671875">
        <ele>330.20001220703125</ele>
        <time>2026-09-13T04:08:56.000Z</time>
        <extensions>
          <ns3:TrackPointExtension>
            <ns3:hr>78</ns3:hr>
            <ns3:cad>0</ns3:cad>
          </ns3:TrackPointExtension>
        </extensions>
      </trkpt>
      <trkpt lat="37.506054528057575225830078125" lon="121.42019460909068584442138671875">
        <ele>330.399993896484375</ele>
        <time>2026-09-13T04:08:58.000Z</time>
        <extensions>
          <ns3:TrackPointExtension>
            <ns3:hr>77</ns3:hr>
            <ns3:cad>0</ns3:cad>
          </ns3:TrackPointExtension>
        </extensions>
      </trkpt>
      <trkpt lat="37.5060560368001461029052734375" lon="121.420192681252956390380859375">
        <ele>330.20001220703125</ele>
        <time>2026-09-13T04:09:08.000Z</time>
        <extensions>
          <ns3:TrackPointExtension>
            <ns3:hr>76</ns3:hr>
            <ns3:cad>0</ns3:cad>
          </ns3:TrackPointExtension>
        </extensions>
      </trkpt>
      <trkpt lat="37.50605662353336811065673828125" lon="121.42019963823258876800537109375">
        <ele>330.20001220703125</ele>
        <time>2026-09-13T04:09:17.000Z</time>
        <extensions>
          <ns3:TrackPointExtension>
            <ns3:hr>75</ns3:hr>
            <ns3:cad>0</ns3:cad>
          </ns3:TrackPointExtension>
        </extensions>
      </trkpt>
      <trkpt lat="37.50606249086558818817138671875" lon="121.42019863240420818328857421875">
        <ele>330.20001220703125</ele>
        <time>2026-09-13T04:09:32.000Z</time>
        <extensions>
          <ns3:TrackPointExtension>
            <ns3:hr>78</ns3:hr>
            <ns3:cad>0</ns3:cad>
          </ns3:TrackPointExtension>
        </extensions>
      </trkpt>
      <trkpt lat="37.50605863519012928009033203125" lon="121.420198045670986175537109375">
        <ele>330.20001220703125</ele>
        <time>2026-09-13T04:09:34.000Z</time>
        <extensions>
          <ns3:TrackPointExtension>
            <ns3:hr>82</ns3:hr>
            <ns3:cad>0</ns3:cad>
          </ns3:TrackPointExtension>
        </extensions>
      </trkpt>
      <trkpt lat="37.506058216094970703125" lon="121.42019779421389102935791015625">
        <ele>330.20001220703125</ele>
        <time>2026-09-13T04:09:35.000Z</time>
        <extensions>
          <ns3:TrackPointExtension>
            <ns3:hr>85</ns3:hr>
            <ns3:cad>0</ns3:cad>
          </ns3:TrackPointExtension>
        </extensions>
      </trkpt>
      <trkpt lat="37.50605863519012928009033203125" lon="121.4201982133090496063232421875">
        <ele>330.20001220703125</ele>
        <time>2026-09-13T04:09:38.000Z</time>
        <extensions>
          <ns3:TrackPointExtension>
            <ns3:hr>86</ns3:hr>
            <ns3:cad>0</ns3:cad>
          </ns3:TrackPointExtension>
        </extensions>
      </trkpt>
      <trkpt lat="37.5060614012181758880615234375" lon="121.42020441591739654541015625">
        <ele>330</ele>
        <time>2026-09-13T04:09:47.000Z</time>
        <extensions>
          <ns3:TrackPointExtension>
            <ns3:hr>83</ns3:hr>
            <ns3:cad>0</ns3:cad>
          </ns3:TrackPointExtension>
        </extensions>
      </trkpt>
      <trkpt lat="37.50606550835072994232177734375" lon="121.420197375118732452392578125">
        <ele>330</ele>
        <time>2026-09-13T04:09:51.000Z</time>
        <extensions>
          <ns3:TrackPointExtension>
            <ns3:hr>81</ns3:hr>
            <ns3:cad>0</ns3:cad>
          </ns3:TrackPointExtension>
        </extensions>
      </trkpt>
      <trkpt lat="37.50606517307460308074951171875" lon="121.42018874175846576690673828125">
        <ele>330</ele>
        <time>2026-09-13T04:09:59.000Z</time>
        <extensions>
          <ns3:TrackPointExtension>
            <ns3:hr>78</ns3:hr>
            <ns3:cad>0</ns3:cad>
          </ns3:TrackPointExtension>
        </extensions>
      </trkpt>
      <trkpt lat="37.50606534071266651153564453125" lon="121.4201911725103855133056640625">
        <ele>330</ele>
        <time>2026-09-13T04:10:01.000Z</time>
        <extensions>
          <ns3:TrackPointExtension>
            <ns3:hr>78</ns3:hr>
            <ns3:cad>0</ns3:cad>
          </ns3:TrackPointExtension>
        </extensions>
      </trkpt>
      <trkpt lat="37.506068609654903411865234375" lon="121.42019326798617839813232421875">
        <ele>330</ele>
        <time>2026-09-13T04:10:13.000Z</time>
        <extensions>
          <ns3:TrackPointExtension>
            <ns3:hr>81</ns3:hr>
            <ns3:cad>0</ns3:cad>
          </ns3:TrackPointExtension>
        </extensions>
      </trkpt>
      <trkpt lat="37.50607003457844257354736328125" lon="121.4201945252716541290283203125">
        <ele>330</ele>
        <time>2026-09-13T04:10:14.000Z</time>
        <extensions>
          <ns3:TrackPointExtension>
            <ns3:hr>81</ns3:hr>
            <ns3:cad>0</ns3:cad>
          </ns3:TrackPointExtension>
        </extensions>
      </trkpt>
      <trkpt lat="37.50606835819780826568603515625" lon="121.420204751193523406982421875">
        <ele>330</ele>
        <time>2026-09-13T04:10:25.000Z</time>
        <extensions>
          <ns3:TrackPointExtension>
            <ns3:hr>81</ns3:hr>
            <ns3:cad>0</ns3:cad>
          </ns3:TrackPointExtension>
        </extensions>
      </trkpt>
      <trkpt lat="37.50605964101850986480712890625" lon="121.42020734958350658416748046875">
        <ele>330</ele>
        <time>2026-09-13T04:10:30.000Z</time>
        <extensions>
          <ns3:TrackPointExtension>
            <ns3:hr>84</ns3:hr>
            <ns3:cad>0</ns3:cad>
          </ns3:TrackPointExtension>
        </extensions>
      </trkpt>
      <trkpt lat="37.50605897046625614166259765625" lon="121.420211456716060638427734375">
        <ele>330</ele>
        <time>2026-09-13T04:10:32.000Z</time>
        <extensions>
          <ns3:TrackPointExtension>
            <ns3:hr>89</ns3:hr>
            <ns3:cad>0</ns3:cad>
          </ns3:TrackPointExtension>
        </extensions>
      </trkpt>
      <trkpt lat="37.506060563027858734130859375" lon="121.4202052541077136993408203125">
        <ele>330</ele>
        <time>2026-09-13T04:10:35.000Z</time>
        <extensions>
          <ns3:TrackPointExtension>
            <ns3:hr>90</ns3:hr>
            <ns3:cad>0</ns3:cad>
          </ns3:TrackPointExtension>
        </extensions>
      </trkpt>
      <trkpt lat="37.506056539714336395263671875" lon="121.4202049188315868377685546875">
        <ele>329.79998779296875</ele>
        <time>2026-09-13T04:10:37.000Z</time>
        <extensions>
          <ns3:TrackPointExtension>
            <ns3:hr>87</ns3:hr>
            <ns3:cad>0</ns3:cad>
          </ns3:TrackPointExtension>
        </extensions>
      </trkpt>
      <trkpt lat="37.50605880282819271087646484375" lon="121.420214138925075531005859375">
        <ele>329.600006103515625</ele>
        <time>2026-09-13T04:10:42.000Z</time>
        <extensions>
          <ns3:TrackPointExtension>
            <ns3:hr>86</ns3:hr>
            <ns3:cad>0</ns3:cad>
          </ns3:TrackPointExtension>
        </extensions>
      </trkpt>
      <trkpt lat="37.5060560368001461029052734375" lon="121.42021707259118556976318359375">
        <ele>329.79998779296875</ele>
        <time>2026-09-13T04:10:51.000Z</time>
        <extensions>
          <ns3:TrackPointExtension>
            <ns3:hr>85</ns3:hr>
            <ns3:cad>0</ns3:cad>
          </ns3:TrackPointExtension>
        </extensions>
      </trkpt>
      <trkpt lat="37.5060568749904632568359375" lon="121.42021648585796356201171875">
        <ele>329.600006103515625</ele>
        <time>2026-09-13T04:10:56.000Z</time>
        <extensions>
          <ns3:TrackPointExtension>
            <ns3:hr>83</ns3:hr>
            <ns3:cad>0</ns3:cad>
          </ns3:TrackPointExtension>
        </extensions>
      </trkpt>
      <trkpt lat="37.5060590542852878570556640625" lon="121.42021573148667812347412109375">
        <ele>329.600006103515625</ele>
        <time>2026-09-13T04:10:58.000Z</time>
        <extensions>
          <ns3:TrackPointExtension>
            <ns3:hr>80</ns3:hr>
            <ns3:cad>0</ns3:cad>
          </ns3:TrackPointExtension>
        </extensions>
      </trkpt>
      <trkpt lat="37.50605746172368526458740234375" lon="121.4202116243541240692138671875">
        <ele>329.600006103515625</ele>
        <time>2026-09-13T04:11:00.000Z</time>
        <extensions>
          <ns3:TrackPointExtension>
            <ns3:hr>76</ns3:hr>
            <ns3:cad>0</ns3:cad>
          </ns3:TrackPointExtension>
        </extensions>
      </trkpt>
      <trkpt lat="37.5060580484569072723388671875" lon="121.42020416446030139923095703125">
        <ele>329.600006103515625</ele>
        <time>2026-09-13T04:11:02.000Z</time>
        <extensions>
          <ns3:TrackPointExtension>
            <ns3:hr>74</ns3:hr>
            <ns3:cad>0</ns3:cad>
          </ns3:TrackPointExtension>
        </extensions>
      </trkpt>
      <trkpt lat="37.50606165267527103424072265625" lon="121.42020466737449169158935546875">
        <ele>329.600006103515625</ele>
        <time>2026-09-13T04:11:04.000Z</time>
        <extensions>
          <ns3:TrackPointExtension>
            <ns3:hr>77</ns3:hr>
            <ns3:cad>0</ns3:cad>
          </ns3:TrackPointExtension>
        </extensions>
      </trkpt>
      <trkpt lat="37.50606684945523738861083984375" lon="121.4202059246599674224853515625">
        <ele>329.600006103515625</ele>
        <time>2026-09-13T04:11:06.000Z</time>
        <extensions>
          <ns3:TrackPointExtension>
            <ns3:hr>80</ns3:hr>
            <ns3:cad>0</ns3:cad>
          </ns3:TrackPointExtension>
        </extensions>
      </trkpt>
      <trkpt lat="37.5060751475393772125244140625" lon="121.42021019943058490753173828125">
        <ele>330</ele>
        <time>2026-09-13T04:11:14.000Z</time>
        <extensions>
          <ns3:TrackPointExtension>
            <ns3:hr>76</ns3:hr>
            <ns3:cad>0</ns3:cad>
          </ns3:TrackPointExtension>
        </extensions>
      </trkpt>
      <trkpt lat="37.50605310313403606414794921875" lon="121.4202077686786651611328125">
        <ele>330</ele>
        <time>2026-09-13T04:11:20.000Z</time>
        <extensions>
          <ns3:TrackPointExtension>
            <ns3:hr>73</ns3:hr>
            <ns3:cad>0</ns3:cad>
          </ns3:TrackPointExtension>
        </extensions>
      </trkpt>
      <trkpt lat="37.5060476548969745635986328125" lon="121.42020936124026775360107421875">
        <ele>330</ele>
        <time>2026-09-13T04:11:24.000Z</time>
        <extensions>
          <ns3:TrackPointExtension>
            <ns3:hr>74</ns3:hr>
            <ns3:cad>0</ns3:cad>
          </ns3:TrackPointExtension>
        </extensions>
      </trkpt>
      <trkpt lat="37.5060530193150043487548828125" lon="121.42021522857248783111572265625">
        <ele>329.79998779296875</ele>
        <time>2026-09-13T04:11:27.000Z</time>
        <extensions>
          <ns3:TrackPointExtension>
            <ns3:hr>78</ns3:hr>
            <ns3:cad>0</ns3:cad>
          </ns3:TrackPointExtension>
        </extensions>
      </trkpt>
      <trkpt lat="37.50605058856308460235595703125" lon="121.4202156476676464080810546875">
        <ele>329.600006103515625</ele>
        <time>2026-09-13T04:11:29.000Z</time>
        <extensions>
          <ns3:TrackPointExtension>
            <ns3:hr>82</ns3:hr>
            <ns3:cad>0</ns3:cad>
          </ns3:TrackPointExtension>
        </extensions>
      </trkpt>
      <trkpt lat="37.50605285167694091796875" lon="121.42021941952407360076904296875">
        <ele>329.399993896484375</ele>
        <time>2026-09-13T04:11:32.000Z</time>
        <extensions>
          <ns3:TrackPointExtension>
            <ns3:hr>83</ns3:hr>
            <ns3:cad>0</ns3:cad>
          </ns3:TrackPointExtension>
        </extensions>
      </trkpt>
      <trkpt lat="37.50606148503720760345458984375" lon="121.4202072657644748687744140625">
        <ele>330</ele>
        <time>2026-09-13T04:11:43.000Z</time>
        <extensions>
          <ns3:TrackPointExtension>
            <ns3:hr>83</ns3:hr>
            <ns3:cad>0</ns3:cad>
          </ns3:TrackPointExtension>
        </extensions>
      </trkpt>
      <trkpt lat="37.5060674361884593963623046875" lon="121.4202143065631389617919921875">
        <ele>329.79998779296875</ele>
        <time>2026-09-13T04:11:51.000Z</time>
        <extensions>
          <ns3:TrackPointExtension>
            <ns3:hr>80</ns3:hr>
            <ns3:cad>0</ns3:cad>
          </ns3:TrackPointExtension>
        </extensions>
      </trkpt>
      <trkpt lat="37.5060689449310302734375" lon="121.420214138925075531005859375">
        <ele>329.79998779296875</ele>
        <time>2026-09-13T04:11:52.000Z</time>
        <extensions>
          <ns3:TrackPointExtension>
            <ns3:hr>79</ns3:hr>
            <ns3:cad>0</ns3:cad>
          </ns3:TrackPointExtension>
        </extensions>
      </trkpt>
      <trkpt lat="37.50607036985456943511962890625" lon="121.42021204344928264617919921875">
        <ele>330</ele>
        <time>2026-09-13T04:11:56.000Z</time>
        <extensions>
          <ns3:TrackPointExtension>
            <ns3:hr>76</ns3:hr>
            <ns3:cad>0</ns3:cad>
          </ns3:TrackPointExtension>
        </extensions>
      </trkpt>
      <trkpt lat="37.50607254914939403533935546875" lon="121.42020885832607746124267578125">
        <ele>329.79998779296875</ele>
        <time>2026-09-13T04:12:03.000Z</time>
        <extensions>
          <ns3:TrackPointExtension>
            <ns3:hr>75</ns3:hr>
            <ns3:cad>0</ns3:cad>
          </ns3:TrackPointExtension>
        </extensions>
      </trkpt>
      <trkpt lat="37.50607472844421863555908203125" lon="121.42020634375512599945068359375">
        <ele>330</ele>
        <time>2026-09-13T04:12:15.000Z</time>
        <extensions>
          <ns3:TrackPointExtension>
            <ns3:hr>75</ns3:hr>
            <ns3:cad>0</ns3:cad>
          </ns3:TrackPointExtension>
        </extensions>
      </trkpt>
      <trkpt lat="37.50607632100582122802734375" lon="121.42020449973642826080322265625">
        <ele>330</ele>
        <time>2026-09-13T04:12:18.000Z</time>
        <extensions>
          <ns3:TrackPointExtension>
            <ns3:hr>81</ns3:hr>
            <ns3:cad>0</ns3:cad>
          </ns3:TrackPointExtension>
        </extensions>
      </trkpt>
      <trkpt lat="37.50607967376708984375" lon="121.42020466737449169158935546875">
        <ele>329.79998779296875</ele>
        <time>2026-09-13T04:12:20.000Z</time>
        <extensions>
          <ns3:TrackPointExtension>
            <ns3:hr>84</ns3:hr>
            <ns3:cad>0</ns3:cad>
          </ns3:TrackPointExtension>
        </extensions>
      </trkpt>
      <trkpt lat="37.506076656281948089599609375" lon="121.42020366154611110687255859375">
        <ele>329.79998779296875</ele>
        <time>2026-09-13T04:12:25.000Z</time>
        <extensions>
          <ns3:TrackPointExtension>
            <ns3:hr>84</ns3:hr>
            <ns3:cad>0</ns3:cad>
          </ns3:TrackPointExtension>
        </extensions>
      </trkpt>
      <trkpt lat="37.50608445145189762115478515625" lon="121.4202029071748256683349609375">
        <ele>329.79998779296875</ele>
        <time>2026-09-13T04:12:33.000Z</time>
        <extensions>
          <ns3:TrackPointExtension>
            <ns3:hr>81</ns3:hr>
            <ns3:cad>0</ns3:cad>
          </ns3:TrackPointExtension>
        </extensions>
      </trkpt>
      <trkpt lat="37.5060852058231830596923828125" lon="121.42020148225128650665283203125">
        <ele>329.79998779296875</ele>
        <time>2026-09-13T04:12:34.000Z</time>
        <extensions>
          <ns3:TrackPointExtension>
            <ns3:hr>80</ns3:hr>
            <ns3:cad>0</ns3:cad>
          </ns3:TrackPointExtension>
        </extensions>
      </trkpt>
      <trkpt lat="37.50608528964221477508544921875" lon="121.4201928488910198211669921875">
        <ele>329.399993896484375</ele>
        <time>2026-09-13T04:12:43.000Z</time>
        <extensions>
          <ns3:TrackPointExtension>
            <ns3:hr>80</ns3:hr>
            <ns3:cad>0</ns3:cad>
          </ns3:TrackPointExtension>
        </extensions>
      </trkpt>
      <trkpt lat="37.506068609654903411865234375" lon="121.4201962016522884368896484375">
        <ele>329.79998779296875</ele>
        <time>2026-09-13T04:12:52.000Z</time>
        <extensions>
          <ns3:TrackPointExtension>
            <ns3:hr>82</ns3:hr>
            <ns3:cad>0</ns3:cad>
          </ns3:TrackPointExtension>
        </extensions>
      </trkpt>
      <trkpt lat="37.50607875175774097442626953125" lon="121.42020114697515964508056640625">
        <ele>329.79998779296875</ele>
        <time>2026-09-13T04:13:02.000Z</time>
        <extensions>
          <ns3:TrackPointExtension>
            <ns3:hr>81</ns3:hr>
            <ns3:cad>0</ns3:cad>
          </ns3:TrackPointExtension>
        </extensions>
      </trkpt>
      <trkpt lat="37.5060788355767726898193359375" lon="121.42021338455379009246826171875">
        <ele>329.79998779296875</ele>
        <time>2026-09-13T04:13:10.000Z</time>
        <extensions>
          <ns3:TrackPointExtension>
            <ns3:hr>82</ns3:hr>
            <ns3:cad>0</ns3:cad>
          </ns3:TrackPointExtension>
        </extensions>
      </trkpt>
      <trkpt lat="37.5060654245316982269287109375" lon="121.42022495158016681671142578125">
        <ele>329.399993896484375</ele>
        <time>2026-09-13T04:13:20.000Z</time>
        <extensions>
          <ns3:TrackPointExtension>
            <ns3:hr>81</ns3:hr>
            <ns3:cad>0</ns3:cad>
          </ns3:TrackPointExtension>
        </extensions>
      </trkpt>
      <trkpt lat="37.5060617364943027496337890625" lon="121.42020852304995059967041015625">
        <ele>329.399993896484375</ele>
        <time>2026-09-13T04:13:31.000Z</time>
        <extensions>
          <ns3:TrackPointExtension>
            <ns3:hr>82</ns3:hr>
            <ns3:cad>0</ns3:cad>
          </ns3:TrackPointExtension>
        </extensions>
      </trkpt>
      <trkpt lat="37.506069280207157135009765625" lon="121.4202035777270793914794921875">
        <ele>330</ele>
        <time>2026-09-13T04:13:37.000Z</time>
        <extensions>
          <ns3:TrackPointExtension>
            <ns3:hr>83</ns3:hr>
            <ns3:cad>0</ns3:cad>
          </ns3:TrackPointExtension>
        </extensions>
      </trkpt>
      <trkpt lat="37.50606902875006198883056640625" lon="121.42021673731505870819091796875">
        <ele>329.79998779296875</ele>
        <time>2026-09-13T04:13:46.000Z</time>
        <extensions>
          <ns3:TrackPointExtension>
            <ns3:hr>83</ns3:hr>
            <ns3:cad>0</ns3:cad>
          </ns3:TrackPointExtension>
        </extensions>
      </trkpt>
      <trkpt lat="37.50606316141784191131591796875" lon="121.420218162238597869873046875">
        <ele>329.79998779296875</ele>
        <time>2026-09-13T04:13:51.000Z</time>
        <extensions>
          <ns3:TrackPointExtension>
            <ns3:hr>86</ns3:hr>
            <ns3:cad>0</ns3:cad>
          </ns3:TrackPointExtension>
        </extensions>
      </trkpt>
      <trkpt lat="37.50606316141784191131591796875" lon="121.42021925188601016998291015625">
        <ele>330</ele>
        <time>2026-09-13T04:13:55.000Z</time>
        <extensions>
          <ns3:TrackPointExtension>
            <ns3:hr>83</ns3:hr>
            <ns3:cad>0</ns3:cad>
          </ns3:TrackPointExtension>
        </extensions>
      </trkpt>
      <trkpt lat="37.5060627423226833343505859375" lon="121.42021086998283863067626953125">
        <ele>330</ele>
        <time>2026-09-13T04:14:00.000Z</time>
        <extensions>
          <ns3:TrackPointExtension>
            <ns3:hr>82</ns3:hr>
            <ns3:cad>0</ns3:cad>
          </ns3:TrackPointExtension>
        </extensions>
      </trkpt>
      <trkpt lat="37.50605645589530467987060546875" lon="121.4202133007347583770751953125">
        <ele>330</ele>
        <time>2026-09-13T04:14:11.000Z</time>
        <extensions>
          <ns3:TrackPointExtension>
            <ns3:hr>83</ns3:hr>
            <ns3:cad>0</ns3:cad>
          </ns3:TrackPointExtension>
        </extensions>
      </trkpt>
      <trkpt lat="37.50606316141784191131591796875" lon="121.4202099479734897613525390625">
        <ele>330</ele>
        <time>2026-09-13T04:14:19.000Z</time>
        <extensions>
          <ns3:TrackPointExtension>
            <ns3:hr>83</ns3:hr>
            <ns3:cad>0</ns3:cad>
          </ns3:TrackPointExtension>
        </extensions>
      </trkpt>
      <trkpt lat="37.50606265850365161895751953125" lon="121.42020449973642826080322265625">
        <ele>330</ele>
        <time>2026-09-13T04:14:31.000Z</time>
        <extensions>
          <ns3:TrackPointExtension>
            <ns3:hr>84</ns3:hr>
            <ns3:cad>0</ns3:cad>
          </ns3:TrackPointExtension>
        </extensions>
      </trkpt>
      <trkpt lat="37.506060563027858734130859375" lon="121.4202055893838405609130859375">
        <ele>329.600006103515625</ele>
        <time>2026-09-13T04:14:38.000Z</time>
        <extensions>
          <ns3:TrackPointExtension>
            <ns3:hr>84</ns3:hr>
            <ns3:cad>0</ns3:cad>
          </ns3:TrackPointExtension>
        </extensions>
      </trkpt>
      <trkpt lat="37.5060624070465564727783203125" lon="121.42021707259118556976318359375">
        <ele>330.20001220703125</ele>
        <time>2026-09-13T04:14:45.000Z</time>
        <extensions>
          <ns3:TrackPointExtension>
            <ns3:hr>85</ns3:hr>
            <ns3:cad>0</ns3:cad>
          </ns3:TrackPointExtension>
        </extensions>
      </trkpt>
      <trkpt lat="37.5060630775988101959228515625" lon="121.4202104508876800537109375">
        <ele>330.20001220703125</ele>
        <time>2026-09-13T04:14:56.000Z</time>
        <extensions>
          <ns3:TrackPointExtension>
            <ns3:hr>82</ns3:hr>
            <ns3:cad>0</ns3:cad>
          </ns3:TrackPointExtension>
        </extensions>
      </trkpt>
      <trkpt lat="37.50605628825724124908447265625" lon="121.42020818777382373809814453125">
        <ele>330.399993896484375</ele>
        <time>2026-09-13T04:15:05.000Z</time>
        <extensions>
          <ns3:TrackPointExtension>
            <ns3:hr>84</ns3:hr>
            <ns3:cad>0</ns3:cad>
          </ns3:TrackPointExtension>
        </extensions>
      </trkpt>
      <trkpt lat="37.5060647539794445037841796875" lon="121.42020047642290592193603515625">
        <ele>330.20001220703125</ele>
        <time>2026-09-13T04:15:11.000Z</time>
        <extensions>
          <ns3:TrackPointExtension>
            <ns3:hr>84</ns3:hr>
            <ns3:cad>0</ns3:cad>
          </ns3:TrackPointExtension>
        </extensions>
      </trkpt>
      <trkpt lat="37.50606416724622249603271484375" lon="121.4202072657644748687744140625">
        <ele>330.399993896484375</ele>
        <time>2026-09-13T04:15:20.000Z</time>
        <extensions>
          <ns3:TrackPointExtension>
            <ns3:hr>84</ns3:hr>
            <ns3:cad>0</ns3:cad>
          </ns3:TrackPointExtension>
        </extensions>
      </trkpt>
      <trkpt lat="37.50606718473136425018310546875" lon="121.4201995544135570526123046875">
        <ele>330.399993896484375</ele>
        <time>2026-09-13T04:15:26.000Z</time>
        <extensions>
          <ns3:TrackPointExtension>
            <ns3:hr>86</ns3:hr>
            <ns3:cad>0</ns3:cad>
          </ns3:TrackPointExtension>
        </extensions>
      </trkpt>
      <trkpt lat="37.506069950759410858154296875" lon="121.42019234597682952880859375">
        <ele>330.20001220703125</ele>
        <time>2026-09-13T04:15:31.000Z</time>
        <extensions>
          <ns3:TrackPointExtension>
            <ns3:hr>89</ns3:hr>
            <ns3:cad>0</ns3:cad>
          </ns3:TrackPointExtension>
        </extensions>
      </trkpt>
      <trkpt lat="37.50607036985456943511962890625" lon="121.42018957994878292083740234375">
        <ele>330.399993896484375</ele>
        <time>2026-09-13T04:15:35.000Z</time>
        <extensions>
          <ns3:TrackPointExtension>
            <ns3:hr>88</ns3:hr>
            <ns3:cad>0</ns3:cad>
          </ns3:TrackPointExtension>
        </extensions>
      </trkpt>
      <trkpt lat="37.5060751475393772125244140625" lon="121.420185975730419158935546875">
        <ele>330.20001220703125</ele>
        <time>2026-09-13T04:15:47.000Z</time>
        <extensions>
          <ns3:TrackPointExtension>
            <ns3:hr>89</ns3:hr>
            <ns3:cad>0</ns3:cad>
          </ns3:TrackPointExtension>
        </extensions>
      </trkpt>
      <trkpt lat="37.50606651417911052703857421875" lon="121.42018840648233890533447265625">
        <ele>330.600006103515625</ele>
        <time>2026-09-13T04:15:54.000Z</time>
        <extensions>
          <ns3:TrackPointExtension>
            <ns3:hr>88</ns3:hr>
            <ns3:cad>0</ns3:cad>
          </ns3:TrackPointExtension>
        </extensions>
      </trkpt>
      <trkpt lat="37.50606550835072994232177734375" lon="121.420192681252956390380859375">
        <ele>330.600006103515625</ele>
        <time>2026-09-13T04:15:55.000Z</time>
        <extensions>
          <ns3:TrackPointExtension>
            <ns3:hr>88</ns3:hr>
            <ns3:cad>0</ns3:cad>
          </ns3:TrackPointExtension>
        </extensions>
      </trkpt>
      <trkpt lat="37.5060595571994781494140625" lon="121.42020173370838165283203125">
        <ele>330.399993896484375</ele>
        <time>2026-09-13T04:16:01.000Z</time>
        <extensions>
          <ns3:TrackPointExtension>
            <ns3:hr>86</ns3:hr>
            <ns3:cad>0</ns3:cad>
          </ns3:TrackPointExtension>
        </extensions>
      </trkpt>
      <trkpt lat="37.506106831133365631103515625" lon="121.42022319138050079345703125">
        <ele>330.79998779296875</ele>
        <time>2026-09-13T04:16:09.000Z</time>
        <extensions>
          <ns3:TrackPointExtension>
            <ns3:hr>86</ns3:hr>
            <ns3:cad>0</ns3:cad>
          </ns3:TrackPointExtension>
        </extensions>
      </trkpt>
      <trkpt lat="37.5061086751520633697509765625" lon="121.4202290587127208709716796875">
        <ele>330.79998779296875</ele>
        <time>2026-09-13T04:16:16.000Z</time>
        <extensions>
          <ns3:TrackPointExtension>
            <ns3:hr>89</ns3:hr>
            <ns3:cad>0</ns3:cad>
          </ns3:TrackPointExtension>
        </extensions>
      </trkpt>
      <trkpt lat="37.5061053223907947540283203125" lon="121.420220173895359039306640625">
        <ele>330.399993896484375</ele>
        <time>2026-09-13T04:16:23.000Z</time>
        <extensions>
          <ns3:TrackPointExtension>
            <ns3:hr>91</ns3:hr>
            <ns3:cad>0</ns3:cad>
          </ns3:TrackPointExtension>
        </extensions>
      </trkpt>
      <trkpt lat="37.50609920360147953033447265625" lon="121.4202203415334224700927734375">
        <ele>330.399993896484375</ele>
        <time>2026-09-13T04:16:29.000Z</time>
        <extensions>
          <ns3:TrackPointExtension>
            <ns3:hr>94</ns3:hr>
            <ns3:cad>0</ns3:cad>
          </ns3:TrackPointExtension>
        </extensions>
      </trkpt>
      <trkpt lat="37.50610850751399993896484375" lon="121.42021221108734607696533203125">
        <ele>330.600006103515625</ele>
        <time>2026-09-13T04:16:31.000Z</time>
        <extensions>
          <ns3:TrackPointExtension>
            <ns3:hr>94</ns3:hr>
            <ns3:cad>0</ns3:cad>
          </ns3:TrackPointExtension>
        </extensions>
      </trkpt>
      <trkpt lat="37.5061492435634136199951171875" lon="121.4201943576335906982421875">
        <ele>330.79998779296875</ele>
        <time>2026-09-13T04:16:38.000Z</time>
        <extensions>
          <ns3:TrackPointExtension>
            <ns3:hr>94</ns3:hr>
            <ns3:cad>0</ns3:cad>
          </ns3:TrackPointExtension>
        </extensions>
      </trkpt>
      <trkpt lat="37.5061636604368686676025390625" lon="121.42021782696247100830078125">
        <ele>330.399993896484375</ele>
        <time>2026-09-13T04:16:46.000Z</time>
        <extensions>
          <ns3:TrackPointExtension>
            <ns3:hr>93</ns3:hr>
            <ns3:cad>0</ns3:cad>
          </ns3:TrackPointExtension>
        </extensions>
      </trkpt>
      <trkpt lat="37.50617229379713535308837890625" lon="121.420237608253955841064453125">
        <ele>331</ele>
        <time>2026-09-13T04:16:51.000Z</time>
        <extensions>
          <ns3:TrackPointExtension>
            <ns3:hr>90</ns3:hr>
            <ns3:cad>0</ns3:cad>
          </ns3:TrackPointExtension>
        </extensions>
      </trkpt>
      <trkpt lat="37.5061693601310253143310546875" lon="121.420228220522403717041015625">
        <ele>331</ele>
        <time>2026-09-13T04:16:56.000Z</time>
        <extensions>
          <ns3:TrackPointExtension>
            <ns3:hr>89</ns3:hr>
            <ns3:cad>0</ns3:cad>
          </ns3:TrackPointExtension>
        </extensions>
      </trkpt>
      <trkpt lat="37.5062018819153308868408203125" lon="121.42026434652507305145263671875">
        <ele>330.399993896484375</ele>
        <time>2026-09-13T04:17:02.000Z</time>
        <extensions>
          <ns3:TrackPointExtension>
            <ns3:hr>87</ns3:hr>
            <ns3:cad>48</ns3:cad>
          </ns3:TrackPointExtension>
        </extensions>
      </trkpt>
      <trkpt lat="37.50622275285422801971435546875" lon="121.42028798349201679229736328125">
        <ele>329.600006103515625</ele>
        <time>2026-09-13T04:17:06.000Z</time>
        <extensions>
          <ns3:TrackPointExtension>
            <ns3:hr>88</ns3:hr>
            <ns3:cad>51</ns3:cad>
          </ns3:TrackPointExtension>
        </extensions>
      </trkpt>
      <trkpt lat="37.5062323920428752899169921875" lon="121.42029955051839351654052734375">
        <ele>329.399993896484375</ele>
        <time>2026-09-13T04:17:07.000Z</time>
        <extensions>
          <ns3:TrackPointExtension>
            <ns3:hr>88</ns3:hr>
            <ns3:cad>51</ns3:cad>
          </ns3:TrackPointExtension>
        </extensions>
      </trkpt>
      <trkpt lat="37.50624932348728179931640625" lon="121.42033274285495281219482421875">
        <ele>328.79998779296875</ele>
        <time>2026-09-13T04:17:12.000Z</time>
        <extensions>
          <ns3:TrackPointExtension>
            <ns3:hr>89</ns3:hr>
            <ns3:cad>0</ns3:cad>
          </ns3:TrackPointExtension>
        </extensions>
      </trkpt>
      <trkpt lat="37.50625292770564556121826171875" lon="121.42034313641488552093505859375">
        <ele>328.600006103515625</ele>
        <time>2026-09-13T04:17:15.000Z</time>
        <extensions>
          <ns3:TrackPointExtension>
            <ns3:hr>90</ns3:hr>
            <ns3:cad>50</ns3:cad>
          </ns3:TrackPointExtension>
        </extensions>
      </trkpt>
      <trkpt lat="37.5062669254839420318603515625" lon="121.42037297599017620086669921875">
        <ele>328.20001220703125</ele>
        <time>2026-09-13T04:17:20.000Z</time>
        <extensions>
          <ns3:TrackPointExtension>
            <ns3:hr>89</ns3:hr>
            <ns3:cad>0</ns3:cad>
          </ns3:TrackPointExtension>
        </extensions>
      </trkpt>
      <trkpt lat="37.5062897242605686187744140625" lon="121.420404575765132904052734375">
        <ele>327.399993896484375</ele>
        <time>2026-09-13T04:17:25.000Z</time>
        <extensions>
          <ns3:TrackPointExtension>
            <ns3:hr>87</ns3:hr>
            <ns3:cad>0</ns3:cad>
          </ns3:TrackPointExtension>
        </extensions>
      </trkpt>
      <trkpt lat="37.5062991119921207427978515625" lon="121.42041538842022418975830078125">
        <ele>327.20001220703125</ele>
        <time>2026-09-13T04:17:26.000Z</time>
        <extensions>
          <ns3:TrackPointExtension>
            <ns3:hr>87</ns3:hr>
            <ns3:cad>0</ns3:cad>
          </ns3:TrackPointExtension>
        </extensions>
      </trkpt>
      <trkpt lat="37.50632978975772857666015625" lon="121.4204476587474346160888671875">
        <ele>326.399993896484375</ele>
        <time>2026-09-13T04:17:31.000Z</time>
        <extensions>
          <ns3:TrackPointExtension>
            <ns3:hr>89</ns3:hr>
            <ns3:cad>44</ns3:cad>
          </ns3:TrackPointExtension>
        </extensions>
      </trkpt>
      <trkpt lat="37.5063316337764263153076171875" lon="121.42044925130903720855712890625">
        <ele>326.20001220703125</ele>
        <time>2026-09-13T04:17:32.000Z</time>
        <extensions>
          <ns3:TrackPointExtension>
            <ns3:hr>89</ns3:hr>
            <ns3:cad>44</ns3:cad>
          </ns3:TrackPointExtension>
        </extensions>
      </trkpt>
      <trkpt lat="37.50635166652500629425048828125" lon="121.42048328183591365814208984375">
        <ele>325.600006103515625</ele>
        <time>2026-09-13T04:17:36.000Z</time>
        <extensions>
          <ns3:TrackPointExtension>
            <ns3:hr>91</ns3:hr>
            <ns3:cad>41</ns3:cad>
          </ns3:TrackPointExtension>
        </extensions>
      </trkpt>
      <trkpt lat="37.5063638202846050262451171875" lon="121.42051513306796550750732421875">
        <ele>325.20001220703125</ele>
        <time>2026-09-13T04:17:39.000Z</time>
        <extensions>
          <ns3:TrackPointExtension>
            <ns3:hr>92</ns3:hr>
            <ns3:cad>44</ns3:cad>
          </ns3:TrackPointExtension>
        </extensions>
      </trkpt>
      <trkpt lat="37.50636993907392024993896484375" lon="121.42052493989467620849609375">
        <ele>324.79998779296875</ele>
        <time>2026-09-13T04:17:41.000Z</time>
        <extensions>
          <ns3:TrackPointExtension>
            <ns3:hr>93</ns3:hr>
            <ns3:cad>43</ns3:cad>
          </ns3:TrackPointExtension>
        </extensions>
      </trkpt>
      <trkpt lat="37.506397180259227752685546875" lon="121.4205703698098659515380859375">
        <ele>324.399993896484375</ele>
        <time>2026-09-13T04:17:46.000Z</time>
        <extensions>
          <ns3:TrackPointExtension>
            <ns3:hr>95</ns3:hr>
            <ns3:cad>46</ns3:cad>
          </ns3:TrackPointExtension>
        </extensions>
      </trkpt>
      <trkpt lat="37.50640279613435268402099609375" lon="121.4205787517130374908447265625">
        <ele>324</ele>
        <time>2026-09-13T04:17:48.000Z</time>
        <extensions>
          <ns3:TrackPointExtension>
            <ns3:hr>96</ns3:hr>
            <ns3:cad>46</ns3:cad>
          </ns3:TrackPointExtension>
        </extensions>
      </trkpt>
      <trkpt lat="37.5064027123153209686279296875" lon="121.4205837808549404144287109375">
        <ele>323.20001220703125</ele>
        <time>2026-09-13T04:17:52.000Z</time>
        <extensions>
          <ns3:TrackPointExtension>
            <ns3:hr>95</ns3:hr>
            <ns3:cad>0</ns3:cad>
          </ns3:TrackPointExtension>
        </extensions>
      </trkpt>
      <trkpt lat="37.506441436707973480224609375" lon="121.42060414887964725494384765625">
        <ele>323.399993896484375</ele>
        <time>2026-09-13T04:18:00.000Z</time>
        <extensions>
          <ns3:TrackPointExtension>
            <ns3:hr>95</ns3:hr>
            <ns3:cad>51</ns3:cad>
          </ns3:TrackPointExtension>
        </extensions>
      </trkpt>
      <trkpt lat="37.5064607150852680206298828125" lon="121.4206250198185443878173828125">
        <ele>322.79998779296875</ele>
        <time>2026-09-13T04:18:04.000Z</time>
        <extensions>
          <ns3:TrackPointExtension>
            <ns3:hr>94</ns3:hr>
            <ns3:cad>49</ns3:cad>
          </ns3:TrackPointExtension>
        </extensions>
      </trkpt>
      <trkpt lat="37.50649449415504932403564453125" lon="121.4206511713564395904541015625">
        <ele>322.20001220703125</ele>
        <time>2026-09-13T04:18:09.000Z</time>
        <extensions>
          <ns3:TrackPointExtension>
            <ns3:hr>93</ns3:hr>
            <ns3:cad>50</ns3:cad>
          </ns3:TrackPointExtension>
        </extensions>
      </trkpt>
      <trkpt lat="37.506513185799121856689453125" lon="121.42066634260118007659912109375">
        <ele>321.79998779296875</ele>
        <time>2026-09-13T04:18:12.000Z</time>
        <extensions>
          <ns3:TrackPointExtension>
            <ns3:hr>93</ns3:hr>
            <ns3:cad>50</ns3:cad>
          </ns3:TrackPointExtension>
        </extensions>
      </trkpt>
      <trkpt lat="37.50654176808893680572509765625" lon="121.42068411223590373992919921875">
        <ele>321.20001220703125</ele>
        <time>2026-09-13T04:18:17.000Z</time>
        <extensions>
          <ns3:TrackPointExtension>
            <ns3:hr>93</ns3:hr>
            <ns3:cad>50</ns3:cad>
          </ns3:TrackPointExtension>
        </extensions>
      </trkpt>
      <trkpt lat="37.506567500531673431396484375" lon="121.4207105152308940887451171875">
        <ele>320.79998779296875</ele>
        <time>2026-09-13T04:18:20.000Z</time>
        <extensions>
          <ns3:TrackPointExtension>
            <ns3:hr>92</ns3:hr>
            <ns3:cad>51</ns3:cad>
          </ns3:TrackPointExtension>
        </extensions>
      </trkpt>
      <trkpt lat="37.5065985135734081268310546875" lon="121.420746557414531707763671875">
        <ele>320</ele>
        <time>2026-09-13T04:18:24.000Z</time>
        <extensions>
          <ns3:TrackPointExtension>
            <ns3:hr>92</ns3:hr>
            <ns3:cad>51</ns3:cad>
          </ns3:TrackPointExtension>
        </extensions>
      </trkpt>
      <trkpt lat="37.50661603175103664398193359375" lon="121.4207712002098560333251953125">
        <ele>319.600006103515625</ele>
        <time>2026-09-13T04:18:27.000Z</time>
        <extensions>
          <ns3:TrackPointExtension>
            <ns3:hr>92</ns3:hr>
            <ns3:cad>50</ns3:cad>
          </ns3:TrackPointExtension>
        </extensions>
      </trkpt>
      <trkpt lat="37.5066263414919376373291015625" lon="121.42078838311135768890380859375">
        <ele>319.399993896484375</ele>
        <time>2026-09-13T04:18:29.000Z</time>
        <extensions>
          <ns3:TrackPointExtension>
            <ns3:hr>91</ns3:hr>
            <ns3:cad>50</ns3:cad>
          </ns3:TrackPointExtension>
        </extensions>
      </trkpt>
      <trkpt lat="37.50664888881146907806396484375" lon="121.42081755213439464569091796875">
        <ele>318.79998779296875</ele>
        <time>2026-09-13T04:18:34.000Z</time>
        <extensions>
          <ns3:TrackPointExtension>
            <ns3:hr>91</ns3:hr>
            <ns3:cad>93</ns3:cad>
          </ns3:TrackPointExtension>
        </extensions>
      </trkpt>
      <trkpt lat="37.50665056519210338592529296875" lon="121.42082207836210727691650390625">
        <ele>318.600006103515625</ele>
        <time>2026-09-13T04:18:35.000Z</time>
        <extensions>
          <ns3:TrackPointExtension>
            <ns3:hr>91</ns3:hr>
            <ns3:cad>93</ns3:cad>
          </ns3:TrackPointExtension>
        </extensions>
      </trkpt>
      <trkpt lat="37.5066920556128025054931640625" lon="121.4208610542118549346923828125">
        <ele>317.79998779296875</ele>
        <time>2026-09-13T04:18:40.000Z</time>
        <extensions>
          <ns3:TrackPointExtension>
            <ns3:hr>90</ns3:hr>
            <ns3:cad>48</ns3:cad>
          </ns3:TrackPointExtension>
        </extensions>
      </trkpt>
      <trkpt lat="37.5067001022398471832275390625" lon="121.42086717300117015838623046875">
        <ele>317.600006103515625</ele>
        <time>2026-09-13T04:18:41.000Z</time>
        <extensions>
          <ns3:TrackPointExtension>
            <ns3:hr>91</ns3:hr>
            <ns3:cad>48</ns3:cad>
          </ns3:TrackPointExtension>
        </extensions>
      </trkpt>
      <trkpt lat="37.50672868452966213226318359375" lon="121.42089550383388996124267578125">
        <ele>316.79998779296875</ele>
        <time>2026-09-13T04:18:46.000Z</time>
        <extensions>
          <ns3:TrackPointExtension>
            <ns3:hr>89</ns3:hr>
            <ns3:cad>43</ns3:cad>
          </ns3:TrackPointExtension>
        </extensions>
      </trkpt>
      <trkpt lat="37.506749890744686126708984375" lon="121.420914195477962493896484375">
        <ele>316.399993896484375</ele>
        <time>2026-09-13T04:18:49.000Z</time>
        <extensions>
          <ns3:TrackPointExtension>
            <ns3:hr>90</ns3:hr>
            <ns3:cad>42</ns3:cad>
          </ns3:TrackPointExtension>
        </extensions>
      </trkpt>
      <trkpt lat="37.506772689521312713623046875" lon="121.420926935970783233642578125">
        <ele>316.20001220703125</ele>
        <time>2026-09-13T04:18:52.000Z</time>
        <extensions>
          <ns3:TrackPointExtension>
            <ns3:hr>91</ns3:hr>
            <ns3:cad>42</ns3:cad>
          </ns3:TrackPointExtension>
        </extensions>
      </trkpt>
      <trkpt lat="37.5068070553243160247802734375" lon="121.42094713635742664337158203125">
        <ele>315.600006103515625</ele>
        <time>2026-09-13T04:18:56.000Z</time>
        <extensions>
          <ns3:TrackPointExtension>
            <ns3:hr>91</ns3:hr>
            <ns3:cad>42</ns3:cad>
          </ns3:TrackPointExtension>
        </extensions>
      </trkpt>
      <trkpt lat="37.5068211369216442108154296875" lon="121.4209532551467418670654296875">
        <ele>315.399993896484375</ele>
        <time>2026-09-13T04:18:57.000Z</time>
        <extensions>
          <ns3:TrackPointExtension>
            <ns3:hr>91</ns3:hr>
            <ns3:cad>0</ns3:cad>
          </ns3:TrackPointExtension>
        </extensions>
      </trkpt>
      <trkpt lat="37.50685860402882099151611328125" lon="121.4209770597517490386962890625">
        <ele>314.600006103515625</ele>
        <time>2026-09-13T04:19:01.000Z</time>
        <extensions>
          <ns3:TrackPointExtension>
            <ns3:hr>90</ns3:hr>
            <ns3:cad>51</ns3:cad>
          </ns3:TrackPointExtension>
        </extensions>
      </trkpt>
      <trkpt lat="37.50687201507389545440673828125" lon="121.42098267562687397003173828125">
        <ele>314.399993896484375</ele>
        <time>2026-09-13T04:19:03.000Z</time>
        <extensions>
          <ns3:TrackPointExtension>
            <ns3:hr>89</ns3:hr>
            <ns3:cad>99</ns3:cad>
          </ns3:TrackPointExtension>
        </extensions>
      </trkpt>
      <trkpt lat="37.5069166906177997589111328125" lon="121.42099608667194843292236328125">
        <ele>313.399993896484375</ele>
        <time>2026-09-13T04:19:07.000Z</time>
        <extensions>
          <ns3:TrackPointExtension>
            <ns3:hr>89</ns3:hr>
            <ns3:cad>55</ns3:cad>
          </ns3:TrackPointExtension>
        </extensions>
      </trkpt>
      <trkpt lat="37.5069220550358295440673828125" lon="121.4209995232522487640380859375">
        <ele>313.20001220703125</ele>
        <time>2026-09-13T04:19:08.000Z</time>
        <extensions>
          <ns3:TrackPointExtension>
            <ns3:hr>89</ns3:hr>
            <ns3:cad>55</ns3:cad>
          </ns3:TrackPointExtension>
        </extensions>
      </trkpt>
      <trkpt lat="37.50696321018040180206298828125" lon="121.42101486213505268096923828125">
        <ele>312.399993896484375</ele>
        <time>2026-09-13T04:19:12.000Z</time>
        <extensions>
          <ns3:TrackPointExtension>
            <ns3:hr>89</ns3:hr>
            <ns3:cad>51</ns3:cad>
          </ns3:TrackPointExtension>
        </extensions>
      </trkpt>
      <trkpt lat="37.50698290765285491943359375" lon="121.42102307640016078948974609375">
        <ele>312</ele>
        <time>2026-09-13T04:19:14.000Z</time>
        <extensions>
          <ns3:TrackPointExtension>
            <ns3:hr>90</ns3:hr>
            <ns3:cad>50</ns3:cad>
          </ns3:TrackPointExtension>
        </extensions>
      </trkpt>
      <trkpt lat="37.50700226984918117523193359375" lon="121.421033553779125213623046875">
        <ele>311.399993896484375</ele>
        <time>2026-09-13T04:19:17.000Z</time>
        <extensions>
          <ns3:TrackPointExtension>
            <ns3:hr>89</ns3:hr>
            <ns3:cad>48</ns3:cad>
          </ns3:TrackPointExtension>
        </extensions>
      </trkpt>
      <trkpt lat="37.50702473334968090057373046875" lon="121.4210427738726139068603515625">
        <ele>311</ele>
        <time>2026-09-13T04:19:19.000Z</time>
        <extensions>
          <ns3:TrackPointExtension>
            <ns3:hr>88</ns3:hr>
            <ns3:cad>50</ns3:cad>
          </ns3:TrackPointExtension>
        </extensions>
      </trkpt>
      <trkpt lat="37.5070558302104473114013671875" lon="121.421054340898990631103515625">
        <ele>310.20001220703125</ele>
        <time>2026-09-13T04:19:23.000Z</time>
        <extensions>
          <ns3:TrackPointExtension>
            <ns3:hr>88</ns3:hr>
            <ns3:cad>48</ns3:cad>
          </ns3:TrackPointExtension>
        </extensions>
      </trkpt>
      <trkpt lat="37.5070806406438350677490234375" lon="121.4210633933544158935546875">
        <ele>309.79998779296875</ele>
        <time>2026-09-13T04:19:26.000Z</time>
        <extensions>
          <ns3:TrackPointExtension>
            <ns3:hr>88</ns3:hr>
            <ns3:cad>52</ns3:cad>
          </ns3:TrackPointExtension>
        </extensions>
      </trkpt>
      <trkpt lat="37.50710486434400081634521484375" lon="121.4210799895226955413818359375">
        <ele>309.399993896484375</ele>
        <time>2026-09-13T04:19:29.000Z</time>
        <extensions>
          <ns3:TrackPointExtension>
            <ns3:hr>88</ns3:hr>
            <ns3:cad>50</ns3:cad>
          </ns3:TrackPointExtension>
        </extensions>
      </trkpt>
      <trkpt lat="37.50713369809091091156005859375" lon="121.4211061410605907440185546875">
        <ele>308.600006103515625</ele>
        <time>2026-09-13T04:19:33.000Z</time>
        <extensions>
          <ns3:TrackPointExtension>
            <ns3:hr>88</ns3:hr>
            <ns3:cad>48</ns3:cad>
          </ns3:TrackPointExtension>
        </extensions>
      </trkpt>
      <trkpt lat="37.5071544013917446136474609375" lon="121.42112114466726779937744140625">
        <ele>308.20001220703125</ele>
        <time>2026-09-13T04:19:36.000Z</time>
        <extensions>
          <ns3:TrackPointExtension>
            <ns3:hr>88</ns3:hr>
            <ns3:cad>47</ns3:cad>
          </ns3:TrackPointExtension>
        </extensions>
      </trkpt>
      <trkpt lat="37.50720678828656673431396484375" lon="121.4211406745016574859619140625">
        <ele>307.600006103515625</ele>
        <time>2026-09-13T04:19:42.000Z</time>
        <extensions>
          <ns3:TrackPointExtension>
            <ns3:hr>87</ns3:hr>
            <ns3:cad>51</ns3:cad>
          </ns3:TrackPointExtension>
        </extensions>
      </trkpt>
      <trkpt lat="37.50726864673197269439697265625" lon="121.4211685024201869964599609375">
        <ele>306.600006103515625</ele>
        <time>2026-09-13T04:19:48.000Z</time>
        <extensions>
          <ns3:TrackPointExtension>
            <ns3:hr>86</ns3:hr>
            <ns3:cad>55</ns3:cad>
          </ns3:TrackPointExtension>
        </extensions>
      </trkpt>
      <trkpt lat="37.507277615368366241455078125" lon="121.4211735315620899200439453125">
        <ele>306.600006103515625</ele>
        <time>2026-09-13T04:19:49.000Z</time>
        <extensions>
          <ns3:TrackPointExtension>
            <ns3:hr>86</ns3:hr>
            <ns3:cad>55</ns3:cad>
          </ns3:TrackPointExtension>
        </extensions>
      </trkpt>
      <trkpt lat="37.50734576024115085601806640625" lon="121.4211956597864627838134765625">
        <ele>305.600006103515625</ele>
        <time>2026-09-13T04:19:55.000Z</time>
        <extensions>
          <ns3:TrackPointExtension>
            <ns3:hr>87</ns3:hr>
            <ns3:cad>17</ns3:cad>
          </ns3:TrackPointExtension>
        </extensions>
      </trkpt>
      <trkpt lat="37.507353723049163818359375" lon="121.42119591124355792999267578125">
        <ele>305.399993896484375</ele>
        <time>2026-09-13T04:19:56.000Z</time>
        <extensions>
          <ns3:TrackPointExtension>
            <ns3:hr>87</ns3:hr>
            <ns3:cad>17</ns3:cad>
          </ns3:TrackPointExtension>
        </extensions>
      </trkpt>
      <trkpt lat="37.5073683075606822967529296875" lon="121.421193145215511322021484375">
        <ele>305</ele>
        <time>2026-09-13T04:19:58.000Z</time>
        <extensions>
          <ns3:TrackPointExtension>
            <ns3:hr>90</ns3:hr>
            <ns3:cad>17</ns3:cad>
          </ns3:TrackPointExtension>
        </extensions>
      </trkpt>
      <trkpt lat="37.507390938699245452880859375" lon="121.42119138501584529876708984375">
        <ele>304.79998779296875</ele>
        <time>2026-09-13T04:20:00.000Z</time>
        <extensions>
          <ns3:TrackPointExtension>
            <ns3:hr>91</ns3:hr>
            <ns3:cad>17</ns3:cad>
          </ns3:TrackPointExtension>
        </extensions>
      </trkpt>
      <trkpt lat="37.50740929506719112396240234375" lon="121.42119884490966796875">
        <ele>304.399993896484375</ele>
        <time>2026-09-13T04:20:02.000Z</time>
        <extensions>
          <ns3:TrackPointExtension>
            <ns3:hr>88</ns3:hr>
            <ns3:cad>17</ns3:cad>
          </ns3:TrackPointExtension>
        </extensions>
      </trkpt>
      <trkpt lat="37.50743879936635494232177734375" lon="121.42121250741183757781982421875">
        <ele>303.600006103515625</ele>
        <time>2026-09-13T04:20:05.000Z</time>
        <extensions>
          <ns3:TrackPointExtension>
            <ns3:hr>85</ns3:hr>
            <ns3:cad>0</ns3:cad>
          </ns3:TrackPointExtension>
        </extensions>
      </trkpt>
      <trkpt lat="37.5074596703052520751953125" lon="121.42121334560215473175048828125">
        <ele>303.399993896484375</ele>
        <time>2026-09-13T04:20:07.000Z</time>
        <extensions>
          <ns3:TrackPointExtension>
            <ns3:hr>84</ns3:hr>
            <ns3:cad>0</ns3:cad>
          </ns3:TrackPointExtension>
        </extensions>
      </trkpt>
      <trkpt lat="37.50746570527553558349609375" lon="121.42121083103120326995849609375">
        <ele>303.20001220703125</ele>
        <time>2026-09-13T04:20:08.000Z</time>
        <extensions>
          <ns3:TrackPointExtension>
            <ns3:hr>84</ns3:hr>
            <ns3:cad>0</ns3:cad>
          </ns3:TrackPointExtension>
        </extensions>
      </trkpt>
      <trkpt lat="37.50750920735299587249755859375" lon="121.4212057180702686309814453125">
        <ele>302.20001220703125</ele>
        <time>2026-09-13T04:20:14.000Z</time>
        <extensions>
          <ns3:TrackPointExtension>
            <ns3:hr>84</ns3:hr>
            <ns3:cad>0</ns3:cad>
          </ns3:TrackPointExtension>
        </extensions>
      </trkpt>
      <trkpt lat="37.50751406885683536529541015625" lon="121.42120295204222202301025390625">
        <ele>302</ele>
        <time>2026-09-13T04:20:15.000Z</time>
        <extensions>
          <ns3:TrackPointExtension>
            <ns3:hr>84</ns3:hr>
            <ns3:cad>0</ns3:cad>
          </ns3:TrackPointExtension>
        </extensions>
      </trkpt>
      <trkpt lat="37.50755413435399532318115234375" lon="121.42117696814239025115966796875">
        <ele>300.79998779296875</ele>
        <time>2026-09-13T04:20:21.000Z</time>
        <extensions>
          <ns3:TrackPointExtension>
            <ns3:hr>84</ns3:hr>
            <ns3:cad>0</ns3:cad>
          </ns3:TrackPointExtension>
        </extensions>
      </trkpt>
      <trkpt lat="37.5075651146471500396728515625" lon="121.42117043025791645050048828125">
        <ele>300.600006103515625</ele>
        <time>2026-09-13T04:20:23.000Z</time>
        <extensions>
          <ns3:TrackPointExtension>
            <ns3:hr>83</ns3:hr>
            <ns3:cad>0</ns3:cad>
          </ns3:TrackPointExtension>
        </extensions>
      </trkpt>
      <trkpt lat="37.50758766196668148040771484375" lon="121.4211557619273662567138671875">
        <ele>299.79998779296875</ele>
        <time>2026-09-13T04:20:27.000Z</time>
        <extensions>
          <ns3:TrackPointExtension>
            <ns3:hr>82</ns3:hr>
            <ns3:cad>0</ns3:cad>
          </ns3:TrackPointExtension>
        </extensions>
      </trkpt>
      <trkpt lat="37.5076194293797016143798828125" lon="121.42113103531301021575927734375">
        <ele>298.79998779296875</ele>
        <time>2026-09-13T04:20:32.000Z</time>
        <extensions>
          <ns3:TrackPointExtension>
            <ns3:hr>82</ns3:hr>
            <ns3:cad>0</ns3:cad>
          </ns3:TrackPointExtension>
        </extensions>
      </trkpt>
      <trkpt lat="37.5076804496347904205322265625" lon="121.4210913889110088348388671875">
        <ele>297.600006103515625</ele>
        <time>2026-09-13T04:20:38.000Z</time>
        <extensions>
          <ns3:TrackPointExtension>
            <ns3:hr>81</ns3:hr>
            <ns3:cad>0</ns3:cad>
          </ns3:TrackPointExtension>
        </extensions>
      </trkpt>
      <trkpt lat="37.5077332556247711181640625" lon="121.42107135616242885589599609375">
        <ele>297.20001220703125</ele>
        <time>2026-09-13T04:20:43.000Z</time>
        <extensions>
          <ns3:TrackPointExtension>
            <ns3:hr>82</ns3:hr>
            <ns3:cad>0</ns3:cad>
          </ns3:TrackPointExtension>
        </extensions>
      </trkpt>
      <trkpt lat="37.50778882764279842376708984375" lon="121.421084515750408172607421875">
        <ele>296.600006103515625</ele>
        <time>2026-09-13T04:20:49.000Z</time>
        <extensions>
          <ns3:TrackPointExtension>
            <ns3:hr>83</ns3:hr>
            <ns3:cad>53</ns3:cad>
          </ns3:TrackPointExtension>
        </extensions>
      </trkpt>
      <trkpt lat="37.50779100693762302398681640625" lon="121.42108845524489879608154296875">
        <ele>296.600006103515625</ele>
        <time>2026-09-13T04:20:50.000Z</time>
        <extensions>
          <ns3:TrackPointExtension>
            <ns3:hr>83</ns3:hr>
            <ns3:cad>51</ns3:cad>
          </ns3:TrackPointExtension>
        </extensions>
      </trkpt>
      <trkpt lat="37.5077907554805278778076171875" lon="121.42108476720750331878662109375">
        <ele>296.600006103515625</ele>
        <time>2026-09-13T04:20:53.000Z</time>
        <extensions>
          <ns3:TrackPointExtension>
            <ns3:hr>84</ns3:hr>
            <ns3:cad>0</ns3:cad>
          </ns3:TrackPointExtension>
        </extensions>
      </trkpt>
      <trkpt lat="37.5077770091593265533447265625" lon="121.42107973806560039520263671875">
        <ele>296.79998779296875</ele>
        <time>2026-09-13T04:20:55.000Z</time>
        <extensions>
          <ns3:TrackPointExtension>
            <ns3:hr>83</ns3:hr>
            <ns3:cad>0</ns3:cad>
          </ns3:TrackPointExtension>
        </extensions>
      </trkpt>
      <trkpt lat="37.50776083208620548248291015625" lon="121.42107001505792140960693359375">
        <ele>296.79998779296875</ele>
        <time>2026-09-13T04:21:01.000Z</time>
        <extensions>
          <ns3:TrackPointExtension>
            <ns3:hr>86</ns3:hr>
            <ns3:cad>0</ns3:cad>
          </ns3:TrackPointExtension>
        </extensions>
      </trkpt>
      <trkpt lat="37.5077615864574909210205078125" lon="121.421069093048572540283203125">
        <ele>296.79998779296875</ele>
        <time>2026-09-13T04:21:03.000Z</time>
        <extensions>
          <ns3:TrackPointExtension>
            <ns3:hr>87</ns3:hr>
            <ns3:cad>0</ns3:cad>
          </ns3:TrackPointExtension>
        </extensions>
      </trkpt>
      <trkpt lat="37.5077706389129161834716796875" lon="121.4210649020969867706298828125">
        <ele>296.399993896484375</ele>
        <time>2026-09-13T04:21:11.000Z</time>
        <extensions>
          <ns3:TrackPointExtension>
            <ns3:hr>90</ns3:hr>
            <ns3:cad>0</ns3:cad>
          </ns3:TrackPointExtension>
        </extensions>
      </trkpt>
      <trkpt lat="37.5077666155993938446044921875" lon="121.4210632257163524627685546875">
        <ele>296.399993896484375</ele>
        <time>2026-09-13T04:21:12.000Z</time>
        <extensions>
          <ns3:TrackPointExtension>
            <ns3:hr>90</ns3:hr>
            <ns3:cad>0</ns3:cad>
          </ns3:TrackPointExtension>
        </extensions>
      </trkpt>
      <trkpt lat="37.5077733211219310760498046875" lon="121.4210652373731136322021484375">
        <ele>296.600006103515625</ele>
        <time>2026-09-13T04:21:22.000Z</time>
        <extensions>
          <ns3:TrackPointExtension>
            <ns3:hr>90</ns3:hr>
            <ns3:cad>0</ns3:cad>
          </ns3:TrackPointExtension>
        </extensions>
      </trkpt>
      <trkpt lat="37.5077803619205951690673828125" lon="121.4210652373731136322021484375">
        <ele>296.600006103515625</ele>
        <time>2026-09-13T04:21:25.000Z</time>
        <extensions>
          <ns3:TrackPointExtension>
            <ns3:hr>87</ns3:hr>
            <ns3:cad>0</ns3:cad>
          </ns3:TrackPointExtension>
        </extensions>
      </trkpt>
      <trkpt lat="37.507783211767673492431640625" lon="121.42106431536376476287841796875">
        <ele>296.600006103515625</ele>
        <time>2026-09-13T04:21:26.000Z</time>
        <extensions>
          <ns3:TrackPointExtension>
            <ns3:hr>76</ns3:hr>
            <ns3:cad>0</ns3:cad>
          </ns3:TrackPointExtension>
        </extensions>
      </trkpt>
      <trkpt lat="37.50778220593929290771484375" lon="121.4210625551640987396240234375">
        <ele>296.79998779296875</ele>
        <time>2026-09-13T04:21:28.000Z</time>
        <extensions>
          <ns3:TrackPointExtension>
            <ns3:hr>73</ns3:hr>
            <ns3:cad>0</ns3:cad>
          </ns3:TrackPointExtension>
        </extensions>
      </trkpt>
      <trkpt lat="37.50778212212026119232177734375" lon="121.421062387526035308837890625">
        <ele>296.79998779296875</ele>
        <time>2026-09-13T04:21:33.000Z</time>
        <extensions>
          <ns3:TrackPointExtension>
            <ns3:hr>72</ns3:hr>
            <ns3:cad>0</ns3:cad>
          </ns3:TrackPointExtension>
        </extensions>
      </trkpt>
      <trkpt lat="37.50778731890022754669189453125" lon="121.42105844803154468536376953125">
        <ele>296.20001220703125</ele>
        <time>2026-09-13T04:21:38.000Z</time>
        <extensions>
          <ns3:TrackPointExtension>
            <ns3:hr>72</ns3:hr>
            <ns3:cad>0</ns3:cad>
          </ns3:TrackPointExtension>
        </extensions>
      </trkpt>
      <trkpt lat="37.50778622925281524658203125" lon="121.42106473445892333984375">
        <ele>296.600006103515625</ele>
        <time>2026-09-13T04:21:43.000Z</time>
        <extensions>
          <ns3:TrackPointExtension>
            <ns3:hr>75</ns3:hr>
            <ns3:cad>0</ns3:cad>
          </ns3:TrackPointExtension>
        </extensions>
      </trkpt>
      <trkpt lat="37.50778296031057834625244140625" lon="121.4210652373731136322021484375">
        <ele>296.600006103515625</ele>
        <time>2026-09-13T04:21:44.000Z</time>
        <extensions>
          <ns3:TrackPointExtension>
            <ns3:hr>75</ns3:hr>
            <ns3:cad>0</ns3:cad>
          </ns3:TrackPointExtension>
        </extensions>
      </trkpt>
      <trkpt lat="37.50777826644480228424072265625" lon="121.42106716521084308624267578125">
        <ele>295.79998779296875</ele>
        <time>2026-09-13T04:21:51.000Z</time>
        <extensions>
          <ns3:TrackPointExtension>
            <ns3:hr>77</ns3:hr>
            <ns3:cad>0</ns3:cad>
          </ns3:TrackPointExtension>
        </extensions>
      </trkpt>
      <trkpt lat="37.50778027810156345367431640625" lon="121.421066410839557647705078125">
        <ele>295.600006103515625</ele>
        <time>2026-09-13T04:21:53.000Z</time>
        <extensions>
          <ns3:TrackPointExtension>
            <ns3:hr>77</ns3:hr>
            <ns3:cad>0</ns3:cad>
          </ns3:TrackPointExtension>
        </extensions>
      </trkpt>
      <trkpt lat="37.50778094865381717681884765625" lon="121.42108292318880558013916015625">
        <ele>295.79998779296875</ele>
        <time>2026-09-13T04:21:58.000Z</time>
        <extensions>
          <ns3:TrackPointExtension>
            <ns3:hr>80</ns3:hr>
            <ns3:cad>0</ns3:cad>
          </ns3:TrackPointExtension>
        </extensions>
      </trkpt>
      <trkpt lat="37.5077976286411285400390625" lon="121.42110303975641727447509765625">
        <ele>295.600006103515625</ele>
        <time>2026-09-13T04:22:05.000Z</time>
        <extensions>
          <ns3:TrackPointExtension>
            <ns3:hr>83</ns3:hr>
            <ns3:cad>0</ns3:cad>
          </ns3:TrackPointExtension>
        </extensions>
      </trkpt>
      <trkpt lat="37.50779695808887481689453125" lon="121.421102620661258697509765625">
        <ele>295.399993896484375</ele>
        <time>2026-09-13T04:22:06.000Z</time>
        <extensions>
          <ns3:TrackPointExtension>
            <ns3:hr>83</ns3:hr>
            <ns3:cad>0</ns3:cad>
          </ns3:TrackPointExtension>
        </extensions>
      </trkpt>
      <trkpt lat="37.50779092311859130859375" lon="121.421101279556751251220703125">
        <ele>295</ele>
        <time>2026-09-13T04:22:17.000Z</time>
        <extensions>
          <ns3:TrackPointExtension>
            <ns3:hr>84</ns3:hr>
            <ns3:cad>0</ns3:cad>
          </ns3:TrackPointExtension>
        </extensions>
      </trkpt>
      <trkpt lat="37.5077961198985576629638671875" lon="121.4211014471948146820068359375">
        <ele>295</ele>
        <time>2026-09-13T04:22:22.000Z</time>
        <extensions>
          <ns3:TrackPointExtension>
            <ns3:hr>79</ns3:hr>
            <ns3:cad>0</ns3:cad>
          </ns3:TrackPointExtension>
        </extensions>
      </trkpt>
      <trkpt lat="37.50779687426984310150146484375" lon="121.42110169865190982818603515625">
        <ele>295</ele>
        <time>2026-09-13T04:22:24.000Z</time>
        <extensions>
          <ns3:TrackPointExtension>
            <ns3:hr>76</ns3:hr>
            <ns3:cad>0</ns3:cad>
          </ns3:TrackPointExtension>
        </extensions>
      </trkpt>
      <trkpt lat="37.50779687426984310150146484375" lon="121.42110169865190982818603515625">
        <ele>295</ele>
        <time>2026-09-13T04:22:27.000Z</time>
        <extensions>
          <ns3:TrackPointExtension>
            <ns3:hr>73</ns3:hr>
            <ns3:cad>0</ns3:cad>
          </ns3:TrackPointExtension>
        </extensions>
      </trkpt>
      <trkpt lat="37.50779687426984310150146484375" lon="121.42110169865190982818603515625">
        <ele>295</ele>
        <time>2026-09-13T04:22:33.000Z</time>
        <extensions>
          <ns3:TrackPointExtension>
            <ns3:hr>72</ns3:hr>
            <ns3:cad>0</ns3:cad>
          </ns3:TrackPointExtension>
        </extensions>
      </trkpt>
      <trkpt lat="37.50779687426984310150146484375" lon="121.42110169865190982818603515625">
        <ele>294.79998779296875</ele>
        <time>2026-09-13T04:22:43.000Z</time>
        <extensions>
          <ns3:TrackPointExtension>
            <ns3:hr>77</ns3:hr>
            <ns3:cad>0</ns3:cad>
          </ns3:TrackPointExtension>
        </extensions>
      </trkpt>
      <trkpt lat="37.50779687426984310150146484375" lon="121.42110169865190982818603515625">
        <ele>294.79998779296875</ele>
        <time>2026-09-13T04:22:45.000Z</time>
        <extensions>
          <ns3:TrackPointExtension>
            <ns3:hr>82</ns3:hr>
            <ns3:cad>0</ns3:cad>
          </ns3:TrackPointExtension>
        </extensions>
      </trkpt>
      <trkpt lat="37.50779687426984310150146484375" lon="121.42110169865190982818603515625">
        <ele>294.600006103515625</ele>
        <time>2026-09-13T04:22:47.000Z</time>
        <extensions>
          <ns3:TrackPointExtension>
            <ns3:hr>85</ns3:hr>
            <ns3:cad>0</ns3:cad>
          </ns3:TrackPointExtension>
        </extensions>
      </trkpt>
      <trkpt lat="37.50779687426984310150146484375" lon="121.42110169865190982818603515625">
        <ele>294.600006103515625</ele>
        <time>2026-09-13T04:22:48.000Z</time>
        <extensions>
          <ns3:TrackPointExtension>
            <ns3:hr>89</ns3:hr>
            <ns3:cad>0</ns3:cad>
          </ns3:TrackPointExtension>
        </extensions>
      </trkpt>
      <trkpt lat="37.50779687426984310150146484375" lon="121.42110169865190982818603515625">
        <ele>294.600006103515625</ele>
        <time>2026-09-13T04:22:54.000Z</time>
        <extensions>
          <ns3:TrackPointExtension>
            <ns3:hr>85</ns3:hr>
            <ns3:cad>0</ns3:cad>
          </ns3:TrackPointExtension>
        </extensions>
      </trkpt>
      <trkpt lat="37.50779687426984310150146484375" lon="121.42110169865190982818603515625">
        <ele>294.600006103515625</ele>
        <time>2026-09-13T04:22:55.000Z</time>
        <extensions>
          <ns3:TrackPointExtension>
            <ns3:hr>78</ns3:hr>
            <ns3:cad>0</ns3:cad>
          </ns3:TrackPointExtension>
        </extensions>
      </trkpt>
      <trkpt lat="37.50779687426984310150146484375" lon="121.42110169865190982818603515625">
        <ele>294.600006103515625</ele>
        <time>2026-09-13T04:22:56.000Z</time>
        <extensions>
          <ns3:TrackPointExtension>
            <ns3:hr>75</ns3:hr>
            <ns3:cad>0</ns3:cad>
          </ns3:TrackPointExtension>
        </extensions>
      </trkpt>
      <trkpt lat="37.50779687426984310150146484375" lon="121.42110169865190982818603515625">
        <ele>294.600006103515625</ele>
        <time>2026-09-13T04:22:58.000Z</time>
        <extensions>
          <ns3:TrackPointExtension>
            <ns3:hr>71</ns3:hr>
            <ns3:cad>0</ns3:cad>
          </ns3:TrackPointExtension>
        </extensions>
      </trkpt>
      <trkpt lat="37.50779687426984310150146484375" lon="121.42110169865190982818603515625">
        <ele>294.600006103515625</ele>
        <time>2026-09-13T04:23:00.000Z</time>
        <extensions>
          <ns3:TrackPointExtension>
            <ns3:hr>70</ns3:hr>
            <ns3:cad>0</ns3:cad>
          </ns3:TrackPointExtension>
        </extensions>
      </trkpt>
      <trkpt lat="37.50779687426984310150146484375" lon="121.42110169865190982818603515625">
        <ele>294.600006103515625</ele>
        <time>2026-09-13T04:23:03.000Z</time>
        <extensions>
          <ns3:TrackPointExtension>
            <ns3:hr>71</ns3:hr>
            <ns3:cad>0</ns3:cad>
          </ns3:TrackPointExtension>
        </extensions>
      </trkpt>
      <trkpt lat="37.50779687426984310150146484375" lon="121.42110169865190982818603515625">
        <ele>294.20001220703125</ele>
        <time>2026-09-13T04:23:18.000Z</time>
        <extensions>
          <ns3:TrackPointExtension>
            <ns3:hr>68</ns3:hr>
            <ns3:cad>0</ns3:cad>
          </ns3:TrackPointExtension>
        </extensions>
      </trkpt>
      <trkpt lat="37.50779687426984310150146484375" lon="121.42110169865190982818603515625">
        <ele>294.20001220703125</ele>
        <time>2026-09-13T04:23:26.000Z</time>
        <extensions>
          <ns3:TrackPointExtension>
            <ns3:hr>72</ns3:hr>
            <ns3:cad>0</ns3:cad>
          </ns3:TrackPointExtension>
        </extensions>
      </trkpt>
      <trkpt lat="37.50779687426984310150146484375" lon="121.42110169865190982818603515625">
        <ele>294</ele>
        <time>2026-09-13T04:23:37.000Z</time>
        <extensions>
          <ns3:TrackPointExtension>
            <ns3:hr>78</ns3:hr>
            <ns3:cad>0</ns3:cad>
          </ns3:TrackPointExtension>
        </extensions>
      </trkpt>
      <trkpt lat="37.50779687426984310150146484375" lon="121.42110169865190982818603515625">
        <ele>294</ele>
        <time>2026-09-13T04:23:38.000Z</time>
        <extensions>
          <ns3:TrackPointExtension>
            <ns3:hr>81</ns3:hr>
            <ns3:cad>0</ns3:cad>
          </ns3:TrackPointExtension>
        </extensions>
      </trkpt>
      <trkpt lat="37.50779687426984310150146484375" lon="121.42110169865190982818603515625">
        <ele>294</ele>
        <time>2026-09-13T04:23:40.000Z</time>
        <extensions>
          <ns3:TrackPointExtension>
            <ns3:hr>83</ns3:hr>
            <ns3:cad>0</ns3:cad>
          </ns3:TrackPointExtension>
        </extensions>
      </trkpt>
      <trkpt lat="37.50779687426984310150146484375" lon="121.42110169865190982818603515625">
        <ele>294</ele>
        <time>2026-09-13T04:23:42.000Z</time>
        <extensions>
          <ns3:TrackPointExtension>
            <ns3:hr>86</ns3:hr>
            <ns3:cad>0</ns3:cad>
          </ns3:TrackPointExtension>
        </extensions>
      </trkpt>
      <trkpt lat="37.50779687426984310150146484375" lon="121.42110169865190982818603515625">
        <ele>294</ele>
        <time>2026-09-13T04:23:51.000Z</time>
        <extensions>
          <ns3:TrackPointExtension>
            <ns3:hr>83</ns3:hr>
            <ns3:cad>0</ns3:cad>
          </ns3:TrackPointExtension>
        </extensions>
      </trkpt>
      <trkpt lat="37.50779687426984310150146484375" lon="121.42110169865190982818603515625">
        <ele>294</ele>
        <time>2026-09-13T04:23:56.000Z</time>
        <extensions>
          <ns3:TrackPointExtension>
            <ns3:hr>81</ns3:hr>
            <ns3:cad>0</ns3:cad>
          </ns3:TrackPointExtension>
        </extensions>
      </trkpt>
      <trkpt lat="37.50779687426984310150146484375" lon="121.42110169865190982818603515625">
        <ele>294</ele>
        <time>2026-09-13T04:24:05.000Z</time>
        <extensions>
          <ns3:TrackPointExtension>
            <ns3:hr>77</ns3:hr>
            <ns3:cad>0</ns3:cad>
          </ns3:TrackPointExtension>
        </extensions>
      </trkpt>
      <trkpt lat="37.50779687426984310150146484375" lon="121.42110169865190982818603515625">
        <ele>294</ele>
        <time>2026-09-13T04:24:06.000Z</time>
        <extensions>
          <ns3:TrackPointExtension>
            <ns3:hr>71</ns3:hr>
            <ns3:cad>0</ns3:cad>
          </ns3:TrackPointExtension>
        </extensions>
      </trkpt>
      <trkpt lat="37.50779687426984310150146484375" lon="121.42110169865190982818603515625">
        <ele>294</ele>
        <time>2026-09-13T04:24:07.000Z</time>
        <extensions>
          <ns3:TrackPointExtension>
            <ns3:hr>68</ns3:hr>
            <ns3:cad>0</ns3:cad>
          </ns3:TrackPointExtension>
        </extensions>
      </trkpt>
      <trkpt lat="37.50779687426984310150146484375" lon="121.42110169865190982818603515625">
        <ele>294</ele>
        <time>2026-09-13T04:24:13.000Z</time>
        <extensions>
          <ns3:TrackPointExtension>
            <ns3:hr>66</ns3:hr>
            <ns3:cad>0</ns3:cad>
          </ns3:TrackPointExtension>
        </extensions>
      </trkpt>
      <trkpt lat="37.50779234804213047027587890625" lon="121.42113103531301021575927734375">
        <ele>294.20001220703125</ele>
        <time>2026-09-13T04:24:25.000Z</time>
        <extensions>
          <ns3:TrackPointExtension>
            <ns3:hr>68</ns3:hr>
            <ns3:cad>0</ns3:cad>
          </ns3:TrackPointExtension>
        </extensions>
      </trkpt>
      <trkpt lat="37.50776854343712329864501953125" lon="121.42120446078479290008544921875">
        <ele>294.20001220703125</ele>
        <time>2026-09-13T04:24:32.000Z</time>
        <extensions>
          <ns3:TrackPointExtension>
            <ns3:hr>70</ns3:hr>
            <ns3:cad>52</ns3:cad>
          </ns3:TrackPointExtension>
        </extensions>
      </trkpt>
      <trkpt lat="37.507740296423435211181640625" lon="121.42126045189797878265380859375">
        <ele>293.600006103515625</ele>
        <time>2026-09-13T04:24:38.000Z</time>
        <extensions>
          <ns3:TrackPointExtension>
            <ns3:hr>70</ns3:hr>
            <ns3:cad>0</ns3:cad>
          </ns3:TrackPointExtension>
        </extensions>
      </trkpt>
      <trkpt lat="37.50773132778704166412353515625" lon="121.42127704806625843048095703125">
        <ele>293.399993896484375</ele>
        <time>2026-09-13T04:24:40.000Z</time>
        <extensions>
          <ns3:TrackPointExtension>
            <ns3:hr>69</ns3:hr>
            <ns3:cad>114</ns3:cad>
          </ns3:TrackPointExtension>
        </extensions>
      </trkpt>
      <trkpt lat="37.50770551152527332305908203125" lon="121.42130387015640735626220703125">
        <ele>292.600006103515625</ele>
        <time>2026-09-13T04:24:43.000Z</time>
        <extensions>
          <ns3:TrackPointExtension>
            <ns3:hr>69</ns3:hr>
            <ns3:cad>110</ns3:cad>
          </ns3:TrackPointExtension>
        </extensions>
      </trkpt>
      <trkpt lat="37.50768522731959819793701171875" lon="121.42131946049630641937255859375">
        <ele>292</ele>
        <time>2026-09-13T04:24:45.000Z</time>
        <extensions>
          <ns3:TrackPointExtension>
            <ns3:hr>69</ns3:hr>
            <ns3:cad>110</ns3:cad>
          </ns3:TrackPointExtension>
        </extensions>
      </trkpt>
      <trkpt lat="37.50766242854297161102294921875" lon="121.42134544439613819122314453125">
        <ele>291.20001220703125</ele>
        <time>2026-09-13T04:24:48.000Z</time>
        <extensions>
          <ns3:TrackPointExtension>
            <ns3:hr>70</ns3:hr>
            <ns3:cad>103</ns3:cad>
          </ns3:TrackPointExtension>
        </extensions>
      </trkpt>
      <trkpt lat="37.507659159600734710693359375" lon="121.4213565923273563385009765625">
        <ele>291</ele>
        <time>2026-09-13T04:24:49.000Z</time>
        <extensions>
          <ns3:TrackPointExtension>
            <ns3:hr>70</ns3:hr>
            <ns3:cad>104</ns3:cad>
          </ns3:TrackPointExtension>
        </extensions>
      </trkpt>
      <trkpt lat="37.50765253789722919464111328125" lon="121.42138768918812274932861328125">
        <ele>290</ele>
        <time>2026-09-13T04:24:52.000Z</time>
        <extensions>
          <ns3:TrackPointExtension>
            <ns3:hr>70</ns3:hr>
            <ns3:cad>55</ns3:cad>
          </ns3:TrackPointExtension>
        </extensions>
      </trkpt>
      <trkpt lat="37.50765203498303890228271484375" lon="121.42140881158411502838134765625">
        <ele>289.600006103515625</ele>
        <time>2026-09-13T04:24:53.000Z</time>
        <extensions>
          <ns3:TrackPointExtension>
            <ns3:hr>69</ns3:hr>
            <ns3:cad>55</ns3:cad>
          </ns3:TrackPointExtension>
        </extensions>
      </trkpt>
      <trkpt lat="37.50765882432460784912109375" lon="121.42142775468528270721435546875">
        <ele>289.399993896484375</ele>
        <time>2026-09-13T04:24:54.000Z</time>
        <extensions>
          <ns3:TrackPointExtension>
            <ns3:hr>69</ns3:hr>
            <ns3:cad>55</ns3:cad>
          </ns3:TrackPointExtension>
        </extensions>
      </trkpt>
      <trkpt lat="37.507690675556659698486328125" lon="121.42147100530564785003662109375">
        <ele>288.600006103515625</ele>
        <time>2026-09-13T04:24:57.000Z</time>
        <extensions>
          <ns3:TrackPointExtension>
            <ns3:hr>68</ns3:hr>
            <ns3:cad>55</ns3:cad>
          </ns3:TrackPointExtension>
        </extensions>
      </trkpt>
      <trkpt lat="37.50772319734096527099609375" lon="121.42148877494037151336669921875">
        <ele>288</ele>
        <time>2026-09-13T04:25:00.000Z</time>
        <extensions>
          <ns3:TrackPointExtension>
            <ns3:hr>69</ns3:hr>
            <ns3:cad>54</ns3:cad>
          </ns3:TrackPointExtension>
        </extensions>
      </trkpt>
      <trkpt lat="37.50773769803345203399658203125" lon="121.4214856736361980438232421875">
        <ele>287.399993896484375</ele>
        <time>2026-09-13T04:25:02.000Z</time>
        <extensions>
          <ns3:TrackPointExtension>
            <ns3:hr>69</ns3:hr>
            <ns3:cad>108</ns3:cad>
          </ns3:TrackPointExtension>
        </extensions>
      </trkpt>
      <trkpt lat="37.5077974610030651092529296875" lon="121.4214645512402057647705078125">
        <ele>286.20001220703125</ele>
        <time>2026-09-13T04:25:07.000Z</time>
        <extensions>
          <ns3:TrackPointExtension>
            <ns3:hr>69</ns3:hr>
            <ns3:cad>111</ns3:cad>
          </ns3:TrackPointExtension>
        </extensions>
      </trkpt>
      <trkpt lat="37.5078620016574859619140625" lon="121.42145809717476367950439453125">
        <ele>285.20001220703125</ele>
        <time>2026-09-13T04:25:13.000Z</time>
        <extensions>
          <ns3:TrackPointExtension>
            <ns3:hr>69</ns3:hr>
            <ns3:cad>103</ns3:cad>
          </ns3:TrackPointExtension>
        </extensions>
      </trkpt>
      <trkpt lat="37.5079034082591533660888671875" lon="121.42145524732768535614013671875">
        <ele>284.20001220703125</ele>
        <time>2026-09-13T04:25:17.000Z</time>
        <extensions>
          <ns3:TrackPointExtension>
            <ns3:hr>72</ns3:hr>
            <ns3:cad>99</ns3:cad>
          </ns3:TrackPointExtension>
        </extensions>
      </trkpt>
      <trkpt lat="37.50790533609688282012939453125" lon="121.42145239748060703277587890625">
        <ele>284</ele>
        <time>2026-09-13T04:25:18.000Z</time>
        <extensions>
          <ns3:TrackPointExtension>
            <ns3:hr>72</ns3:hr>
            <ns3:cad>101</ns3:cad>
          </ns3:TrackPointExtension>
        </extensions>
      </trkpt>
      <trkpt lat="37.50795680098235607147216796875" lon="121.42144837416708469390869140625">
        <ele>283</ele>
        <time>2026-09-13T04:25:23.000Z</time>
        <extensions>
          <ns3:TrackPointExtension>
            <ns3:hr>72</ns3:hr>
            <ns3:cad>51</ns3:cad>
          </ns3:TrackPointExtension>
        </extensions>
      </trkpt>
      <trkpt lat="37.507962249219417572021484375" lon="121.4214440993964672088623046875">
        <ele>282.79998779296875</ele>
        <time>2026-09-13T04:25:24.000Z</time>
        <extensions>
          <ns3:TrackPointExtension>
            <ns3:hr>72</ns3:hr>
            <ns3:cad>51</ns3:cad>
          </ns3:TrackPointExtension>
        </extensions>
      </trkpt>
      <trkpt lat="37.50801128335297107696533203125" lon="121.421460695564746856689453125">
        <ele>282</ele>
        <time>2026-09-13T04:25:29.000Z</time>
        <extensions>
          <ns3:TrackPointExtension>
            <ns3:hr>72</ns3:hr>
            <ns3:cad>52</ns3:cad>
          </ns3:TrackPointExtension>
        </extensions>
      </trkpt>
      <trkpt lat="37.50802653841674327850341796875" lon="121.421486176550388336181640625">
        <ele>281.79998779296875</ele>
        <time>2026-09-13T04:25:31.000Z</time>
        <extensions>
          <ns3:TrackPointExtension>
            <ns3:hr>70</ns3:hr>
            <ns3:cad>107</ns3:cad>
          </ns3:TrackPointExtension>
        </extensions>
      </trkpt>
      <trkpt lat="37.50801597721874713897705078125" lon="121.42153822816908359527587890625">
        <ele>281.399993896484375</ele>
        <time>2026-09-13T04:25:35.000Z</time>
        <extensions>
          <ns3:TrackPointExtension>
            <ns3:hr>69</ns3:hr>
            <ns3:cad>56</ns3:cad>
          </ns3:TrackPointExtension>
        </extensions>
      </trkpt>
      <trkpt lat="37.507993765175342559814453125" lon="121.42155750654637813568115234375">
        <ele>281</ele>
        <time>2026-09-13T04:25:38.000Z</time>
        <extensions>
          <ns3:TrackPointExtension>
            <ns3:hr>70</ns3:hr>
            <ns3:cad>55</ns3:cad>
          </ns3:TrackPointExtension>
        </extensions>
      </trkpt>
      <trkpt lat="37.507979013025760650634765625" lon="121.42157326452434062957763671875">
        <ele>280.600006103515625</ele>
        <time>2026-09-13T04:25:40.000Z</time>
        <extensions>
          <ns3:TrackPointExtension>
            <ns3:hr>70</ns3:hr>
            <ns3:cad>108</ns3:cad>
          </ns3:TrackPointExtension>
        </extensions>
      </trkpt>
      <trkpt lat="37.50795545987784862518310546875" lon="121.421588100492954254150390625">
        <ele>280.20001220703125</ele>
        <time>2026-09-13T04:25:42.000Z</time>
        <extensions>
          <ns3:TrackPointExtension>
            <ns3:hr>71</ns3:hr>
            <ns3:cad>108</ns3:cad>
          </ns3:TrackPointExtension>
        </extensions>
      </trkpt>
      <trkpt lat="37.50792964361608028411865234375" lon="121.42160176299512386322021484375">
        <ele>279.79998779296875</ele>
        <time>2026-09-13T04:25:44.000Z</time>
        <extensions>
          <ns3:TrackPointExtension>
            <ns3:hr>74</ns3:hr>
            <ns3:cad>113</ns3:cad>
          </ns3:TrackPointExtension>
        </extensions>
      </trkpt>
      <trkpt lat="37.5079143047332763671875" lon="121.42160930670797824859619140625">
        <ele>279.600006103515625</ele>
        <time>2026-09-13T04:25:45.000Z</time>
        <extensions>
          <ns3:TrackPointExtension>
            <ns3:hr>76</ns3:hr>
            <ns3:cad>113</ns3:cad>
          </ns3:TrackPointExtension>
        </extensions>
      </trkpt>
      <trkpt lat="37.507867030799388885498046875" lon="121.421651132404804229736328125">
        <ele>278.79998779296875</ele>
        <time>2026-09-13T04:25:49.000Z</time>
        <extensions>
          <ns3:TrackPointExtension>
            <ns3:hr>78</ns3:hr>
            <ns3:cad>120</ns3:cad>
          </ns3:TrackPointExtension>
        </extensions>
      </trkpt>
      <trkpt lat="37.507863007485866546630859375" lon="121.421661861240863800048828125">
        <ele>278.399993896484375</ele>
        <time>2026-09-13T04:25:50.000Z</time>
        <extensions>
          <ns3:TrackPointExtension>
            <ns3:hr>78</ns3:hr>
            <ns3:cad>121</ns3:cad>
          </ns3:TrackPointExtension>
        </extensions>
      </trkpt>
      <trkpt lat="37.50783316791057586669921875" lon="121.42170804552733898162841796875">
        <ele>277.399993896484375</ele>
        <time>2026-09-13T04:25:55.000Z</time>
        <extensions>
          <ns3:TrackPointExtension>
            <ns3:hr>79</ns3:hr>
            <ns3:cad>63</ns3:cad>
          </ns3:TrackPointExtension>
        </extensions>
      </trkpt>
      <trkpt lat="37.5078273005783557891845703125" lon="121.4217193610966205596923828125">
        <ele>277.20001220703125</ele>
        <time>2026-09-13T04:25:56.000Z</time>
        <extensions>
          <ns3:TrackPointExtension>
            <ns3:hr>80</ns3:hr>
            <ns3:cad>63</ns3:cad>
          </ns3:TrackPointExtension>
        </extensions>
      </trkpt>
      <trkpt lat="37.507774829864501953125" lon="121.421783901751041412353515625">
        <ele>277</ele>
        <time>2026-09-13T04:26:02.000Z</time>
        <extensions>
          <ns3:TrackPointExtension>
            <ns3:hr>79</ns3:hr>
            <ns3:cad>118</ns3:cad>
          </ns3:TrackPointExtension>
        </extensions>
      </trkpt>
      <trkpt lat="37.5077582336962223052978515625" lon="121.42177979461848735809326171875">
        <ele>277.20001220703125</ele>
        <time>2026-09-13T04:26:08.000Z</time>
        <extensions>
          <ns3:TrackPointExtension>
            <ns3:hr>76</ns3:hr>
            <ns3:cad>0</ns3:cad>
          </ns3:TrackPointExtension>
        </extensions>
      </trkpt>
      <trkpt lat="37.507757060229778289794921875" lon="121.4217807166278362274169921875">
        <ele>277.20001220703125</ele>
        <time>2026-09-13T04:26:09.000Z</time>
        <extensions>
          <ns3:TrackPointExtension>
            <ns3:hr>75</ns3:hr>
            <ns3:cad>0</ns3:cad>
          </ns3:TrackPointExtension>
        </extensions>
      </trkpt>
      <trkpt lat="37.50775731168687343597412109375" lon="121.42177795059978961944580078125">
        <ele>277.20001220703125</ele>
        <time>2026-09-13T04:26:18.000Z</time>
        <extensions>
          <ns3:TrackPointExtension>
            <ns3:hr>78</ns3:hr>
            <ns3:cad>0</ns3:cad>
          </ns3:TrackPointExtension>
        </extensions>
      </trkpt>
      <trkpt lat="37.50775731168687343597412109375" lon="121.42177795059978961944580078125">
        <ele>277.20001220703125</ele>
        <time>2026-09-13T04:26:21.000Z</time>
        <extensions>
          <ns3:TrackPointExtension>
            <ns3:hr>78</ns3:hr>
            <ns3:cad>0</ns3:cad>
          </ns3:TrackPointExtension>
        </extensions>
      </trkpt>
      <trkpt lat="37.50775731168687343597412109375" lon="121.42177795059978961944580078125">
        <ele>277.20001220703125</ele>
        <time>2026-09-13T04:26:30.000Z</time>
        <extensions>
          <ns3:TrackPointExtension>
            <ns3:hr>81</ns3:hr>
            <ns3:cad>0</ns3:cad>
          </ns3:TrackPointExtension>
        </extensions>
      </trkpt>
      <trkpt lat="37.50775731168687343597412109375" lon="121.42177795059978961944580078125">
        <ele>277.20001220703125</ele>
        <time>2026-09-13T04:26:34.000Z</time>
        <extensions>
          <ns3:TrackPointExtension>
            <ns3:hr>84</ns3:hr>
            <ns3:cad>0</ns3:cad>
          </ns3:TrackPointExtension>
        </extensions>
      </trkpt>
      <trkpt lat="37.50775731168687343597412109375" lon="121.42177795059978961944580078125">
        <ele>277.20001220703125</ele>
        <time>2026-09-13T04:26:36.000Z</time>
        <extensions>
          <ns3:TrackPointExtension>
            <ns3:hr>87</ns3:hr>
            <ns3:cad>0</ns3:cad>
          </ns3:TrackPointExtension>
        </extensions>
      </trkpt>
      <trkpt lat="37.50775731168687343597412109375" lon="121.42177795059978961944580078125">
        <ele>277.20001220703125</ele>
        <time>2026-09-13T04:26:39.000Z</time>
        <extensions>
          <ns3:TrackPointExtension>
            <ns3:hr>87</ns3:hr>
            <ns3:cad>0</ns3:cad>
          </ns3:TrackPointExtension>
        </extensions>
      </trkpt>
      <trkpt lat="37.50775731168687343597412109375" lon="121.42177795059978961944580078125">
        <ele>277</ele>
        <time>2026-09-13T04:26:49.000Z</time>
        <extensions>
          <ns3:TrackPointExtension>
            <ns3:hr>86</ns3:hr>
            <ns3:cad>0</ns3:cad>
          </ns3:TrackPointExtension>
        </extensions>
      </trkpt>
      <trkpt lat="37.50775806605815887451171875" lon="121.42177283763885498046875">
        <ele>277</ele>
        <time>2026-09-13T04:27:02.000Z</time>
        <extensions>
          <ns3:TrackPointExtension>
            <ns3:hr>83</ns3:hr>
            <ns3:cad>0</ns3:cad>
          </ns3:TrackPointExtension>
        </extensions>
      </trkpt>
      <trkpt lat="37.50776183791458606719970703125" lon="121.42177283763885498046875">
        <ele>277</ele>
        <time>2026-09-13T04:27:03.000Z</time>
        <extensions>
          <ns3:TrackPointExtension>
            <ns3:hr>83</ns3:hr>
            <ns3:cad>0</ns3:cad>
          </ns3:TrackPointExtension>
        </extensions>
      </trkpt>
      <trkpt lat="37.5078217685222625732421875" lon="121.42177610658109188079833984375">
        <ele>276.600006103515625</ele>
        <time>2026-09-13T04:27:12.000Z</time>
        <extensions>
          <ns3:TrackPointExtension>
            <ns3:hr>87</ns3:hr>
            <ns3:cad>0</ns3:cad>
          </ns3:TrackPointExtension>
        </extensions>
      </trkpt>
      <trkpt lat="37.507836855947971343994140625" lon="121.42177493311464786529541015625">
        <ele>276.399993896484375</ele>
        <time>2026-09-13T04:27:14.000Z</time>
        <extensions>
          <ns3:TrackPointExtension>
            <ns3:hr>90</ns3:hr>
            <ns3:cad>0</ns3:cad>
          </ns3:TrackPointExtension>
        </extensions>
      </trkpt>
      <trkpt lat="37.5078524462878704071044921875" lon="121.42177493311464786529541015625">
        <ele>276.399993896484375</ele>
        <time>2026-09-13T04:27:16.000Z</time>
        <extensions>
          <ns3:TrackPointExtension>
            <ns3:hr>91</ns3:hr>
            <ns3:cad>0</ns3:cad>
          </ns3:TrackPointExtension>
        </extensions>
      </trkpt>
      <trkpt lat="37.50788069330155849456787109375" lon="121.42176420427858829498291015625">
        <ele>275.79998779296875</ele>
        <time>2026-09-13T04:27:20.000Z</time>
        <extensions>
          <ns3:TrackPointExtension>
            <ns3:hr>90</ns3:hr>
            <ns3:cad>0</ns3:cad>
          </ns3:TrackPointExtension>
        </extensions>
      </trkpt>
      <trkpt lat="37.507933080196380615234375" lon="121.42175397835671901702880859375">
        <ele>275.20001220703125</ele>
        <time>2026-09-13T04:27:25.000Z</time>
        <extensions>
          <ns3:TrackPointExtension>
            <ns3:hr>90</ns3:hr>
            <ns3:cad>0</ns3:cad>
          </ns3:TrackPointExtension>
        </extensions>
      </trkpt>
      <trkpt lat="37.507965601980686187744140625" lon="121.4217602647840976715087890625">
        <ele>274.79998779296875</ele>
        <time>2026-09-13T04:27:29.000Z</time>
        <extensions>
          <ns3:TrackPointExtension>
            <ns3:hr>91</ns3:hr>
            <ns3:cad>0</ns3:cad>
          </ns3:TrackPointExtension>
        </extensions>
      </trkpt>
      <trkpt lat="37.50799552537500858306884765625" lon="121.4217662997543811798095703125">
        <ele>274.20001220703125</ele>
        <time>2026-09-13T04:27:32.000Z</time>
        <extensions>
          <ns3:TrackPointExtension>
            <ns3:hr>90</ns3:hr>
            <ns3:cad>0</ns3:cad>
          </ns3:TrackPointExtension>
        </extensions>
      </trkpt>
      <trkpt lat="37.50804430805146694183349609375" lon="121.421781219542026519775390625">
        <ele>273.20001220703125</ele>
        <time>2026-09-13T04:27:37.000Z</time>
        <extensions>
          <ns3:TrackPointExtension>
            <ns3:hr>90</ns3:hr>
            <ns3:cad>0</ns3:cad>
          </ns3:TrackPointExtension>
        </extensions>
      </trkpt>
      <trkpt lat="37.5080859661102294921875" lon="121.42179622314870357513427734375">
        <ele>272</ele>
        <time>2026-09-13T04:27:41.000Z</time>
        <extensions>
          <ns3:TrackPointExtension>
            <ns3:hr>90</ns3:hr>
            <ns3:cad>48</ns3:cad>
          </ns3:TrackPointExtension>
        </extensions>
      </trkpt>
      <trkpt lat="37.5081052444875240325927734375" lon="121.4217964746057987213134765625">
        <ele>271.600006103515625</ele>
        <time>2026-09-13T04:27:43.000Z</time>
        <extensions>
          <ns3:TrackPointExtension>
            <ns3:hr>90</ns3:hr>
            <ns3:cad>48</ns3:cad>
          </ns3:TrackPointExtension>
        </extensions>
      </trkpt>
      <trkpt lat="37.5081290490925312042236328125" lon="121.42180443741381168365478515625">
        <ele>271</ele>
        <time>2026-09-13T04:27:45.000Z</time>
        <extensions>
          <ns3:TrackPointExtension>
            <ns3:hr>90</ns3:hr>
            <ns3:cad>48</ns3:cad>
          </ns3:TrackPointExtension>
        </extensions>
      </trkpt>
      <trkpt lat="37.5081712938845157623291015625" lon="121.42181198112666606903076171875">
        <ele>269.600006103515625</ele>
        <time>2026-09-13T04:27:49.000Z</time>
        <extensions>
          <ns3:TrackPointExtension>
            <ns3:hr>89</ns3:hr>
            <ns3:cad>0</ns3:cad>
          </ns3:TrackPointExtension>
        </extensions>
      </trkpt>
      <trkpt lat="37.508179508149623870849609375" lon="121.4218149147927761077880859375">
        <ele>269.399993896484375</ele>
        <time>2026-09-13T04:27:50.000Z</time>
        <extensions>
          <ns3:TrackPointExtension>
            <ns3:hr>89</ns3:hr>
            <ns3:cad>53</ns3:cad>
          </ns3:TrackPointExtension>
        </extensions>
      </trkpt>
      <trkpt lat="37.50820976682007312774658203125" lon="121.421828158199787139892578125">
        <ele>268.600006103515625</ele>
        <time>2026-09-13T04:27:53.000Z</time>
        <extensions>
          <ns3:TrackPointExtension>
            <ns3:hr>87</ns3:hr>
            <ns3:cad>53</ns3:cad>
          </ns3:TrackPointExtension>
        </extensions>
      </trkpt>
      <trkpt lat="37.508253939449787139892578125" lon="121.42183461226522922515869140625">
        <ele>267.399993896484375</ele>
        <time>2026-09-13T04:27:57.000Z</time>
        <extensions>
          <ns3:TrackPointExtension>
            <ns3:hr>85</ns3:hr>
            <ns3:cad>63</ns3:cad>
          </ns3:TrackPointExtension>
        </extensions>
      </trkpt>
      <trkpt lat="37.50831185840070247650146484375" lon="121.4218236319720745086669921875">
        <ele>266.600006103515625</ele>
        <time>2026-09-13T04:28:03.000Z</time>
        <extensions>
          <ns3:TrackPointExtension>
            <ns3:hr>86</ns3:hr>
            <ns3:cad>63</ns3:cad>
          </ns3:TrackPointExtension>
        </extensions>
      </trkpt>
      <trkpt lat="37.508341111242771148681640625" lon="121.4218678884208202362060546875">
        <ele>266.399993896484375</ele>
        <time>2026-09-13T04:28:09.000Z</time>
        <extensions>
          <ns3:TrackPointExtension>
            <ns3:hr>87</ns3:hr>
            <ns3:cad>0</ns3:cad>
          </ns3:TrackPointExtension>
        </extensions>
      </trkpt>
      <trkpt lat="37.5083421170711517333984375" lon="121.42187853343784809112548828125">
        <ele>266.20001220703125</ele>
        <time>2026-09-13T04:28:10.000Z</time>
        <extensions>
          <ns3:TrackPointExtension>
            <ns3:hr>87</ns3:hr>
            <ns3:cad>0</ns3:cad>
          </ns3:TrackPointExtension>
        </extensions>
      </trkpt>
      <trkpt lat="37.5083434581756591796875" lon="121.42189999110996723175048828125">
        <ele>266</ele>
        <time>2026-09-13T04:28:13.000Z</time>
        <extensions>
          <ns3:TrackPointExtension>
            <ns3:hr>90</ns3:hr>
            <ns3:cad>64</ns3:cad>
          </ns3:TrackPointExtension>
        </extensions>
      </trkpt>
      <trkpt lat="37.50832811929285526275634765625" lon="121.421942822635173797607421875">
        <ele>265.79998779296875</ele>
        <time>2026-09-13T04:28:17.000Z</time>
        <extensions>
          <ns3:TrackPointExtension>
            <ns3:hr>90</ns3:hr>
            <ns3:cad>0</ns3:cad>
          </ns3:TrackPointExtension>
        </extensions>
      </trkpt>
      <trkpt lat="37.50830330885946750640869140625" lon="121.4219780266284942626953125">
        <ele>265.20001220703125</ele>
        <time>2026-09-13T04:28:21.000Z</time>
        <extensions>
          <ns3:TrackPointExtension>
            <ns3:hr>89</ns3:hr>
            <ns3:cad>0</ns3:cad>
          </ns3:TrackPointExtension>
        </extensions>
      </trkpt>
      <trkpt lat="37.50828537158668041229248046875" lon="121.4219905994832515716552734375">
        <ele>265</ele>
        <time>2026-09-13T04:28:23.000Z</time>
        <extensions>
          <ns3:TrackPointExtension>
            <ns3:hr>89</ns3:hr>
            <ns3:cad>0</ns3:cad>
          </ns3:TrackPointExtension>
        </extensions>
      </trkpt>
      <trkpt lat="37.50826341100037097930908203125" lon="121.42202622257173061370849609375">
        <ele>264.600006103515625</ele>
        <time>2026-09-13T04:28:26.000Z</time>
        <extensions>
          <ns3:TrackPointExtension>
            <ns3:hr>94</ns3:hr>
            <ns3:cad>67</ns3:cad>
          </ns3:TrackPointExtension>
        </extensions>
      </trkpt>
      <trkpt lat="37.508252598345279693603515625" lon="121.4220415614545345306396484375">
        <ele>264.20001220703125</ele>
        <time>2026-09-13T04:28:28.000Z</time>
        <extensions>
          <ns3:TrackPointExtension>
            <ns3:hr>97</ns3:hr>
            <ns3:cad>67</ns3:cad>
          </ns3:TrackPointExtension>
        </extensions>
      </trkpt>
      <trkpt lat="37.5082375109195709228515625" lon="121.42205371521413326263427734375">
        <ele>264</ele>
        <time>2026-09-13T04:28:30.000Z</time>
        <extensions>
          <ns3:TrackPointExtension>
            <ns3:hr>98</ns3:hr>
            <ns3:cad>67</ns3:cad>
          </ns3:TrackPointExtension>
        </extensions>
      </trkpt>
      <trkpt lat="37.508186884224414825439453125" lon="121.42209428362548351287841796875">
        <ele>263.20001220703125</ele>
        <time>2026-09-13T04:28:37.000Z</time>
        <extensions>
          <ns3:TrackPointExtension>
            <ns3:hr>97</ns3:hr>
            <ns3:cad>47</ns3:cad>
          </ns3:TrackPointExtension>
        </extensions>
      </trkpt>
      <trkpt lat="37.50812259502708911895751953125" lon="121.42211775295436382293701171875">
        <ele>262</ele>
        <time>2026-09-13T04:28:44.000Z</time>
        <extensions>
          <ns3:TrackPointExtension>
            <ns3:hr>98</ns3:hr>
            <ns3:cad>53</ns3:cad>
          </ns3:TrackPointExtension>
        </extensions>
      </trkpt>
      <trkpt lat="37.508099377155303955078125" lon="121.4221223630011081695556640625">
        <ele>261.79998779296875</ele>
        <time>2026-09-13T04:28:46.000Z</time>
        <extensions>
          <ns3:TrackPointExtension>
            <ns3:hr>98</ns3:hr>
            <ns3:cad>0</ns3:cad>
          </ns3:TrackPointExtension>
        </extensions>
      </trkpt>
      <trkpt lat="37.508017234504222869873046875" lon="121.42212378792464733123779296875">
        <ele>261</ele>
        <time>2026-09-13T04:28:54.000Z</time>
        <extensions>
          <ns3:TrackPointExtension>
            <ns3:hr>98</ns3:hr>
            <ns3:cad>50</ns3:cad>
          </ns3:TrackPointExtension>
        </extensions>
      </trkpt>
      <trkpt lat="37.508007176220417022705078125" lon="121.42211951315402984619140625">
        <ele>260.79998779296875</ele>
        <time>2026-09-13T04:28:56.000Z</time>
        <extensions>
          <ns3:TrackPointExtension>
            <ns3:hr>97</ns3:hr>
            <ns3:cad>50</ns3:cad>
          </ns3:TrackPointExtension>
        </extensions>
      </trkpt>
      <trkpt lat="37.50796132721006870269775390625" lon="121.42210484482347965240478515625">
        <ele>260.20001220703125</ele>
        <time>2026-09-13T04:29:02.000Z</time>
        <extensions>
          <ns3:TrackPointExtension>
            <ns3:hr>94</ns3:hr>
            <ns3:cad>0</ns3:cad>
          </ns3:TrackPointExtension>
        </extensions>
      </trkpt>
      <trkpt lat="37.507938779890537261962890625" lon="121.4221002347767353057861328125">
        <ele>260</ele>
        <time>2026-09-13T04:29:04.000Z</time>
        <extensions>
          <ns3:TrackPointExtension>
            <ns3:hr>93</ns3:hr>
            <ns3:cad>0</ns3:cad>
          </ns3:TrackPointExtension>
        </extensions>
      </trkpt>
      <trkpt lat="37.50787742435932159423828125" lon="121.4221066050231456756591796875">
        <ele>259</ele>
        <time>2026-09-13T04:29:10.000Z</time>
        <extensions>
          <ns3:TrackPointExtension>
            <ns3:hr>91</ns3:hr>
            <ns3:cad>0</ns3:cad>
          </ns3:TrackPointExtension>
        </extensions>
      </trkpt>
      <trkpt lat="37.5078678689897060394287109375" lon="121.4221076108515262603759765625">
        <ele>258.79998779296875</ele>
        <time>2026-09-13T04:29:11.000Z</time>
        <extensions>
          <ns3:TrackPointExtension>
            <ns3:hr>91</ns3:hr>
            <ns3:cad>0</ns3:cad>
          </ns3:TrackPointExtension>
        </extensions>
      </trkpt>
      <trkpt lat="37.50784263946115970611572265625" lon="121.4221042580902576446533203125">
        <ele>258.399993896484375</ele>
        <time>2026-09-13T04:29:16.000Z</time>
        <extensions>
          <ns3:TrackPointExtension>
            <ns3:hr>91</ns3:hr>
            <ns3:cad>0</ns3:cad>
          </ns3:TrackPointExtension>
        </extensions>
      </trkpt>
      <trkpt lat="37.50778346322476863861083984375" lon="121.4221126399934291839599609375">
        <ele>257.79998779296875</ele>
        <time>2026-09-13T04:29:23.000Z</time>
        <extensions>
          <ns3:TrackPointExtension>
            <ns3:hr>91</ns3:hr>
            <ns3:cad>55</ns3:cad>
          </ns3:TrackPointExtension>
        </extensions>
      </trkpt>
      <trkpt lat="37.5077746622264385223388671875" lon="121.4221180044114589691162109375">
        <ele>257.600006103515625</ele>
        <time>2026-09-13T04:29:24.000Z</time>
        <extensions>
          <ns3:TrackPointExtension>
            <ns3:hr>91</ns3:hr>
            <ns3:cad>56</ns3:cad>
          </ns3:TrackPointExtension>
        </extensions>
      </trkpt>
      <trkpt lat="37.50775379128754138946533203125" lon="121.42214708961546421051025390625">
        <ele>256.600006103515625</ele>
        <time>2026-09-13T04:29:27.000Z</time>
        <extensions>
          <ns3:TrackPointExtension>
            <ns3:hr>91</ns3:hr>
            <ns3:cad>52</ns3:cad>
          </ns3:TrackPointExtension>
        </extensions>
      </trkpt>
      <trkpt lat="37.5077364407479763031005859375" lon="121.42219553701579570770263671875">
        <ele>256</ele>
        <time>2026-09-13T04:29:30.000Z</time>
        <extensions>
          <ns3:TrackPointExtension>
            <ns3:hr>91</ns3:hr>
            <ns3:cad>52</ns3:cad>
          </ns3:TrackPointExtension>
        </extensions>
      </trkpt>
      <trkpt lat="37.50773367471992969512939453125" lon="121.422229148447513580322265625">
        <ele>255.399993896484375</ele>
        <time>2026-09-13T04:29:32.000Z</time>
        <extensions>
          <ns3:TrackPointExtension>
            <ns3:hr>89</ns3:hr>
            <ns3:cad>53</ns3:cad>
          </ns3:TrackPointExtension>
        </extensions>
      </trkpt>
      <trkpt lat="37.507747672498226165771484375" lon="121.42229855060577392578125">
        <ele>254.399993896484375</ele>
        <time>2026-09-13T04:29:37.000Z</time>
        <extensions>
          <ns3:TrackPointExtension>
            <ns3:hr>87</ns3:hr>
            <ns3:cad>0</ns3:cad>
          </ns3:TrackPointExtension>
        </extensions>
      </trkpt>
      <trkpt lat="37.50778547488152980804443359375" lon="121.4223553799092769622802734375">
        <ele>253.399993896484375</ele>
        <time>2026-09-13T04:29:43.000Z</time>
        <extensions>
          <ns3:TrackPointExtension>
            <ns3:hr>88</ns3:hr>
            <ns3:cad>47</ns3:cad>
          </ns3:TrackPointExtension>
        </extensions>
      </trkpt>
      <trkpt lat="37.50779385678470134735107421875" lon="121.42236317507922649383544921875">
        <ele>253.1999969482421875</ele>
        <time>2026-09-13T04:29:44.000Z</time>
        <extensions>
          <ns3:TrackPointExtension>
            <ns3:hr>88</ns3:hr>
            <ns3:cad>0</ns3:cad>
          </ns3:TrackPointExtension>
        </extensions>
      </trkpt>
      <trkpt lat="37.50780978240072727203369140625" lon="121.42236552201211452484130859375">
        <ele>252.8000030517578125</ele>
        <time>2026-09-13T04:29:47.000Z</time>
        <extensions>
          <ns3:TrackPointExtension>
            <ns3:hr>87</ns3:hr>
            <ns3:cad>0</ns3:cad>
          </ns3:TrackPointExtension>
        </extensions>
      </trkpt>
      <trkpt lat="37.50782000832259654998779296875" lon="121.42236921004951000213623046875">
        <ele>252.600006103515625</ele>
        <time>2026-09-13T04:29:48.000Z</time>
        <extensions>
          <ns3:TrackPointExtension>
            <ns3:hr>87</ns3:hr>
            <ns3:cad>0</ns3:cad>
          </ns3:TrackPointExtension>
        </extensions>
      </trkpt>
      <trkpt lat="37.5078547932207584381103515625" lon="121.4223922602832317352294921875">
        <ele>252.1999969482421875</ele>
        <time>2026-09-13T04:29:52.000Z</time>
        <extensions>
          <ns3:TrackPointExtension>
            <ns3:hr>85</ns3:hr>
            <ns3:cad>0</ns3:cad>
          </ns3:TrackPointExtension>
        </extensions>
      </trkpt>
      <trkpt lat="37.5078819505870342254638671875" lon="121.4224112033843994140625">
        <ele>251.8000030517578125</ele>
        <time>2026-09-13T04:29:56.000Z</time>
        <extensions>
          <ns3:TrackPointExtension>
            <ns3:hr>86</ns3:hr>
            <ns3:cad>0</ns3:cad>
          </ns3:TrackPointExtension>
        </extensions>
      </trkpt>
      <trkpt lat="37.5079624168574810028076171875" lon="121.422430984675884246826171875">
        <ele>251.1999969482421875</ele>
        <time>2026-09-13T04:30:05.000Z</time>
        <extensions>
          <ns3:TrackPointExtension>
            <ns3:hr>86</ns3:hr>
            <ns3:cad>0</ns3:cad>
          </ns3:TrackPointExtension>
        </extensions>
      </trkpt>
      <trkpt lat="37.50796325504779815673828125" lon="121.4224301464855670928955078125">
        <ele>251</ele>
        <time>2026-09-13T04:30:06.000Z</time>
        <extensions>
          <ns3:TrackPointExtension>
            <ns3:hr>86</ns3:hr>
            <ns3:cad>0</ns3:cad>
          </ns3:TrackPointExtension>
        </extensions>
      </trkpt>
      <trkpt lat="37.5079956091940402984619140625" lon="121.42244196496903896331787109375">
        <ele>251</ele>
        <time>2026-09-13T04:30:15.000Z</time>
        <extensions>
          <ns3:TrackPointExtension>
            <ns3:hr>85</ns3:hr>
            <ns3:cad>0</ns3:cad>
          </ns3:TrackPointExtension>
        </extensions>
      </trkpt>
      <trkpt lat="37.50803072936832904815673828125" lon="121.422459147870540618896484375">
        <ele>250.600006103515625</ele>
        <time>2026-09-13T04:30:20.000Z</time>
        <extensions>
          <ns3:TrackPointExtension>
            <ns3:hr>82</ns3:hr>
            <ns3:cad>66</ns3:cad>
          </ns3:TrackPointExtension>
        </extensions>
      </trkpt>
      <trkpt lat="37.50804908573627471923828125" lon="121.42247758805751800537109375">
        <ele>250.1999969482421875</ele>
        <time>2026-09-13T04:30:25.000Z</time>
        <extensions>
          <ns3:TrackPointExtension>
            <ns3:hr>81</ns3:hr>
            <ns3:cad>0</ns3:cad>
          </ns3:TrackPointExtension>
        </extensions>
      </trkpt>
      <trkpt lat="37.50806517899036407470703125" lon="121.422496028244495391845703125">
        <ele>250.1999969482421875</ele>
        <time>2026-09-13T04:30:35.000Z</time>
        <extensions>
          <ns3:TrackPointExtension>
            <ns3:hr>82</ns3:hr>
            <ns3:cad>0</ns3:cad>
          </ns3:TrackPointExtension>
        </extensions>
      </trkpt>
      <trkpt lat="37.50807180069386959075927734375" lon="121.42249896191060543060302734375">
        <ele>250</ele>
        <time>2026-09-13T04:30:36.000Z</time>
        <extensions>
          <ns3:TrackPointExtension>
            <ns3:hr>83</ns3:hr>
            <ns3:cad>0</ns3:cad>
          </ns3:TrackPointExtension>
        </extensions>
      </trkpt>
      <trkpt lat="37.5081370957195758819580078125" lon="121.4225119538605213165283203125">
        <ele>249.399993896484375</ele>
        <time>2026-09-13T04:30:43.000Z</time>
        <extensions>
          <ns3:TrackPointExtension>
            <ns3:hr>82</ns3:hr>
            <ns3:cad>51</ns3:cad>
          </ns3:TrackPointExtension>
        </extensions>
      </trkpt>
      <trkpt lat="37.50818328000605106353759765625" lon="121.4225287176668643951416015625">
        <ele>249.1999969482421875</ele>
        <time>2026-09-13T04:30:48.000Z</time>
        <extensions>
          <ns3:TrackPointExtension>
            <ns3:hr>81</ns3:hr>
            <ns3:cad>51</ns3:cad>
          </ns3:TrackPointExtension>
        </extensions>
      </trkpt>
      <trkpt lat="37.508207000792026519775390625" lon="121.422531902790069580078125">
        <ele>249</ele>
        <time>2026-09-13T04:30:51.000Z</time>
        <extensions>
          <ns3:TrackPointExtension>
            <ns3:hr>82</ns3:hr>
            <ns3:cad>53</ns3:cad>
          </ns3:TrackPointExtension>
        </extensions>
      </trkpt>
      <trkpt lat="37.50828151591122150421142578125" lon="121.42249770462512969970703125">
        <ele>248.600006103515625</ele>
        <time>2026-09-13T04:30:58.000Z</time>
        <extensions>
          <ns3:TrackPointExtension>
            <ns3:hr>82</ns3:hr>
            <ns3:cad>52</ns3:cad>
          </ns3:TrackPointExtension>
        </extensions>
      </trkpt>
      <trkpt lat="37.50831537880003452301025390625" lon="121.422457806766033172607421875">
        <ele>248</ele>
        <time>2026-09-13T04:31:04.000Z</time>
        <extensions>
          <ns3:TrackPointExtension>
            <ns3:hr>82</ns3:hr>
            <ns3:cad>0</ns3:cad>
          </ns3:TrackPointExtension>
        </extensions>
      </trkpt>
      <trkpt lat="37.5083704479038715362548828125" lon="121.422423608601093292236328125">
        <ele>247.600006103515625</ele>
        <time>2026-09-13T04:31:11.000Z</time>
        <extensions>
          <ns3:TrackPointExtension>
            <ns3:hr>82</ns3:hr>
            <ns3:cad>52</ns3:cad>
          </ns3:TrackPointExtension>
        </extensions>
      </trkpt>
      <trkpt lat="37.5084069930016994476318359375" lon="121.4224006421864032745361328125">
        <ele>247</ele>
        <time>2026-09-13T04:31:15.000Z</time>
        <extensions>
          <ns3:TrackPointExtension>
            <ns3:hr>85</ns3:hr>
            <ns3:cad>53</ns3:cad>
          </ns3:TrackPointExtension>
        </extensions>
      </trkpt>
      <trkpt lat="37.50842233188450336456298828125" lon="121.42239972017705440521240234375">
        <ele>246.8000030517578125</ele>
        <time>2026-09-13T04:31:17.000Z</time>
        <extensions>
          <ns3:TrackPointExtension>
            <ns3:hr>85</ns3:hr>
            <ns3:cad>52</ns3:cad>
          </ns3:TrackPointExtension>
        </extensions>
      </trkpt>
      <trkpt lat="37.50847446732223033905029296875" lon="121.4223828725516796112060546875">
        <ele>246.1999969482421875</ele>
        <time>2026-09-13T04:31:23.000Z</time>
        <extensions>
          <ns3:TrackPointExtension>
            <ns3:hr>86</ns3:hr>
            <ns3:cad>53</ns3:cad>
          </ns3:TrackPointExtension>
        </extensions>
      </trkpt>
      <trkpt lat="37.5084820948541164398193359375" lon="121.42237876541912555694580078125">
        <ele>246</ele>
        <time>2026-09-13T04:31:24.000Z</time>
        <extensions>
          <ns3:TrackPointExtension>
            <ns3:hr>85</ns3:hr>
            <ns3:cad>53</ns3:cad>
          </ns3:TrackPointExtension>
        </extensions>
      </trkpt>
      <trkpt lat="37.508533895015716552734375" lon="121.42237365245819091796875">
        <ele>245.600006103515625</ele>
        <time>2026-09-13T04:31:30.000Z</time>
        <extensions>
          <ns3:TrackPointExtension>
            <ns3:hr>85</ns3:hr>
            <ns3:cad>52</ns3:cad>
          </ns3:TrackPointExtension>
        </extensions>
      </trkpt>
      <trkpt lat="37.50856867991387844085693359375" lon="121.422371976077556610107421875">
        <ele>245</ele>
        <time>2026-09-13T04:31:34.000Z</time>
        <extensions>
          <ns3:TrackPointExtension>
            <ns3:hr>85</ns3:hr>
            <ns3:cad>0</ns3:cad>
          </ns3:TrackPointExtension>
        </extensions>
      </trkpt>
      <trkpt lat="37.5086111761629581451416015625" lon="121.42236183397471904754638671875">
        <ele>244.399993896484375</ele>
        <time>2026-09-13T04:31:38.000Z</time>
        <extensions>
          <ns3:TrackPointExtension>
            <ns3:hr>84</ns3:hr>
            <ns3:cad>0</ns3:cad>
          </ns3:TrackPointExtension>
        </extensions>
      </trkpt>
      <trkpt lat="37.5086612999439239501953125" lon="121.42235848121345043182373046875">
        <ele>244</ele>
        <time>2026-09-13T04:31:43.000Z</time>
        <extensions>
          <ns3:TrackPointExtension>
            <ns3:hr>84</ns3:hr>
            <ns3:cad>53</ns3:cad>
          </ns3:TrackPointExtension>
        </extensions>
      </trkpt>
      <trkpt lat="37.508669681847095489501953125" lon="121.42235697247087955474853515625">
        <ele>243.8000030517578125</ele>
        <time>2026-09-13T04:31:44.000Z</time>
        <extensions>
          <ns3:TrackPointExtension>
            <ns3:hr>85</ns3:hr>
            <ns3:cad>53</ns3:cad>
          </ns3:TrackPointExtension>
        </extensions>
      </trkpt>
      <trkpt lat="37.50874084420502185821533203125" lon="121.4223671145737171173095703125">
        <ele>243.399993896484375</ele>
        <time>2026-09-13T04:31:50.000Z</time>
        <extensions>
          <ns3:TrackPointExtension>
            <ns3:hr>85</ns3:hr>
            <ns3:cad>53</ns3:cad>
          </ns3:TrackPointExtension>
        </extensions>
      </trkpt>
      <trkpt lat="37.5087835080921649932861328125" lon="121.422380022704601287841796875">
        <ele>243</ele>
        <time>2026-09-13T04:31:55.000Z</time>
        <extensions>
          <ns3:TrackPointExtension>
            <ns3:hr>85</ns3:hr>
            <ns3:cad>53</ns3:cad>
          </ns3:TrackPointExtension>
        </extensions>
      </trkpt>
      <trkpt lat="37.5088007748126983642578125" lon="121.42239100299775600433349609375">
        <ele>242.8000030517578125</ele>
        <time>2026-09-13T04:31:56.000Z</time>
        <extensions>
          <ns3:TrackPointExtension>
            <ns3:hr>85</ns3:hr>
            <ns3:cad>53</ns3:cad>
          </ns3:TrackPointExtension>
        </extensions>
      </trkpt>
      <trkpt lat="37.50885919667780399322509765625" lon="121.42242528498172760009765625">
        <ele>242.600006103515625</ele>
        <time>2026-09-13T04:32:02.000Z</time>
        <extensions>
          <ns3:TrackPointExtension>
            <ns3:hr>85</ns3:hr>
            <ns3:cad>54</ns3:cad>
          </ns3:TrackPointExtension>
        </extensions>
      </trkpt>
      <trkpt lat="37.50892139039933681488037109375" lon="121.422453783452510833740234375">
        <ele>242.1999969482421875</ele>
        <time>2026-09-13T04:32:08.000Z</time>
        <extensions>
          <ns3:TrackPointExtension>
            <ns3:hr>85</ns3:hr>
            <ns3:cad>55</ns3:cad>
          </ns3:TrackPointExtension>
        </extensions>
      </trkpt>
      <trkpt lat="37.508961372077465057373046875" lon="121.42245344817638397216796875">
        <ele>241.8000030517578125</ele>
        <time>2026-09-13T04:32:11.000Z</time>
        <extensions>
          <ns3:TrackPointExtension>
            <ns3:hr>86</ns3:hr>
            <ns3:cad>54</ns3:cad>
          </ns3:TrackPointExtension>
        </extensions>
      </trkpt>
      <trkpt lat="37.50899900682270526885986328125" lon="121.4224603213369846343994140625">
        <ele>241.600006103515625</ele>
        <time>2026-09-13T04:32:15.000Z</time>
        <extensions>
          <ns3:TrackPointExtension>
            <ns3:hr>86</ns3:hr>
            <ns3:cad>55</ns3:cad>
          </ns3:TrackPointExtension>
        </extensions>
      </trkpt>
      <trkpt lat="37.50904846005141735076904296875" lon="121.422480605542659759521484375">
        <ele>242.1999969482421875</ele>
        <time>2026-09-13T04:32:21.000Z</time>
        <extensions>
          <ns3:TrackPointExtension>
            <ns3:hr>86</ns3:hr>
            <ns3:cad>0</ns3:cad>
          </ns3:TrackPointExtension>
        </extensions>
      </trkpt>
      <trkpt lat="37.50911953859031200408935546875" lon="121.42248555086553096771240234375">
        <ele>243</ele>
        <time>2026-09-13T04:32:26.000Z</time>
        <extensions>
          <ns3:TrackPointExtension>
            <ns3:hr>87</ns3:hr>
            <ns3:cad>0</ns3:cad>
          </ns3:TrackPointExtension>
        </extensions>
      </trkpt>
      <trkpt lat="37.5091306865215301513671875" lon="121.4224878139793872833251953125">
        <ele>243.1999969482421875</ele>
        <time>2026-09-13T04:32:27.000Z</time>
        <extensions>
          <ns3:TrackPointExtension>
            <ns3:hr>87</ns3:hr>
            <ns3:cad>0</ns3:cad>
          </ns3:TrackPointExtension>
        </extensions>
      </trkpt>
      <trkpt lat="37.50917184166610240936279296875" lon="121.42248286865651607513427734375">
        <ele>243.399993896484375</ele>
        <time>2026-09-13T04:32:32.000Z</time>
        <extensions>
          <ns3:TrackPointExtension>
            <ns3:hr>91</ns3:hr>
            <ns3:cad>0</ns3:cad>
          </ns3:TrackPointExtension>
        </extensions>
      </trkpt>
      <trkpt lat="37.5091915391385555267333984375" lon="121.42248655669391155242919921875">
        <ele>243.600006103515625</ele>
        <time>2026-09-13T04:32:34.000Z</time>
        <extensions>
          <ns3:TrackPointExtension>
            <ns3:hr>95</ns3:hr>
            <ns3:cad>0</ns3:cad>
          </ns3:TrackPointExtension>
        </extensions>
      </trkpt>
      <trkpt lat="37.50920386053621768951416015625" lon="121.42249829135835170745849609375">
        <ele>243.600006103515625</ele>
        <time>2026-09-13T04:32:36.000Z</time>
        <extensions>
          <ns3:TrackPointExtension>
            <ns3:hr>99</ns3:hr>
            <ns3:cad>0</ns3:cad>
          </ns3:TrackPointExtension>
        </extensions>
      </trkpt>
      <trkpt lat="37.5092079676687717437744140625" lon="121.422509439289569854736328125">
        <ele>243.600006103515625</ele>
        <time>2026-09-13T04:32:37.000Z</time>
        <extensions>
          <ns3:TrackPointExtension>
            <ns3:hr>100</ns3:hr>
            <ns3:cad>0</ns3:cad>
          </ns3:TrackPointExtension>
        </extensions>
      </trkpt>
      <trkpt lat="37.50921861268579959869384765625" lon="121.42255134880542755126953125">
        <ele>243.600006103515625</ele>
        <time>2026-09-13T04:32:40.000Z</time>
        <extensions>
          <ns3:TrackPointExtension>
            <ns3:hr>101</ns3:hr>
            <ns3:cad>0</ns3:cad>
          </ns3:TrackPointExtension>
        </extensions>
      </trkpt>
      <trkpt lat="37.5092015974223613739013671875" lon="121.422598622739315032958984375">
        <ele>243.8000030517578125</ele>
        <time>2026-09-13T04:32:47.000Z</time>
        <extensions>
          <ns3:TrackPointExtension>
            <ns3:hr>102</ns3:hr>
            <ns3:cad>0</ns3:cad>
          </ns3:TrackPointExtension>
        </extensions>
      </trkpt>
      <trkpt lat="37.50918944366276264190673828125" lon="121.42259535379707813262939453125">
        <ele>244</ele>
        <time>2026-09-13T04:32:54.000Z</time>
        <extensions>
          <ns3:TrackPointExtension>
            <ns3:hr>100</ns3:hr>
            <ns3:cad>0</ns3:cad>
          </ns3:TrackPointExtension>
        </extensions>
      </trkpt>
      <trkpt lat="37.5091901980340480804443359375" lon="121.42259082756936550140380859375">
        <ele>244.1999969482421875</ele>
        <time>2026-09-13T04:32:56.000Z</time>
        <extensions>
          <ns3:TrackPointExtension>
            <ns3:hr>99</ns3:hr>
            <ns3:cad>0</ns3:cad>
          </ns3:TrackPointExtension>
        </extensions>
      </trkpt>
      <trkpt lat="37.50919841229915618896484375" lon="121.42253869213163852691650390625">
        <ele>244</ele>
        <time>2026-09-13T04:33:05.000Z</time>
        <extensions>
          <ns3:TrackPointExtension>
            <ns3:hr>99</ns3:hr>
            <ns3:cad>0</ns3:cad>
          </ns3:TrackPointExtension>
        </extensions>
      </trkpt>
      <trkpt lat="37.50916010700166225433349609375" lon="121.42251187004148960113525390625">
        <ele>243.600006103515625</ele>
        <time>2026-09-13T04:33:12.000Z</time>
        <extensions>
          <ns3:TrackPointExtension>
            <ns3:hr>99</ns3:hr>
            <ns3:cad>48</ns3:cad>
          </ns3:TrackPointExtension>
        </extensions>
      </trkpt>
      <trkpt lat="37.5091023556888103485107421875" lon="121.42251379787921905517578125">
        <ele>243.1999969482421875</ele>
        <time>2026-09-13T04:33:19.000Z</time>
        <extensions>
          <ns3:TrackPointExtension>
            <ns3:hr>99</ns3:hr>
            <ns3:cad>52</ns3:cad>
          </ns3:TrackPointExtension>
        </extensions>
      </trkpt>
      <trkpt lat="37.50909724272787570953369140625" lon="121.42250969074666500091552734375">
        <ele>243</ele>
        <time>2026-09-13T04:33:20.000Z</time>
        <extensions>
          <ns3:TrackPointExtension>
            <ns3:hr>99</ns3:hr>
            <ns3:cad>52</ns3:cad>
          </ns3:TrackPointExtension>
        </extensions>
      </trkpt>
      <trkpt lat="37.50907561741769313812255859375" lon="121.4225117862224578857421875">
        <ele>242.600006103515625</ele>
        <time>2026-09-13T04:33:24.000Z</time>
        <extensions>
          <ns3:TrackPointExtension>
            <ns3:hr>98</ns3:hr>
            <ns3:cad>51</ns3:cad>
          </ns3:TrackPointExtension>
        </extensions>
      </trkpt>
      <trkpt lat="37.50902951695024967193603515625" lon="121.42252310179173946380615234375">
        <ele>242</ele>
        <time>2026-09-13T04:33:29.000Z</time>
        <extensions>
          <ns3:TrackPointExtension>
            <ns3:hr>98</ns3:hr>
            <ns3:cad>49</ns3:cad>
          </ns3:TrackPointExtension>
        </extensions>
      </trkpt>
      <trkpt lat="37.50899280421435832977294921875" lon="121.42248689197003841400146484375">
        <ele>241.600006103515625</ele>
        <time>2026-09-13T04:33:35.000Z</time>
        <extensions>
          <ns3:TrackPointExtension>
            <ns3:hr>98</ns3:hr>
            <ns3:cad>0</ns3:cad>
          </ns3:TrackPointExtension>
        </extensions>
      </trkpt>
      <trkpt lat="37.5090165250003337860107421875" lon="121.4224271290004253387451171875">
        <ele>241.399993896484375</ele>
        <time>2026-09-13T04:33:40.000Z</time>
        <extensions>
          <ns3:TrackPointExtension>
            <ns3:hr>99</ns3:hr>
            <ns3:cad>50</ns3:cad>
          </ns3:TrackPointExtension>
        </extensions>
      </trkpt>
      <trkpt lat="37.5090302713215351104736328125" lon="121.42241598106920719146728515625">
        <ele>241.1999969482421875</ele>
        <time>2026-09-13T04:33:42.000Z</time>
        <extensions>
          <ns3:TrackPointExtension>
            <ns3:hr>102</ns3:hr>
            <ns3:cad>51</ns3:cad>
          </ns3:TrackPointExtension>
        </extensions>
      </trkpt>
      <trkpt lat="37.50904276035726070404052734375" lon="121.42241061665117740631103515625">
        <ele>240.8000030517578125</ele>
        <time>2026-09-13T04:33:44.000Z</time>
        <extensions>
          <ns3:TrackPointExtension>
            <ns3:hr>102</ns3:hr>
            <ns3:cad>0</ns3:cad>
          </ns3:TrackPointExtension>
        </extensions>
      </trkpt>
      <trkpt lat="37.5090547464787960052490234375" lon="121.42240583896636962890625">
        <ele>240.600006103515625</ele>
        <time>2026-09-13T04:33:45.000Z</time>
        <extensions>
          <ns3:TrackPointExtension>
            <ns3:hr>102</ns3:hr>
            <ns3:cad>0</ns3:cad>
          </ns3:TrackPointExtension>
        </extensions>
      </trkpt>
      <trkpt lat="37.50905801542103290557861328125" lon="121.42242553643882274627685546875">
        <ele>240.1999969482421875</ele>
        <time>2026-09-13T04:33:50.000Z</time>
        <extensions>
          <ns3:TrackPointExtension>
            <ns3:hr>101</ns3:hr>
            <ns3:cad>0</ns3:cad>
          </ns3:TrackPointExtension>
        </extensions>
      </trkpt>
      <trkpt lat="37.50905214808881282806396484375" lon="121.4224277995526790618896484375">
        <ele>240.1999969482421875</ele>
        <time>2026-09-13T04:33:51.000Z</time>
        <extensions>
          <ns3:TrackPointExtension>
            <ns3:hr>101</ns3:hr>
            <ns3:cad>0</ns3:cad>
          </ns3:TrackPointExtension>
        </extensions>
      </trkpt>
      <trkpt lat="37.50903320498764514923095703125" lon="121.42243676818907260894775390625">
        <ele>240.399993896484375</ele>
        <time>2026-09-13T04:33:56.000Z</time>
        <extensions>
          <ns3:TrackPointExtension>
            <ns3:hr>100</ns3:hr>
            <ns3:cad>0</ns3:cad>
          </ns3:TrackPointExtension>
        </extensions>
      </trkpt>
      <trkpt lat="37.5090399943292140960693359375" lon="121.4224351756274700164794921875">
        <ele>240.8000030517578125</ele>
        <time>2026-09-13T04:34:04.000Z</time>
        <extensions>
          <ns3:TrackPointExtension>
            <ns3:hr>97</ns3:hr>
            <ns3:cad>0</ns3:cad>
          </ns3:TrackPointExtension>
        </extensions>
      </trkpt>
      <trkpt lat="37.5090450234711170196533203125" lon="121.42242838628590106964111328125">
        <ele>240.399993896484375</ele>
        <time>2026-09-13T04:34:06.000Z</time>
        <extensions>
          <ns3:TrackPointExtension>
            <ns3:hr>95</ns3:hr>
            <ns3:cad>0</ns3:cad>
          </ns3:TrackPointExtension>
        </extensions>
      </trkpt>
      <trkpt lat="37.5091011822223663330078125" lon="121.42240248620510101318359375">
        <ele>240</ele>
        <time>2026-09-13T04:34:11.000Z</time>
        <extensions>
          <ns3:TrackPointExtension>
            <ns3:hr>93</ns3:hr>
            <ns3:cad>51</ns3:cad>
          </ns3:TrackPointExtension>
        </extensions>
      </trkpt>
      <trkpt lat="37.50911048613488674163818359375" lon="121.42239703796803951263427734375">
        <ele>239.600006103515625</ele>
        <time>2026-09-13T04:34:12.000Z</time>
        <extensions>
          <ns3:TrackPointExtension>
            <ns3:hr>92</ns3:hr>
            <ns3:cad>51</ns3:cad>
          </ns3:TrackPointExtension>
        </extensions>
      </trkpt>
      <trkpt lat="37.5091566704213619232177734375" lon="121.4223708026111125946044921875">
        <ele>238.8000030517578125</ele>
        <time>2026-09-13T04:34:16.000Z</time>
        <extensions>
          <ns3:TrackPointExtension>
            <ns3:hr>91</ns3:hr>
            <ns3:cad>50</ns3:cad>
          </ns3:TrackPointExtension>
        </extensions>
      </trkpt>
      <trkpt lat="37.50916446559131145477294921875" lon="121.42236636020243167877197265625">
        <ele>238.600006103515625</ele>
        <time>2026-09-13T04:34:17.000Z</time>
        <extensions>
          <ns3:TrackPointExtension>
            <ns3:hr>91</ns3:hr>
            <ns3:cad>50</ns3:cad>
          </ns3:TrackPointExtension>
        </extensions>
      </trkpt>
      <trkpt lat="37.50921182334423065185546875" lon="121.4223372749984264373779296875">
        <ele>238</ele>
        <time>2026-09-13T04:34:22.000Z</time>
        <extensions>
          <ns3:TrackPointExtension>
            <ns3:hr>90</ns3:hr>
            <ns3:cad>0</ns3:cad>
          </ns3:TrackPointExtension>
        </extensions>
      </trkpt>
      <trkpt lat="37.5092299282550811767578125" lon="121.4223240315914154052734375">
        <ele>237.600006103515625</ele>
        <time>2026-09-13T04:34:24.000Z</time>
        <extensions>
          <ns3:TrackPointExtension>
            <ns3:hr>90</ns3:hr>
            <ns3:cad>0</ns3:cad>
          </ns3:TrackPointExtension>
        </extensions>
      </trkpt>
      <trkpt lat="37.5092612765729427337646484375" lon="121.42229192890226840972900390625">
        <ele>236.600006103515625</ele>
        <time>2026-09-13T04:34:29.000Z</time>
        <extensions>
          <ns3:TrackPointExtension>
            <ns3:hr>88</ns3:hr>
            <ns3:cad>57</ns3:cad>
          </ns3:TrackPointExtension>
        </extensions>
      </trkpt>
      <trkpt lat="37.5092669762670993804931640625" lon="121.42228354699909687042236328125">
        <ele>236.600006103515625</ele>
        <time>2026-09-13T04:34:30.000Z</time>
        <extensions>
          <ns3:TrackPointExtension>
            <ns3:hr>88</ns3:hr>
            <ns3:cad>57</ns3:cad>
          </ns3:TrackPointExtension>
        </extensions>
      </trkpt>
      <trkpt lat="37.50930796377360820770263671875" lon="121.42222135327756404876708984375">
        <ele>235.8000030517578125</ele>
        <time>2026-09-13T04:34:37.000Z</time>
        <extensions>
          <ns3:TrackPointExtension>
            <ns3:hr>87</ns3:hr>
            <ns3:cad>50</ns3:cad>
          </ns3:TrackPointExtension>
        </extensions>
      </trkpt>
      <trkpt lat="37.50933562405407428741455078125" lon="121.42219587229192256927490234375">
        <ele>235.399993896484375</ele>
        <time>2026-09-13T04:34:40.000Z</time>
        <extensions>
          <ns3:TrackPointExtension>
            <ns3:hr>87</ns3:hr>
            <ns3:cad>53</ns3:cad>
          </ns3:TrackPointExtension>
        </extensions>
      </trkpt>
      <trkpt lat="37.50934987328946590423583984375" lon="121.42216980457305908203125">
        <ele>235</ele>
        <time>2026-09-13T04:34:43.000Z</time>
        <extensions>
          <ns3:TrackPointExtension>
            <ns3:hr>87</ns3:hr>
            <ns3:cad>53</ns3:cad>
          </ns3:TrackPointExtension>
        </extensions>
      </trkpt>
      <trkpt lat="37.5093776173889636993408203125" lon="121.4221099577844142913818359375">
        <ele>234.399993896484375</ele>
        <time>2026-09-13T04:34:49.000Z</time>
        <extensions>
          <ns3:TrackPointExtension>
            <ns3:hr>84</ns3:hr>
            <ns3:cad>51</ns3:cad>
          </ns3:TrackPointExtension>
        </extensions>
      </trkpt>
      <trkpt lat="37.50938256271183490753173828125" lon="121.42210073769092559814453125">
        <ele>234.399993896484375</ele>
        <time>2026-09-13T04:34:50.000Z</time>
        <extensions>
          <ns3:TrackPointExtension>
            <ns3:hr>84</ns3:hr>
            <ns3:cad>51</ns3:cad>
          </ns3:TrackPointExtension>
        </extensions>
      </trkpt>
      <trkpt lat="37.5094121508300304412841796875" lon="121.42206863500177860260009765625">
        <ele>233.8000030517578125</ele>
        <time>2026-09-13T04:34:55.000Z</time>
        <extensions>
          <ns3:TrackPointExtension>
            <ns3:hr>84</ns3:hr>
            <ns3:cad>54</ns3:cad>
          </ns3:TrackPointExtension>
        </extensions>
      </trkpt>
      <trkpt lat="37.50945858657360076904296875" lon="121.42202387563884258270263671875">
        <ele>233.1999969482421875</ele>
        <time>2026-09-13T04:35:01.000Z</time>
        <extensions>
          <ns3:TrackPointExtension>
            <ns3:hr>83</ns3:hr>
            <ns3:cad>48</ns3:cad>
          </ns3:TrackPointExtension>
        </extensions>
      </trkpt>
      <trkpt lat="37.50949135981500148773193359375" lon="121.4219726622104644775390625">
        <ele>232.600006103515625</ele>
        <time>2026-09-13T04:35:06.000Z</time>
        <extensions>
          <ns3:TrackPointExtension>
            <ns3:hr>84</ns3:hr>
            <ns3:cad>51</ns3:cad>
          </ns3:TrackPointExtension>
        </extensions>
      </trkpt>
      <trkpt lat="37.5095140747725963592529296875" lon="121.42194357700645923614501953125">
        <ele>232.1999969482421875</ele>
        <time>2026-09-13T04:35:09.000Z</time>
        <extensions>
          <ns3:TrackPointExtension>
            <ns3:hr>86</ns3:hr>
            <ns3:cad>51</ns3:cad>
          </ns3:TrackPointExtension>
        </extensions>
      </trkpt>
      <trkpt lat="37.50953326933085918426513671875" lon="121.42189278267323970794677734375">
        <ele>231.399993896484375</ele>
        <time>2026-09-13T04:35:14.000Z</time>
        <extensions>
          <ns3:TrackPointExtension>
            <ns3:hr>88</ns3:hr>
            <ns3:cad>51</ns3:cad>
          </ns3:TrackPointExtension>
        </extensions>
      </trkpt>
      <trkpt lat="37.5095559842884540557861328125" lon="121.42186361365020275115966796875">
        <ele>231</ele>
        <time>2026-09-13T04:35:17.000Z</time>
        <extensions>
          <ns3:TrackPointExtension>
            <ns3:hr>87</ns3:hr>
            <ns3:cad>51</ns3:cad>
          </ns3:TrackPointExtension>
        </extensions>
      </trkpt>
      <trkpt lat="37.509579621255397796630859375" lon="121.42182790674269199371337890625">
        <ele>230.399993896484375</ele>
        <time>2026-09-13T04:35:21.000Z</time>
        <extensions>
          <ns3:TrackPointExtension>
            <ns3:hr>88</ns3:hr>
            <ns3:cad>51</ns3:cad>
          </ns3:TrackPointExtension>
        </extensions>
      </trkpt>
      <trkpt lat="37.5096134841442108154296875" lon="121.421791277825832366943359375">
        <ele>230</ele>
        <time>2026-09-13T04:35:25.000Z</time>
        <extensions>
          <ns3:TrackPointExtension>
            <ns3:hr>87</ns3:hr>
            <ns3:cad>51</ns3:cad>
          </ns3:TrackPointExtension>
        </extensions>
      </trkpt>
      <trkpt lat="37.5096438266336917877197265625" lon="121.421757750213146209716796875">
        <ele>229.399993896484375</ele>
        <time>2026-09-13T04:35:29.000Z</time>
        <extensions>
          <ns3:TrackPointExtension>
            <ns3:hr>87</ns3:hr>
            <ns3:cad>51</ns3:cad>
          </ns3:TrackPointExtension>
        </extensions>
      </trkpt>
      <trkpt lat="37.509670145809650421142578125" lon="121.4217357896268367767333984375">
        <ele>228.8000030517578125</ele>
        <time>2026-09-13T04:35:33.000Z</time>
        <extensions>
          <ns3:TrackPointExtension>
            <ns3:hr>86</ns3:hr>
            <ns3:cad>19</ns3:cad>
          </ns3:TrackPointExtension>
        </extensions>
      </trkpt>
      <trkpt lat="37.5096805393695831298828125" lon="121.42172849737107753753662109375">
        <ele>228.600006103515625</ele>
        <time>2026-09-13T04:35:34.000Z</time>
        <extensions>
          <ns3:TrackPointExtension>
            <ns3:hr>87</ns3:hr>
            <ns3:cad>19</ns3:cad>
          </ns3:TrackPointExtension>
        </extensions>
      </trkpt>
      <trkpt lat="37.509724460542201995849609375" lon="121.42169815488159656524658203125">
        <ele>227.8000030517578125</ele>
        <time>2026-09-13T04:35:40.000Z</time>
        <extensions>
          <ns3:TrackPointExtension>
            <ns3:hr>85</ns3:hr>
            <ns3:cad>0</ns3:cad>
          </ns3:TrackPointExtension>
        </extensions>
      </trkpt>
      <trkpt lat="37.50972974114120006561279296875" lon="121.4216908626258373260498046875">
        <ele>227.8000030517578125</ele>
        <time>2026-09-13T04:35:41.000Z</time>
        <extensions>
          <ns3:TrackPointExtension>
            <ns3:hr>85</ns3:hr>
            <ns3:cad>0</ns3:cad>
          </ns3:TrackPointExtension>
        </extensions>
      </trkpt>
      <trkpt lat="37.50978422351181507110595703125" lon="121.4216653816401958465576171875">
        <ele>226.8000030517578125</ele>
        <time>2026-09-13T04:35:47.000Z</time>
        <extensions>
          <ns3:TrackPointExtension>
            <ns3:hr>85</ns3:hr>
            <ns3:cad>0</ns3:cad>
          </ns3:TrackPointExtension>
        </extensions>
      </trkpt>
      <trkpt lat="37.50979361124336719512939453125" lon="121.42166160978376865386962890625">
        <ele>226.600006103515625</ele>
        <time>2026-09-13T04:35:48.000Z</time>
        <extensions>
          <ns3:TrackPointExtension>
            <ns3:hr>85</ns3:hr>
            <ns3:cad>0</ns3:cad>
          </ns3:TrackPointExtension>
        </extensions>
      </trkpt>
      <trkpt lat="37.509863935410976409912109375" lon="121.4216529764235019683837890625">
        <ele>225.600006103515625</ele>
        <time>2026-09-13T04:35:56.000Z</time>
        <extensions>
          <ns3:TrackPointExtension>
            <ns3:hr>85</ns3:hr>
            <ns3:cad>55</ns3:cad>
          </ns3:TrackPointExtension>
        </extensions>
      </trkpt>
      <trkpt lat="37.50992587767541408538818359375" lon="121.42165104858577251434326171875">
        <ele>224.399993896484375</ele>
        <time>2026-09-13T04:36:02.000Z</time>
        <extensions>
          <ns3:TrackPointExtension>
            <ns3:hr>86</ns3:hr>
            <ns3:cad>51</ns3:cad>
          </ns3:TrackPointExtension>
        </extensions>
      </trkpt>
      <trkpt lat="37.5099569745361804962158203125" lon="121.4216539822518825531005859375">
        <ele>224</ele>
        <time>2026-09-13T04:36:05.000Z</time>
        <extensions>
          <ns3:TrackPointExtension>
            <ns3:hr>87</ns3:hr>
            <ns3:cad>51</ns3:cad>
          </ns3:TrackPointExtension>
        </extensions>
      </trkpt>
      <trkpt lat="37.5099797733128070831298828125" lon="121.421658508479595184326171875">
        <ele>223.399993896484375</ele>
        <time>2026-09-13T04:36:08.000Z</time>
        <extensions>
          <ns3:TrackPointExtension>
            <ns3:hr>87</ns3:hr>
            <ns3:cad>0</ns3:cad>
          </ns3:TrackPointExtension>
        </extensions>
      </trkpt>
      <trkpt lat="37.510003745555877685546875" lon="121.42166781239211559295654296875">
        <ele>223</ele>
        <time>2026-09-13T04:36:11.000Z</time>
        <extensions>
          <ns3:TrackPointExtension>
            <ns3:hr>87</ns3:hr>
            <ns3:cad>68</ns3:cad>
          </ns3:TrackPointExtension>
        </extensions>
      </trkpt>
      <trkpt lat="37.51004355959594249725341796875" lon="121.42169312573969364166259765625">
        <ele>222.399993896484375</ele>
        <time>2026-09-13T04:36:15.000Z</time>
        <extensions>
          <ns3:TrackPointExtension>
            <ns3:hr>86</ns3:hr>
            <ns3:cad>0</ns3:cad>
          </ns3:TrackPointExtension>
        </extensions>
      </trkpt>
      <trkpt lat="37.510053031146526336669921875" lon="121.42169731669127941131591796875">
        <ele>222.1999969482421875</ele>
        <time>2026-09-13T04:36:16.000Z</time>
        <extensions>
          <ns3:TrackPointExtension>
            <ns3:hr>86</ns3:hr>
            <ns3:cad>0</ns3:cad>
          </ns3:TrackPointExtension>
        </extensions>
      </trkpt>
      <trkpt lat="37.51009158790111541748046875" lon="121.42169731669127941131591796875">
        <ele>221.399993896484375</ele>
        <time>2026-09-13T04:36:20.000Z</time>
        <extensions>
          <ns3:TrackPointExtension>
            <ns3:hr>86</ns3:hr>
            <ns3:cad>0</ns3:cad>
          </ns3:TrackPointExtension>
        </extensions>
      </trkpt>
      <trkpt lat="37.5101112015545368194580078125" lon="121.4217002503573894500732421875">
        <ele>221</ele>
        <time>2026-09-13T04:36:22.000Z</time>
        <extensions>
          <ns3:TrackPointExtension>
            <ns3:hr>86</ns3:hr>
            <ns3:cad>0</ns3:cad>
          </ns3:TrackPointExtension>
        </extensions>
      </trkpt>
      <trkpt lat="37.51015068031847476959228515625" lon="121.42167736776173114776611328125">
        <ele>220.1999969482421875</ele>
        <time>2026-09-13T04:36:28.000Z</time>
        <extensions>
          <ns3:TrackPointExtension>
            <ns3:hr>84</ns3:hr>
            <ns3:cad>0</ns3:cad>
          </ns3:TrackPointExtension>
        </extensions>
      </trkpt>
      <trkpt lat="37.5101584754884243011474609375" lon="121.42167694866657257080078125">
        <ele>220</ele>
        <time>2026-09-13T04:36:29.000Z</time>
        <extensions>
          <ns3:TrackPointExtension>
            <ns3:hr>84</ns3:hr>
            <ns3:cad>0</ns3:cad>
          </ns3:TrackPointExtension>
        </extensions>
      </trkpt>
      <trkpt lat="37.51021136529743671417236328125" lon="121.4216749370098114013671875">
        <ele>219.1999969482421875</ele>
        <time>2026-09-13T04:36:35.000Z</time>
        <extensions>
          <ns3:TrackPointExtension>
            <ns3:hr>83</ns3:hr>
            <ns3:cad>53</ns3:cad>
          </ns3:TrackPointExtension>
        </extensions>
      </trkpt>
      <trkpt lat="37.51024388708174228668212890625" lon="121.421678625047206878662109375">
        <ele>218.8000030517578125</ele>
        <time>2026-09-13T04:36:38.000Z</time>
        <extensions>
          <ns3:TrackPointExtension>
            <ns3:hr>83</ns3:hr>
            <ns3:cad>53</ns3:cad>
          </ns3:TrackPointExtension>
        </extensions>
      </trkpt>
      <trkpt lat="37.51032770611345767974853515625" lon="121.42166890203952789306640625">
        <ele>218.1999969482421875</ele>
        <time>2026-09-13T04:36:46.000Z</time>
        <extensions>
          <ns3:TrackPointExtension>
            <ns3:hr>84</ns3:hr>
            <ns3:cad>0</ns3:cad>
          </ns3:TrackPointExtension>
        </extensions>
      </trkpt>
      <trkpt lat="37.51035838387906551361083984375" lon="121.42166915349662303924560546875">
        <ele>217.8000030517578125</ele>
        <time>2026-09-13T04:36:49.000Z</time>
        <extensions>
          <ns3:TrackPointExtension>
            <ns3:hr>85</ns3:hr>
            <ns3:cad>0</ns3:cad>
          </ns3:TrackPointExtension>
        </extensions>
      </trkpt>
      <trkpt lat="37.5104448013007640838623046875" lon="121.421676613390445709228515625">
        <ele>217.1999969482421875</ele>
        <time>2026-09-13T04:36:58.000Z</time>
        <extensions>
          <ns3:TrackPointExtension>
            <ns3:hr>87</ns3:hr>
            <ns3:cad>0</ns3:cad>
          </ns3:TrackPointExtension>
        </extensions>
      </trkpt>
      <trkpt lat="37.51045326702296733856201171875" lon="121.4216764457523822784423828125">
        <ele>217.1999969482421875</ele>
        <time>2026-09-13T04:36:59.000Z</time>
        <extensions>
          <ns3:TrackPointExtension>
            <ns3:hr>87</ns3:hr>
            <ns3:cad>0</ns3:cad>
          </ns3:TrackPointExtension>
        </extensions>
      </trkpt>
      <trkpt lat="37.5105222500860691070556640625" lon="121.42169346101582050323486328125">
        <ele>216.600006103515625</ele>
        <time>2026-09-13T04:37:06.000Z</time>
        <extensions>
          <ns3:TrackPointExtension>
            <ns3:hr>88</ns3:hr>
            <ns3:cad>0</ns3:cad>
          </ns3:TrackPointExtension>
        </extensions>
      </trkpt>
      <trkpt lat="37.51057312823832035064697265625" lon="121.4216938801109790802001953125">
        <ele>216.1999969482421875</ele>
        <time>2026-09-13T04:37:11.000Z</time>
        <extensions>
          <ns3:TrackPointExtension>
            <ns3:hr>88</ns3:hr>
            <ns3:cad>0</ns3:cad>
          </ns3:TrackPointExtension>
        </extensions>
      </trkpt>
      <trkpt lat="37.51062157563865184783935546875" lon="121.421714164316654205322265625">
        <ele>215.600006103515625</ele>
        <time>2026-09-13T04:37:15.000Z</time>
        <extensions>
          <ns3:TrackPointExtension>
            <ns3:hr>89</ns3:hr>
            <ns3:cad>0</ns3:cad>
          </ns3:TrackPointExtension>
        </extensions>
      </trkpt>
      <trkpt lat="37.5106540136039257049560546875" lon="121.4217401482164859771728515625">
        <ele>215.399993896484375</ele>
        <time>2026-09-13T04:37:19.000Z</time>
        <extensions>
          <ns3:TrackPointExtension>
            <ns3:hr>92</ns3:hr>
            <ns3:cad>0</ns3:cad>
          </ns3:TrackPointExtension>
        </extensions>
      </trkpt>
      <trkpt lat="37.51066097058355808258056640625" lon="121.42173453234136104583740234375">
        <ele>215.1999969482421875</ele>
        <time>2026-09-13T04:37:21.000Z</time>
        <extensions>
          <ns3:TrackPointExtension>
            <ns3:hr>94</ns3:hr>
            <ns3:cad>0</ns3:cad>
          </ns3:TrackPointExtension>
        </extensions>
      </trkpt>
      <trkpt lat="37.5106721185147762298583984375" lon="121.4217196963727474212646484375">
        <ele>215.1999969482421875</ele>
        <time>2026-09-13T04:37:23.000Z</time>
        <extensions>
          <ns3:TrackPointExtension>
            <ns3:hr>96</ns3:hr>
            <ns3:cad>0</ns3:cad>
          </ns3:TrackPointExtension>
        </extensions>
      </trkpt>
      <trkpt lat="37.51067840494215488433837890625" lon="121.4217136614024639129638671875">
        <ele>215.1999969482421875</ele>
        <time>2026-09-13T04:37:24.000Z</time>
        <extensions>
          <ns3:TrackPointExtension>
            <ns3:hr>96</ns3:hr>
            <ns3:cad>0</ns3:cad>
          </ns3:TrackPointExtension>
        </extensions>
      </trkpt>
      <trkpt lat="37.510687373578548431396484375" lon="121.42168901860713958740234375">
        <ele>215.1999969482421875</ele>
        <time>2026-09-13T04:37:27.000Z</time>
        <extensions>
          <ns3:TrackPointExtension>
            <ns3:hr>96</ns3:hr>
            <ns3:cad>0</ns3:cad>
          </ns3:TrackPointExtension>
        </extensions>
      </trkpt>
      <trkpt lat="37.510690726339817047119140625" lon="121.4216834865510463714599609375">
        <ele>215.399993896484375</ele>
        <time>2026-09-13T04:37:29.000Z</time>
        <extensions>
          <ns3:TrackPointExtension>
            <ns3:hr>96</ns3:hr>
            <ns3:cad>0</ns3:cad>
          </ns3:TrackPointExtension>
        </extensions>
      </trkpt>
      <trkpt lat="37.5106932409107685089111328125" lon="121.421689689159393310546875">
        <ele>215.399993896484375</ele>
        <time>2026-09-13T04:37:34.000Z</time>
        <extensions>
          <ns3:TrackPointExtension>
            <ns3:hr>93</ns3:hr>
            <ns3:cad>0</ns3:cad>
          </ns3:TrackPointExtension>
        </extensions>
      </trkpt>
      <trkpt lat="37.51068393699824810028076171875" lon="121.42170234583318233489990234375">
        <ele>215</ele>
        <time>2026-09-13T04:37:37.000Z</time>
        <extensions>
          <ns3:TrackPointExtension>
            <ns3:hr>93</ns3:hr>
            <ns3:cad>0</ns3:cad>
          </ns3:TrackPointExtension>
        </extensions>
      </trkpt>
      <trkpt lat="37.51068628393113613128662109375" lon="121.42167736776173114776611328125">
        <ele>215</ele>
        <time>2026-09-13T04:37:42.000Z</time>
        <extensions>
          <ns3:TrackPointExtension>
            <ns3:hr>94</ns3:hr>
            <ns3:cad>0</ns3:cad>
          </ns3:TrackPointExtension>
        </extensions>
      </trkpt>
      <trkpt lat="37.51068343408405780792236328125" lon="121.42166580073535442352294921875">
        <ele>214.8000030517578125</ele>
        <time>2026-09-13T04:37:55.000Z</time>
        <extensions>
          <ns3:TrackPointExtension>
            <ns3:hr>96</ns3:hr>
            <ns3:cad>0</ns3:cad>
          </ns3:TrackPointExtension>
        </extensions>
      </trkpt>
      <trkpt lat="37.5106865353882312774658203125" lon="121.4217232167720794677734375">
        <ele>214.1999969482421875</ele>
        <time>2026-09-13T04:38:04.000Z</time>
        <extensions>
          <ns3:TrackPointExtension>
            <ns3:hr>97</ns3:hr>
            <ns3:cad>0</ns3:cad>
          </ns3:TrackPointExtension>
        </extensions>
      </trkpt>
      <trkpt lat="37.51067689619958400726318359375" lon="121.42171994782984256744384765625">
        <ele>214.1999969482421875</ele>
        <time>2026-09-13T04:38:14.000Z</time>
        <extensions>
          <ns3:TrackPointExtension>
            <ns3:hr>93</ns3:hr>
            <ns3:cad>0</ns3:cad>
          </ns3:TrackPointExtension>
        </extensions>
      </trkpt>
      <trkpt lat="37.51067605800926685333251953125" lon="121.42172749154269695281982421875">
        <ele>214</ele>
        <time>2026-09-13T04:38:15.000Z</time>
        <extensions>
          <ns3:TrackPointExtension>
            <ns3:hr>91</ns3:hr>
            <ns3:cad>0</ns3:cad>
          </ns3:TrackPointExtension>
        </extensions>
      </trkpt>
      <trkpt lat="37.51067094504833221435546875" lon="121.42173729836940765380859375">
        <ele>214</ele>
        <time>2026-09-13T04:38:18.000Z</time>
        <extensions>
          <ns3:TrackPointExtension>
            <ns3:hr>88</ns3:hr>
            <ns3:cad>0</ns3:cad>
          </ns3:TrackPointExtension>
        </extensions>
      </trkpt>
      <trkpt lat="37.51066960394382476806640625" lon="121.42175230197608470916748046875">
        <ele>213.8000030517578125</ele>
        <time>2026-09-13T04:38:22.000Z</time>
        <extensions>
          <ns3:TrackPointExtension>
            <ns3:hr>86</ns3:hr>
            <ns3:cad>0</ns3:cad>
          </ns3:TrackPointExtension>
        </extensions>
      </trkpt>
      <trkpt lat="37.510683350265026092529296875" lon="121.42179907299578189849853515625">
        <ele>213.399993896484375</ele>
        <time>2026-09-13T04:38:29.000Z</time>
        <extensions>
          <ns3:TrackPointExtension>
            <ns3:hr>84</ns3:hr>
            <ns3:cad>0</ns3:cad>
          </ns3:TrackPointExtension>
        </extensions>
      </trkpt>
      <trkpt lat="37.5107438676059246063232421875" lon="121.421834863722324371337890625">
        <ele>213</ele>
        <time>2026-09-13T04:38:36.000Z</time>
        <extensions>
          <ns3:TrackPointExtension>
            <ns3:hr>84</ns3:hr>
            <ns3:cad>51</ns3:cad>
          </ns3:TrackPointExtension>
        </extensions>
      </trkpt>
      <trkpt lat="37.51074613071978092193603515625" lon="121.4218367077410221099853515625">
        <ele>213</ele>
        <time>2026-09-13T04:38:37.000Z</time>
        <extensions>
          <ns3:TrackPointExtension>
            <ns3:hr>84</ns3:hr>
            <ns3:cad>51</ns3:cad>
          </ns3:TrackPointExtension>
        </extensions>
      </trkpt>
      <trkpt lat="37.5108038820326328277587890625" lon="121.42187685705721378326416015625">
        <ele>212.399993896484375</ele>
        <time>2026-09-13T04:38:43.000Z</time>
        <extensions>
          <ns3:TrackPointExtension>
            <ns3:hr>83</ns3:hr>
            <ns3:cad>53</ns3:cad>
          </ns3:TrackPointExtension>
        </extensions>
      </trkpt>
      <trkpt lat="37.51083045266568660736083984375" lon="121.42190401442348957061767578125">
        <ele>211.8000030517578125</ele>
        <time>2026-09-13T04:38:47.000Z</time>
        <extensions>
          <ns3:TrackPointExtension>
            <ns3:hr>83</ns3:hr>
            <ns3:cad>53</ns3:cad>
          </ns3:TrackPointExtension>
        </extensions>
      </trkpt>
      <trkpt lat="37.510842941701412200927734375" lon="121.4219138212502002716064453125">
        <ele>211.600006103515625</ele>
        <time>2026-09-13T04:38:48.000Z</time>
        <extensions>
          <ns3:TrackPointExtension>
            <ns3:hr>83</ns3:hr>
            <ns3:cad>53</ns3:cad>
          </ns3:TrackPointExtension>
        </extensions>
      </trkpt>
      <trkpt lat="37.51088954508304595947265625" lon="121.4219500310719013214111328125">
        <ele>211.1999969482421875</ele>
        <time>2026-09-13T04:38:54.000Z</time>
        <extensions>
          <ns3:TrackPointExtension>
            <ns3:hr>82</ns3:hr>
            <ns3:cad>52</ns3:cad>
          </ns3:TrackPointExtension>
        </extensions>
      </trkpt>
      <trkpt lat="37.5109215639531612396240234375" lon="121.4219718240201473236083984375">
        <ele>210.8000030517578125</ele>
        <time>2026-09-13T04:38:58.000Z</time>
        <extensions>
          <ns3:TrackPointExtension>
            <ns3:hr>83</ns3:hr>
            <ns3:cad>51</ns3:cad>
          </ns3:TrackPointExtension>
        </extensions>
      </trkpt>
      <trkpt lat="37.510940842330455780029296875" lon="121.42198364250361919403076171875">
        <ele>210.399993896484375</ele>
        <time>2026-09-13T04:39:01.000Z</time>
        <extensions>
          <ns3:TrackPointExtension>
            <ns3:hr>82</ns3:hr>
            <ns3:cad>51</ns3:cad>
          </ns3:TrackPointExtension>
        </extensions>
      </trkpt>
      <trkpt lat="37.51100622117519378662109375" lon="121.42204164527356624603271484375">
        <ele>209.8000030517578125</ele>
        <time>2026-09-13T04:39:08.000Z</time>
        <extensions>
          <ns3:TrackPointExtension>
            <ns3:hr>83</ns3:hr>
            <ns3:cad>53</ns3:cad>
          </ns3:TrackPointExtension>
        </extensions>
      </trkpt>
      <trkpt lat="37.51106028445065021514892578125" lon="121.422094367444515228271484375">
        <ele>209.1999969482421875</ele>
        <time>2026-09-13T04:39:15.000Z</time>
        <extensions>
          <ns3:TrackPointExtension>
            <ns3:hr>83</ns3:hr>
            <ns3:cad>0</ns3:cad>
          </ns3:TrackPointExtension>
        </extensions>
      </trkpt>
      <trkpt lat="37.51111795194447040557861328125" lon="121.42215580679476261138916015625">
        <ele>208.600006103515625</ele>
        <time>2026-09-13T04:39:20.000Z</time>
        <extensions>
          <ns3:TrackPointExtension>
            <ns3:hr>86</ns3:hr>
            <ns3:cad>0</ns3:cad>
          </ns3:TrackPointExtension>
        </extensions>
      </trkpt>
      <trkpt lat="37.511128596961498260498046875" lon="121.4221639372408390045166015625">
        <ele>208.600006103515625</ele>
        <time>2026-09-13T04:39:21.000Z</time>
        <extensions>
          <ns3:TrackPointExtension>
            <ns3:hr>87</ns3:hr>
            <ns3:cad>0</ns3:cad>
          </ns3:TrackPointExtension>
        </extensions>
      </trkpt>
      <trkpt lat="37.511180229485034942626953125" lon="121.42220458947122097015380859375">
        <ele>207.8000030517578125</ele>
        <time>2026-09-13T04:39:26.000Z</time>
        <extensions>
          <ns3:TrackPointExtension>
            <ns3:hr>84</ns3:hr>
            <ns3:cad>55</ns3:cad>
          </ns3:TrackPointExtension>
        </extensions>
      </trkpt>
      <trkpt lat="37.51118861138820648193359375" lon="121.42221163026988506317138671875">
        <ele>207.600006103515625</ele>
        <time>2026-09-13T04:39:27.000Z</time>
        <extensions>
          <ns3:TrackPointExtension>
            <ns3:hr>83</ns3:hr>
            <ns3:cad>55</ns3:cad>
          </ns3:TrackPointExtension>
        </extensions>
      </trkpt>
      <trkpt lat="37.51120629720389842987060546875" lon="121.42222470603883266448974609375">
        <ele>207.1999969482421875</ele>
        <time>2026-09-13T04:39:29.000Z</time>
        <extensions>
          <ns3:TrackPointExtension>
            <ns3:hr>84</ns3:hr>
            <ns3:cad>55</ns3:cad>
          </ns3:TrackPointExtension>
        </extensions>
      </trkpt>
      <trkpt lat="37.51126044429838657379150390625" lon="121.42226376570761203765869140625">
        <ele>206.399993896484375</ele>
        <time>2026-09-13T04:39:34.000Z</time>
        <extensions>
          <ns3:TrackPointExtension>
            <ns3:hr>85</ns3:hr>
            <ns3:cad>0</ns3:cad>
          </ns3:TrackPointExtension>
        </extensions>
      </trkpt>
      <trkpt lat="37.51128726638853549957275390625" lon="121.42229025252163410186767578125">
        <ele>206</ele>
        <time>2026-09-13T04:39:37.000Z</time>
        <extensions>
          <ns3:TrackPointExtension>
            <ns3:hr>84</ns3:hr>
            <ns3:cad>0</ns3:cad>
          </ns3:TrackPointExtension>
        </extensions>
      </trkpt>
      <trkpt lat="37.51132884062826633453369140625" lon="121.4223159849643707275390625">
        <ele>205.399993896484375</ele>
        <time>2026-09-13T04:39:41.000Z</time>
        <extensions>
          <ns3:TrackPointExtension>
            <ns3:hr>85</ns3:hr>
            <ns3:cad>0</ns3:cad>
          </ns3:TrackPointExtension>
        </extensions>
      </trkpt>
      <trkpt lat="37.51136027276515960693359375" lon="121.422346495091915130615234375">
        <ele>204.8000030517578125</ele>
        <time>2026-09-13T04:39:44.000Z</time>
        <extensions>
          <ns3:TrackPointExtension>
            <ns3:hr>85</ns3:hr>
            <ns3:cad>0</ns3:cad>
          </ns3:TrackPointExtension>
        </extensions>
      </trkpt>
      <trkpt lat="37.51139975152909755706787109375" lon="121.422374658286571502685546875">
        <ele>204.1999969482421875</ele>
        <time>2026-09-13T04:39:48.000Z</time>
        <extensions>
          <ns3:TrackPointExtension>
            <ns3:hr>84</ns3:hr>
            <ns3:cad>58</ns3:cad>
          </ns3:TrackPointExtension>
        </extensions>
      </trkpt>
      <trkpt lat="37.51141282729804515838623046875" lon="121.422382034361362457275390625">
        <ele>203.8000030517578125</ele>
        <time>2026-09-13T04:39:50.000Z</time>
        <extensions>
          <ns3:TrackPointExtension>
            <ns3:hr>85</ns3:hr>
            <ns3:cad>58</ns3:cad>
          </ns3:TrackPointExtension>
        </extensions>
      </trkpt>
      <trkpt lat="37.511437721550464630126953125" lon="121.42239720560610294342041015625">
        <ele>203.399993896484375</ele>
        <time>2026-09-13T04:39:53.000Z</time>
        <extensions>
          <ns3:TrackPointExtension>
            <ns3:hr>80</ns3:hr>
            <ns3:cad>58</ns3:cad>
          </ns3:TrackPointExtension>
        </extensions>
      </trkpt>
      <trkpt lat="37.51145959831774234771728515625" lon="121.42240642569959163665771484375">
        <ele>203</ele>
        <time>2026-09-13T04:39:55.000Z</time>
        <extensions>
          <ns3:TrackPointExtension>
            <ns3:hr>80</ns3:hr>
            <ns3:cad>54</ns3:cad>
          </ns3:TrackPointExtension>
        </extensions>
      </trkpt>
      <trkpt lat="37.51147250644862651824951171875" lon="121.42241078428924083709716796875">
        <ele>202.8000030517578125</ele>
        <time>2026-09-13T04:39:56.000Z</time>
        <extensions>
          <ns3:TrackPointExtension>
            <ns3:hr>81</ns3:hr>
            <ns3:cad>54</ns3:cad>
          </ns3:TrackPointExtension>
        </extensions>
      </trkpt>
      <trkpt lat="37.51153352670371532440185546875" lon="121.42243928276002407073974609375">
        <ele>201.8000030517578125</ele>
        <time>2026-09-13T04:40:02.000Z</time>
        <extensions>
          <ns3:TrackPointExtension>
            <ns3:hr>80</ns3:hr>
            <ns3:cad>57</ns3:cad>
          </ns3:TrackPointExtension>
        </extensions>
      </trkpt>
      <trkpt lat="37.5115446746349334716796875" lon="121.4224438928067684173583984375">
        <ele>201.600006103515625</ele>
        <time>2026-09-13T04:40:03.000Z</time>
        <extensions>
          <ns3:TrackPointExtension>
            <ns3:hr>79</ns3:hr>
            <ns3:cad>57</ns3:cad>
          </ns3:TrackPointExtension>
        </extensions>
      </trkpt>
      <trkpt lat="37.51161902211606502532958984375" lon="121.42245587892830371856689453125">
        <ele>200.8000030517578125</ele>
        <time>2026-09-13T04:40:10.000Z</time>
        <extensions>
          <ns3:TrackPointExtension>
            <ns3:hr>80</ns3:hr>
            <ns3:cad>0</ns3:cad>
          </ns3:TrackPointExtension>
        </extensions>
      </trkpt>
      <trkpt lat="37.5116266496479511260986328125" lon="121.422455795109272003173828125">
        <ele>200.399993896484375</ele>
        <time>2026-09-13T04:40:11.000Z</time>
        <extensions>
          <ns3:TrackPointExtension>
            <ns3:hr>80</ns3:hr>
            <ns3:cad>0</ns3:cad>
          </ns3:TrackPointExtension>
        </extensions>
      </trkpt>
      <trkpt lat="37.5116494484245777130126953125" lon="121.422462165355682373046875">
        <ele>199.600006103515625</ele>
        <time>2026-09-13T04:40:14.000Z</time>
        <extensions>
          <ns3:TrackPointExtension>
            <ns3:hr>80</ns3:hr>
            <ns3:cad>0</ns3:cad>
          </ns3:TrackPointExtension>
        </extensions>
      </trkpt>
      <trkpt lat="37.5116816349327564239501953125" lon="121.42248353920876979827880859375">
        <ele>198.8000030517578125</ele>
        <time>2026-09-13T04:40:17.000Z</time>
        <extensions>
          <ns3:TrackPointExtension>
            <ns3:hr>79</ns3:hr>
            <ns3:cad>0</ns3:cad>
          </ns3:TrackPointExtension>
        </extensions>
      </trkpt>
      <trkpt lat="37.51170971430838108062744140625" lon="121.422499381005764007568359375">
        <ele>198.399993896484375</ele>
        <time>2026-09-13T04:40:20.000Z</time>
        <extensions>
          <ns3:TrackPointExtension>
            <ns3:hr>79</ns3:hr>
            <ns3:cad>0</ns3:cad>
          </ns3:TrackPointExtension>
        </extensions>
      </trkpt>
      <trkpt lat="37.5117647834122180938720703125" lon="121.42252477817237377166748046875">
        <ele>198</ele>
        <time>2026-09-13T04:40:24.000Z</time>
        <extensions>
          <ns3:TrackPointExtension>
            <ns3:hr>81</ns3:hr>
            <ns3:cad>0</ns3:cad>
          </ns3:TrackPointExtension>
        </extensions>
      </trkpt>
      <trkpt lat="37.51181197352707386016845703125" lon="121.42254992388188838958740234375">
        <ele>197.1999969482421875</ele>
        <time>2026-09-13T04:40:28.000Z</time>
        <extensions>
          <ns3:TrackPointExtension>
            <ns3:hr>82</ns3:hr>
            <ns3:cad>0</ns3:cad>
          </ns3:TrackPointExtension>
        </extensions>
      </trkpt>
      <trkpt lat="37.51184365712106227874755859375" lon="121.422564089298248291015625">
        <ele>196.8000030517578125</ele>
        <time>2026-09-13T04:40:31.000Z</time>
        <extensions>
          <ns3:TrackPointExtension>
            <ns3:hr>82</ns3:hr>
            <ns3:cad>0</ns3:cad>
          </ns3:TrackPointExtension>
        </extensions>
      </trkpt>
      <trkpt lat="37.51187047921121120452880859375" lon="121.422571800649166107177734375">
        <ele>196.1999969482421875</ele>
        <time>2026-09-13T04:40:34.000Z</time>
        <extensions>
          <ns3:TrackPointExtension>
            <ns3:hr>82</ns3:hr>
            <ns3:cad>0</ns3:cad>
          </ns3:TrackPointExtension>
        </extensions>
      </trkpt>
      <trkpt lat="37.511918507516384124755859375" lon="121.422600634396076202392578125">
        <ele>195.600006103515625</ele>
        <time>2026-09-13T04:40:38.000Z</time>
        <extensions>
          <ns3:TrackPointExtension>
            <ns3:hr>83</ns3:hr>
            <ns3:cad>56</ns3:cad>
          </ns3:TrackPointExtension>
        </extensions>
      </trkpt>
      <trkpt lat="37.51195128075778484344482421875" lon="121.42262133769690990447998046875">
        <ele>195</ele>
        <time>2026-09-13T04:40:41.000Z</time>
        <extensions>
          <ns3:TrackPointExtension>
            <ns3:hr>83</ns3:hr>
            <ns3:cad>0</ns3:cad>
          </ns3:TrackPointExtension>
        </extensions>
      </trkpt>
      <trkpt lat="37.5120112113654613494873046875" lon="121.42264111898839473724365234375">
        <ele>194.1999969482421875</ele>
        <time>2026-09-13T04:40:46.000Z</time>
        <extensions>
          <ns3:TrackPointExtension>
            <ns3:hr>83</ns3:hr>
            <ns3:cad>0</ns3:cad>
          </ns3:TrackPointExtension>
        </extensions>
      </trkpt>
      <trkpt lat="37.5120382010936737060546875" lon="121.42264698632061481475830078125">
        <ele>194</ele>
        <time>2026-09-13T04:40:48.000Z</time>
        <extensions>
          <ns3:TrackPointExtension>
            <ns3:hr>83</ns3:hr>
            <ns3:cad>0</ns3:cad>
          </ns3:TrackPointExtension>
        </extensions>
      </trkpt>
      <trkpt lat="37.5120950303971767425537109375" lon="121.4226675219833850860595703125">
        <ele>193</ele>
        <time>2026-09-13T04:40:53.000Z</time>
        <extensions>
          <ns3:TrackPointExtension>
            <ns3:hr>82</ns3:hr>
            <ns3:cad>55</ns3:cad>
          </ns3:TrackPointExtension>
        </extensions>
      </trkpt>
      <trkpt lat="37.51210316084325313568115234375" lon="121.4226638339459896087646484375">
        <ele>192.8000030517578125</ele>
        <time>2026-09-13T04:40:54.000Z</time>
        <extensions>
          <ns3:TrackPointExtension>
            <ns3:hr>81</ns3:hr>
            <ns3:cad>55</ns3:cad>
          </ns3:TrackPointExtension>
        </extensions>
      </trkpt>
      <trkpt lat="37.51217172481119632720947265625" lon="121.42266760580241680145263671875">
        <ele>191.600006103515625</ele>
        <time>2026-09-13T04:41:00.000Z</time>
        <extensions>
          <ns3:TrackPointExtension>
            <ns3:hr>82</ns3:hr>
            <ns3:cad>0</ns3:cad>
          </ns3:TrackPointExtension>
        </extensions>
      </trkpt>
      <trkpt lat="37.5122381933033466339111328125" lon="121.4226819388568401336669921875">
        <ele>190.600006103515625</ele>
        <time>2026-09-13T04:41:07.000Z</time>
        <extensions>
          <ns3:TrackPointExtension>
            <ns3:hr>83</ns3:hr>
            <ns3:cad>0</ns3:cad>
          </ns3:TrackPointExtension>
        </extensions>
      </trkpt>
      <trkpt lat="37.51229929737746715545654296875" lon="121.42269560135900974273681640625">
        <ele>189.600006103515625</ele>
        <time>2026-09-13T04:41:12.000Z</time>
        <extensions>
          <ns3:TrackPointExtension>
            <ns3:hr>83</ns3:hr>
            <ns3:cad>0</ns3:cad>
          </ns3:TrackPointExtension>
        </extensions>
      </trkpt>
      <trkpt lat="37.51232192851603031158447265625" lon="121.42271923832595348358154296875">
        <ele>189.1999969482421875</ele>
        <time>2026-09-13T04:41:15.000Z</time>
        <extensions>
          <ns3:TrackPointExtension>
            <ns3:hr>84</ns3:hr>
            <ns3:cad>0</ns3:cad>
          </ns3:TrackPointExtension>
        </extensions>
      </trkpt>
      <trkpt lat="37.51238076947629451751708984375" lon="121.42276299186050891876220703125">
        <ele>188.600006103515625</ele>
        <time>2026-09-13T04:41:21.000Z</time>
        <extensions>
          <ns3:TrackPointExtension>
            <ns3:hr>84</ns3:hr>
            <ns3:cad>0</ns3:cad>
          </ns3:TrackPointExtension>
        </extensions>
      </trkpt>
      <trkpt lat="37.51238889992237091064453125" lon="121.42276726663112640380859375">
        <ele>188.399993896484375</ele>
        <time>2026-09-13T04:41:22.000Z</time>
        <extensions>
          <ns3:TrackPointExtension>
            <ns3:hr>84</ns3:hr>
            <ns3:cad>0</ns3:cad>
          </ns3:TrackPointExtension>
        </extensions>
      </trkpt>
      <trkpt lat="37.51243793405592441558837890625" lon="121.42280305735766887664794921875">
        <ele>187.600006103515625</ele>
        <time>2026-09-13T04:41:27.000Z</time>
        <extensions>
          <ns3:TrackPointExtension>
            <ns3:hr>84</ns3:hr>
            <ns3:cad>0</ns3:cad>
          </ns3:TrackPointExtension>
        </extensions>
      </trkpt>
      <trkpt lat="37.5124467350542545318603515625" lon="121.422807835042476654052734375">
        <ele>187.399993896484375</ele>
        <time>2026-09-13T04:41:28.000Z</time>
        <extensions>
          <ns3:TrackPointExtension>
            <ns3:hr>84</ns3:hr>
            <ns3:cad>0</ns3:cad>
          </ns3:TrackPointExtension>
        </extensions>
      </trkpt>
      <trkpt lat="37.512498199939727783203125" lon="121.42286650836467742919921875">
        <ele>186.1999969482421875</ele>
        <time>2026-09-13T04:41:34.000Z</time>
        <extensions>
          <ns3:TrackPointExtension>
            <ns3:hr>83</ns3:hr>
            <ns3:cad>54</ns3:cad>
          </ns3:TrackPointExtension>
        </extensions>
      </trkpt>
      <trkpt lat="37.51252527348697185516357421875" lon="121.422901041805744171142578125">
        <ele>185.399993896484375</ele>
        <time>2026-09-13T04:41:38.000Z</time>
        <extensions>
          <ns3:TrackPointExtension>
            <ns3:hr>82</ns3:hr>
            <ns3:cad>57</ns3:cad>
          </ns3:TrackPointExtension>
        </extensions>
      </trkpt>
      <trkpt lat="37.51253281719982624053955078125" lon="121.4229095913469791412353515625">
        <ele>185.1999969482421875</ele>
        <time>2026-09-13T04:41:39.000Z</time>
        <extensions>
          <ns3:TrackPointExtension>
            <ns3:hr>82</ns3:hr>
            <ns3:cad>57</ns3:cad>
          </ns3:TrackPointExtension>
        </extensions>
      </trkpt>
      <trkpt lat="37.51257154159247875213623046875" lon="121.4229558594524860382080078125">
        <ele>184.1999969482421875</ele>
        <time>2026-09-13T04:41:44.000Z</time>
        <extensions>
          <ns3:TrackPointExtension>
            <ns3:hr>83</ns3:hr>
            <ns3:cad>0</ns3:cad>
          </ns3:TrackPointExtension>
        </extensions>
      </trkpt>
      <trkpt lat="37.51260875724256038665771484375" lon="121.42300388775765895843505859375">
        <ele>183.1999969482421875</ele>
        <time>2026-09-13T04:41:49.000Z</time>
        <extensions>
          <ns3:TrackPointExtension>
            <ns3:hr>83</ns3:hr>
            <ns3:cad>0</ns3:cad>
          </ns3:TrackPointExtension>
        </extensions>
      </trkpt>
      <trkpt lat="37.51263692043721675872802734375" lon="121.42305417917668819427490234375">
        <ele>182.399993896484375</ele>
        <time>2026-09-13T04:41:53.000Z</time>
        <extensions>
          <ns3:TrackPointExtension>
            <ns3:hr>83</ns3:hr>
            <ns3:cad>0</ns3:cad>
          </ns3:TrackPointExtension>
        </extensions>
      </trkpt>
      <trkpt lat="37.51264513470232486724853515625" lon="121.42307974398136138916015625">
        <ele>182</ele>
        <time>2026-09-13T04:41:55.000Z</time>
        <extensions>
          <ns3:TrackPointExtension>
            <ns3:hr>83</ns3:hr>
            <ns3:cad>0</ns3:cad>
          </ns3:TrackPointExtension>
        </extensions>
      </trkpt>
      <trkpt lat="37.51266307197511196136474609375" lon="121.4231265150010585784912109375">
        <ele>181.1999969482421875</ele>
        <time>2026-09-13T04:41:59.000Z</time>
        <extensions>
          <ns3:TrackPointExtension>
            <ns3:hr>84</ns3:hr>
            <ns3:cad>0</ns3:cad>
          </ns3:TrackPointExtension>
        </extensions>
      </trkpt>
      <trkpt lat="37.51266944222152233123779296875" lon="121.42314143478870391845703125">
        <ele>181</ele>
        <time>2026-09-13T04:42:00.000Z</time>
        <extensions>
          <ns3:TrackPointExtension>
            <ns3:hr>84</ns3:hr>
            <ns3:cad>0</ns3:cad>
          </ns3:TrackPointExtension>
        </extensions>
      </trkpt>
      <trkpt lat="37.51270146109163761138916015625" lon="121.42323137260973453521728515625">
        <ele>180</ele>
        <time>2026-09-13T04:42:06.000Z</time>
        <extensions>
          <ns3:TrackPointExtension>
            <ns3:hr>84</ns3:hr>
            <ns3:cad>0</ns3:cad>
          </ns3:TrackPointExtension>
        </extensions>
      </trkpt>
      <trkpt lat="37.512719146907329559326171875" lon="121.42327982001006603240966796875">
        <ele>179.1999969482421875</ele>
        <time>2026-09-13T04:42:10.000Z</time>
        <extensions>
          <ns3:TrackPointExtension>
            <ns3:hr>87</ns3:hr>
            <ns3:cad>56</ns3:cad>
          </ns3:TrackPointExtension>
        </extensions>
      </trkpt>
      <trkpt lat="37.5127293728291988372802734375" lon="121.42330639064311981201171875">
        <ele>178.8000030517578125</ele>
        <time>2026-09-13T04:42:12.000Z</time>
        <extensions>
          <ns3:TrackPointExtension>
            <ns3:hr>88</ns3:hr>
            <ns3:cad>53</ns3:cad>
          </ns3:TrackPointExtension>
        </extensions>
      </trkpt>
      <trkpt lat="37.51274563372135162353515625" lon="121.4233427681028842926025390625">
        <ele>178.1999969482421875</ele>
        <time>2026-09-13T04:42:16.000Z</time>
        <extensions>
          <ns3:TrackPointExtension>
            <ns3:hr>88</ns3:hr>
            <ns3:cad>55</ns3:cad>
          </ns3:TrackPointExtension>
        </extensions>
      </trkpt>
      <trkpt lat="37.51275074668228626251220703125" lon="121.4233566820621490478515625">
        <ele>177.8000030517578125</ele>
        <time>2026-09-13T04:42:18.000Z</time>
        <extensions>
          <ns3:TrackPointExtension>
            <ns3:hr>88</ns3:hr>
            <ns3:cad>55</ns3:cad>
          </ns3:TrackPointExtension>
        </extensions>
      </trkpt>
      <trkpt lat="37.512749321758747100830078125" lon="121.4233674108982086181640625">
        <ele>177.600006103515625</ele>
        <time>2026-09-13T04:42:19.000Z</time>
        <extensions>
          <ns3:TrackPointExtension>
            <ns3:hr>87</ns3:hr>
            <ns3:cad>55</ns3:cad>
          </ns3:TrackPointExtension>
        </extensions>
      </trkpt>
      <trkpt lat="37.5127518363296985626220703125" lon="121.4234121702611446380615234375">
        <ele>177.1999969482421875</ele>
        <time>2026-09-13T04:42:26.000Z</time>
        <extensions>
          <ns3:TrackPointExtension>
            <ns3:hr>86</ns3:hr>
            <ns3:cad>0</ns3:cad>
          </ns3:TrackPointExtension>
        </extensions>
      </trkpt>
      <trkpt lat="37.51277404837310314178466796875" lon="121.42347268760204315185546875">
        <ele>176.600006103515625</ele>
        <time>2026-09-13T04:42:32.000Z</time>
        <extensions>
          <ns3:TrackPointExtension>
            <ns3:hr>85</ns3:hr>
            <ns3:cad>0</ns3:cad>
          </ns3:TrackPointExtension>
        </extensions>
      </trkpt>
      <trkpt lat="37.51279148273169994354248046875" lon="121.423519961535930633544921875">
        <ele>175.8000030517578125</ele>
        <time>2026-09-13T04:42:37.000Z</time>
        <extensions>
          <ns3:TrackPointExtension>
            <ns3:hr>83</ns3:hr>
            <ns3:cad>42</ns3:cad>
          </ns3:TrackPointExtension>
        </extensions>
      </trkpt>
      <trkpt lat="37.51279483549296855926513671875" lon="121.42353932373225688934326171875">
        <ele>175.399993896484375</ele>
        <time>2026-09-13T04:42:39.000Z</time>
        <extensions>
          <ns3:TrackPointExtension>
            <ns3:hr>82</ns3:hr>
            <ns3:cad>0</ns3:cad>
          </ns3:TrackPointExtension>
        </extensions>
      </trkpt>
      <trkpt lat="37.5128026306629180908203125" lon="121.42358911223709583282470703125">
        <ele>174.600006103515625</ele>
        <time>2026-09-13T04:42:43.000Z</time>
        <extensions>
          <ns3:TrackPointExtension>
            <ns3:hr>80</ns3:hr>
            <ns3:cad>0</ns3:cad>
          </ns3:TrackPointExtension>
        </extensions>
      </trkpt>
      <trkpt lat="37.5128133594989776611328125" lon="121.42361509613692760467529296875">
        <ele>174.399993896484375</ele>
        <time>2026-09-13T04:42:45.000Z</time>
        <extensions>
          <ns3:TrackPointExtension>
            <ns3:hr>79</ns3:hr>
            <ns3:cad>0</ns3:cad>
          </ns3:TrackPointExtension>
        </extensions>
      </trkpt>
      <trkpt lat="37.512821070849895477294921875" lon="121.4236475341022014617919921875">
        <ele>173.8000030517578125</ele>
        <time>2026-09-13T04:42:48.000Z</time>
        <extensions>
          <ns3:TrackPointExtension>
            <ns3:hr>76</ns3:hr>
            <ns3:cad>0</ns3:cad>
          </ns3:TrackPointExtension>
        </extensions>
      </trkpt>
      <trkpt lat="37.51282467506825923919677734375" lon="121.4236606098711490631103515625">
        <ele>173.600006103515625</ele>
        <time>2026-09-13T04:42:49.000Z</time>
        <extensions>
          <ns3:TrackPointExtension>
            <ns3:hr>76</ns3:hr>
            <ns3:cad>0</ns3:cad>
          </ns3:TrackPointExtension>
        </extensions>
      </trkpt>
      <trkpt lat="37.5128326378762722015380859375" lon="121.4236904494464397430419921875">
        <ele>173.1999969482421875</ele>
        <time>2026-09-13T04:42:51.000Z</time>
        <extensions>
          <ns3:TrackPointExtension>
            <ns3:hr>75</ns3:hr>
            <ns3:cad>49</ns3:cad>
          </ns3:TrackPointExtension>
        </extensions>
      </trkpt>
      <trkpt lat="37.51285099424421787261962890625" lon="121.4237487874925136566162109375">
        <ele>172.600006103515625</ele>
        <time>2026-09-13T04:42:56.000Z</time>
        <extensions>
          <ns3:TrackPointExtension>
            <ns3:hr>76</ns3:hr>
            <ns3:cad>55</ns3:cad>
          </ns3:TrackPointExtension>
        </extensions>
      </trkpt>
      <trkpt lat="37.5128618068993091583251953125" lon="121.4237769506871700286865234375">
        <ele>172.1999969482421875</ele>
        <time>2026-09-13T04:42:58.000Z</time>
        <extensions>
          <ns3:TrackPointExtension>
            <ns3:hr>76</ns3:hr>
            <ns3:cad>52</ns3:cad>
          </ns3:TrackPointExtension>
        </extensions>
      </trkpt>
      <trkpt lat="37.51287530176341533660888671875" lon="121.42382464371621608734130859375">
        <ele>171.399993896484375</ele>
        <time>2026-09-13T04:43:02.000Z</time>
        <extensions>
          <ns3:TrackPointExtension>
            <ns3:hr>76</ns3:hr>
            <ns3:cad>55</ns3:cad>
          </ns3:TrackPointExtension>
        </extensions>
      </trkpt>
      <trkpt lat="37.5128872878849506378173828125" lon="121.4238463528454303741455078125">
        <ele>171</ele>
        <time>2026-09-13T04:43:04.000Z</time>
        <extensions>
          <ns3:TrackPointExtension>
            <ns3:hr>76</ns3:hr>
            <ns3:cad>53</ns3:cad>
          </ns3:TrackPointExtension>
        </extensions>
      </trkpt>
      <trkpt lat="37.5129074044525623321533203125" lon="121.42389756627380847930908203125">
        <ele>170.1999969482421875</ele>
        <time>2026-09-13T04:43:08.000Z</time>
        <extensions>
          <ns3:TrackPointExtension>
            <ns3:hr>76</ns3:hr>
            <ns3:cad>52</ns3:cad>
          </ns3:TrackPointExtension>
        </extensions>
      </trkpt>
      <trkpt lat="37.51291788183152675628662109375" lon="121.42392489127814769744873046875">
        <ele>169.8000030517578125</ele>
        <time>2026-09-13T04:43:10.000Z</time>
        <extensions>
          <ns3:TrackPointExtension>
            <ns3:hr>77</ns3:hr>
            <ns3:cad>52</ns3:cad>
          </ns3:TrackPointExtension>
        </extensions>
      </trkpt>
      <trkpt lat="37.51293665729463100433349609375" lon="121.42397786490619182586669921875">
        <ele>169</ele>
        <time>2026-09-13T04:43:15.000Z</time>
        <extensions>
          <ns3:TrackPointExtension>
            <ns3:hr>78</ns3:hr>
            <ns3:cad>55</ns3:cad>
          </ns3:TrackPointExtension>
        </extensions>
      </trkpt>
      <trkpt lat="37.512941099703311920166015625" lon="121.423992030322551727294921875">
        <ele>168.8000030517578125</ele>
        <time>2026-09-13T04:43:16.000Z</time>
        <extensions>
          <ns3:TrackPointExtension>
            <ns3:hr>78</ns3:hr>
            <ns3:cad>55</ns3:cad>
          </ns3:TrackPointExtension>
        </extensions>
      </trkpt>
      <trkpt lat="37.5129707716405391693115234375" lon="121.42404223792254924774169921875">
        <ele>167.8000030517578125</ele>
        <time>2026-09-13T04:43:21.000Z</time>
        <extensions>
          <ns3:TrackPointExtension>
            <ns3:hr>79</ns3:hr>
            <ns3:cad>55</ns3:cad>
          </ns3:TrackPointExtension>
        </extensions>
      </trkpt>
      <trkpt lat="37.51297722570598125457763671875" lon="121.42405246384441852569580078125">
        <ele>167.8000030517578125</ele>
        <time>2026-09-13T04:43:22.000Z</time>
        <extensions>
          <ns3:TrackPointExtension>
            <ns3:hr>78</ns3:hr>
            <ns3:cad>55</ns3:cad>
          </ns3:TrackPointExtension>
        </extensions>
      </trkpt>
      <trkpt lat="37.51300589181482791900634765625" lon="121.42410141415894031524658203125">
        <ele>167</ele>
        <time>2026-09-13T04:43:27.000Z</time>
        <extensions>
          <ns3:TrackPointExtension>
            <ns3:hr>79</ns3:hr>
            <ns3:cad>0</ns3:cad>
          </ns3:TrackPointExtension>
        </extensions>
      </trkpt>
      <trkpt lat="37.51301041804254055023193359375" lon="121.42410040833055973052978515625">
        <ele>166.8000030517578125</ele>
        <time>2026-09-13T04:43:29.000Z</time>
        <extensions>
          <ns3:TrackPointExtension>
            <ns3:hr>81</ns3:hr>
            <ns3:cad>0</ns3:cad>
          </ns3:TrackPointExtension>
        </extensions>
      </trkpt>
      <trkpt lat="37.51304076053202152252197265625" lon="121.4241196028888225555419921875">
        <ele>166.399993896484375</ele>
        <time>2026-09-13T04:43:32.000Z</time>
        <extensions>
          <ns3:TrackPointExtension>
            <ns3:hr>84</ns3:hr>
            <ns3:cad>100</ns3:cad>
          </ns3:TrackPointExtension>
        </extensions>
      </trkpt>
      <trkpt lat="37.5130472145974636077880859375" lon="121.4241179265081882476806640625">
        <ele>166.399993896484375</ele>
        <time>2026-09-13T04:43:33.000Z</time>
        <extensions>
          <ns3:TrackPointExtension>
            <ns3:hr>84</ns3:hr>
            <ns3:cad>52</ns3:cad>
          </ns3:TrackPointExtension>
        </extensions>
      </trkpt>
      <trkpt lat="37.51306104473769664764404296875" lon="121.42410543747246265411376953125">
        <ele>166.1999969482421875</ele>
        <time>2026-09-13T04:43:41.000Z</time>
        <extensions>
          <ns3:TrackPointExtension>
            <ns3:hr>84</ns3:hr>
            <ns3:cad>0</ns3:cad>
          </ns3:TrackPointExtension>
        </extensions>
      </trkpt>
      <trkpt lat="37.5130842626094818115234375" lon="121.42410024069249629974365234375">
        <ele>165.600006103515625</ele>
        <time>2026-09-13T04:43:49.000Z</time>
        <extensions>
          <ns3:TrackPointExtension>
            <ns3:hr>84</ns3:hr>
            <ns3:cad>41</ns3:cad>
          </ns3:TrackPointExtension>
        </extensions>
      </trkpt>
      <trkpt lat="37.51315475441515445709228515625" lon="121.4240719936788082122802734375">
        <ele>165</ele>
        <time>2026-09-13T04:44:00.000Z</time>
        <extensions>
          <ns3:TrackPointExtension>
            <ns3:hr>83</ns3:hr>
            <ns3:cad>47</ns3:cad>
          </ns3:TrackPointExtension>
        </extensions>
      </trkpt>
      <trkpt lat="37.51319113187491893768310546875" lon="121.4240535534918308258056640625">
        <ele>164.600006103515625</ele>
        <time>2026-09-13T04:44:06.000Z</time>
        <extensions>
          <ns3:TrackPointExtension>
            <ns3:hr>84</ns3:hr>
            <ns3:cad>49</ns3:cad>
          </ns3:TrackPointExtension>
        </extensions>
      </trkpt>
      <trkpt lat="37.51322130672633647918701171875" lon="121.42404776997864246368408203125">
        <ele>164.399993896484375</ele>
        <time>2026-09-13T04:44:09.000Z</time>
        <extensions>
          <ns3:TrackPointExtension>
            <ns3:hr>83</ns3:hr>
            <ns3:cad>49</ns3:cad>
          </ns3:TrackPointExtension>
        </extensions>
      </trkpt>
      <trkpt lat="37.513232789933681488037109375" lon="121.42404492013156414031982421875">
        <ele>164.1999969482421875</ele>
        <time>2026-09-13T04:44:11.000Z</time>
        <extensions>
          <ns3:TrackPointExtension>
            <ns3:hr>80</ns3:hr>
            <ns3:cad>49</ns3:cad>
          </ns3:TrackPointExtension>
        </extensions>
      </trkpt>
      <trkpt lat="37.513239495456218719482421875" lon="121.42404341138899326324462890625">
        <ele>164.1999969482421875</ele>
        <time>2026-09-13T04:44:12.000Z</time>
        <extensions>
          <ns3:TrackPointExtension>
            <ns3:hr>76</ns3:hr>
            <ns3:cad>47</ns3:cad>
          </ns3:TrackPointExtension>
        </extensions>
      </trkpt>
      <trkpt lat="37.5132559239864349365234375" lon="121.42403888516128063201904296875">
        <ele>164.1999969482421875</ele>
        <time>2026-09-13T04:44:14.000Z</time>
        <extensions>
          <ns3:TrackPointExtension>
            <ns3:hr>73</ns3:hr>
            <ns3:cad>0</ns3:cad>
          </ns3:TrackPointExtension>
        </extensions>
      </trkpt>
      <trkpt lat="37.513266317546367645263671875" lon="121.42403452657163143157958984375">
        <ele>164.1999969482421875</ele>
        <time>2026-09-13T04:44:16.000Z</time>
        <extensions>
          <ns3:TrackPointExtension>
            <ns3:hr>73</ns3:hr>
            <ns3:cad>49</ns3:cad>
          </ns3:TrackPointExtension>
        </extensions>
      </trkpt>
      <trkpt lat="37.5133110769093036651611328125" lon="121.42401742748916149139404296875">
        <ele>163.600006103515625</ele>
        <time>2026-09-13T04:44:22.000Z</time>
        <extensions>
          <ns3:TrackPointExtension>
            <ns3:hr>74</ns3:hr>
            <ns3:cad>48</ns3:cad>
          </ns3:TrackPointExtension>
        </extensions>
      </trkpt>
      <trkpt lat="37.513354159891605377197265625" lon="121.4239955507218837738037109375">
        <ele>163</ele>
        <time>2026-09-13T04:44:28.000Z</time>
        <extensions>
          <ns3:TrackPointExtension>
            <ns3:hr>74</ns3:hr>
            <ns3:cad>52</ns3:cad>
          </ns3:TrackPointExtension>
        </extensions>
      </trkpt>
      <trkpt lat="37.51341442577540874481201171875" lon="121.42397032119333744049072265625">
        <ele>162.600006103515625</ele>
        <time>2026-09-13T04:44:33.000Z</time>
        <extensions>
          <ns3:TrackPointExtension>
            <ns3:hr>73</ns3:hr>
            <ns3:cad>104</ns3:cad>
          </ns3:TrackPointExtension>
        </extensions>
      </trkpt>
      <trkpt lat="37.51342817209661006927490234375" lon="121.42396763898432254791259765625">
        <ele>162.399993896484375</ele>
        <time>2026-09-13T04:44:34.000Z</time>
        <extensions>
          <ns3:TrackPointExtension>
            <ns3:hr>73</ns3:hr>
            <ns3:cad>53</ns3:cad>
          </ns3:TrackPointExtension>
        </extensions>
      </trkpt>
      <trkpt lat="37.51350327394902706146240234375" lon="121.42394836060702800750732421875">
        <ele>161.399993896484375</ele>
        <time>2026-09-13T04:44:42.000Z</time>
        <extensions>
          <ns3:TrackPointExtension>
            <ns3:hr>74</ns3:hr>
            <ns3:cad>0</ns3:cad>
          </ns3:TrackPointExtension>
        </extensions>
      </trkpt>
      <trkpt lat="37.51353613100945949554443359375" lon="121.4239301718771457672119140625">
        <ele>160.8000030517578125</ele>
        <time>2026-09-13T04:44:47.000Z</time>
        <extensions>
          <ns3:TrackPointExtension>
            <ns3:hr>71</ns3:hr>
            <ns3:cad>53</ns3:cad>
          </ns3:TrackPointExtension>
        </extensions>
      </trkpt>
      <trkpt lat="37.51354627311229705810546875" lon="121.4239214546978473663330078125">
        <ele>160.8000030517578125</ele>
        <time>2026-09-13T04:44:48.000Z</time>
        <extensions>
          <ns3:TrackPointExtension>
            <ns3:hr>70</ns3:hr>
            <ns3:cad>53</ns3:cad>
          </ns3:TrackPointExtension>
        </extensions>
      </trkpt>
      <trkpt lat="37.51355926506221294403076171875" lon="121.42390058375895023345947265625">
        <ele>160.399993896484375</ele>
        <time>2026-09-13T04:44:52.000Z</time>
        <extensions>
          <ns3:TrackPointExtension>
            <ns3:hr>69</ns3:hr>
            <ns3:cad>53</ns3:cad>
          </ns3:TrackPointExtension>
        </extensions>
      </trkpt>
      <trkpt lat="37.5135678984224796295166015625" lon="121.42388583160936832427978515625">
        <ele>160.1999969482421875</ele>
        <time>2026-09-13T04:44:54.000Z</time>
        <extensions>
          <ns3:TrackPointExtension>
            <ns3:hr>69</ns3:hr>
            <ns3:cad>53</ns3:cad>
          </ns3:TrackPointExtension>
        </extensions>
      </trkpt>
      <trkpt lat="37.51362137496471405029296875" lon="121.42384710721671581268310546875">
        <ele>159.600006103515625</ele>
        <time>2026-09-13T04:44:59.000Z</time>
        <extensions>
          <ns3:TrackPointExtension>
            <ns3:hr>70</ns3:hr>
            <ns3:cad>51</ns3:cad>
          </ns3:TrackPointExtension>
        </extensions>
      </trkpt>
      <trkpt lat="37.51368097029626369476318359375" lon="121.42382816411554813385009765625">
        <ele>159.399993896484375</ele>
        <time>2026-09-13T04:45:05.000Z</time>
        <extensions>
          <ns3:TrackPointExtension>
            <ns3:hr>70</ns3:hr>
            <ns3:cad>0</ns3:cad>
          </ns3:TrackPointExtension>
        </extensions>
      </trkpt>
      <trkpt lat="37.51370075158774852752685546875" lon="121.423819027841091156005859375">
        <ele>159.1999969482421875</ele>
        <time>2026-09-13T04:45:07.000Z</time>
        <extensions>
          <ns3:TrackPointExtension>
            <ns3:hr>69</ns3:hr>
            <ns3:cad>0</ns3:cad>
          </ns3:TrackPointExtension>
        </extensions>
      </trkpt>
      <trkpt lat="37.5137281604111194610595703125" lon="121.4237990789115428924560546875">
        <ele>159</ele>
        <time>2026-09-13T04:45:10.000Z</time>
        <extensions>
          <ns3:TrackPointExtension>
            <ns3:hr>66</ns3:hr>
            <ns3:cad>0</ns3:cad>
          </ns3:TrackPointExtension>
        </extensions>
      </trkpt>
      <trkpt lat="37.51374769024550914764404296875" lon="121.4237789623439311981201171875">
        <ele>158.8000030517578125</ele>
        <time>2026-09-13T04:45:12.000Z</time>
        <extensions>
          <ns3:TrackPointExtension>
            <ns3:hr>66</ns3:hr>
            <ns3:cad>0</ns3:cad>
          </ns3:TrackPointExtension>
        </extensions>
      </trkpt>
      <trkpt lat="37.5137757696211338043212890625" lon="121.4237375557422637939453125">
        <ele>158.1999969482421875</ele>
        <time>2026-09-13T04:45:17.000Z</time>
        <extensions>
          <ns3:TrackPointExtension>
            <ns3:hr>66</ns3:hr>
            <ns3:cad>0</ns3:cad>
          </ns3:TrackPointExtension>
        </extensions>
      </trkpt>
      <trkpt lat="37.5137824751436710357666015625" lon="121.42372556962072849273681640625">
        <ele>158</ele>
        <time>2026-09-13T04:45:18.000Z</time>
        <extensions>
          <ns3:TrackPointExtension>
            <ns3:hr>65</ns3:hr>
            <ns3:cad>0</ns3:cad>
          </ns3:TrackPointExtension>
        </extensions>
      </trkpt>
      <trkpt lat="37.51382656395435333251953125" lon="121.42364242114126682281494140625">
        <ele>157.1999969482421875</ele>
        <time>2026-09-13T04:45:26.000Z</time>
        <extensions>
          <ns3:TrackPointExtension>
            <ns3:hr>67</ns3:hr>
            <ns3:cad>0</ns3:cad>
          </ns3:TrackPointExtension>
        </extensions>
      </trkpt>
      <trkpt lat="37.5138471834361553192138671875" lon="121.42362515442073345184326171875">
        <ele>157.1999969482421875</ele>
        <time>2026-09-13T04:45:28.000Z</time>
        <extensions>
          <ns3:TrackPointExtension>
            <ns3:hr>68</ns3:hr>
            <ns3:cad>0</ns3:cad>
          </ns3:TrackPointExtension>
        </extensions>
      </trkpt>
      <trkpt lat="37.5138632766902446746826171875" lon="121.4236103184521198272705078125">
        <ele>156.8000030517578125</ele>
        <time>2026-09-13T04:45:32.000Z</time>
        <extensions>
          <ns3:TrackPointExtension>
            <ns3:hr>69</ns3:hr>
            <ns3:cad>51</ns3:cad>
          </ns3:TrackPointExtension>
        </extensions>
      </trkpt>
      <trkpt lat="37.5139050185680389404296875" lon="121.42356455326080322265625">
        <ele>157</ele>
        <time>2026-09-13T04:45:37.000Z</time>
        <extensions>
          <ns3:TrackPointExtension>
            <ns3:hr>71</ns3:hr>
            <ns3:cad>52</ns3:cad>
          </ns3:TrackPointExtension>
        </extensions>
      </trkpt>
      <trkpt lat="37.51395204104483127593994140625" lon="121.42353035509586334228515625">
        <ele>157.600006103515625</ele>
        <time>2026-09-13T04:45:41.000Z</time>
        <extensions>
          <ns3:TrackPointExtension>
            <ns3:hr>75</ns3:hr>
            <ns3:cad>54</ns3:cad>
          </ns3:TrackPointExtension>
        </extensions>
      </trkpt>
      <trkpt lat="37.5139638595283031463623046875" lon="121.4235228113830089569091796875">
        <ele>157.8000030517578125</ele>
        <time>2026-09-13T04:45:42.000Z</time>
        <extensions>
          <ns3:TrackPointExtension>
            <ns3:hr>76</ns3:hr>
            <ns3:cad>54</ns3:cad>
          </ns3:TrackPointExtension>
        </extensions>
      </trkpt>
      <trkpt lat="37.513983808457851409912109375" lon="121.42351635731756687164306640625">
        <ele>158.1999969482421875</ele>
        <time>2026-09-13T04:45:44.000Z</time>
        <extensions>
          <ns3:TrackPointExtension>
            <ns3:hr>76</ns3:hr>
            <ns3:cad>54</ns3:cad>
          </ns3:TrackPointExtension>
        </extensions>
      </trkpt>
      <trkpt lat="37.514007948338985443115234375" lon="121.4235097356140613555908203125">
        <ele>158.600006103515625</ele>
        <time>2026-09-13T04:45:46.000Z</time>
        <extensions>
          <ns3:TrackPointExtension>
            <ns3:hr>79</ns3:hr>
            <ns3:cad>0</ns3:cad>
          </ns3:TrackPointExtension>
        </extensions>
      </trkpt>
      <trkpt lat="37.51401725225150585174560546875" lon="121.423507221043109893798828125">
        <ele>158.8000030517578125</ele>
        <time>2026-09-13T04:45:47.000Z</time>
        <extensions>
          <ns3:TrackPointExtension>
            <ns3:hr>80</ns3:hr>
            <ns3:cad>0</ns3:cad>
          </ns3:TrackPointExtension>
        </extensions>
      </trkpt>
      <trkpt lat="37.5140369497239589691162109375" lon="121.4235104061663150787353515625">
        <ele>159.399993896484375</ele>
        <time>2026-09-13T04:45:50.000Z</time>
        <extensions>
          <ns3:TrackPointExtension>
            <ns3:hr>83</ns3:hr>
            <ns3:cad>0</ns3:cad>
          </ns3:TrackPointExtension>
        </extensions>
      </trkpt>
      <trkpt lat="37.51408128999173641204833984375" lon="121.42350328154861927032470703125">
        <ele>159.600006103515625</ele>
        <time>2026-09-13T04:45:53.000Z</time>
        <extensions>
          <ns3:TrackPointExtension>
            <ns3:hr>86</ns3:hr>
            <ns3:cad>0</ns3:cad>
          </ns3:TrackPointExtension>
        </extensions>
      </trkpt>
      <trkpt lat="37.51412688754498958587646484375" lon="121.42350462265312671661376953125">
        <ele>160.1999969482421875</ele>
        <time>2026-09-13T04:45:57.000Z</time>
        <extensions>
          <ns3:TrackPointExtension>
            <ns3:hr>89</ns3:hr>
            <ns3:cad>0</ns3:cad>
          </ns3:TrackPointExtension>
        </extensions>
      </trkpt>
      <trkpt lat="37.5141428969800472259521484375" lon="121.4235073886811733245849609375">
        <ele>160.399993896484375</ele>
        <time>2026-09-13T04:45:58.000Z</time>
        <extensions>
          <ns3:TrackPointExtension>
            <ns3:hr>90</ns3:hr>
            <ns3:cad>0</ns3:cad>
          </ns3:TrackPointExtension>
        </extensions>
      </trkpt>
      <trkpt lat="37.51417013816535472869873046875" lon="121.4235117472708225250244140625">
        <ele>160.8000030517578125</ele>
        <time>2026-09-13T04:46:01.000Z</time>
        <extensions>
          <ns3:TrackPointExtension>
            <ns3:hr>93</ns3:hr>
            <ns3:cad>0</ns3:cad>
          </ns3:TrackPointExtension>
        </extensions>
      </trkpt>
      <trkpt lat="37.51419679261744022369384765625" lon="121.4235238172113895416259765625">
        <ele>161</ele>
        <time>2026-09-13T04:46:03.000Z</time>
        <extensions>
          <ns3:TrackPointExtension>
            <ns3:hr>94</ns3:hr>
            <ns3:cad>0</ns3:cad>
          </ns3:TrackPointExtension>
        </extensions>
      </trkpt>
      <trkpt lat="37.51423099078238010406494140625" lon="121.423530019819736480712890625">
        <ele>161.399993896484375</ele>
        <time>2026-09-13T04:46:06.000Z</time>
        <extensions>
          <ns3:TrackPointExtension>
            <ns3:hr>95</ns3:hr>
            <ns3:cad>0</ns3:cad>
          </ns3:TrackPointExtension>
        </extensions>
      </trkpt>
      <trkpt lat="37.51424591057002544403076171875" lon="121.4235321991145610809326171875">
        <ele>161.8000030517578125</ele>
        <time>2026-09-13T04:46:08.000Z</time>
        <extensions>
          <ns3:TrackPointExtension>
            <ns3:hr>96</ns3:hr>
            <ns3:cad>0</ns3:cad>
          </ns3:TrackPointExtension>
        </extensions>
      </trkpt>
      <trkpt lat="37.5142847187817096710205078125" lon="121.42355206422507762908935546875">
        <ele>162.399993896484375</ele>
        <time>2026-09-13T04:46:11.000Z</time>
        <extensions>
          <ns3:TrackPointExtension>
            <ns3:hr>97</ns3:hr>
            <ns3:cad>0</ns3:cad>
          </ns3:TrackPointExtension>
        </extensions>
      </trkpt>
      <trkpt lat="37.51431430689990520477294921875" lon="121.4235653914511203765869140625">
        <ele>163</ele>
        <time>2026-09-13T04:46:14.000Z</time>
        <extensions>
          <ns3:TrackPointExtension>
            <ns3:hr>98</ns3:hr>
            <ns3:cad>0</ns3:cad>
          </ns3:TrackPointExtension>
        </extensions>
      </trkpt>
      <trkpt lat="37.514338195323944091796875" lon="121.42357720993459224700927734375">
        <ele>163.399993896484375</ele>
        <time>2026-09-13T04:46:16.000Z</time>
        <extensions>
          <ns3:TrackPointExtension>
            <ns3:hr>98</ns3:hr>
            <ns3:cad>0</ns3:cad>
          </ns3:TrackPointExtension>
        </extensions>
      </trkpt>
      <trkpt lat="37.51437163911759853363037109375" lon="121.42359967343509197235107421875">
        <ele>164.1999969482421875</ele>
        <time>2026-09-13T04:46:20.000Z</time>
        <extensions>
          <ns3:TrackPointExtension>
            <ns3:hr>99</ns3:hr>
            <ns3:cad>50</ns3:cad>
          </ns3:TrackPointExtension>
        </extensions>
      </trkpt>
      <trkpt lat="37.5143863074481487274169921875" lon="121.42361090518534183502197265625">
        <ele>164.399993896484375</ele>
        <time>2026-09-13T04:46:22.000Z</time>
        <extensions>
          <ns3:TrackPointExtension>
            <ns3:hr>100</ns3:hr>
            <ns3:cad>50</ns3:cad>
          </ns3:TrackPointExtension>
        </extensions>
      </trkpt>
      <trkpt lat="37.5144154764711856842041015625" lon="121.4236287586390972137451171875">
        <ele>165.399993896484375</ele>
        <time>2026-09-13T04:46:26.000Z</time>
        <extensions>
          <ns3:TrackPointExtension>
            <ns3:hr>101</ns3:hr>
            <ns3:cad>44</ns3:cad>
          </ns3:TrackPointExtension>
        </extensions>
      </trkpt>
      <trkpt lat="37.51442394219338893890380859375" lon="121.4236304350197315216064453125">
        <ele>165.600006103515625</ele>
        <time>2026-09-13T04:46:28.000Z</time>
        <extensions>
          <ns3:TrackPointExtension>
            <ns3:hr>102</ns3:hr>
            <ns3:cad>44</ns3:cad>
          </ns3:TrackPointExtension>
        </extensions>
      </trkpt>
      <trkpt lat="37.514459230005741119384765625" lon="121.42364275641739368438720703125">
        <ele>166</ele>
        <time>2026-09-13T04:46:31.000Z</time>
        <extensions>
          <ns3:TrackPointExtension>
            <ns3:hr>103</ns3:hr>
            <ns3:cad>0</ns3:cad>
          </ns3:TrackPointExtension>
        </extensions>
      </trkpt>
      <trkpt lat="37.5145076774060726165771484375" lon="121.42366069369018077850341796875">
        <ele>166.399993896484375</ele>
        <time>2026-09-13T04:46:36.000Z</time>
        <extensions>
          <ns3:TrackPointExtension>
            <ns3:hr>105</ns3:hr>
            <ns3:cad>52</ns3:cad>
          </ns3:TrackPointExtension>
        </extensions>
      </trkpt>
      <trkpt lat="37.51453542150557041168212890625" lon="121.4236750267446041107177734375">
        <ele>166.600006103515625</ele>
        <time>2026-09-13T04:46:39.000Z</time>
        <extensions>
          <ns3:TrackPointExtension>
            <ns3:hr>108</ns3:hr>
            <ns3:cad>51</ns3:cad>
          </ns3:TrackPointExtension>
        </extensions>
      </trkpt>
      <trkpt lat="37.5145589746534824371337890625" lon="121.4236884377896785736083984375">
        <ele>166.8000030517578125</ele>
        <time>2026-09-13T04:46:41.000Z</time>
        <extensions>
          <ns3:TrackPointExtension>
            <ns3:hr>110</ns3:hr>
            <ns3:cad>51</ns3:cad>
          </ns3:TrackPointExtension>
        </extensions>
      </trkpt>
      <trkpt lat="37.514584623277187347412109375" lon="121.42369824461638927459716796875">
        <ele>166.8000030517578125</ele>
        <time>2026-09-13T04:46:43.000Z</time>
        <extensions>
          <ns3:TrackPointExtension>
            <ns3:hr>110</ns3:hr>
            <ns3:cad>50</ns3:cad>
          </ns3:TrackPointExtension>
        </extensions>
      </trkpt>
      <trkpt lat="37.51462929882109165191650390625" lon="121.4237243123352527618408203125">
        <ele>167.1999969482421875</ele>
        <time>2026-09-13T04:46:48.000Z</time>
        <extensions>
          <ns3:TrackPointExtension>
            <ns3:hr>111</ns3:hr>
            <ns3:cad>0</ns3:cad>
          </ns3:TrackPointExtension>
        </extensions>
      </trkpt>
      <trkpt lat="37.51467741094529628753662109375" lon="121.4237444289028644561767578125">
        <ele>167.8000030517578125</ele>
        <time>2026-09-13T04:46:54.000Z</time>
        <extensions>
          <ns3:TrackPointExtension>
            <ns3:hr>111</ns3:hr>
            <ns3:cad>0</ns3:cad>
          </ns3:TrackPointExtension>
        </extensions>
      </trkpt>
      <trkpt lat="37.514675147831439971923828125" lon="121.42374970950186252593994140625">
        <ele>168.8000030517578125</ele>
        <time>2026-09-13T04:47:00.000Z</time>
        <extensions>
          <ns3:TrackPointExtension>
            <ns3:hr>112</ns3:hr>
            <ns3:cad>0</ns3:cad>
          </ns3:TrackPointExtension>
        </extensions>
      </trkpt>
      <trkpt lat="37.51467883586883544921875" lon="121.423750631511211395263671875">
        <ele>168.600006103515625</ele>
        <time>2026-09-13T04:47:03.000Z</time>
        <extensions>
          <ns3:TrackPointExtension>
            <ns3:hr>112</ns3:hr>
            <ns3:cad>0</ns3:cad>
          </ns3:TrackPointExtension>
        </extensions>
      </trkpt>
      <trkpt lat="37.51466584391891956329345703125" lon="121.42376496456563472747802734375">
        <ele>168.399993896484375</ele>
        <time>2026-09-13T04:47:15.000Z</time>
        <extensions>
          <ns3:TrackPointExtension>
            <ns3:hr>109</ns3:hr>
            <ns3:cad>0</ns3:cad>
          </ns3:TrackPointExtension>
        </extensions>
      </trkpt>
      <trkpt lat="37.5146598927676677703857421875" lon="121.423765383660793304443359375">
        <ele>168.399993896484375</ele>
        <time>2026-09-13T04:47:17.000Z</time>
        <extensions>
          <ns3:TrackPointExtension>
            <ns3:hr>105</ns3:hr>
            <ns3:cad>0</ns3:cad>
          </ns3:TrackPointExtension>
        </extensions>
      </trkpt>
      <trkpt lat="37.51465830020606517791748046875" lon="121.4237648807466030120849609375">
        <ele>168.399993896484375</ele>
        <time>2026-09-13T04:47:18.000Z</time>
        <extensions>
          <ns3:TrackPointExtension>
            <ns3:hr>102</ns3:hr>
            <ns3:cad>0</ns3:cad>
          </ns3:TrackPointExtension>
        </extensions>
      </trkpt>
      <trkpt lat="37.51467875204980373382568359375" lon="121.42376949079334735870361328125">
        <ele>168.1999969482421875</ele>
        <time>2026-09-13T04:47:26.000Z</time>
        <extensions>
          <ns3:TrackPointExtension>
            <ns3:hr>99</ns3:hr>
            <ns3:cad>0</ns3:cad>
          </ns3:TrackPointExtension>
        </extensions>
      </trkpt>
      <trkpt lat="37.51468059606850147247314453125" lon="121.4237809740006923675537109375">
        <ele>167.8000030517578125</ele>
        <time>2026-09-13T04:47:29.000Z</time>
        <extensions>
          <ns3:TrackPointExtension>
            <ns3:hr>99</ns3:hr>
            <ns3:cad>0</ns3:cad>
          </ns3:TrackPointExtension>
        </extensions>
      </trkpt>
      <trkpt lat="37.51467640511691570281982421875" lon="121.4237858355045318603515625">
        <ele>167.600006103515625</ele>
        <time>2026-09-13T04:47:30.000Z</time>
        <extensions>
          <ns3:TrackPointExtension>
            <ns3:hr>100</ns3:hr>
            <ns3:cad>0</ns3:cad>
          </ns3:TrackPointExtension>
        </extensions>
      </trkpt>
      <trkpt lat="37.514627538621425628662109375" lon="121.42377317883074283599853515625">
        <ele>167</ele>
        <time>2026-09-13T04:47:38.000Z</time>
        <extensions>
          <ns3:TrackPointExtension>
            <ns3:hr>98</ns3:hr>
            <ns3:cad>51</ns3:cad>
          </ns3:TrackPointExtension>
        </extensions>
      </trkpt>
      <trkpt lat="37.51460566185414791107177734375" lon="121.4237652160227298736572265625">
        <ele>166.600006103515625</ele>
        <time>2026-09-13T04:47:42.000Z</time>
        <extensions>
          <ns3:TrackPointExtension>
            <ns3:hr>94</ns3:hr>
            <ns3:cad>46</ns3:cad>
          </ns3:TrackPointExtension>
        </extensions>
      </trkpt>
      <trkpt lat="37.51460708677768707275390625" lon="121.42378005199134349822998046875">
        <ele>166.8000030517578125</ele>
        <time>2026-09-13T04:47:47.000Z</time>
        <extensions>
          <ns3:TrackPointExtension>
            <ns3:hr>92</ns3:hr>
            <ns3:cad>0</ns3:cad>
          </ns3:TrackPointExtension>
        </extensions>
      </trkpt>
      <trkpt lat="37.514606416225433349609375" lon="121.42378985881805419921875">
        <ele>167.1999969482421875</ele>
        <time>2026-09-13T04:47:53.000Z</time>
        <extensions>
          <ns3:TrackPointExtension>
            <ns3:hr>91</ns3:hr>
            <ns3:cad>0</ns3:cad>
          </ns3:TrackPointExtension>
        </extensions>
      </trkpt>
      <trkpt lat="37.51459593884646892547607421875" lon="121.42373914830386638641357421875">
        <ele>166.600006103515625</ele>
        <time>2026-09-13T04:48:01.000Z</time>
        <extensions>
          <ns3:TrackPointExtension>
            <ns3:hr>95</ns3:hr>
            <ns3:cad>0</ns3:cad>
          </ns3:TrackPointExtension>
        </extensions>
      </trkpt>
      <trkpt lat="37.51454807817935943603515625" lon="121.42372749745845794677734375">
        <ele>166</ele>
        <time>2026-09-13T04:48:08.000Z</time>
        <extensions>
          <ns3:TrackPointExtension>
            <ns3:hr>98</ns3:hr>
            <ns3:cad>50</ns3:cad>
          </ns3:TrackPointExtension>
        </extensions>
      </trkpt>
      <trkpt lat="37.5145355053246021270751953125" lon="121.42372489906847476959228515625">
        <ele>166</ele>
        <time>2026-09-13T04:48:09.000Z</time>
        <extensions>
          <ns3:TrackPointExtension>
            <ns3:hr>99</ns3:hr>
            <ns3:cad>50</ns3:cad>
          </ns3:TrackPointExtension>
        </extensions>
      </trkpt>
      <trkpt lat="37.51448295079171657562255859375" lon="121.4237115718424320220947265625">
        <ele>165.600006103515625</ele>
        <time>2026-09-13T04:48:15.000Z</time>
        <extensions>
          <ns3:TrackPointExtension>
            <ns3:hr>103</ns3:hr>
            <ns3:cad>50</ns3:cad>
          </ns3:TrackPointExtension>
        </extensions>
      </trkpt>
      <trkpt lat="37.51447155140340328216552734375" lon="121.42371064983308315277099609375">
        <ele>165.600006103515625</ele>
        <time>2026-09-13T04:48:16.000Z</time>
        <extensions>
          <ns3:TrackPointExtension>
            <ns3:hr>103</ns3:hr>
            <ns3:cad>49</ns3:cad>
          </ns3:TrackPointExtension>
        </extensions>
      </trkpt>
      <trkpt lat="37.51446451060473918914794921875" lon="121.4237080514430999755859375">
        <ele>165.600006103515625</ele>
        <time>2026-09-13T04:48:17.000Z</time>
        <extensions>
          <ns3:TrackPointExtension>
            <ns3:hr>103</ns3:hr>
            <ns3:cad>50</ns3:cad>
          </ns3:TrackPointExtension>
        </extensions>
      </trkpt>
      <trkpt lat="37.5143963657319545745849609375" lon="121.42367527820169925689697265625">
        <ele>164.600006103515625</ele>
        <time>2026-09-13T04:48:26.000Z</time>
        <extensions>
          <ns3:TrackPointExtension>
            <ns3:hr>100</ns3:hr>
            <ns3:cad>50</ns3:cad>
          </ns3:TrackPointExtension>
        </extensions>
      </trkpt>
      <trkpt lat="37.51438714563846588134765625" lon="121.42367091961205005645751953125">
        <ele>164.600006103515625</ele>
        <time>2026-09-13T04:48:27.000Z</time>
        <extensions>
          <ns3:TrackPointExtension>
            <ns3:hr>100</ns3:hr>
            <ns3:cad>50</ns3:cad>
          </ns3:TrackPointExtension>
        </extensions>
      </trkpt>
      <trkpt lat="37.5143410451710224151611328125" lon="121.42364057712256908416748046875">
        <ele>163.399993896484375</ele>
        <time>2026-09-13T04:48:36.000Z</time>
        <extensions>
          <ns3:TrackPointExtension>
            <ns3:hr>99</ns3:hr>
            <ns3:cad>49</ns3:cad>
          </ns3:TrackPointExtension>
        </extensions>
      </trkpt>
      <trkpt lat="37.5143350102007389068603515625" lon="121.423631943762302398681640625">
        <ele>163.1999969482421875</ele>
        <time>2026-09-13T04:48:38.000Z</time>
        <extensions>
          <ns3:TrackPointExtension>
            <ns3:hr>98</ns3:hr>
            <ns3:cad>49</ns3:cad>
          </ns3:TrackPointExtension>
        </extensions>
      </trkpt>
      <trkpt lat="37.5143165700137615203857421875" lon="121.42357553355395793914794921875">
        <ele>162.1999969482421875</ele>
        <time>2026-09-13T04:48:45.000Z</time>
        <extensions>
          <ns3:TrackPointExtension>
            <ns3:hr>97</ns3:hr>
            <ns3:cad>0</ns3:cad>
          </ns3:TrackPointExtension>
        </extensions>
      </trkpt>
      <trkpt lat="37.51430944539606571197509765625" lon="121.42357000149786472320556640625">
        <ele>162.1999969482421875</ele>
        <time>2026-09-13T04:48:46.000Z</time>
        <extensions>
          <ns3:TrackPointExtension>
            <ns3:hr>96</ns3:hr>
            <ns3:cad>0</ns3:cad>
          </ns3:TrackPointExtension>
        </extensions>
      </trkpt>
      <trkpt lat="37.5142659433186054229736328125" lon="121.4235399104654788970947265625">
        <ele>161.399993896484375</ele>
        <time>2026-09-13T04:48:52.000Z</time>
        <extensions>
          <ns3:TrackPointExtension>
            <ns3:hr>94</ns3:hr>
            <ns3:cad>45</ns3:cad>
          </ns3:TrackPointExtension>
        </extensions>
      </trkpt>
      <trkpt lat="37.51425630412995815277099609375" lon="121.423531360924243927001953125">
        <ele>161.1999969482421875</ele>
        <time>2026-09-13T04:48:53.000Z</time>
        <extensions>
          <ns3:TrackPointExtension>
            <ns3:hr>94</ns3:hr>
            <ns3:cad>45</ns3:cad>
          </ns3:TrackPointExtension>
        </extensions>
      </trkpt>
      <trkpt lat="37.51422428525984287261962890625" lon="121.4235228113830089569091796875">
        <ele>160.8000030517578125</ele>
        <time>2026-09-13T04:48:59.000Z</time>
        <extensions>
          <ns3:TrackPointExtension>
            <ns3:hr>94</ns3:hr>
            <ns3:cad>0</ns3:cad>
          </ns3:TrackPointExtension>
        </extensions>
      </trkpt>
      <trkpt lat="37.51417868770658969879150390625" lon="121.4235256612300872802734375">
        <ele>160.399993896484375</ele>
        <time>2026-09-13T04:49:05.000Z</time>
        <extensions>
          <ns3:TrackPointExtension>
            <ns3:hr>92</ns3:hr>
            <ns3:cad>0</ns3:cad>
          </ns3:TrackPointExtension>
        </extensions>
      </trkpt>
      <trkpt lat="37.51416812650859355926513671875" lon="121.42352691851556301116943359375">
        <ele>160</ele>
        <time>2026-09-13T04:49:07.000Z</time>
        <extensions>
          <ns3:TrackPointExtension>
            <ns3:hr>92</ns3:hr>
            <ns3:cad>0</ns3:cad>
          </ns3:TrackPointExtension>
        </extensions>
      </trkpt>
      <trkpt lat="37.51413744874298572540283203125" lon="121.42353974282741546630859375">
        <ele>159.399993896484375</ele>
        <time>2026-09-13T04:49:12.000Z</time>
        <extensions>
          <ns3:TrackPointExtension>
            <ns3:hr>92</ns3:hr>
            <ns3:cad>46</ns3:cad>
          </ns3:TrackPointExtension>
        </extensions>
      </trkpt>
      <trkpt lat="37.5140942819416522979736328125" lon="121.4235509745776653289794921875">
        <ele>159.1999969482421875</ele>
        <time>2026-09-13T04:49:15.000Z</time>
        <extensions>
          <ns3:TrackPointExtension>
            <ns3:hr>89</ns3:hr>
            <ns3:cad>51</ns3:cad>
          </ns3:TrackPointExtension>
        </extensions>
      </trkpt>
      <trkpt lat="37.51407357864081859588623046875" lon="121.42355826683342456817626953125">
        <ele>159</ele>
        <time>2026-09-13T04:49:17.000Z</time>
        <extensions>
          <ns3:TrackPointExtension>
            <ns3:hr>88</ns3:hr>
            <ns3:cad>51</ns3:cad>
          </ns3:TrackPointExtension>
        </extensions>
      </trkpt>
      <trkpt lat="37.51406922005116939544677734375" lon="121.42355944029986858367919921875">
        <ele>158.8000030517578125</ele>
        <time>2026-09-13T04:49:18.000Z</time>
        <extensions>
          <ns3:TrackPointExtension>
            <ns3:hr>88</ns3:hr>
            <ns3:cad>51</ns3:cad>
          </ns3:TrackPointExtension>
        </extensions>
      </trkpt>
      <trkpt lat="37.51401172019541263580322265625" lon="121.42357385717332363128662109375">
        <ele>158</ele>
        <time>2026-09-13T04:49:24.000Z</time>
        <extensions>
          <ns3:TrackPointExtension>
            <ns3:hr>88</ns3:hr>
            <ns3:cad>52</ns3:cad>
          </ns3:TrackPointExtension>
        </extensions>
      </trkpt>
      <trkpt lat="37.51400954090058803558349609375" lon="121.4235697500407695770263671875">
        <ele>157.8000030517578125</ele>
        <time>2026-09-13T04:49:25.000Z</time>
        <extensions>
          <ns3:TrackPointExtension>
            <ns3:hr>88</ns3:hr>
            <ns3:cad>53</ns3:cad>
          </ns3:TrackPointExtension>
        </extensions>
      </trkpt>
      <trkpt lat="37.5139947049319744110107421875" lon="121.4235761202871799468994140625">
        <ele>157.600006103515625</ele>
        <time>2026-09-13T04:49:28.000Z</time>
        <extensions>
          <ns3:TrackPointExtension>
            <ns3:hr>91</ns3:hr>
            <ns3:cad>53</ns3:cad>
          </ns3:TrackPointExtension>
        </extensions>
      </trkpt>
      <trkpt lat="37.51397802494466304779052734375" lon="121.42358927987515926361083984375">
        <ele>157.1999969482421875</ele>
        <time>2026-09-13T04:49:30.000Z</time>
        <extensions>
          <ns3:TrackPointExtension>
            <ns3:hr>92</ns3:hr>
            <ns3:cad>53</ns3:cad>
          </ns3:TrackPointExtension>
        </extensions>
      </trkpt>
      <trkpt lat="37.513950280845165252685546875" lon="121.42359246499836444854736328125">
        <ele>156.8000030517578125</ele>
        <time>2026-09-13T04:49:34.000Z</time>
        <extensions>
          <ns3:TrackPointExtension>
            <ns3:hr>92</ns3:hr>
            <ns3:cad>52</ns3:cad>
          </ns3:TrackPointExtension>
        </extensions>
      </trkpt>
      <trkpt lat="37.51393611542880535125732421875" lon="121.4236042834818363189697265625">
        <ele>156.600006103515625</ele>
        <time>2026-09-13T04:49:36.000Z</time>
        <extensions>
          <ns3:TrackPointExtension>
            <ns3:hr>91</ns3:hr>
            <ns3:cad>52</ns3:cad>
          </ns3:TrackPointExtension>
        </extensions>
      </trkpt>
      <trkpt lat="37.5139372050762176513671875" lon="121.42363496124744415283203125">
        <ele>156</ele>
        <time>2026-09-13T04:49:39.000Z</time>
        <extensions>
          <ns3:TrackPointExtension>
            <ns3:hr>92</ns3:hr>
            <ns3:cad>52</ns3:cad>
          </ns3:TrackPointExtension>
        </extensions>
      </trkpt>
      <trkpt lat="37.51394860446453094482421875" lon="121.423658095300197601318359375">
        <ele>156</ele>
        <time>2026-09-13T04:49:42.000Z</time>
        <extensions>
          <ns3:TrackPointExtension>
            <ns3:hr>91</ns3:hr>
            <ns3:cad>54</ns3:cad>
          </ns3:TrackPointExtension>
        </extensions>
      </trkpt>
      <trkpt lat="37.513962686061859130859375" lon="121.423666141927242279052734375">
        <ele>156</ele>
        <time>2026-09-13T04:49:43.000Z</time>
        <extensions>
          <ns3:TrackPointExtension>
            <ns3:hr>91</ns3:hr>
            <ns3:cad>54</ns3:cad>
          </ns3:TrackPointExtension>
        </extensions>
      </trkpt>
      <trkpt lat="37.51399361528456211090087890625" lon="121.4236946403980255126953125">
        <ele>156.399993896484375</ele>
        <time>2026-09-13T04:49:48.000Z</time>
        <extensions>
          <ns3:TrackPointExtension>
            <ns3:hr>90</ns3:hr>
            <ns3:cad>54</ns3:cad>
          </ns3:TrackPointExtension>
        </extensions>
      </trkpt>
      <trkpt lat="37.514010630548000335693359375" lon="121.4237534813582897186279296875">
        <ele>156.399993896484375</ele>
        <time>2026-09-13T04:49:55.000Z</time>
        <extensions>
          <ns3:TrackPointExtension>
            <ns3:hr>91</ns3:hr>
            <ns3:cad>0</ns3:cad>
          </ns3:TrackPointExtension>
        </extensions>
      </trkpt>
      <trkpt lat="37.51399797387421131134033203125" lon="121.4237434230744838714599609375">
        <ele>156.600006103515625</ele>
        <time>2026-09-13T04:49:58.000Z</time>
        <extensions>
          <ns3:TrackPointExtension>
            <ns3:hr>91</ns3:hr>
            <ns3:cad>0</ns3:cad>
          </ns3:TrackPointExtension>
        </extensions>
      </trkpt>
      <trkpt lat="37.51399294473230838775634765625" lon="121.42374082468450069427490234375">
        <ele>157</ele>
        <time>2026-09-13T04:50:02.000Z</time>
        <extensions>
          <ns3:TrackPointExtension>
            <ns3:hr>91</ns3:hr>
            <ns3:cad>0</ns3:cad>
          </ns3:TrackPointExtension>
        </extensions>
      </trkpt>
      <trkpt lat="37.51402429305016994476318359375" lon="121.423774100840091705322265625">
        <ele>156.600006103515625</ele>
        <time>2026-09-13T04:50:10.000Z</time>
        <extensions>
          <ns3:TrackPointExtension>
            <ns3:hr>90</ns3:hr>
            <ns3:cad>0</ns3:cad>
          </ns3:TrackPointExtension>
        </extensions>
      </trkpt>
      <trkpt lat="37.5140647776424884796142578125" lon="121.4238238893449306488037109375">
        <ele>156.8000030517578125</ele>
        <time>2026-09-13T04:50:16.000Z</time>
        <extensions>
          <ns3:TrackPointExtension>
            <ns3:hr>92</ns3:hr>
            <ns3:cad>0</ns3:cad>
          </ns3:TrackPointExtension>
        </extensions>
      </trkpt>
      <trkpt lat="37.5140798650681972503662109375" lon="121.4238430000841617584228515625">
        <ele>156.8000030517578125</ele>
        <time>2026-09-13T04:50:18.000Z</time>
        <extensions>
          <ns3:TrackPointExtension>
            <ns3:hr>95</ns3:hr>
            <ns3:cad>0</ns3:cad>
          </ns3:TrackPointExtension>
        </extensions>
      </trkpt>
      <trkpt lat="37.51410040073096752166748046875" lon="121.423867642879486083984375">
        <ele>156.8000030517578125</ele>
        <time>2026-09-13T04:50:20.000Z</time>
        <extensions>
          <ns3:TrackPointExtension>
            <ns3:hr>98</ns3:hr>
            <ns3:cad>0</ns3:cad>
          </ns3:TrackPointExtension>
        </extensions>
      </trkpt>
      <trkpt lat="37.5141217745840549468994140625" lon="121.42389387823641300201416015625">
        <ele>156.8000030517578125</ele>
        <time>2026-09-13T04:50:23.000Z</time>
        <extensions>
          <ns3:TrackPointExtension>
            <ns3:hr>100</ns3:hr>
            <ns3:cad>0</ns3:cad>
          </ns3:TrackPointExtension>
        </extensions>
      </trkpt>
      <trkpt lat="37.5141650252044200897216796875" lon="121.4239482767879962921142578125">
        <ele>157</ele>
        <time>2026-09-13T04:50:29.000Z</time>
        <extensions>
          <ns3:TrackPointExtension>
            <ns3:hr>101</ns3:hr>
            <ns3:cad>51</ns3:cad>
          </ns3:TrackPointExtension>
        </extensions>
      </trkpt>
      <trkpt lat="37.514205761253833770751953125" lon="121.42402882687747478485107421875">
        <ele>157.1999969482421875</ele>
        <time>2026-09-13T04:50:35.000Z</time>
        <extensions>
          <ns3:TrackPointExtension>
            <ns3:hr>102</ns3:hr>
            <ns3:cad>51</ns3:cad>
          </ns3:TrackPointExtension>
        </extensions>
      </trkpt>
      <trkpt lat="37.51423937268555164337158203125" lon="121.4240907691419124603271484375">
        <ele>156.8000030517578125</ele>
        <time>2026-09-13T04:50:41.000Z</time>
        <extensions>
          <ns3:TrackPointExtension>
            <ns3:hr>101</ns3:hr>
            <ns3:cad>0</ns3:cad>
          </ns3:TrackPointExtension>
        </extensions>
      </trkpt>
      <trkpt lat="37.5142572261393070220947265625" lon="121.42411130480468273162841796875">
        <ele>156.8000030517578125</ele>
        <time>2026-09-13T04:50:43.000Z</time>
        <extensions>
          <ns3:TrackPointExtension>
            <ns3:hr>98</ns3:hr>
            <ns3:cad>0</ns3:cad>
          </ns3:TrackPointExtension>
        </extensions>
      </trkpt>
      <trkpt lat="37.51427457667887210845947265625" lon="121.42414282076060771942138671875">
        <ele>156.8000030517578125</ele>
        <time>2026-09-13T04:50:47.000Z</time>
        <extensions>
          <ns3:TrackPointExtension>
            <ns3:hr>96</ns3:hr>
            <ns3:cad>0</ns3:cad>
          </ns3:TrackPointExtension>
        </extensions>
      </trkpt>
      <trkpt lat="37.514313720166683197021484375" lon="121.42420266754925251007080078125">
        <ele>156.8000030517578125</ele>
        <time>2026-09-13T04:50:52.000Z</time>
        <extensions>
          <ns3:TrackPointExtension>
            <ns3:hr>93</ns3:hr>
            <ns3:cad>52</ns3:cad>
          </ns3:TrackPointExtension>
        </extensions>
      </trkpt>
      <trkpt lat="37.51431916840374469757080078125" lon="121.42422077246010303497314453125">
        <ele>156.600006103515625</ele>
        <time>2026-09-13T04:50:54.000Z</time>
        <extensions>
          <ns3:TrackPointExtension>
            <ns3:hr>89</ns3:hr>
            <ns3:cad>53</ns3:cad>
          </ns3:TrackPointExtension>
        </extensions>
      </trkpt>
      <trkpt lat="37.514332830905914306640625" lon="121.42425547353923320770263671875">
        <ele>156.600006103515625</ele>
        <time>2026-09-13T04:50:57.000Z</time>
        <extensions>
          <ns3:TrackPointExtension>
            <ns3:hr>86</ns3:hr>
            <ns3:cad>53</ns3:cad>
          </ns3:TrackPointExtension>
        </extensions>
      </trkpt>
      <trkpt lat="37.5143420509994029998779296875" lon="121.42427139915525913238525390625">
        <ele>156.399993896484375</ele>
        <time>2026-09-13T04:50:58.000Z</time>
        <extensions>
          <ns3:TrackPointExtension>
            <ns3:hr>85</ns3:hr>
            <ns3:cad>52</ns3:cad>
          </ns3:TrackPointExtension>
        </extensions>
      </trkpt>
      <trkpt lat="37.51437373459339141845703125" lon="121.42432906664907932281494140625">
        <ele>156.399993896484375</ele>
        <time>2026-09-13T04:51:04.000Z</time>
        <extensions>
          <ns3:TrackPointExtension>
            <ns3:hr>85</ns3:hr>
            <ns3:cad>52</ns3:cad>
          </ns3:TrackPointExtension>
        </extensions>
      </trkpt>
      <trkpt lat="37.514408938586711883544921875" lon="121.42438489012420177459716796875">
        <ele>156.1999969482421875</ele>
        <time>2026-09-13T04:51:09.000Z</time>
        <extensions>
          <ns3:TrackPointExtension>
            <ns3:hr>84</ns3:hr>
            <ns3:cad>51</ns3:cad>
          </ns3:TrackPointExtension>
        </extensions>
      </trkpt>
      <trkpt lat="37.514428384602069854736328125" lon="121.4244448207318782806396484375">
        <ele>156</ele>
        <time>2026-09-13T04:51:14.000Z</time>
        <extensions>
          <ns3:TrackPointExtension>
            <ns3:hr>87</ns3:hr>
            <ns3:cad>51</ns3:cad>
          </ns3:TrackPointExtension>
        </extensions>
      </trkpt>
      <trkpt lat="37.51443064771592617034912109375" lon="121.4244552142918109893798828125">
        <ele>156</ele>
        <time>2026-09-13T04:51:15.000Z</time>
        <extensions>
          <ns3:TrackPointExtension>
            <ns3:hr>88</ns3:hr>
            <ns3:cad>51</ns3:cad>
          </ns3:TrackPointExtension>
        </extensions>
      </trkpt>
      <trkpt lat="37.51443349756300449371337890625" lon="121.4244659431278705596923828125">
        <ele>155.8000030517578125</ele>
        <time>2026-09-13T04:51:16.000Z</time>
        <extensions>
          <ns3:TrackPointExtension>
            <ns3:hr>87</ns3:hr>
            <ns3:cad>51</ns3:cad>
          </ns3:TrackPointExtension>
        </extensions>
      </trkpt>
      <trkpt lat="37.5144583918154239654541015625" lon="121.4245219342410564422607421875">
        <ele>155.600006103515625</ele>
        <time>2026-09-13T04:51:21.000Z</time>
        <extensions>
          <ns3:TrackPointExtension>
            <ns3:hr>88</ns3:hr>
            <ns3:cad>52</ns3:cad>
          </ns3:TrackPointExtension>
        </extensions>
      </trkpt>
      <trkpt lat="37.51449041068553924560546875" lon="121.4245958626270294189453125">
        <ele>155.399993896484375</ele>
        <time>2026-09-13T04:51:28.000Z</time>
        <extensions>
          <ns3:TrackPointExtension>
            <ns3:hr>88</ns3:hr>
            <ns3:cad>52</ns3:cad>
          </ns3:TrackPointExtension>
        </extensions>
      </trkpt>
      <trkpt lat="37.5145237706601619720458984375" lon="121.42467138357460498809814453125">
        <ele>155.399993896484375</ele>
        <time>2026-09-13T04:51:34.000Z</time>
        <extensions>
          <ns3:TrackPointExtension>
            <ns3:hr>88</ns3:hr>
            <ns3:cad>51</ns3:cad>
          </ns3:TrackPointExtension>
        </extensions>
      </trkpt>
      <trkpt lat="37.5145381875336170196533203125" lon="121.42471228726208209991455078125">
        <ele>155.399993896484375</ele>
        <time>2026-09-13T04:51:39.000Z</time>
        <extensions>
          <ns3:TrackPointExtension>
            <ns3:hr>88</ns3:hr>
            <ns3:cad>50</ns3:cad>
          </ns3:TrackPointExtension>
        </extensions>
      </trkpt>
      <trkpt lat="37.51455469988286495208740234375" lon="121.42478118650615215301513671875">
        <ele>155.1999969482421875</ele>
        <time>2026-09-13T04:51:44.000Z</time>
        <extensions>
          <ns3:TrackPointExtension>
            <ns3:hr>87</ns3:hr>
            <ns3:cad>53</ns3:cad>
          </ns3:TrackPointExtension>
        </extensions>
      </trkpt>
      <trkpt lat="37.51453508622944355010986328125" lon="121.424846649169921875">
        <ele>155.1999969482421875</ele>
        <time>2026-09-13T04:51:50.000Z</time>
        <extensions>
          <ns3:TrackPointExtension>
            <ns3:hr>86</ns3:hr>
            <ns3:cad>53</ns3:cad>
          </ns3:TrackPointExtension>
        </extensions>
      </trkpt>
      <trkpt lat="37.51453307457268238067626953125" lon="121.42484421841800212860107421875">
        <ele>155.399993896484375</ele>
        <time>2026-09-13T04:51:59.000Z</time>
        <extensions>
          <ns3:TrackPointExtension>
            <ns3:hr>86</ns3:hr>
            <ns3:cad>0</ns3:cad>
          </ns3:TrackPointExtension>
        </extensions>
      </trkpt>
      <trkpt lat="37.5145502574741840362548828125" lon="121.42485394142568111419677734375">
        <ele>155</ele>
        <time>2026-09-13T04:52:04.000Z</time>
        <extensions>
          <ns3:TrackPointExtension>
            <ns3:hr>86</ns3:hr>
            <ns3:cad>0</ns3:cad>
          </ns3:TrackPointExtension>
        </extensions>
      </trkpt>
      <trkpt lat="37.5145475752651691436767578125" lon="121.42488009296357631683349609375">
        <ele>154.8000030517578125</ele>
        <time>2026-09-13T04:52:09.000Z</time>
        <extensions>
          <ns3:TrackPointExtension>
            <ns3:hr>86</ns3:hr>
            <ns3:cad>0</ns3:cad>
          </ns3:TrackPointExtension>
        </extensions>
      </trkpt>
      <trkpt lat="37.51454271376132965087890625" lon="121.42488243989646434783935546875">
        <ele>154.8000030517578125</ele>
        <time>2026-09-13T04:52:11.000Z</time>
        <extensions>
          <ns3:TrackPointExtension>
            <ns3:hr>85</ns3:hr>
            <ns3:cad>0</ns3:cad>
          </ns3:TrackPointExtension>
        </extensions>
      </trkpt>
      <trkpt lat="37.51453793607652187347412109375" lon="121.42488579265773296356201171875">
        <ele>154.600006103515625</ele>
        <time>2026-09-13T04:52:16.000Z</time>
        <extensions>
          <ns3:TrackPointExtension>
            <ns3:hr>88</ns3:hr>
            <ns3:cad>0</ns3:cad>
          </ns3:TrackPointExtension>
        </extensions>
      </trkpt>
      <trkpt lat="37.51453961245715618133544921875" lon="121.42488914541900157928466796875">
        <ele>154.600006103515625</ele>
        <time>2026-09-13T04:52:18.000Z</time>
        <extensions>
          <ns3:TrackPointExtension>
            <ns3:hr>91</ns3:hr>
            <ns3:cad>0</ns3:cad>
          </ns3:TrackPointExtension>
        </extensions>
      </trkpt>
      <trkpt lat="37.51453978009521961212158203125" lon="121.42489233054220676422119140625">
        <ele>154.600006103515625</ele>
        <time>2026-09-13T04:52:20.000Z</time>
        <extensions>
          <ns3:TrackPointExtension>
            <ns3:hr>94</ns3:hr>
            <ns3:cad>0</ns3:cad>
          </ns3:TrackPointExtension>
        </extensions>
      </trkpt>
      <trkpt lat="37.51453978009521961212158203125" lon="121.424892246723175048828125">
        <ele>154.600006103515625</ele>
        <time>2026-09-13T04:52:23.000Z</time>
        <extensions>
          <ns3:TrackPointExtension>
            <ns3:hr>95</ns3:hr>
            <ns3:cad>0</ns3:cad>
          </ns3:TrackPointExtension>
        </extensions>
      </trkpt>
      <trkpt lat="37.51453978009521961212158203125" lon="121.424892246723175048828125">
        <ele>154.600006103515625</ele>
        <time>2026-09-13T04:52:25.000Z</time>
        <extensions>
          <ns3:TrackPointExtension>
            <ns3:hr>88</ns3:hr>
            <ns3:cad>0</ns3:cad>
          </ns3:TrackPointExtension>
        </extensions>
      </trkpt>
      <trkpt lat="37.51453978009521961212158203125" lon="121.424892246723175048828125">
        <ele>154.600006103515625</ele>
        <time>2026-09-13T04:52:26.000Z</time>
        <extensions>
          <ns3:TrackPointExtension>
            <ns3:hr>83</ns3:hr>
            <ns3:cad>0</ns3:cad>
          </ns3:TrackPointExtension>
        </extensions>
      </trkpt>
      <trkpt lat="37.51453978009521961212158203125" lon="121.424892246723175048828125">
        <ele>154</ele>
        <time>2026-09-13T04:52:44.000Z</time>
        <extensions>
          <ns3:TrackPointExtension>
            <ns3:hr>84</ns3:hr>
            <ns3:cad>0</ns3:cad>
          </ns3:TrackPointExtension>
        </extensions>
      </trkpt>
      <trkpt lat="37.51453978009521961212158203125" lon="121.424892246723175048828125">
        <ele>154</ele>
        <time>2026-09-13T04:53:03.000Z</time>
        <extensions>
          <ns3:TrackPointExtension>
            <ns3:hr>81</ns3:hr>
            <ns3:cad>0</ns3:cad>
          </ns3:TrackPointExtension>
        </extensions>
      </trkpt>
      <trkpt lat="37.51453978009521961212158203125" lon="121.424892246723175048828125">
        <ele>154</ele>
        <time>2026-09-13T04:53:05.000Z</time>
        <extensions>
          <ns3:TrackPointExtension>
            <ns3:hr>78</ns3:hr>
            <ns3:cad>0</ns3:cad>
          </ns3:TrackPointExtension>
        </extensions>
      </trkpt>
      <trkpt lat="37.51456006430089473724365234375" lon="121.42487908713519573211669921875">
        <ele>154</ele>
        <time>2026-09-13T04:53:14.000Z</time>
        <extensions>
          <ns3:TrackPointExtension>
            <ns3:hr>80</ns3:hr>
            <ns3:cad>0</ns3:cad>
          </ns3:TrackPointExtension>
        </extensions>
      </trkpt>
      <trkpt lat="37.51461303792893886566162109375" lon="121.42490096390247344970703125">
        <ele>153.8000030517578125</ele>
        <time>2026-09-13T04:53:19.000Z</time>
        <extensions>
          <ns3:TrackPointExtension>
            <ns3:hr>80</ns3:hr>
            <ns3:cad>0</ns3:cad>
          </ns3:TrackPointExtension>
        </extensions>
      </trkpt>
      <trkpt lat="37.51462359912693500518798828125" lon="121.42491613514721393585205078125">
        <ele>153.8000030517578125</ele>
        <time>2026-09-13T04:53:20.000Z</time>
        <extensions>
          <ns3:TrackPointExtension>
            <ns3:hr>81</ns3:hr>
            <ns3:cad>0</ns3:cad>
          </ns3:TrackPointExtension>
        </extensions>
      </trkpt>
      <trkpt lat="37.51465964131057262420654296875" lon="121.42497765831649303436279296875">
        <ele>153.399993896484375</ele>
        <time>2026-09-13T04:53:26.000Z</time>
        <extensions>
          <ns3:TrackPointExtension>
            <ns3:hr>81</ns3:hr>
            <ns3:cad>52</ns3:cad>
          </ns3:TrackPointExtension>
        </extensions>
      </trkpt>
      <trkpt lat="37.51468596048653125762939453125" lon="121.4250221662223339080810546875">
        <ele>152.8000030517578125</ele>
        <time>2026-09-13T04:53:31.000Z</time>
        <extensions>
          <ns3:TrackPointExtension>
            <ns3:hr>81</ns3:hr>
            <ns3:cad>52</ns3:cad>
          </ns3:TrackPointExtension>
        </extensions>
      </trkpt>
      <trkpt lat="37.51470423303544521331787109375" lon="121.4250375889241695404052734375">
        <ele>152.600006103515625</ele>
        <time>2026-09-13T04:53:33.000Z</time>
        <extensions>
          <ns3:TrackPointExtension>
            <ns3:hr>81</ns3:hr>
            <ns3:cad>52</ns3:cad>
          </ns3:TrackPointExtension>
        </extensions>
      </trkpt>
      <trkpt lat="37.514738850295543670654296875" lon="121.42510539852082729339599609375">
        <ele>152</ele>
        <time>2026-09-13T04:53:39.000Z</time>
        <extensions>
          <ns3:TrackPointExtension>
            <ns3:hr>79</ns3:hr>
            <ns3:cad>52</ns3:cad>
          </ns3:TrackPointExtension>
        </extensions>
      </trkpt>
      <trkpt lat="37.51474614255130290985107421875" lon="121.42512417398393154144287109375">
        <ele>151.8000030517578125</ele>
        <time>2026-09-13T04:53:41.000Z</time>
        <extensions>
          <ns3:TrackPointExtension>
            <ns3:hr>79</ns3:hr>
            <ns3:cad>53</ns3:cad>
          </ns3:TrackPointExtension>
        </extensions>
      </trkpt>
      <trkpt lat="37.5147604756057262420654296875" lon="121.42515351064503192901611328125">
        <ele>151.399993896484375</ele>
        <time>2026-09-13T04:53:45.000Z</time>
        <extensions>
          <ns3:TrackPointExtension>
            <ns3:hr>78</ns3:hr>
            <ns3:cad>52</ns3:cad>
          </ns3:TrackPointExtension>
        </extensions>
      </trkpt>
      <trkpt lat="37.5147740542888641357421875" lon="121.42520430497825145721435546875">
        <ele>150.8000030517578125</ele>
        <time>2026-09-13T04:53:49.000Z</time>
        <extensions>
          <ns3:TrackPointExtension>
            <ns3:hr>78</ns3:hr>
            <ns3:cad>55</ns3:cad>
          </ns3:TrackPointExtension>
        </extensions>
      </trkpt>
      <trkpt lat="37.51478151418268680572509765625" lon="121.42522324807941913604736328125">
        <ele>150.600006103515625</ele>
        <time>2026-09-13T04:53:51.000Z</time>
        <extensions>
          <ns3:TrackPointExtension>
            <ns3:hr>76</ns3:hr>
            <ns3:cad>53</ns3:cad>
          </ns3:TrackPointExtension>
        </extensions>
      </trkpt>
      <trkpt lat="37.5147997029125690460205078125" lon="121.4253098331391811370849609375">
        <ele>150</ele>
        <time>2026-09-13T04:53:58.000Z</time>
        <extensions>
          <ns3:TrackPointExtension>
            <ns3:hr>74</ns3:hr>
            <ns3:cad>0</ns3:cad>
          </ns3:TrackPointExtension>
        </extensions>
      </trkpt>
      <trkpt lat="37.5148070789873600006103515625" lon="121.42533279955387115478515625">
        <ele>149.600006103515625</ele>
        <time>2026-09-13T04:54:00.000Z</time>
        <extensions>
          <ns3:TrackPointExtension>
            <ns3:hr>74</ns3:hr>
            <ns3:cad>53</ns3:cad>
          </ns3:TrackPointExtension>
        </extensions>
      </trkpt>
      <trkpt lat="37.51482878811657428741455078125" lon="121.42537328414618968963623046875">
        <ele>149.1999969482421875</ele>
        <time>2026-09-13T04:54:05.000Z</time>
        <extensions>
          <ns3:TrackPointExtension>
            <ns3:hr>74</ns3:hr>
            <ns3:cad>51</ns3:cad>
          </ns3:TrackPointExtension>
        </extensions>
      </trkpt>
      <trkpt lat="37.51484689302742481231689453125" lon="121.4254073984920978546142578125">
        <ele>148.8000030517578125</ele>
        <time>2026-09-13T04:54:08.000Z</time>
        <extensions>
          <ns3:TrackPointExtension>
            <ns3:hr>78</ns3:hr>
            <ns3:cad>51</ns3:cad>
          </ns3:TrackPointExtension>
        </extensions>
      </trkpt>
      <trkpt lat="37.5148493237793445587158203125" lon="121.425416953861713409423828125">
        <ele>148.600006103515625</ele>
        <time>2026-09-13T04:54:09.000Z</time>
        <extensions>
          <ns3:TrackPointExtension>
            <ns3:hr>79</ns3:hr>
            <ns3:cad>51</ns3:cad>
          </ns3:TrackPointExtension>
        </extensions>
      </trkpt>
      <trkpt lat="37.51485158689320087432861328125" lon="121.425439752638339996337890625">
        <ele>148.399993896484375</ele>
        <time>2026-09-13T04:54:11.000Z</time>
        <extensions>
          <ns3:TrackPointExtension>
            <ns3:hr>80</ns3:hr>
            <ns3:cad>53</ns3:cad>
          </ns3:TrackPointExtension>
        </extensions>
      </trkpt>
      <trkpt lat="37.5148707814514636993408203125" lon="121.425499431788921356201171875">
        <ele>148</ele>
        <time>2026-09-13T04:54:16.000Z</time>
        <extensions>
          <ns3:TrackPointExtension>
            <ns3:hr>77</ns3:hr>
            <ns3:cad>0</ns3:cad>
          </ns3:TrackPointExtension>
        </extensions>
      </trkpt>
      <trkpt lat="37.5148741342127323150634765625" lon="121.42551108263432979583740234375">
        <ele>148</ele>
        <time>2026-09-13T04:54:17.000Z</time>
        <extensions>
          <ns3:TrackPointExtension>
            <ns3:hr>76</ns3:hr>
            <ns3:cad>53</ns3:cad>
          </ns3:TrackPointExtension>
        </extensions>
      </trkpt>
      <trkpt lat="37.5148851983249187469482421875" lon="121.42555852420628070831298828125">
        <ele>147.600006103515625</ele>
        <time>2026-09-13T04:54:21.000Z</time>
        <extensions>
          <ns3:TrackPointExtension>
            <ns3:hr>76</ns3:hr>
            <ns3:cad>57</ns3:cad>
          </ns3:TrackPointExtension>
        </extensions>
      </trkpt>
      <trkpt lat="37.514895759522914886474609375" lon="121.4255968295037746429443359375">
        <ele>147.1999969482421875</ele>
        <time>2026-09-13T04:54:24.000Z</time>
        <extensions>
          <ns3:TrackPointExtension>
            <ns3:hr>75</ns3:hr>
            <ns3:cad>51</ns3:cad>
          </ns3:TrackPointExtension>
        </extensions>
      </trkpt>
      <trkpt lat="37.51491394825279712677001953125" lon="121.425664722919464111328125">
        <ele>146.600006103515625</ele>
        <time>2026-09-13T04:54:30.000Z</time>
        <extensions>
          <ns3:TrackPointExtension>
            <ns3:hr>74</ns3:hr>
            <ns3:cad>55</ns3:cad>
          </ns3:TrackPointExtension>
        </extensions>
      </trkpt>
      <trkpt lat="37.51491478644311428070068359375" lon="121.42567050643265247344970703125">
        <ele>146.399993896484375</ele>
        <time>2026-09-13T04:54:31.000Z</time>
        <extensions>
          <ns3:TrackPointExtension>
            <ns3:hr>74</ns3:hr>
            <ns3:cad>55</ns3:cad>
          </ns3:TrackPointExtension>
        </extensions>
      </trkpt>
      <trkpt lat="37.5149250961840152740478515625" lon="121.4257510565221309661865234375">
        <ele>145.8000030517578125</ele>
        <time>2026-09-13T04:54:37.000Z</time>
        <extensions>
          <ns3:TrackPointExtension>
            <ns3:hr>74</ns3:hr>
            <ns3:cad>52</ns3:cad>
          </ns3:TrackPointExtension>
        </extensions>
      </trkpt>
      <trkpt lat="37.51494236290454864501953125" lon="121.42580646090209484100341796875">
        <ele>145.600006103515625</ele>
        <time>2026-09-13T04:54:42.000Z</time>
        <extensions>
          <ns3:TrackPointExtension>
            <ns3:hr>75</ns3:hr>
            <ns3:cad>49</ns3:cad>
          </ns3:TrackPointExtension>
        </extensions>
      </trkpt>
      <trkpt lat="37.514968179166316986083984375" lon="121.42588156275451183319091796875">
        <ele>144.8000030517578125</ele>
        <time>2026-09-13T04:54:49.000Z</time>
        <extensions>
          <ns3:TrackPointExtension>
            <ns3:hr>75</ns3:hr>
            <ns3:cad>55</ns3:cad>
          </ns3:TrackPointExtension>
        </extensions>
      </trkpt>
      <trkpt lat="37.5149737112224102020263671875" lon="121.42590486444532871246337890625">
        <ele>144.399993896484375</ele>
        <time>2026-09-13T04:54:51.000Z</time>
        <extensions>
          <ns3:TrackPointExtension>
            <ns3:hr>75</ns3:hr>
            <ns3:cad>55</ns3:cad>
          </ns3:TrackPointExtension>
        </extensions>
      </trkpt>
      <trkpt lat="37.51499072648584842681884765625" lon="121.4259629510343074798583984375">
        <ele>144</ele>
        <time>2026-09-13T04:54:55.000Z</time>
        <extensions>
          <ns3:TrackPointExtension>
            <ns3:hr>75</ns3:hr>
            <ns3:cad>55</ns3:cad>
          </ns3:TrackPointExtension>
        </extensions>
      </trkpt>
      <trkpt lat="37.51499659381806850433349609375" lon="121.42599337734282016754150390625">
        <ele>143.399993896484375</ele>
        <time>2026-09-13T04:54:59.000Z</time>
        <extensions>
          <ns3:TrackPointExtension>
            <ns3:hr>75</ns3:hr>
            <ns3:cad>55</ns3:cad>
          </ns3:TrackPointExtension>
        </extensions>
      </trkpt>
      <trkpt lat="37.51500262878835201263427734375" lon="121.42601810395717620849609375">
        <ele>143</ele>
        <time>2026-09-13T04:55:01.000Z</time>
        <extensions>
          <ns3:TrackPointExtension>
            <ns3:hr>75</ns3:hr>
            <ns3:cad>55</ns3:cad>
          </ns3:TrackPointExtension>
        </extensions>
      </trkpt>
      <trkpt lat="37.51502023078501224517822265625" lon="121.4261019229888916015625">
        <ele>142.1999969482421875</ele>
        <time>2026-09-13T04:55:08.000Z</time>
        <extensions>
          <ns3:TrackPointExtension>
            <ns3:hr>75</ns3:hr>
            <ns3:cad>55</ns3:cad>
          </ns3:TrackPointExtension>
        </extensions>
      </trkpt>
      <trkpt lat="37.515023164451122283935546875" lon="121.42612782306969165802001953125">
        <ele>141.600006103515625</ele>
        <time>2026-09-13T04:55:12.000Z</time>
        <extensions>
          <ns3:TrackPointExtension>
            <ns3:hr>78</ns3:hr>
            <ns3:cad>49</ns3:cad>
          </ns3:TrackPointExtension>
        </extensions>
      </trkpt>
      <trkpt lat="37.5150380842387676239013671875" lon="121.42616034485399723052978515625">
        <ele>141.399993896484375</ele>
        <time>2026-09-13T04:55:15.000Z</time>
        <extensions>
          <ns3:TrackPointExtension>
            <ns3:hr>80</ns3:hr>
            <ns3:cad>46</ns3:cad>
          </ns3:TrackPointExtension>
        </extensions>
      </trkpt>
      <trkpt lat="37.51505074091255664825439453125" lon="121.4261869154870510101318359375">
        <ele>141</ele>
        <time>2026-09-13T04:55:17.000Z</time>
        <extensions>
          <ns3:TrackPointExtension>
            <ns3:hr>80</ns3:hr>
            <ns3:cad>0</ns3:cad>
          </ns3:TrackPointExtension>
        </extensions>
      </trkpt>
      <trkpt lat="37.515072114765644073486328125" lon="121.42622865736484527587890625">
        <ele>140.600006103515625</ele>
        <time>2026-09-13T04:55:21.000Z</time>
        <extensions>
          <ns3:TrackPointExtension>
            <ns3:hr>81</ns3:hr>
            <ns3:cad>50</ns3:cad>
          </ns3:TrackPointExtension>
        </extensions>
      </trkpt>
      <trkpt lat="37.51508661545813083648681640625" lon="121.4262593351304531097412109375">
        <ele>140</ele>
        <time>2026-09-13T04:55:25.000Z</time>
        <extensions>
          <ns3:TrackPointExtension>
            <ns3:hr>80</ns3:hr>
            <ns3:cad>47</ns3:cad>
          </ns3:TrackPointExtension>
        </extensions>
      </trkpt>
      <trkpt lat="37.5150937400758266448974609375" lon="121.42626947723329067230224609375">
        <ele>140</ele>
        <time>2026-09-13T04:55:26.000Z</time>
        <extensions>
          <ns3:TrackPointExtension>
            <ns3:hr>79</ns3:hr>
            <ns3:cad>0</ns3:cad>
          </ns3:TrackPointExtension>
        </extensions>
      </trkpt>
      <trkpt lat="37.5151105038821697235107421875" lon="121.4263071119785308837890625">
        <ele>139.1999969482421875</ele>
        <time>2026-09-13T04:55:30.000Z</time>
        <extensions>
          <ns3:TrackPointExtension>
            <ns3:hr>76</ns3:hr>
            <ns3:cad>50</ns3:cad>
          </ns3:TrackPointExtension>
        </extensions>
      </trkpt>
      <trkpt lat="37.51512341201305389404296875" lon="121.42632664181292057037353515625">
        <ele>139</ele>
        <time>2026-09-13T04:55:32.000Z</time>
        <extensions>
          <ns3:TrackPointExtension>
            <ns3:hr>75</ns3:hr>
            <ns3:cad>50</ns3:cad>
          </ns3:TrackPointExtension>
        </extensions>
      </trkpt>
      <trkpt lat="37.515129111707210540771484375" lon="121.4263351075351238250732421875">
        <ele>138.8000030517578125</ele>
        <time>2026-09-13T04:55:33.000Z</time>
        <extensions>
          <ns3:TrackPointExtension>
            <ns3:hr>74</ns3:hr>
            <ns3:cad>50</ns3:cad>
          </ns3:TrackPointExtension>
        </extensions>
      </trkpt>
      <trkpt lat="37.5151550956070423126220703125" lon="121.42640761099755764007568359375">
        <ele>137.8000030517578125</ele>
        <time>2026-09-13T04:55:40.000Z</time>
        <extensions>
          <ns3:TrackPointExtension>
            <ns3:hr>75</ns3:hr>
            <ns3:cad>53</ns3:cad>
          </ns3:TrackPointExtension>
        </extensions>
      </trkpt>
      <trkpt lat="37.51515853218734264373779296875" lon="121.42641733400523662567138671875">
        <ele>137.8000030517578125</ele>
        <time>2026-09-13T04:55:41.000Z</time>
        <extensions>
          <ns3:TrackPointExtension>
            <ns3:hr>74</ns3:hr>
            <ns3:cad>53</ns3:cad>
          </ns3:TrackPointExtension>
        </extensions>
      </trkpt>
      <trkpt lat="37.5151902996003627777099609375" lon="121.42648187465965747833251953125">
        <ele>137</ele>
        <time>2026-09-13T04:55:47.000Z</time>
        <extensions>
          <ns3:TrackPointExtension>
            <ns3:hr>74</ns3:hr>
            <ns3:cad>52</ns3:cad>
          </ns3:TrackPointExtension>
        </extensions>
      </trkpt>
      <trkpt lat="37.51519558019936084747314453125" lon="121.4264933578670024871826171875">
        <ele>136.8000030517578125</ele>
        <time>2026-09-13T04:55:48.000Z</time>
        <extensions>
          <ns3:TrackPointExtension>
            <ns3:hr>74</ns3:hr>
            <ns3:cad>52</ns3:cad>
          </ns3:TrackPointExtension>
        </extensions>
      </trkpt>
      <trkpt lat="37.51521117053925991058349609375" lon="121.42655588686466217041015625">
        <ele>136</ele>
        <time>2026-09-13T04:55:54.000Z</time>
        <extensions>
          <ns3:TrackPointExtension>
            <ns3:hr>74</ns3:hr>
            <ns3:cad>50</ns3:cad>
          </ns3:TrackPointExtension>
        </extensions>
      </trkpt>
      <trkpt lat="37.51522826962172985076904296875" lon="121.4266120456159114837646484375">
        <ele>135.8000030517578125</ele>
        <time>2026-09-13T04:55:58.000Z</time>
        <extensions>
          <ns3:TrackPointExtension>
            <ns3:hr>74</ns3:hr>
            <ns3:cad>49</ns3:cad>
          </ns3:TrackPointExtension>
        </extensions>
      </trkpt>
      <trkpt lat="37.5152315385639667510986328125" lon="121.426622606813907623291015625">
        <ele>135.600006103515625</ele>
        <time>2026-09-13T04:55:59.000Z</time>
        <extensions>
          <ns3:TrackPointExtension>
            <ns3:hr>74</ns3:hr>
            <ns3:cad>49</ns3:cad>
          </ns3:TrackPointExtension>
        </extensions>
      </trkpt>
      <trkpt lat="37.5152415968477725982666015625" lon="121.42667667008936405181884765625">
        <ele>134.8000030517578125</ele>
        <time>2026-09-13T04:56:04.000Z</time>
        <extensions>
          <ns3:TrackPointExtension>
            <ns3:hr>73</ns3:hr>
            <ns3:cad>55</ns3:cad>
          </ns3:TrackPointExtension>
        </extensions>
      </trkpt>
      <trkpt lat="37.51524939201772212982177734375" lon="121.42670047469437122344970703125">
        <ele>134.600006103515625</ele>
        <time>2026-09-13T04:56:06.000Z</time>
        <extensions>
          <ns3:TrackPointExtension>
            <ns3:hr>73</ns3:hr>
            <ns3:cad>55</ns3:cad>
          </ns3:TrackPointExtension>
        </extensions>
      </trkpt>
      <trkpt lat="37.515271268784999847412109375" lon="121.42675571143627166748046875">
        <ele>134</ele>
        <time>2026-09-13T04:56:12.000Z</time>
        <extensions>
          <ns3:TrackPointExtension>
            <ns3:hr>73</ns3:hr>
            <ns3:cad>54</ns3:cad>
          </ns3:TrackPointExtension>
        </extensions>
      </trkpt>
      <trkpt lat="37.51527738757431507110595703125" lon="121.42677758820354938507080078125">
        <ele>133.600006103515625</ele>
        <time>2026-09-13T04:56:14.000Z</time>
        <extensions>
          <ns3:TrackPointExtension>
            <ns3:hr>76</ns3:hr>
            <ns3:cad>54</ns3:cad>
          </ns3:TrackPointExtension>
        </extensions>
      </trkpt>
      <trkpt lat="37.51528845168650150299072265625" lon="121.42683726735413074493408203125">
        <ele>133.1999969482421875</ele>
        <time>2026-09-13T04:56:19.000Z</time>
        <extensions>
          <ns3:TrackPointExtension>
            <ns3:hr>79</ns3:hr>
            <ns3:cad>54</ns3:cad>
          </ns3:TrackPointExtension>
        </extensions>
      </trkpt>
      <trkpt lat="37.515297420322895050048828125" lon="121.4268688671290874481201171875">
        <ele>132.600006103515625</ele>
        <time>2026-09-13T04:56:24.000Z</time>
        <extensions>
          <ns3:TrackPointExtension>
            <ns3:hr>79</ns3:hr>
            <ns3:cad>0</ns3:cad>
          </ns3:TrackPointExtension>
        </extensions>
      </trkpt>
      <trkpt lat="37.51529867760837078094482421875" lon="121.4268765784800052642822265625">
        <ele>132.600006103515625</ele>
        <time>2026-09-13T04:56:25.000Z</time>
        <extensions>
          <ns3:TrackPointExtension>
            <ns3:hr>80</ns3:hr>
            <ns3:cad>0</ns3:cad>
          </ns3:TrackPointExtension>
        </extensions>
      </trkpt>
      <trkpt lat="37.515310831367969512939453125" lon="121.426945142447948455810546875">
        <ele>132</ele>
        <time>2026-09-13T04:56:31.000Z</time>
        <extensions>
          <ns3:TrackPointExtension>
            <ns3:hr>82</ns3:hr>
            <ns3:cad>51</ns3:cad>
          </ns3:TrackPointExtension>
        </extensions>
      </trkpt>
      <trkpt lat="37.51531745307147502899169921875" lon="121.426984034478664398193359375">
        <ele>131.600006103515625</ele>
        <time>2026-09-13T04:56:35.000Z</time>
        <extensions>
          <ns3:TrackPointExtension>
            <ns3:hr>81</ns3:hr>
            <ns3:cad>51</ns3:cad>
          </ns3:TrackPointExtension>
        </extensions>
      </trkpt>
      <trkpt lat="37.51531946472823619842529296875" lon="121.4270205795764923095703125">
        <ele>131.1999969482421875</ele>
        <time>2026-09-13T04:56:38.000Z</time>
        <extensions>
          <ns3:TrackPointExtension>
            <ns3:hr>80</ns3:hr>
            <ns3:cad>56</ns3:cad>
          </ns3:TrackPointExtension>
        </extensions>
      </trkpt>
      <trkpt lat="37.51533354632556438446044921875" lon="121.427090652287006378173828125">
        <ele>130.600006103515625</ele>
        <time>2026-09-13T04:56:44.000Z</time>
        <extensions>
          <ns3:TrackPointExtension>
            <ns3:hr>79</ns3:hr>
            <ns3:cad>57</ns3:cad>
          </ns3:TrackPointExtension>
        </extensions>
      </trkpt>
      <trkpt lat="37.5153374858200550079345703125" lon="121.42710548825562000274658203125">
        <ele>130.399993896484375</ele>
        <time>2026-09-13T04:56:46.000Z</time>
        <extensions>
          <ns3:TrackPointExtension>
            <ns3:hr>80</ns3:hr>
            <ns3:cad>61</ns3:cad>
          </ns3:TrackPointExtension>
        </extensions>
      </trkpt>
      <trkpt lat="37.5153448618948459625244140625" lon="121.42717656679451465606689453125">
        <ele>129.600006103515625</ele>
        <time>2026-09-13T04:56:52.000Z</time>
        <extensions>
          <ns3:TrackPointExtension>
            <ns3:hr>79</ns3:hr>
            <ns3:cad>57</ns3:cad>
          </ns3:TrackPointExtension>
        </extensions>
      </trkpt>
      <trkpt lat="37.51534528099000453948974609375" lon="121.42719157040119171142578125">
        <ele>129.600006103515625</ele>
        <time>2026-09-13T04:56:53.000Z</time>
        <extensions>
          <ns3:TrackPointExtension>
            <ns3:hr>78</ns3:hr>
            <ns3:cad>55</ns3:cad>
          </ns3:TrackPointExtension>
        </extensions>
      </trkpt>
      <trkpt lat="37.51534695737063884735107421875" lon="121.42722216434776782989501953125">
        <ele>129</ele>
        <time>2026-09-13T04:56:56.000Z</time>
        <extensions>
          <ns3:TrackPointExtension>
            <ns3:hr>75</ns3:hr>
            <ns3:cad>52</ns3:cad>
          </ns3:TrackPointExtension>
        </extensions>
      </trkpt>
      <trkpt lat="37.51535064540803432464599609375" lon="121.4272641576826572418212890625">
        <ele>128.600006103515625</ele>
        <time>2026-09-13T04:56:59.000Z</time>
        <extensions>
          <ns3:TrackPointExtension>
            <ns3:hr>75</ns3:hr>
            <ns3:cad>54</ns3:cad>
          </ns3:TrackPointExtension>
        </extensions>
      </trkpt>
      <trkpt lat="37.51535215415060520172119140625" lon="121.42729483544826507568359375">
        <ele>128.399993896484375</ele>
        <time>2026-09-13T04:57:01.000Z</time>
        <extensions>
          <ns3:TrackPointExtension>
            <ns3:hr>74</ns3:hr>
            <ns3:cad>55</ns3:cad>
          </ns3:TrackPointExtension>
        </extensions>
      </trkpt>
      <trkpt lat="37.5153565965592861175537109375" lon="121.4273459650576114654541015625">
        <ele>127.8000030517578125</ele>
        <time>2026-09-13T04:57:06.000Z</time>
        <extensions>
          <ns3:TrackPointExtension>
            <ns3:hr>74</ns3:hr>
            <ns3:cad>48</ns3:cad>
          </ns3:TrackPointExtension>
        </extensions>
      </trkpt>
      <trkpt lat="37.515355087816715240478515625" lon="121.42737639136612415313720703125">
        <ele>127.40000152587890625</ele>
        <time>2026-09-13T04:57:09.000Z</time>
        <extensions>
          <ns3:TrackPointExtension>
            <ns3:hr>73</ns3:hr>
            <ns3:cad>49</ns3:cad>
          </ns3:TrackPointExtension>
        </extensions>
      </trkpt>
      <trkpt lat="37.51535944640636444091796875" lon="121.42741897143423557281494140625">
        <ele>127</ele>
        <time>2026-09-13T04:57:13.000Z</time>
        <extensions>
          <ns3:TrackPointExtension>
            <ns3:hr>74</ns3:hr>
            <ns3:cad>50</ns3:cad>
          </ns3:TrackPointExtension>
        </extensions>
      </trkpt>
      <trkpt lat="37.51536405645310878753662109375" lon="121.42745937220752239227294921875">
        <ele>126.40000152587890625</ele>
        <time>2026-09-13T04:57:18.000Z</time>
        <extensions>
          <ns3:TrackPointExtension>
            <ns3:hr>74</ns3:hr>
            <ns3:cad>54</ns3:cad>
          </ns3:TrackPointExtension>
        </extensions>
      </trkpt>
      <trkpt lat="37.51537009142339229583740234375" lon="121.42745710909366607666015625">
        <ele>126.40000152587890625</ele>
        <time>2026-09-13T04:57:20.000Z</time>
        <extensions>
          <ns3:TrackPointExtension>
            <ns3:hr>74</ns3:hr>
            <ns3:cad>0</ns3:cad>
          </ns3:TrackPointExtension>
        </extensions>
      </trkpt>
      <trkpt lat="37.51537880860269069671630859375" lon="121.42750329338014125823974609375">
        <ele>125.8000030517578125</ele>
        <time>2026-09-13T04:57:27.000Z</time>
        <extensions>
          <ns3:TrackPointExtension>
            <ns3:hr>77</ns3:hr>
            <ns3:cad>71</ns3:cad>
          </ns3:TrackPointExtension>
        </extensions>
      </trkpt>
      <trkpt lat="37.51537813805043697357177734375" lon="121.42751016654074192047119140625">
        <ele>125.8000030517578125</ele>
        <time>2026-09-13T04:57:28.000Z</time>
        <extensions>
          <ns3:TrackPointExtension>
            <ns3:hr>77</ns3:hr>
            <ns3:cad>73</ns3:cad>
          </ns3:TrackPointExtension>
        </extensions>
      </trkpt>
      <trkpt lat="37.51537830568850040435791015625" lon="121.42755232751369476318359375">
        <ele>125.40000152587890625</ele>
        <time>2026-09-13T04:57:32.000Z</time>
        <extensions>
          <ns3:TrackPointExtension>
            <ns3:hr>77</ns3:hr>
            <ns3:cad>0</ns3:cad>
          </ns3:TrackPointExtension>
        </extensions>
      </trkpt>
      <trkpt lat="37.5153733603656291961669921875" lon="121.427579820156097412109375">
        <ele>125</ele>
        <time>2026-09-13T04:57:35.000Z</time>
        <extensions>
          <ns3:TrackPointExtension>
            <ns3:hr>78</ns3:hr>
            <ns3:cad>0</ns3:cad>
          </ns3:TrackPointExtension>
        </extensions>
      </trkpt>
      <trkpt lat="37.51537151634693145751953125" lon="121.4276309497654438018798828125">
        <ele>124.40000152587890625</ele>
        <time>2026-09-13T04:57:41.000Z</time>
        <extensions>
          <ns3:TrackPointExtension>
            <ns3:hr>77</ns3:hr>
            <ns3:cad>45</ns3:cad>
          </ns3:TrackPointExtension>
        </extensions>
      </trkpt>
      <trkpt lat="37.5153748691082000732421875" lon="121.427655257284641265869140625">
        <ele>124.1999969482421875</ele>
        <time>2026-09-13T04:57:43.000Z</time>
        <extensions>
          <ns3:TrackPointExtension>
            <ns3:hr>77</ns3:hr>
            <ns3:cad>45</ns3:cad>
          </ns3:TrackPointExtension>
        </extensions>
      </trkpt>
      <trkpt lat="37.51537956297397613525390625" lon="121.42769004218280315399169921875">
        <ele>123.59999847412109375</ele>
        <time>2026-09-13T04:57:48.000Z</time>
        <extensions>
          <ns3:TrackPointExtension>
            <ns3:hr>77</ns3:hr>
            <ns3:cad>0</ns3:cad>
          </ns3:TrackPointExtension>
        </extensions>
      </trkpt>
      <trkpt lat="37.5153936445713043212890625" lon="121.4277389086782932281494140625">
        <ele>123.1999969482421875</ele>
        <time>2026-09-13T04:57:53.000Z</time>
        <extensions>
          <ns3:TrackPointExtension>
            <ns3:hr>78</ns3:hr>
            <ns3:cad>45</ns3:cad>
          </ns3:TrackPointExtension>
        </extensions>
      </trkpt>
      <trkpt lat="37.51540378667414188385009765625" lon="121.4277607016265392303466796875">
        <ele>123</ele>
        <time>2026-09-13T04:57:55.000Z</time>
        <extensions>
          <ns3:TrackPointExtension>
            <ns3:hr>79</ns3:hr>
            <ns3:cad>46</ns3:cad>
          </ns3:TrackPointExtension>
        </extensions>
      </trkpt>
      <trkpt lat="37.515424825251102447509765625" lon="121.42781342379748821258544921875">
        <ele>122</ele>
        <time>2026-09-13T04:58:00.000Z</time>
        <extensions>
          <ns3:TrackPointExtension>
            <ns3:hr>79</ns3:hr>
            <ns3:cad>47</ns3:cad>
          </ns3:TrackPointExtension>
        </extensions>
      </trkpt>
      <trkpt lat="37.51542784273624420166015625" lon="121.42782012932002544403076171875">
        <ele>121.8000030517578125</ele>
        <time>2026-09-13T04:58:01.000Z</time>
        <extensions>
          <ns3:TrackPointExtension>
            <ns3:hr>78</ns3:hr>
            <ns3:cad>46</ns3:cad>
          </ns3:TrackPointExtension>
        </extensions>
      </trkpt>
      <trkpt lat="37.5154477916657924652099609375" lon="121.42787226475775241851806640625">
        <ele>121</ele>
        <time>2026-09-13T04:58:06.000Z</time>
        <extensions>
          <ns3:TrackPointExtension>
            <ns3:hr>77</ns3:hr>
            <ns3:cad>47</ns3:cad>
          </ns3:TrackPointExtension>
        </extensions>
      </trkpt>
      <trkpt lat="37.5154504738748073577880859375" lon="121.42787913791835308074951171875">
        <ele>120.8000030517578125</ele>
        <time>2026-09-13T04:58:07.000Z</time>
        <extensions>
          <ns3:TrackPointExtension>
            <ns3:hr>77</ns3:hr>
            <ns3:cad>47</ns3:cad>
          </ns3:TrackPointExtension>
        </extensions>
      </trkpt>
      <trkpt lat="37.51548140309751033782958984375" lon="121.4279434271156787872314453125">
        <ele>120</ele>
        <time>2026-09-13T04:58:13.000Z</time>
        <extensions>
          <ns3:TrackPointExtension>
            <ns3:hr>77</ns3:hr>
            <ns3:cad>48</ns3:cad>
          </ns3:TrackPointExtension>
        </extensions>
      </trkpt>
      <trkpt lat="37.51549062319099903106689453125" lon="121.42796538770198822021484375">
        <ele>119.59999847412109375</ele>
        <time>2026-09-13T04:58:16.000Z</time>
        <extensions>
          <ns3:TrackPointExtension>
            <ns3:hr>77</ns3:hr>
            <ns3:cad>49</ns3:cad>
          </ns3:TrackPointExtension>
        </extensions>
      </trkpt>
      <trkpt lat="37.51552448607981204986572265625" lon="121.4279870130121707916259765625">
        <ele>119</ele>
        <time>2026-09-13T04:58:22.000Z</time>
        <extensions>
          <ns3:TrackPointExtension>
            <ns3:hr>76</ns3:hr>
            <ns3:cad>50</ns3:cad>
          </ns3:TrackPointExtension>
        </extensions>
      </trkpt>
      <trkpt lat="37.51556061208248138427734375" lon="121.42802967689931392669677734375">
        <ele>118.1999969482421875</ele>
        <time>2026-09-13T04:58:28.000Z</time>
        <extensions>
          <ns3:TrackPointExtension>
            <ns3:hr>77</ns3:hr>
            <ns3:cad>51</ns3:cad>
          </ns3:TrackPointExtension>
        </extensions>
      </trkpt>
      <trkpt lat="37.51557528041303157806396484375" lon="121.42806655727326869964599609375">
        <ele>117.8000030517578125</ele>
        <time>2026-09-13T04:58:31.000Z</time>
        <extensions>
          <ns3:TrackPointExtension>
            <ns3:hr>77</ns3:hr>
            <ns3:cad>51</ns3:cad>
          </ns3:TrackPointExtension>
        </extensions>
      </trkpt>
      <trkpt lat="37.51558433286845684051513671875" lon="121.42811818979680538177490234375">
        <ele>117.40000152587890625</ele>
        <time>2026-09-13T04:58:35.000Z</time>
        <extensions>
          <ns3:TrackPointExtension>
            <ns3:hr>77</ns3:hr>
            <ns3:cad>51</ns3:cad>
          </ns3:TrackPointExtension>
        </extensions>
      </trkpt>
      <trkpt lat="37.51559824682772159576416015625" lon="121.42816764302551746368408203125">
        <ele>117</ele>
        <time>2026-09-13T04:58:39.000Z</time>
        <extensions>
          <ns3:TrackPointExtension>
            <ns3:hr>80</ns3:hr>
            <ns3:cad>0</ns3:cad>
          </ns3:TrackPointExtension>
        </extensions>
      </trkpt>
      <trkpt lat="37.5155983306467533111572265625" lon="121.428173594176769256591796875">
        <ele>116.8000030517578125</ele>
        <time>2026-09-13T04:58:40.000Z</time>
        <extensions>
          <ns3:TrackPointExtension>
            <ns3:hr>80</ns3:hr>
            <ns3:cad>0</ns3:cad>
          </ns3:TrackPointExtension>
        </extensions>
      </trkpt>
      <trkpt lat="37.51560025848448276519775390625" lon="121.4281818084418773651123046875">
        <ele>116.59999847412109375</ele>
        <time>2026-09-13T04:58:41.000Z</time>
        <extensions>
          <ns3:TrackPointExtension>
            <ns3:hr>80</ns3:hr>
            <ns3:cad>47</ns3:cad>
          </ns3:TrackPointExtension>
        </extensions>
      </trkpt>
      <trkpt lat="37.5156271643936634063720703125" lon="121.428260765969753265380859375">
        <ele>116</ele>
        <time>2026-09-13T04:58:47.000Z</time>
        <extensions>
          <ns3:TrackPointExtension>
            <ns3:hr>81</ns3:hr>
            <ns3:cad>48</ns3:cad>
          </ns3:TrackPointExtension>
        </extensions>
      </trkpt>
      <trkpt lat="37.51563764177262783050537109375" lon="121.42828859388828277587890625">
        <ele>115.59999847412109375</ele>
        <time>2026-09-13T04:58:49.000Z</time>
        <extensions>
          <ns3:TrackPointExtension>
            <ns3:hr>81</ns3:hr>
            <ns3:cad>47</ns3:cad>
          </ns3:TrackPointExtension>
        </extensions>
      </trkpt>
      <trkpt lat="37.51565943472087383270263671875" lon="121.42833678983151912689208984375">
        <ele>114.8000030517578125</ele>
        <time>2026-09-13T04:58:54.000Z</time>
        <extensions>
          <ns3:TrackPointExtension>
            <ns3:hr>83</ns3:hr>
            <ns3:cad>0</ns3:cad>
          </ns3:TrackPointExtension>
        </extensions>
      </trkpt>
      <trkpt lat="37.51566781662404537200927734375" lon="121.428356654942035675048828125">
        <ele>114.59999847412109375</ele>
        <time>2026-09-13T04:58:56.000Z</time>
        <extensions>
          <ns3:TrackPointExtension>
            <ns3:hr>84</ns3:hr>
            <ns3:cad>53</ns3:cad>
          </ns3:TrackPointExtension>
        </extensions>
      </trkpt>
      <trkpt lat="37.51568474806845188140869140625" lon="121.4283978939056396484375">
        <ele>113.8000030517578125</ele>
        <time>2026-09-13T04:59:01.000Z</time>
        <extensions>
          <ns3:TrackPointExtension>
            <ns3:hr>84</ns3:hr>
            <ns3:cad>47</ns3:cad>
          </ns3:TrackPointExtension>
        </extensions>
      </trkpt>
      <trkpt lat="37.5156908668577671051025390625" lon="121.42840451560914516448974609375">
        <ele>113.40000152587890625</ele>
        <time>2026-09-13T04:59:04.000Z</time>
        <extensions>
          <ns3:TrackPointExtension>
            <ns3:hr>84</ns3:hr>
            <ns3:cad>49</ns3:cad>
          </ns3:TrackPointExtension>
        </extensions>
      </trkpt>
      <trkpt lat="37.5156925432384014129638671875" lon="121.4284211955964565277099609375">
        <ele>113.1999969482421875</ele>
        <time>2026-09-13T04:59:06.000Z</time>
        <extensions>
          <ns3:TrackPointExtension>
            <ns3:hr>84</ns3:hr>
            <ns3:cad>49</ns3:cad>
          </ns3:TrackPointExtension>
        </extensions>
      </trkpt>
      <trkpt lat="37.5156965665519237518310546875" lon="121.428474672138690948486328125">
        <ele>112.59999847412109375</ele>
        <time>2026-09-13T04:59:12.000Z</time>
        <extensions>
          <ns3:TrackPointExtension>
            <ns3:hr>84</ns3:hr>
            <ns3:cad>49</ns3:cad>
          </ns3:TrackPointExtension>
        </extensions>
      </trkpt>
      <trkpt lat="37.51569732092320919036865234375" lon="121.42848397605121135711669921875">
        <ele>112.40000152587890625</ele>
        <time>2026-09-13T04:59:13.000Z</time>
        <extensions>
          <ns3:TrackPointExtension>
            <ns3:hr>84</ns3:hr>
            <ns3:cad>49</ns3:cad>
          </ns3:TrackPointExtension>
        </extensions>
      </trkpt>
      <trkpt lat="37.5157046131789684295654296875" lon="121.42853057943284511566162109375">
        <ele>111.8000030517578125</ele>
        <time>2026-09-13T04:59:17.000Z</time>
        <extensions>
          <ns3:TrackPointExtension>
            <ns3:hr>82</ns3:hr>
            <ns3:cad>46</ns3:cad>
          </ns3:TrackPointExtension>
        </extensions>
      </trkpt>
      <trkpt lat="37.515709809958934783935546875" lon="121.42856863327324390411376953125">
        <ele>111.40000152587890625</ele>
        <time>2026-09-13T04:59:20.000Z</time>
        <extensions>
          <ns3:TrackPointExtension>
            <ns3:hr>82</ns3:hr>
            <ns3:cad>45</ns3:cad>
          </ns3:TrackPointExtension>
        </extensions>
      </trkpt>
      <trkpt lat="37.515709139406681060791015625" lon="121.42858120612800121307373046875">
        <ele>111.1999969482421875</ele>
        <time>2026-09-13T04:59:22.000Z</time>
        <extensions>
          <ns3:TrackPointExtension>
            <ns3:hr>81</ns3:hr>
            <ns3:cad>48</ns3:cad>
          </ns3:TrackPointExtension>
        </extensions>
      </trkpt>
      <trkpt lat="37.51570402644574642181396484375" lon="121.4286451600492000579833984375">
        <ele>110.1999969482421875</ele>
        <time>2026-09-13T04:59:28.000Z</time>
        <extensions>
          <ns3:TrackPointExtension>
            <ns3:hr>83</ns3:hr>
            <ns3:cad>45</ns3:cad>
          </ns3:TrackPointExtension>
        </extensions>
      </trkpt>
      <trkpt lat="37.5157267414033412933349609375" lon="121.4287155680358409881591796875">
        <ele>109.1999969482421875</ele>
        <time>2026-09-13T04:59:35.000Z</time>
        <extensions>
          <ns3:TrackPointExtension>
            <ns3:hr>84</ns3:hr>
            <ns3:cad>45</ns3:cad>
          </ns3:TrackPointExtension>
        </extensions>
      </trkpt>
      <trkpt lat="37.51573520712554454803466796875" lon="121.4287199266254901885986328125">
        <ele>109.1999969482421875</ele>
        <time>2026-09-13T04:59:36.000Z</time>
        <extensions>
          <ns3:TrackPointExtension>
            <ns3:hr>83</ns3:hr>
            <ns3:cad>45</ns3:cad>
          </ns3:TrackPointExtension>
        </extensions>
      </trkpt>
      <trkpt lat="37.51575130037963390350341796875" lon="121.42875001765787601470947265625">
        <ele>108.59999847412109375</ele>
        <time>2026-09-13T04:59:43.000Z</time>
        <extensions>
          <ns3:TrackPointExtension>
            <ns3:hr>84</ns3:hr>
            <ns3:cad>0</ns3:cad>
          </ns3:TrackPointExtension>
        </extensions>
      </trkpt>
      <trkpt lat="37.51574425958096981048583984375" lon="121.42879259772598743438720703125">
        <ele>108.1999969482421875</ele>
        <time>2026-09-13T04:59:48.000Z</time>
        <extensions>
          <ns3:TrackPointExtension>
            <ns3:hr>81</ns3:hr>
            <ns3:cad>52</ns3:cad>
          </ns3:TrackPointExtension>
        </extensions>
      </trkpt>
      <trkpt lat="37.51574124209582805633544921875" lon="121.428806595504283905029296875">
        <ele>108</ele>
        <time>2026-09-13T04:59:49.000Z</time>
        <extensions>
          <ns3:TrackPointExtension>
            <ns3:hr>80</ns3:hr>
            <ns3:cad>0</ns3:cad>
          </ns3:TrackPointExtension>
        </extensions>
      </trkpt>
      <trkpt lat="37.5157367996871471405029296875" lon="121.42885277979075908660888671875">
        <ele>107.40000152587890625</ele>
        <time>2026-09-13T04:59:54.000Z</time>
        <extensions>
          <ns3:TrackPointExtension>
            <ns3:hr>79</ns3:hr>
            <ns3:cad>43</ns3:cad>
          </ns3:TrackPointExtension>
        </extensions>
      </trkpt>
      <trkpt lat="37.5157300941646099090576171875" lon="121.42888538539409637451171875">
        <ele>107</ele>
        <time>2026-09-13T04:59:57.000Z</time>
        <extensions>
          <ns3:TrackPointExtension>
            <ns3:hr>78</ns3:hr>
            <ns3:cad>45</ns3:cad>
          </ns3:TrackPointExtension>
        </extensions>
      </trkpt>
      <trkpt lat="37.5157237239181995391845703125" lon="121.428912542760372161865234375">
        <ele>106.8000030517578125</ele>
        <time>2026-09-13T05:00:00.000Z</time>
        <extensions>
          <ns3:TrackPointExtension>
            <ns3:hr>77</ns3:hr>
            <ns3:cad>45</ns3:cad>
          </ns3:TrackPointExtension>
        </extensions>
      </trkpt>
      <trkpt lat="37.5157203711569309234619140625" lon="121.42895336262881755828857421875">
        <ele>106.40000152587890625</ele>
        <time>2026-09-13T05:00:03.000Z</time>
        <extensions>
          <ns3:TrackPointExtension>
            <ns3:hr>74</ns3:hr>
            <ns3:cad>47</ns3:cad>
          </ns3:TrackPointExtension>
        </extensions>
      </trkpt>
      <trkpt lat="37.5157213769853115081787109375" lon="121.42897247336804866790771484375">
        <ele>106</ele>
        <time>2026-09-13T05:00:05.000Z</time>
        <extensions>
          <ns3:TrackPointExtension>
            <ns3:hr>74</ns3:hr>
            <ns3:cad>47</ns3:cad>
          </ns3:TrackPointExtension>
        </extensions>
      </trkpt>
      <trkpt lat="37.51571995206177234649658203125" lon="121.42898538149893283843994140625">
        <ele>106</ele>
        <time>2026-09-13T05:00:06.000Z</time>
        <extensions>
          <ns3:TrackPointExtension>
            <ns3:hr>74</ns3:hr>
            <ns3:cad>47</ns3:cad>
          </ns3:TrackPointExtension>
        </extensions>
      </trkpt>
      <trkpt lat="37.51571844331920146942138671875" lon="121.42901723273098468780517578125">
        <ele>105.40000152587890625</ele>
        <time>2026-09-13T05:00:10.000Z</time>
        <extensions>
          <ns3:TrackPointExtension>
            <ns3:hr>73</ns3:hr>
            <ns3:cad>45</ns3:cad>
          </ns3:TrackPointExtension>
        </extensions>
      </trkpt>
      <trkpt lat="37.51571592874825000762939453125" lon="121.42904841341078281402587890625">
        <ele>105</ele>
        <time>2026-09-13T05:00:14.000Z</time>
        <extensions>
          <ns3:TrackPointExtension>
            <ns3:hr>72</ns3:hr>
            <ns3:cad>42</ns3:cad>
          </ns3:TrackPointExtension>
        </extensions>
      </trkpt>
      <trkpt lat="37.5157106481492519378662109375" lon="121.4290805160999298095703125">
        <ele>104.40000152587890625</ele>
        <time>2026-09-13T05:00:17.000Z</time>
        <extensions>
          <ns3:TrackPointExtension>
            <ns3:hr>71</ns3:hr>
            <ns3:cad>45</ns3:cad>
          </ns3:TrackPointExtension>
        </extensions>
      </trkpt>
      <trkpt lat="37.51571693457663059234619140625" lon="121.42912971787154674530029296875">
        <ele>103.8000030517578125</ele>
        <time>2026-09-13T05:00:22.000Z</time>
        <extensions>
          <ns3:TrackPointExtension>
            <ns3:hr>71</ns3:hr>
            <ns3:cad>44</ns3:cad>
          </ns3:TrackPointExtension>
        </extensions>
      </trkpt>
      <trkpt lat="37.5157180242240428924560546875" lon="121.42914413474500179290771484375">
        <ele>103.59999847412109375</ele>
        <time>2026-09-13T05:00:24.000Z</time>
        <extensions>
          <ns3:TrackPointExtension>
            <ns3:hr>71</ns3:hr>
            <ns3:cad>44</ns3:cad>
          </ns3:TrackPointExtension>
        </extensions>
      </trkpt>
      <trkpt lat="37.51572380773723125457763671875" lon="121.429198198020458221435546875">
        <ele>103</ele>
        <time>2026-09-13T05:00:29.000Z</time>
        <extensions>
          <ns3:TrackPointExtension>
            <ns3:hr>70</ns3:hr>
            <ns3:cad>49</ns3:cad>
          </ns3:TrackPointExtension>
        </extensions>
      </trkpt>
      <trkpt lat="37.5157257355749607086181640625" lon="121.4292228408157825469970703125">
        <ele>102.8000030517578125</ele>
        <time>2026-09-13T05:00:31.000Z</time>
        <extensions>
          <ns3:TrackPointExtension>
            <ns3:hr>71</ns3:hr>
            <ns3:cad>50</ns3:cad>
          </ns3:TrackPointExtension>
        </extensions>
      </trkpt>
      <trkpt lat="37.51572816632688045501708984375" lon="121.42926701344549655914306640625">
        <ele>102.1999969482421875</ele>
        <time>2026-09-13T05:00:35.000Z</time>
        <extensions>
          <ns3:TrackPointExtension>
            <ns3:hr>71</ns3:hr>
            <ns3:cad>51</ns3:cad>
          </ns3:TrackPointExtension>
        </extensions>
      </trkpt>
      <trkpt lat="37.51570452935993671417236328125" lon="121.429309509694576263427734375">
        <ele>101.8000030517578125</ele>
        <time>2026-09-13T05:00:39.000Z</time>
        <extensions>
          <ns3:TrackPointExtension>
            <ns3:hr>72</ns3:hr>
            <ns3:cad>52</ns3:cad>
          </ns3:TrackPointExtension>
        </extensions>
      </trkpt>
      <trkpt lat="37.5156878493726253509521484375" lon="121.4293445460498332977294921875">
        <ele>101.40000152587890625</ele>
        <time>2026-09-13T05:00:42.000Z</time>
        <extensions>
          <ns3:TrackPointExtension>
            <ns3:hr>73</ns3:hr>
            <ns3:cad>49</ns3:cad>
          </ns3:TrackPointExtension>
        </extensions>
      </trkpt>
      <trkpt lat="37.5156707502901554107666015625" lon="121.4294132776558399200439453125">
        <ele>100.8000030517578125</ele>
        <time>2026-09-13T05:00:48.000Z</time>
        <extensions>
          <ns3:TrackPointExtension>
            <ns3:hr>72</ns3:hr>
            <ns3:cad>0</ns3:cad>
          </ns3:TrackPointExtension>
        </extensions>
      </trkpt>
      <trkpt lat="37.515669576823711395263671875" lon="121.4294211566448211669921875">
        <ele>100.59999847412109375</ele>
        <time>2026-09-13T05:00:49.000Z</time>
        <extensions>
          <ns3:TrackPointExtension>
            <ns3:hr>72</ns3:hr>
            <ns3:cad>0</ns3:cad>
          </ns3:TrackPointExtension>
        </extensions>
      </trkpt>
      <trkpt lat="37.51566580496728420257568359375" lon="121.42946700565516948699951171875">
        <ele>100</ele>
        <time>2026-09-13T05:00:54.000Z</time>
        <extensions>
          <ns3:TrackPointExtension>
            <ns3:hr>73</ns3:hr>
            <ns3:cad>48</ns3:cad>
          </ns3:TrackPointExtension>
        </extensions>
      </trkpt>
      <trkpt lat="37.51566362567245960235595703125" lon="121.42952064983546733856201171875">
        <ele>99.59999847412109375</ele>
        <time>2026-09-13T05:00:58.000Z</time>
        <extensions>
          <ns3:TrackPointExtension>
            <ns3:hr>74</ns3:hr>
            <ns3:cad>48</ns3:cad>
          </ns3:TrackPointExtension>
        </extensions>
      </trkpt>
      <trkpt lat="37.51566161401569843292236328125" lon="121.42952718771994113922119140625">
        <ele>99.40000152587890625</ele>
        <time>2026-09-13T05:00:59.000Z</time>
        <extensions>
          <ns3:TrackPointExtension>
            <ns3:hr>73</ns3:hr>
            <ns3:cad>48</ns3:cad>
          </ns3:TrackPointExtension>
        </extensions>
      </trkpt>
      <trkpt lat="37.515640072524547576904296875" lon="121.42957949079573154449462890625">
        <ele>98.8000030517578125</ele>
        <time>2026-09-13T05:01:05.000Z</time>
        <extensions>
          <ns3:TrackPointExtension>
            <ns3:hr>74</ns3:hr>
            <ns3:cad>49</ns3:cad>
          </ns3:TrackPointExtension>
        </extensions>
      </trkpt>
      <trkpt lat="37.51562423072755336761474609375" lon="121.4296080730855464935302734375">
        <ele>98.59999847412109375</ele>
        <time>2026-09-13T05:01:08.000Z</time>
        <extensions>
          <ns3:TrackPointExtension>
            <ns3:hr>75</ns3:hr>
            <ns3:cad>49</ns3:cad>
          </ns3:TrackPointExtension>
        </extensions>
      </trkpt>
      <trkpt lat="37.5156171061098575592041015625" lon="121.429633386433124542236328125">
        <ele>98.1999969482421875</ele>
        <time>2026-09-13T05:01:11.000Z</time>
        <extensions>
          <ns3:TrackPointExtension>
            <ns3:hr>75</ns3:hr>
            <ns3:cad>51</ns3:cad>
          </ns3:TrackPointExtension>
        </extensions>
      </trkpt>
      <trkpt lat="37.51559958793222904205322265625" lon="121.4296992681920528411865234375">
        <ele>97.40000152587890625</ele>
        <time>2026-09-13T05:01:17.000Z</time>
        <extensions>
          <ns3:TrackPointExtension>
            <ns3:hr>76</ns3:hr>
            <ns3:cad>47</ns3:cad>
          </ns3:TrackPointExtension>
        </extensions>
      </trkpt>
      <trkpt lat="37.51559372060000896453857421875" lon="121.429711841046810150146484375">
        <ele>97.1999969482421875</ele>
        <time>2026-09-13T05:01:18.000Z</time>
        <extensions>
          <ns3:TrackPointExtension>
            <ns3:hr>76</ns3:hr>
            <ns3:cad>47</ns3:cad>
          </ns3:TrackPointExtension>
        </extensions>
      </trkpt>
      <trkpt lat="37.5155599415302276611328125" lon="121.4297837577760219573974609375">
        <ele>96.40000152587890625</ele>
        <time>2026-09-13T05:01:26.000Z</time>
        <extensions>
          <ns3:TrackPointExtension>
            <ns3:hr>79</ns3:hr>
            <ns3:cad>0</ns3:cad>
          </ns3:TrackPointExtension>
        </extensions>
      </trkpt>
      <trkpt lat="37.51555616967380046844482421875" lon="121.4297901280224323272705078125">
        <ele>96.40000152587890625</ele>
        <time>2026-09-13T05:01:27.000Z</time>
        <extensions>
          <ns3:TrackPointExtension>
            <ns3:hr>82</ns3:hr>
            <ns3:cad>0</ns3:cad>
          </ns3:TrackPointExtension>
        </extensions>
      </trkpt>
      <trkpt lat="37.5155513919889926910400390625" lon="121.42980194650590419769287109375">
        <ele>96.1999969482421875</ele>
        <time>2026-09-13T05:01:28.000Z</time>
        <extensions>
          <ns3:TrackPointExtension>
            <ns3:hr>86</ns3:hr>
            <ns3:cad>0</ns3:cad>
          </ns3:TrackPointExtension>
        </extensions>
      </trkpt>
      <trkpt lat="37.51554795540869235992431640625" lon="121.4298078976571559906005859375">
        <ele>96.1999969482421875</ele>
        <time>2026-09-13T05:01:29.000Z</time>
        <extensions>
          <ns3:TrackPointExtension>
            <ns3:hr>86</ns3:hr>
            <ns3:cad>0</ns3:cad>
          </ns3:TrackPointExtension>
        </extensions>
      </trkpt>
      <trkpt lat="37.5155396573245525360107421875" lon="121.42983698286116123199462890625">
        <ele>95.8000030517578125</ele>
        <time>2026-09-13T05:01:31.000Z</time>
        <extensions>
          <ns3:TrackPointExtension>
            <ns3:hr>86</ns3:hr>
            <ns3:cad>0</ns3:cad>
          </ns3:TrackPointExtension>
        </extensions>
      </trkpt>
      <trkpt lat="37.51553110778331756591796875" lon="121.42988425679504871368408203125">
        <ele>95.40000152587890625</ele>
        <time>2026-09-13T05:01:35.000Z</time>
        <extensions>
          <ns3:TrackPointExtension>
            <ns3:hr>87</ns3:hr>
            <ns3:cad>0</ns3:cad>
          </ns3:TrackPointExtension>
        </extensions>
      </trkpt>
      <trkpt lat="37.5155426748096942901611328125" lon="121.4299041219055652618408203125">
        <ele>95</ele>
        <time>2026-09-13T05:01:38.000Z</time>
        <extensions>
          <ns3:TrackPointExtension>
            <ns3:hr>87</ns3:hr>
            <ns3:cad>0</ns3:cad>
          </ns3:TrackPointExtension>
        </extensions>
      </trkpt>
      <trkpt lat="37.515542842447757720947265625" lon="121.4299842528998851776123046875">
        <ele>94.8000030517578125</ele>
        <time>2026-09-13T05:01:45.000Z</time>
        <extensions>
          <ns3:TrackPointExtension>
            <ns3:hr>84</ns3:hr>
            <ns3:cad>0</ns3:cad>
          </ns3:TrackPointExtension>
        </extensions>
      </trkpt>
      <trkpt lat="37.515542507171630859375" lon="121.4299951493740081787109375">
        <ele>94.8000030517578125</ele>
        <time>2026-09-13T05:01:46.000Z</time>
        <extensions>
          <ns3:TrackPointExtension>
            <ns3:hr>84</ns3:hr>
            <ns3:cad>0</ns3:cad>
          </ns3:TrackPointExtension>
        </extensions>
      </trkpt>
      <trkpt lat="37.51553521491587162017822265625" lon="121.43003094010055065155029296875">
        <ele>94.1999969482421875</ele>
        <time>2026-09-13T05:01:52.000Z</time>
        <extensions>
          <ns3:TrackPointExtension>
            <ns3:hr>83</ns3:hr>
            <ns3:cad>0</ns3:cad>
          </ns3:TrackPointExtension>
        </extensions>
      </trkpt>
      <trkpt lat="37.515534125268459320068359375" lon="121.43003496341407299041748046875">
        <ele>94.1999969482421875</ele>
        <time>2026-09-13T05:01:54.000Z</time>
        <extensions>
          <ns3:TrackPointExtension>
            <ns3:hr>83</ns3:hr>
            <ns3:cad>0</ns3:cad>
          </ns3:TrackPointExtension>
        </extensions>
      </trkpt>
      <trkpt lat="37.5155339576303958892822265625" lon="121.43006983213126659393310546875">
        <ele>94</ele>
        <time>2026-09-13T05:02:02.000Z</time>
        <extensions>
          <ns3:TrackPointExtension>
            <ns3:hr>83</ns3:hr>
            <ns3:cad>0</ns3:cad>
          </ns3:TrackPointExtension>
        </extensions>
      </trkpt>
      <trkpt lat="37.51555466093122959136962890625" lon="121.43009682185947895050048828125">
        <ele>94.1999969482421875</ele>
        <time>2026-09-13T05:02:06.000Z</time>
        <extensions>
          <ns3:TrackPointExtension>
            <ns3:hr>86</ns3:hr>
            <ns3:cad>47</ns3:cad>
          </ns3:TrackPointExtension>
        </extensions>
      </trkpt>
      <trkpt lat="37.51557678915560245513916015625" lon="121.43011928535997867584228515625">
        <ele>94.1999969482421875</ele>
        <time>2026-09-13T05:02:09.000Z</time>
        <extensions>
          <ns3:TrackPointExtension>
            <ns3:hr>89</ns3:hr>
            <ns3:cad>48</ns3:cad>
          </ns3:TrackPointExtension>
        </extensions>
      </trkpt>
      <trkpt lat="37.5155812315642833709716796875" lon="121.43012783490121364593505859375">
        <ele>94.1999969482421875</ele>
        <time>2026-09-13T05:02:10.000Z</time>
        <extensions>
          <ns3:TrackPointExtension>
            <ns3:hr>89</ns3:hr>
            <ns3:cad>51</ns3:cad>
          </ns3:TrackPointExtension>
        </extensions>
      </trkpt>
      <trkpt lat="37.5156114064157009124755859375" lon="121.43018315546214580535888671875">
        <ele>94.1999969482421875</ele>
        <time>2026-09-13T05:02:14.000Z</time>
        <extensions>
          <ns3:TrackPointExtension>
            <ns3:hr>92</ns3:hr>
            <ns3:cad>53</ns3:cad>
          </ns3:TrackPointExtension>
        </extensions>
      </trkpt>
      <trkpt lat="37.51561936922371387481689453125" lon="121.4301954768598079681396484375">
        <ele>94.1999969482421875</ele>
        <time>2026-09-13T05:02:16.000Z</time>
        <extensions>
          <ns3:TrackPointExtension>
            <ns3:hr>92</ns3:hr>
            <ns3:cad>53</ns3:cad>
          </ns3:TrackPointExtension>
        </extensions>
      </trkpt>
      <trkpt lat="37.5156618654727935791015625" lon="121.4302796311676502227783203125">
        <ele>93.59999847412109375</ele>
        <time>2026-09-13T05:02:23.000Z</time>
        <extensions>
          <ns3:TrackPointExtension>
            <ns3:hr>91</ns3:hr>
            <ns3:cad>51</ns3:cad>
          </ns3:TrackPointExtension>
        </extensions>
      </trkpt>
      <trkpt lat="37.515671588480472564697265625" lon="121.4303101412951946258544921875">
        <ele>93.1999969482421875</ele>
        <time>2026-09-13T05:02:27.000Z</time>
        <extensions>
          <ns3:TrackPointExtension>
            <ns3:hr>91</ns3:hr>
            <ns3:cad>51</ns3:cad>
          </ns3:TrackPointExtension>
        </extensions>
      </trkpt>
      <trkpt lat="37.5156875140964984893798828125" lon="121.43034190870821475982666015625">
        <ele>93.1999969482421875</ele>
        <time>2026-09-13T05:02:30.000Z</time>
        <extensions>
          <ns3:TrackPointExtension>
            <ns3:hr>91</ns3:hr>
            <ns3:cad>52</ns3:cad>
          </ns3:TrackPointExtension>
        </extensions>
      </trkpt>
      <trkpt lat="37.51570411026477813720703125" lon="121.43038205802440643310546875">
        <ele>92.8000030517578125</ele>
        <time>2026-09-13T05:02:35.000Z</time>
        <extensions>
          <ns3:TrackPointExtension>
            <ns3:hr>91</ns3:hr>
            <ns3:cad>51</ns3:cad>
          </ns3:TrackPointExtension>
        </extensions>
      </trkpt>
      <trkpt lat="37.51574409194290637969970703125" lon="121.430468894541263580322265625">
        <ele>92.40000152587890625</ele>
        <time>2026-09-13T05:02:42.000Z</time>
        <extensions>
          <ns3:TrackPointExtension>
            <ns3:hr>89</ns3:hr>
            <ns3:cad>50</ns3:cad>
          </ns3:TrackPointExtension>
        </extensions>
      </trkpt>
      <trkpt lat="37.51576186157763004302978515625" lon="121.43049546517431735992431640625">
        <ele>92.1999969482421875</ele>
        <time>2026-09-13T05:02:44.000Z</time>
        <extensions>
          <ns3:TrackPointExtension>
            <ns3:hr>90</ns3:hr>
            <ns3:cad>50</ns3:cad>
          </ns3:TrackPointExtension>
        </extensions>
      </trkpt>
      <trkpt lat="37.5157800503075122833251953125" lon="121.43056352622807025909423828125">
        <ele>91.8000030517578125</ele>
        <time>2026-09-13T05:02:49.000Z</time>
        <extensions>
          <ns3:TrackPointExtension>
            <ns3:hr>89</ns3:hr>
            <ns3:cad>104</ns3:cad>
          </ns3:TrackPointExtension>
        </extensions>
      </trkpt>
      <trkpt lat="37.515781559050083160400390625" lon="121.43060862086713314056396484375">
        <ele>91.40000152587890625</ele>
        <time>2026-09-13T05:02:55.000Z</time>
        <extensions>
          <ns3:TrackPointExtension>
            <ns3:hr>88</ns3:hr>
            <ns3:cad>50</ns3:cad>
          </ns3:TrackPointExtension>
        </extensions>
      </trkpt>
      <trkpt lat="37.51578801311552524566650390625" lon="121.4306460879743099212646484375">
        <ele>91.1999969482421875</ele>
        <time>2026-09-13T05:02:58.000Z</time>
        <extensions>
          <ns3:TrackPointExtension>
            <ns3:hr>89</ns3:hr>
            <ns3:cad>48</ns3:cad>
          </ns3:TrackPointExtension>
        </extensions>
      </trkpt>
      <trkpt lat="37.51579186879098415374755859375" lon="121.4306702278554439544677734375">
        <ele>91</ele>
        <time>2026-09-13T05:03:01.000Z</time>
        <extensions>
          <ns3:TrackPointExtension>
            <ns3:hr>87</ns3:hr>
            <ns3:cad>48</ns3:cad>
          </ns3:TrackPointExtension>
        </extensions>
      </trkpt>
      <trkpt lat="37.51580729149281978607177734375" lon="121.43073418177664279937744140625">
        <ele>90.59999847412109375</ele>
        <time>2026-09-13T05:03:06.000Z</time>
        <extensions>
          <ns3:TrackPointExtension>
            <ns3:hr>84</ns3:hr>
            <ns3:cad>50</ns3:cad>
          </ns3:TrackPointExtension>
        </extensions>
      </trkpt>
      <trkpt lat="37.51583294011652469635009765625" lon="121.43078413791954517364501953125">
        <ele>90.1999969482421875</ele>
        <time>2026-09-13T05:03:12.000Z</time>
        <extensions>
          <ns3:TrackPointExtension>
            <ns3:hr>82</ns3:hr>
            <ns3:cad>51</ns3:cad>
          </ns3:TrackPointExtension>
        </extensions>
      </trkpt>
      <trkpt lat="37.51583696343004703521728515625" lon="121.43079319037497043609619140625">
        <ele>90.1999969482421875</ele>
        <time>2026-09-13T05:03:13.000Z</time>
        <extensions>
          <ns3:TrackPointExtension>
            <ns3:hr>82</ns3:hr>
            <ns3:cad>0</ns3:cad>
          </ns3:TrackPointExtension>
        </extensions>
      </trkpt>
      <trkpt lat="37.51584534533321857452392578125" lon="121.43079402856528759002685546875">
        <ele>90.40000152587890625</ele>
        <time>2026-09-13T05:03:20.000Z</time>
        <extensions>
          <ns3:TrackPointExtension>
            <ns3:hr>80</ns3:hr>
            <ns3:cad>0</ns3:cad>
          </ns3:TrackPointExtension>
        </extensions>
      </trkpt>
      <trkpt lat="37.51584987156093120574951171875" lon="121.4308066852390766143798828125">
        <ele>90.1999969482421875</ele>
        <time>2026-09-13T05:03:23.000Z</time>
        <extensions>
          <ns3:TrackPointExtension>
            <ns3:hr>77</ns3:hr>
            <ns3:cad>0</ns3:cad>
          </ns3:TrackPointExtension>
        </extensions>
      </trkpt>
      <trkpt lat="37.51585590653121471405029296875" lon="121.43081163056194782257080078125">
        <ele>90.1999969482421875</ele>
        <time>2026-09-13T05:03:26.000Z</time>
        <extensions>
          <ns3:TrackPointExtension>
            <ns3:hr>74</ns3:hr>
            <ns3:cad>0</ns3:cad>
          </ns3:TrackPointExtension>
        </extensions>
      </trkpt>
      <trkpt lat="37.5158578343689441680908203125" lon="121.4308123849332332611083984375">
        <ele>90.1999969482421875</ele>
        <time>2026-09-13T05:03:32.000Z</time>
        <extensions>
          <ns3:TrackPointExtension>
            <ns3:hr>78</ns3:hr>
            <ns3:cad>0</ns3:cad>
          </ns3:TrackPointExtension>
        </extensions>
      </trkpt>
      <trkpt lat="37.5158578343689441680908203125" lon="121.4308123849332332611083984375">
        <ele>90.1999969482421875</ele>
        <time>2026-09-13T05:03:33.000Z</time>
        <extensions>
          <ns3:TrackPointExtension>
            <ns3:hr>80</ns3:hr>
            <ns3:cad>0</ns3:cad>
          </ns3:TrackPointExtension>
        </extensions>
      </trkpt>
      <trkpt lat="37.5158578343689441680908203125" lon="121.4308123849332332611083984375">
        <ele>90</ele>
        <time>2026-09-13T05:03:40.000Z</time>
        <extensions>
          <ns3:TrackPointExtension>
            <ns3:hr>83</ns3:hr>
            <ns3:cad>0</ns3:cad>
          </ns3:TrackPointExtension>
        </extensions>
      </trkpt>
      <trkpt lat="37.5158578343689441680908203125" lon="121.4308123849332332611083984375">
        <ele>90</ele>
        <time>2026-09-13T05:03:48.000Z</time>
        <extensions>
          <ns3:TrackPointExtension>
            <ns3:hr>86</ns3:hr>
            <ns3:cad>0</ns3:cad>
          </ns3:TrackPointExtension>
        </extensions>
      </trkpt>
      <trkpt lat="37.51586965285241603851318359375" lon="121.4308566413819789886474609375">
        <ele>89.40000152587890625</ele>
        <time>2026-09-13T05:04:00.000Z</time>
        <extensions>
          <ns3:TrackPointExtension>
            <ns3:hr>88</ns3:hr>
            <ns3:cad>0</ns3:cad>
          </ns3:TrackPointExtension>
        </extensions>
      </trkpt>
      <trkpt lat="37.5158710777759552001953125" lon="121.43089159391820430755615234375">
        <ele>89.1999969482421875</ele>
        <time>2026-09-13T05:04:08.000Z</time>
        <extensions>
          <ns3:TrackPointExtension>
            <ns3:hr>89</ns3:hr>
            <ns3:cad>0</ns3:cad>
          </ns3:TrackPointExtension>
        </extensions>
      </trkpt>
      <trkpt lat="37.515872754156589508056640625" lon="121.4308990538120269775390625">
        <ele>89.1999969482421875</ele>
        <time>2026-09-13T05:04:09.000Z</time>
        <extensions>
          <ns3:TrackPointExtension>
            <ns3:hr>89</ns3:hr>
            <ns3:cad>0</ns3:cad>
          </ns3:TrackPointExtension>
        </extensions>
      </trkpt>
      <trkpt lat="37.51589295454323291778564453125" lon="121.43098765052855014801025390625">
        <ele>88.8000030517578125</ele>
        <time>2026-09-13T05:04:17.000Z</time>
        <extensions>
          <ns3:TrackPointExtension>
            <ns3:hr>88</ns3:hr>
            <ns3:cad>0</ns3:cad>
          </ns3:TrackPointExtension>
        </extensions>
      </trkpt>
      <trkpt lat="37.51591390930116176605224609375" lon="121.43103894777595996856689453125">
        <ele>88.40000152587890625</ele>
        <time>2026-09-13T05:04:23.000Z</time>
        <extensions>
          <ns3:TrackPointExtension>
            <ns3:hr>93</ns3:hr>
            <ns3:cad>50</ns3:cad>
          </ns3:TrackPointExtension>
        </extensions>
      </trkpt>
      <trkpt lat="37.51591994427144527435302734375" lon="121.431045234203338623046875">
        <ele>88.40000152587890625</ele>
        <time>2026-09-13T05:04:24.000Z</time>
        <extensions>
          <ns3:TrackPointExtension>
            <ns3:hr>95</ns3:hr>
            <ns3:cad>50</ns3:cad>
          </ns3:TrackPointExtension>
        </extensions>
      </trkpt>
      <trkpt lat="37.5159349478781223297119140625" lon="121.43106644041836261749267578125">
        <ele>88</ele>
        <time>2026-09-13T05:04:27.000Z</time>
        <extensions>
          <ns3:TrackPointExtension>
            <ns3:hr>98</ns3:hr>
            <ns3:cad>50</ns3:cad>
          </ns3:TrackPointExtension>
        </extensions>
      </trkpt>
      <trkpt lat="37.51594014465808868408203125" lon="121.4310779236257076263427734375">
        <ele>87.8000030517578125</ele>
        <time>2026-09-13T05:04:29.000Z</time>
        <extensions>
          <ns3:TrackPointExtension>
            <ns3:hr>101</ns3:hr>
            <ns3:cad>50</ns3:cad>
          </ns3:TrackPointExtension>
        </extensions>
      </trkpt>
      <trkpt lat="37.51595011912286281585693359375" lon="121.43110885284841060638427734375">
        <ele>87.8000030517578125</ele>
        <time>2026-09-13T05:04:31.000Z</time>
        <extensions>
          <ns3:TrackPointExtension>
            <ns3:hr>103</ns3:hr>
            <ns3:cad>52</ns3:cad>
          </ns3:TrackPointExtension>
        </extensions>
      </trkpt>
      <trkpt lat="37.51595850102603435516357421875" lon="121.43117724917829036712646484375">
        <ele>87.40000152587890625</ele>
        <time>2026-09-13T05:04:36.000Z</time>
        <extensions>
          <ns3:TrackPointExtension>
            <ns3:hr>106</ns3:hr>
            <ns3:cad>54</ns3:cad>
          </ns3:TrackPointExtension>
        </extensions>
      </trkpt>
      <trkpt lat="37.51595783047378063201904296875" lon="121.43119518645107746124267578125">
        <ele>87.40000152587890625</ele>
        <time>2026-09-13T05:04:37.000Z</time>
        <extensions>
          <ns3:TrackPointExtension>
            <ns3:hr>106</ns3:hr>
            <ns3:cad>54</ns3:cad>
          </ns3:TrackPointExtension>
        </extensions>
      </trkpt>
      <trkpt lat="37.5159480236470699310302734375" lon="121.43126710318028926849365234375">
        <ele>87</ele>
        <time>2026-09-13T05:04:43.000Z</time>
        <extensions>
          <ns3:TrackPointExtension>
            <ns3:hr>106</ns3:hr>
            <ns3:cad>54</ns3:cad>
          </ns3:TrackPointExtension>
        </extensions>
      </trkpt>
      <trkpt lat="37.515946514904499053955078125" lon="121.43128152005374431610107421875">
        <ele>86.8000030517578125</ele>
        <time>2026-09-13T05:04:44.000Z</time>
        <extensions>
          <ns3:TrackPointExtension>
            <ns3:hr>106</ns3:hr>
            <ns3:cad>55</ns3:cad>
          </ns3:TrackPointExtension>
        </extensions>
      </trkpt>
      <trkpt lat="37.51593821682035923004150390625" lon="121.43137372098863124847412109375">
        <ele>86.59999847412109375</ele>
        <time>2026-09-13T05:04:50.000Z</time>
        <extensions>
          <ns3:TrackPointExtension>
            <ns3:hr>106</ns3:hr>
            <ns3:cad>54</ns3:cad>
          </ns3:TrackPointExtension>
        </extensions>
      </trkpt>
      <trkpt lat="37.5159305892884731292724609375" lon="121.4314490742981433868408203125">
        <ele>86.1999969482421875</ele>
        <time>2026-09-13T05:04:56.000Z</time>
        <extensions>
          <ns3:TrackPointExtension>
            <ns3:hr>104</ns3:hr>
            <ns3:cad>53</ns3:cad>
          </ns3:TrackPointExtension>
        </extensions>
      </trkpt>
      <trkpt lat="37.5159376300871372222900390625" lon="121.43150984309613704681396484375">
        <ele>86</ele>
        <time>2026-09-13T05:05:01.000Z</time>
        <extensions>
          <ns3:TrackPointExtension>
            <ns3:hr>104</ns3:hr>
            <ns3:cad>55</ns3:cad>
          </ns3:TrackPointExtension>
        </extensions>
      </trkpt>
      <trkpt lat="37.51593670807778835296630859375" lon="121.431517302989959716796875">
        <ele>85.8000030517578125</ele>
        <time>2026-09-13T05:05:02.000Z</time>
        <extensions>
          <ns3:TrackPointExtension>
            <ns3:hr>104</ns3:hr>
            <ns3:cad>55</ns3:cad>
          </ns3:TrackPointExtension>
        </extensions>
      </trkpt>
      <trkpt lat="37.5159265659749507904052734375" lon="121.431606151163578033447265625">
        <ele>85.40000152587890625</ele>
        <time>2026-09-13T05:05:08.000Z</time>
        <extensions>
          <ns3:TrackPointExtension>
            <ns3:hr>103</ns3:hr>
            <ns3:cad>55</ns3:cad>
          </ns3:TrackPointExtension>
        </extensions>
      </trkpt>
      <trkpt lat="37.5159208662807941436767578125" lon="121.4316447079181671142578125">
        <ele>84.8000030517578125</ele>
        <time>2026-09-13T05:05:12.000Z</time>
        <extensions>
          <ns3:TrackPointExtension>
            <ns3:hr>103</ns3:hr>
            <ns3:cad>54</ns3:cad>
          </ns3:TrackPointExtension>
        </extensions>
      </trkpt>
      <trkpt lat="37.51591441221535205841064453125" lon="121.43171201460063457489013671875">
        <ele>84.59999847412109375</ele>
        <time>2026-09-13T05:05:16.000Z</time>
        <extensions>
          <ns3:TrackPointExtension>
            <ns3:hr>102</ns3:hr>
            <ns3:cad>53</ns3:cad>
          </ns3:TrackPointExtension>
        </extensions>
      </trkpt>
      <trkpt lat="37.515908963978290557861328125" lon="121.43177337013185024261474609375">
        <ele>84</ele>
        <time>2026-09-13T05:05:21.000Z</time>
        <extensions>
          <ns3:TrackPointExtension>
            <ns3:hr>105</ns3:hr>
            <ns3:cad>53</ns3:cad>
          </ns3:TrackPointExtension>
        </extensions>
      </trkpt>
      <trkpt lat="37.515908293426036834716796875" lon="121.43178259022533893585205078125">
        <ele>84</ele>
        <time>2026-09-13T05:05:22.000Z</time>
        <extensions>
          <ns3:TrackPointExtension>
            <ns3:hr>105</ns3:hr>
            <ns3:cad>53</ns3:cad>
          </ns3:TrackPointExtension>
        </extensions>
      </trkpt>
      <trkpt lat="37.51590720377862453460693359375" lon="121.43179382197558879852294921875">
        <ele>83.8000030517578125</ele>
        <time>2026-09-13T05:05:23.000Z</time>
        <extensions>
          <ns3:TrackPointExtension>
            <ns3:hr>105</ns3:hr>
            <ns3:cad>53</ns3:cad>
          </ns3:TrackPointExtension>
        </extensions>
      </trkpt>
      <trkpt lat="37.51590955071151256561279296875" lon="121.431859619915485382080078125">
        <ele>83</ele>
        <time>2026-09-13T05:05:30.000Z</time>
        <extensions>
          <ns3:TrackPointExtension>
            <ns3:hr>104</ns3:hr>
            <ns3:cad>55</ns3:cad>
          </ns3:TrackPointExtension>
        </extensions>
      </trkpt>
      <trkpt lat="37.51591055653989315032958984375" lon="121.431882418692111968994140625">
        <ele>82.8000030517578125</ele>
        <time>2026-09-13T05:05:32.000Z</time>
        <extensions>
          <ns3:TrackPointExtension>
            <ns3:hr>104</ns3:hr>
            <ns3:cad>54</ns3:cad>
          </ns3:TrackPointExtension>
        </extensions>
      </trkpt>
      <trkpt lat="37.5158978998661041259765625" lon="121.43195190466940402984619140625">
        <ele>81.59999847412109375</ele>
        <time>2026-09-13T05:05:39.000Z</time>
        <extensions>
          <ns3:TrackPointExtension>
            <ns3:hr>103</ns3:hr>
            <ns3:cad>52</ns3:cad>
          </ns3:TrackPointExtension>
        </extensions>
      </trkpt>
      <trkpt lat="37.51583109609782695770263671875" lon="121.43201661296188831329345703125">
        <ele>80.59999847412109375</ele>
        <time>2026-09-13T05:05:47.000Z</time>
        <extensions>
          <ns3:TrackPointExtension>
            <ns3:hr>104</ns3:hr>
            <ns3:cad>51</ns3:cad>
          </ns3:TrackPointExtension>
        </extensions>
      </trkpt>
      <trkpt lat="37.5158201158046722412109375" lon="121.43202298320829868316650390625">
        <ele>80.59999847412109375</ele>
        <time>2026-09-13T05:05:48.000Z</time>
        <extensions>
          <ns3:TrackPointExtension>
            <ns3:hr>104</ns3:hr>
            <ns3:cad>51</ns3:cad>
          </ns3:TrackPointExtension>
        </extensions>
      </trkpt>
      <trkpt lat="37.51576554961502552032470703125" lon="121.43203052692115306854248046875">
        <ele>79.59999847412109375</ele>
        <time>2026-09-13T05:05:53.000Z</time>
        <extensions>
          <ns3:TrackPointExtension>
            <ns3:hr>105</ns3:hr>
            <ns3:cad>54</ns3:cad>
          </ns3:TrackPointExtension>
        </extensions>
      </trkpt>
      <trkpt lat="37.51575951464474201202392578125" lon="121.43202734179794788360595703125">
        <ele>79.59999847412109375</ele>
        <time>2026-09-13T05:05:54.000Z</time>
        <extensions>
          <ns3:TrackPointExtension>
            <ns3:hr>105</ns3:hr>
            <ns3:cad>54</ns3:cad>
          </ns3:TrackPointExtension>
        </extensions>
      </trkpt>
      <trkpt lat="37.5157411582767963409423828125" lon="121.4320083148777484893798828125">
        <ele>79</ele>
        <time>2026-09-13T05:05:57.000Z</time>
        <extensions>
          <ns3:TrackPointExtension>
            <ns3:hr>105</ns3:hr>
            <ns3:cad>56</ns3:cad>
          </ns3:TrackPointExtension>
        </extensions>
      </trkpt>
      <trkpt lat="37.51571743749082088470458984375" lon="121.43198325298726558685302734375">
        <ele>78.59999847412109375</ele>
        <time>2026-09-13T05:06:00.000Z</time>
        <extensions>
          <ns3:TrackPointExtension>
            <ns3:hr>105</ns3:hr>
            <ns3:cad>53</ns3:cad>
          </ns3:TrackPointExtension>
        </extensions>
      </trkpt>
      <trkpt lat="37.5156967341899871826171875" lon="121.4319550059735774993896484375">
        <ele>78.1999969482421875</ele>
        <time>2026-09-13T05:06:02.000Z</time>
        <extensions>
          <ns3:TrackPointExtension>
            <ns3:hr>104</ns3:hr>
            <ns3:cad>55</ns3:cad>
          </ns3:TrackPointExtension>
        </extensions>
      </trkpt>
      <trkpt lat="37.51567251048982143402099609375" lon="121.43191183917224407196044921875">
        <ele>77.40000152587890625</ele>
        <time>2026-09-13T05:06:07.000Z</time>
        <extensions>
          <ns3:TrackPointExtension>
            <ns3:hr>105</ns3:hr>
            <ns3:cad>106</ns3:cad>
          </ns3:TrackPointExtension>
        </extensions>
      </trkpt>
      <trkpt lat="37.515617273747920989990234375" lon="121.431854926049709320068359375">
        <ele>76.40000152587890625</ele>
        <time>2026-09-13T05:06:14.000Z</time>
        <extensions>
          <ns3:TrackPointExtension>
            <ns3:hr>104</ns3:hr>
            <ns3:cad>55</ns3:cad>
          </ns3:TrackPointExtension>
        </extensions>
      </trkpt>
      <trkpt lat="37.5156087242066860198974609375" lon="121.43185190856456756591796875">
        <ele>76.1999969482421875</ele>
        <time>2026-09-13T05:06:15.000Z</time>
        <extensions>
          <ns3:TrackPointExtension>
            <ns3:hr>104</ns3:hr>
            <ns3:cad>55</ns3:cad>
          </ns3:TrackPointExtension>
        </extensions>
      </trkpt>
      <trkpt lat="37.5155909545719623565673828125" lon="121.43186775036156177520751953125">
        <ele>75.8000030517578125</ele>
        <time>2026-09-13T05:06:20.000Z</time>
        <extensions>
          <ns3:TrackPointExtension>
            <ns3:hr>105</ns3:hr>
            <ns3:cad>55</ns3:cad>
          </ns3:TrackPointExtension>
        </extensions>
      </trkpt>
      <trkpt lat="37.5155909545719623565673828125" lon="121.43188267014920711517333984375">
        <ele>75.8000030517578125</ele>
        <time>2026-09-13T05:06:21.000Z</time>
        <extensions>
          <ns3:TrackPointExtension>
            <ns3:hr>105</ns3:hr>
            <ns3:cad>55</ns3:cad>
          </ns3:TrackPointExtension>
        </extensions>
      </trkpt>
      <trkpt lat="37.51560059376060962677001953125" lon="121.431953497231006622314453125">
        <ele>75.8000030517578125</ele>
        <time>2026-09-13T05:06:27.000Z</time>
        <extensions>
          <ns3:TrackPointExtension>
            <ns3:hr>107</ns3:hr>
            <ns3:cad>54</ns3:cad>
          </ns3:TrackPointExtension>
        </extensions>
      </trkpt>
      <trkpt lat="37.51560780219733715057373046875" lon="121.4319952391088008880615234375">
        <ele>75.59999847412109375</ele>
        <time>2026-09-13T05:06:30.000Z</time>
        <extensions>
          <ns3:TrackPointExtension>
            <ns3:hr>110</ns3:hr>
            <ns3:cad>52</ns3:cad>
          </ns3:TrackPointExtension>
        </extensions>
      </trkpt>
      <trkpt lat="37.51561450771987438201904296875" lon="121.43203002400696277618408203125">
        <ele>75.8000030517578125</ele>
        <time>2026-09-13T05:06:33.000Z</time>
        <extensions>
          <ns3:TrackPointExtension>
            <ns3:hr>110</ns3:hr>
            <ns3:cad>53</ns3:cad>
          </ns3:TrackPointExtension>
        </extensions>
      </trkpt>
      <trkpt lat="37.515619955956935882568359375" lon="121.43210730515420436859130859375">
        <ele>75.8000030517578125</ele>
        <time>2026-09-13T05:06:39.000Z</time>
        <extensions>
          <ns3:TrackPointExtension>
            <ns3:hr>110</ns3:hr>
            <ns3:cad>51</ns3:cad>
          </ns3:TrackPointExtension>
        </extensions>
      </trkpt>
      <trkpt lat="37.51562288962304592132568359375" lon="121.43220017664134502410888671875">
        <ele>75.8000030517578125</ele>
        <time>2026-09-13T05:06:45.000Z</time>
        <extensions>
          <ns3:TrackPointExtension>
            <ns3:hr>110</ns3:hr>
            <ns3:cad>0</ns3:cad>
          </ns3:TrackPointExtension>
        </extensions>
      </trkpt>
      <trkpt lat="37.51564233563840389251708984375" lon="121.43227972090244293212890625">
        <ele>75.8000030517578125</ele>
        <time>2026-09-13T05:06:52.000Z</time>
        <extensions>
          <ns3:TrackPointExtension>
            <ns3:hr>109</ns3:hr>
            <ns3:cad>0</ns3:cad>
          </ns3:TrackPointExtension>
        </extensions>
      </trkpt>
      <trkpt lat="37.515683658421039581298828125" lon="121.43234116025269031524658203125">
        <ele>75.8000030517578125</ele>
        <time>2026-09-13T05:06:58.000Z</time>
        <extensions>
          <ns3:TrackPointExtension>
            <ns3:hr>107</ns3:hr>
            <ns3:cad>0</ns3:cad>
          </ns3:TrackPointExtension>
        </extensions>
      </trkpt>
      <trkpt lat="37.5157408230006694793701171875" lon="121.43241877667605876922607421875">
        <ele>76.1999969482421875</ele>
        <time>2026-09-13T05:07:05.000Z</time>
        <extensions>
          <ns3:TrackPointExtension>
            <ns3:hr>107</ns3:hr>
            <ns3:cad>53</ns3:cad>
          </ns3:TrackPointExtension>
        </extensions>
      </trkpt>
      <trkpt lat="37.515745349228382110595703125" lon="121.4324716664850711822509765625">
        <ele>76.40000152587890625</ele>
        <time>2026-09-13T05:07:10.000Z</time>
        <extensions>
          <ns3:TrackPointExtension>
            <ns3:hr>109</ns3:hr>
            <ns3:cad>54</ns3:cad>
          </ns3:TrackPointExtension>
        </extensions>
      </trkpt>
      <trkpt lat="37.5157606042921543121337890625" lon="121.43253050744533538818359375">
        <ele>76.1999969482421875</ele>
        <time>2026-09-13T05:07:15.000Z</time>
        <extensions>
          <ns3:TrackPointExtension>
            <ns3:hr>110</ns3:hr>
            <ns3:cad>47</ns3:cad>
          </ns3:TrackPointExtension>
        </extensions>
      </trkpt>
      <trkpt lat="37.51579371280968189239501953125" lon="121.43259177915751934051513671875">
        <ele>76.40000152587890625</ele>
        <time>2026-09-13T05:07:20.000Z</time>
        <extensions>
          <ns3:TrackPointExtension>
            <ns3:hr>109</ns3:hr>
            <ns3:cad>48</ns3:cad>
          </ns3:TrackPointExtension>
        </extensions>
      </trkpt>
      <trkpt lat="37.51581215299665927886962890625" lon="121.43267341889441013336181640625">
        <ele>76.40000152587890625</ele>
        <time>2026-09-13T05:07:26.000Z</time>
        <extensions>
          <ns3:TrackPointExtension>
            <ns3:hr>107</ns3:hr>
            <ns3:cad>53</ns3:cad>
          </ns3:TrackPointExtension>
        </extensions>
      </trkpt>
      <trkpt lat="37.51583461649715900421142578125" lon="121.4327123947441577911376953125">
        <ele>76.8000030517578125</ele>
        <time>2026-09-13T05:07:31.000Z</time>
        <extensions>
          <ns3:TrackPointExtension>
            <ns3:hr>107</ns3:hr>
            <ns3:cad>55</ns3:cad>
          </ns3:TrackPointExtension>
        </extensions>
      </trkpt>
      <trkpt lat="37.51586638391017913818359375" lon="121.43271767534315586090087890625">
        <ele>77</ele>
        <time>2026-09-13T05:07:36.000Z</time>
        <extensions>
          <ns3:TrackPointExtension>
            <ns3:hr>109</ns3:hr>
            <ns3:cad>45</ns3:cad>
          </ns3:TrackPointExtension>
        </extensions>
      </trkpt>
      <trkpt lat="37.51588256098330020904541015625" lon="121.43270141445100307464599609375">
        <ele>77</ele>
        <time>2026-09-13T05:07:38.000Z</time>
        <extensions>
          <ns3:TrackPointExtension>
            <ns3:hr>109</ns3:hr>
            <ns3:cad>45</ns3:cad>
          </ns3:TrackPointExtension>
        </extensions>
      </trkpt>
      <trkpt lat="37.51590435393154621124267578125" lon="121.43269546329975128173828125">
        <ele>77.40000152587890625</ele>
        <time>2026-09-13T05:07:42.000Z</time>
        <extensions>
          <ns3:TrackPointExtension>
            <ns3:hr>110</ns3:hr>
            <ns3:cad>0</ns3:cad>
          </ns3:TrackPointExtension>
        </extensions>
      </trkpt>
      <trkpt lat="37.5159047730267047882080078125" lon="121.43269571475684642791748046875">
        <ele>77</ele>
        <time>2026-09-13T05:07:45.000Z</time>
        <extensions>
          <ns3:TrackPointExtension>
            <ns3:hr>110</ns3:hr>
            <ns3:cad>0</ns3:cad>
          </ns3:TrackPointExtension>
        </extensions>
      </trkpt>
      <trkpt lat="37.5158953852951526641845703125" lon="121.43269957043230533599853515625">
        <ele>76.8000030517578125</ele>
        <time>2026-09-13T05:07:52.000Z</time>
        <extensions>
          <ns3:TrackPointExtension>
            <ns3:hr>110</ns3:hr>
            <ns3:cad>0</ns3:cad>
          </ns3:TrackPointExtension>
        </extensions>
      </trkpt>
      <trkpt lat="37.515906952321529388427734375" lon="121.4326956309378147125244140625">
        <ele>76.8000030517578125</ele>
        <time>2026-09-13T05:07:59.000Z</time>
        <extensions>
          <ns3:TrackPointExtension>
            <ns3:hr>109</ns3:hr>
            <ns3:cad>0</ns3:cad>
          </ns3:TrackPointExtension>
        </extensions>
      </trkpt>
      <trkpt lat="37.51590787433087825775146484375" lon="121.43269856460392475128173828125">
        <ele>76.59999847412109375</ele>
        <time>2026-09-13T05:08:06.000Z</time>
        <extensions>
          <ns3:TrackPointExtension>
            <ns3:hr>106</ns3:hr>
            <ns3:cad>50</ns3:cad>
          </ns3:TrackPointExtension>
        </extensions>
      </trkpt>
      <trkpt lat="37.51590787433087825775146484375" lon="121.4326966367661952972412109375">
        <ele>76.59999847412109375</ele>
        <time>2026-09-13T05:08:08.000Z</time>
        <extensions>
          <ns3:TrackPointExtension>
            <ns3:hr>105</ns3:hr>
            <ns3:cad>0</ns3:cad>
          </ns3:TrackPointExtension>
        </extensions>
      </trkpt>
      <trkpt lat="37.51590837724506855010986328125" lon="121.43269688822329044342041015625">
        <ele>76.40000152587890625</ele>
        <time>2026-09-13T05:08:14.000Z</time>
        <extensions>
          <ns3:TrackPointExtension>
            <ns3:hr>104</ns3:hr>
            <ns3:cad>0</ns3:cad>
          </ns3:TrackPointExtension>
        </extensions>
      </trkpt>
      <trkpt lat="37.51590737141668796539306640625" lon="121.4326952956616878509521484375">
        <ele>76</ele>
        <time>2026-09-13T05:08:19.000Z</time>
        <extensions>
          <ns3:TrackPointExtension>
            <ns3:hr>107</ns3:hr>
            <ns3:cad>0</ns3:cad>
          </ns3:TrackPointExtension>
        </extensions>
      </trkpt>
      <trkpt lat="37.51591038890182971954345703125" lon="121.4326949603855609893798828125">
        <ele>75.8000030517578125</ele>
        <time>2026-09-13T05:08:21.000Z</time>
        <extensions>
          <ns3:TrackPointExtension>
            <ns3:hr>108</ns3:hr>
            <ns3:cad>0</ns3:cad>
          </ns3:TrackPointExtension>
        </extensions>
      </trkpt>
      <trkpt lat="37.5159000791609287261962890625" lon="121.43270024098455905914306640625">
        <ele>75.8000030517578125</ele>
        <time>2026-09-13T05:08:32.000Z</time>
        <extensions>
          <ns3:TrackPointExtension>
            <ns3:hr>109</ns3:hr>
            <ns3:cad>0</ns3:cad>
          </ns3:TrackPointExtension>
        </extensions>
      </trkpt>
      <trkpt lat="37.51590871252119541168212890625" lon="121.4327030070126056671142578125">
        <ele>76</ele>
        <time>2026-09-13T05:08:35.000Z</time>
        <extensions>
          <ns3:TrackPointExtension>
            <ns3:hr>113</ns3:hr>
            <ns3:cad>0</ns3:cad>
          </ns3:TrackPointExtension>
        </extensions>
      </trkpt>
      <trkpt lat="37.51591038890182971954345703125" lon="121.4327080361545085906982421875">
        <ele>76</ele>
        <time>2026-09-13T05:08:38.000Z</time>
        <extensions>
          <ns3:TrackPointExtension>
            <ns3:hr>116</ns3:hr>
            <ns3:cad>0</ns3:cad>
          </ns3:TrackPointExtension>
        </extensions>
      </trkpt>
      <trkpt lat="37.51590837724506855010986328125" lon="121.43269688822329044342041015625">
        <ele>75.8000030517578125</ele>
        <time>2026-09-13T05:08:45.000Z</time>
        <extensions>
          <ns3:TrackPointExtension>
            <ns3:hr>114</ns3:hr>
            <ns3:cad>0</ns3:cad>
          </ns3:TrackPointExtension>
        </extensions>
      </trkpt>
      <trkpt lat="37.5159030966460704803466796875" lon="121.4327117241919040679931640625">
        <ele>75.8000030517578125</ele>
        <time>2026-09-13T05:08:51.000Z</time>
        <extensions>
          <ns3:TrackPointExtension>
            <ns3:hr>111</ns3:hr>
            <ns3:cad>0</ns3:cad>
          </ns3:TrackPointExtension>
        </extensions>
      </trkpt>
      <trkpt lat="37.515900246798992156982421875" lon="121.43271281383931636810302734375">
        <ele>75.8000030517578125</ele>
        <time>2026-09-13T05:08:52.000Z</time>
        <extensions>
          <ns3:TrackPointExtension>
            <ns3:hr>111</ns3:hr>
            <ns3:cad>0</ns3:cad>
          </ns3:TrackPointExtension>
        </extensions>
      </trkpt>
      <trkpt lat="37.51589848659932613372802734375" lon="121.43270661123096942901611328125">
        <ele>75.59999847412109375</ele>
        <time>2026-09-13T05:09:01.000Z</time>
        <extensions>
          <ns3:TrackPointExtension>
            <ns3:hr>110</ns3:hr>
            <ns3:cad>0</ns3:cad>
          </ns3:TrackPointExtension>
        </extensions>
      </trkpt>
      <trkpt lat="37.515904605388641357421875" lon="121.432699151337146759033203125">
        <ele>75.1999969482421875</ele>
        <time>2026-09-13T05:09:07.000Z</time>
        <extensions>
          <ns3:TrackPointExtension>
            <ns3:hr>110</ns3:hr>
            <ns3:cad>0</ns3:cad>
          </ns3:TrackPointExtension>
        </extensions>
      </trkpt>
      <trkpt lat="37.51591843552887439727783203125" lon="121.43269990570843219757080078125">
        <ele>75.1999969482421875</ele>
        <time>2026-09-13T05:09:12.000Z</time>
        <extensions>
          <ns3:TrackPointExtension>
            <ns3:hr>109</ns3:hr>
            <ns3:cad>0</ns3:cad>
          </ns3:TrackPointExtension>
        </extensions>
      </trkpt>
      <trkpt lat="37.5159393064677715301513671875" lon="121.43271432258188724517822265625">
        <ele>75</ele>
        <time>2026-09-13T05:09:22.000Z</time>
        <extensions>
          <ns3:TrackPointExtension>
            <ns3:hr>106</ns3:hr>
            <ns3:cad>0</ns3:cad>
          </ns3:TrackPointExtension>
        </extensions>
      </trkpt>
      <trkpt lat="37.51594039611518383026123046875" lon="121.432713232934474945068359375">
        <ele>75</ele>
        <time>2026-09-13T05:09:23.000Z</time>
        <extensions>
          <ns3:TrackPointExtension>
            <ns3:hr>106</ns3:hr>
            <ns3:cad>0</ns3:cad>
          </ns3:TrackPointExtension>
        </extensions>
      </trkpt>
      <trkpt lat="37.515923045575618743896484375" lon="121.43269688822329044342041015625">
        <ele>75</ele>
        <time>2026-09-13T05:09:33.000Z</time>
        <extensions>
          <ns3:TrackPointExtension>
            <ns3:hr>105</ns3:hr>
            <ns3:cad>0</ns3:cad>
          </ns3:TrackPointExtension>
        </extensions>
      </trkpt>
      <trkpt lat="37.5159188546240329742431640625" lon="121.4326969720423221588134765625">
        <ele>75</ele>
        <time>2026-09-13T05:09:38.000Z</time>
        <extensions>
          <ns3:TrackPointExtension>
            <ns3:hr>102</ns3:hr>
            <ns3:cad>0</ns3:cad>
          </ns3:TrackPointExtension>
        </extensions>
      </trkpt>
      <trkpt lat="37.51591826789081096649169921875" lon="121.43269370310008525848388671875">
        <ele>75</ele>
        <time>2026-09-13T05:09:42.000Z</time>
        <extensions>
          <ns3:TrackPointExtension>
            <ns3:hr>99</ns3:hr>
            <ns3:cad>0</ns3:cad>
          </ns3:TrackPointExtension>
        </extensions>
      </trkpt>
      <trkpt lat="37.51592027954757213592529296875" lon="121.4326922781765460968017578125">
        <ele>75</ele>
        <time>2026-09-13T05:09:44.000Z</time>
        <extensions>
          <ns3:TrackPointExtension>
            <ns3:hr>96</ns3:hr>
            <ns3:cad>0</ns3:cad>
          </ns3:TrackPointExtension>
        </extensions>
      </trkpt>
      <trkpt lat="37.5159248895943164825439453125" lon="121.43269806168973445892333984375">
        <ele>75</ele>
        <time>2026-09-13T05:09:55.000Z</time>
        <extensions>
          <ns3:TrackPointExtension>
            <ns3:hr>94</ns3:hr>
            <ns3:cad>0</ns3:cad>
          </ns3:TrackPointExtension>
        </extensions>
      </trkpt>
      <trkpt lat="37.51591994427144527435302734375" lon="121.4326942898333072662353515625">
        <ele>75</ele>
        <time>2026-09-13T05:10:06.000Z</time>
        <extensions>
          <ns3:TrackPointExtension>
            <ns3:hr>94</ns3:hr>
            <ns3:cad>0</ns3:cad>
          </ns3:TrackPointExtension>
        </extensions>
      </trkpt>
      <trkpt lat="37.51590837724506855010986328125" lon="121.43269688822329044342041015625">
        <ele>75</ele>
        <time>2026-09-13T05:10:17.000Z</time>
        <extensions>
          <ns3:TrackPointExtension>
            <ns3:hr>93</ns3:hr>
            <ns3:cad>0</ns3:cad>
          </ns3:TrackPointExtension>
        </extensions>
      </trkpt>
      <trkpt lat="37.51591759733855724334716796875" lon="121.432698480784893035888671875">
        <ele>74.8000030517578125</ele>
        <time>2026-09-13T05:10:29.000Z</time>
        <extensions>
          <ns3:TrackPointExtension>
            <ns3:hr>93</ns3:hr>
            <ns3:cad>0</ns3:cad>
          </ns3:TrackPointExtension>
        </extensions>
      </trkpt>
      <trkpt lat="37.51591625623404979705810546875" lon="121.43270476721227169036865234375">
        <ele>75</ele>
        <time>2026-09-13T05:10:38.000Z</time>
        <extensions>
          <ns3:TrackPointExtension>
            <ns3:hr>93</ns3:hr>
            <ns3:cad>0</ns3:cad>
          </ns3:TrackPointExtension>
        </extensions>
      </trkpt>
      <trkpt lat="37.51591072417795658111572265625" lon="121.432678699493408203125">
        <ele>74.59999847412109375</ele>
        <time>2026-09-13T05:10:47.000Z</time>
        <extensions>
          <ns3:TrackPointExtension>
            <ns3:hr>96</ns3:hr>
            <ns3:cad>0</ns3:cad>
          </ns3:TrackPointExtension>
        </extensions>
      </trkpt>
      <trkpt lat="37.51591022126376628875732421875" lon="121.4326865784823894500732421875">
        <ele>74.59999847412109375</ele>
        <time>2026-09-13T05:10:50.000Z</time>
        <extensions>
          <ns3:TrackPointExtension>
            <ns3:hr>96</ns3:hr>
            <ns3:cad>0</ns3:cad>
          </ns3:TrackPointExtension>
        </extensions>
      </trkpt>
      <trkpt lat="37.51591290347278118133544921875" lon="121.43268800340592861175537109375">
        <ele>74.8000030517578125</ele>
        <time>2026-09-13T05:10:54.000Z</time>
        <extensions>
          <ns3:TrackPointExtension>
            <ns3:hr>99</ns3:hr>
            <ns3:cad>0</ns3:cad>
          </ns3:TrackPointExtension>
        </extensions>
      </trkpt>
      <trkpt lat="37.51591390930116176605224609375" lon="121.43268850632011890411376953125">
        <ele>74.8000030517578125</ele>
        <time>2026-09-13T05:10:57.000Z</time>
        <extensions>
          <ns3:TrackPointExtension>
            <ns3:hr>99</ns3:hr>
            <ns3:cad>0</ns3:cad>
          </ns3:TrackPointExtension>
        </extensions>
      </trkpt>
      <trkpt lat="37.51589865423738956451416015625" lon="121.43270107917487621307373046875">
        <ele>74.40000152587890625</ele>
        <time>2026-09-13T05:11:08.000Z</time>
        <extensions>
          <ns3:TrackPointExtension>
            <ns3:hr>99</ns3:hr>
            <ns3:cad>0</ns3:cad>
          </ns3:TrackPointExtension>
        </extensions>
      </trkpt>
      <trkpt lat="37.5158960558474063873291015625" lon="121.43269839696586132049560546875">
        <ele>74.1999969482421875</ele>
        <time>2026-09-13T05:11:10.000Z</time>
        <extensions>
          <ns3:TrackPointExtension>
            <ns3:hr>98</ns3:hr>
            <ns3:cad>0</ns3:cad>
          </ns3:TrackPointExtension>
        </extensions>
      </trkpt>
      <trkpt lat="37.51589546911418437957763671875" lon="121.432697810232639312744140625">
        <ele>74.1999969482421875</ele>
        <time>2026-09-13T05:11:12.000Z</time>
        <extensions>
          <ns3:TrackPointExtension>
            <ns3:hr>94</ns3:hr>
            <ns3:cad>0</ns3:cad>
          </ns3:TrackPointExtension>
        </extensions>
      </trkpt>
      <trkpt lat="37.5159071199595928192138671875" lon="121.4327009953558444976806640625">
        <ele>74</ele>
        <time>2026-09-13T05:11:20.000Z</time>
        <extensions>
          <ns3:TrackPointExtension>
            <ns3:hr>94</ns3:hr>
            <ns3:cad>0</ns3:cad>
          </ns3:TrackPointExtension>
        </extensions>
      </trkpt>
      <trkpt lat="37.51591424457728862762451171875" lon="121.43270091153681278228759765625">
        <ele>74</ele>
        <time>2026-09-13T05:11:29.000Z</time>
        <extensions>
          <ns3:TrackPointExtension>
            <ns3:hr>97</ns3:hr>
            <ns3:cad>0</ns3:cad>
          </ns3:TrackPointExtension>
        </extensions>
      </trkpt>
      <trkpt lat="37.51591675914824008941650390625" lon="121.4327003248035907745361328125">
        <ele>73.8000030517578125</ele>
        <time>2026-09-13T05:11:31.000Z</time>
        <extensions>
          <ns3:TrackPointExtension>
            <ns3:hr>98</ns3:hr>
            <ns3:cad>0</ns3:cad>
          </ns3:TrackPointExtension>
        </extensions>
      </trkpt>
      <trkpt lat="37.5159114785492420196533203125" lon="121.43268465064465999603271484375">
        <ele>74.1999969482421875</ele>
        <time>2026-09-13T05:11:42.000Z</time>
        <extensions>
          <ns3:TrackPointExtension>
            <ns3:hr>99</ns3:hr>
            <ns3:cad>0</ns3:cad>
          </ns3:TrackPointExtension>
        </extensions>
      </trkpt>
      <trkpt lat="37.51592145301401615142822265625" lon="121.4326795376837253570556640625">
        <ele>73.8000030517578125</ele>
        <time>2026-09-13T05:11:49.000Z</time>
        <extensions>
          <ns3:TrackPointExtension>
            <ns3:hr>99</ns3:hr>
            <ns3:cad>0</ns3:cad>
          </ns3:TrackPointExtension>
        </extensions>
      </trkpt>
      <trkpt lat="37.5159235484898090362548828125" lon="121.43269001506268978118896484375">
        <ele>74</ele>
        <time>2026-09-13T05:11:57.000Z</time>
        <extensions>
          <ns3:TrackPointExtension>
            <ns3:hr>98</ns3:hr>
            <ns3:cad>0</ns3:cad>
          </ns3:TrackPointExtension>
        </extensions>
      </trkpt>
      <trkpt lat="37.51591575331985950469970703125" lon="121.4326942898333072662353515625">
        <ele>73.8000030517578125</ele>
        <time>2026-09-13T05:12:07.000Z</time>
        <extensions>
          <ns3:TrackPointExtension>
            <ns3:hr>98</ns3:hr>
            <ns3:cad>0</ns3:cad>
          </ns3:TrackPointExtension>
        </extensions>
      </trkpt>
      <trkpt lat="37.515924386680126190185546875" lon="121.43269403837621212005615234375">
        <ele>73.8000030517578125</ele>
        <time>2026-09-13T05:12:17.000Z</time>
        <extensions>
          <ns3:TrackPointExtension>
            <ns3:hr>98</ns3:hr>
            <ns3:cad>0</ns3:cad>
          </ns3:TrackPointExtension>
        </extensions>
      </trkpt>
      <trkpt lat="37.5159252248704433441162109375" lon="121.43268297426402568817138671875">
        <ele>73.8000030517578125</ele>
        <time>2026-09-13T05:12:25.000Z</time>
        <extensions>
          <ns3:TrackPointExtension>
            <ns3:hr>95</ns3:hr>
            <ns3:cad>0</ns3:cad>
          </ns3:TrackPointExtension>
        </extensions>
      </trkpt>
      <trkpt lat="37.515924386680126190185546875" lon="121.43268498592078685760498046875">
        <ele>73.8000030517578125</ele>
        <time>2026-09-13T05:12:26.000Z</time>
        <extensions>
          <ns3:TrackPointExtension>
            <ns3:hr>94</ns3:hr>
            <ns3:cad>0</ns3:cad>
          </ns3:TrackPointExtension>
        </extensions>
      </trkpt>
      <trkpt lat="37.51591265201568603515625" lon="121.4326885901391506195068359375">
        <ele>73.59999847412109375</ele>
        <time>2026-09-13T05:12:40.000Z</time>
        <extensions>
          <ns3:TrackPointExtension>
            <ns3:hr>92</ns3:hr>
            <ns3:cad>0</ns3:cad>
          </ns3:TrackPointExtension>
        </extensions>
      </trkpt>
      <trkpt lat="37.515915669500827789306640625" lon="121.4326894283294677734375">
        <ele>73.8000030517578125</ele>
        <time>2026-09-13T05:12:44.000Z</time>
        <extensions>
          <ns3:TrackPointExtension>
            <ns3:hr>95</ns3:hr>
            <ns3:cad>0</ns3:cad>
          </ns3:TrackPointExtension>
        </extensions>
      </trkpt>
      <trkpt lat="37.51592245884239673614501953125" lon="121.43269588239490985870361328125">
        <ele>73.59999847412109375</ele>
        <time>2026-09-13T05:12:48.000Z</time>
        <extensions>
          <ns3:TrackPointExtension>
            <ns3:hr>98</ns3:hr>
            <ns3:cad>0</ns3:cad>
          </ns3:TrackPointExtension>
        </extensions>
      </trkpt>
      <trkpt lat="37.51592212356626987457275390625" lon="121.43269537948071956634521484375">
        <ele>73.59999847412109375</ele>
        <time>2026-09-13T05:12:50.000Z</time>
        <extensions>
          <ns3:TrackPointExtension>
            <ns3:hr>98</ns3:hr>
            <ns3:cad>0</ns3:cad>
          </ns3:TrackPointExtension>
        </extensions>
      </trkpt>
      <trkpt lat="37.51592614687979221343994140625" lon="121.4327009953558444976806640625">
        <ele>73.59999847412109375</ele>
        <time>2026-09-13T05:13:01.000Z</time>
        <extensions>
          <ns3:TrackPointExtension>
            <ns3:hr>100</ns3:hr>
            <ns3:cad>0</ns3:cad>
          </ns3:TrackPointExtension>
        </extensions>
      </trkpt>
      <trkpt lat="37.51592849381268024444580078125" lon="121.432692110538482666015625">
        <ele>73.40000152587890625</ele>
        <time>2026-09-13T05:13:11.000Z</time>
        <extensions>
          <ns3:TrackPointExtension>
            <ns3:hr>100</ns3:hr>
            <ns3:cad>0</ns3:cad>
          </ns3:TrackPointExtension>
        </extensions>
      </trkpt>
      <trkpt lat="37.515937797725200653076171875" lon="121.43269537948071956634521484375">
        <ele>73.40000152587890625</ele>
        <time>2026-09-13T05:13:19.000Z</time>
        <extensions>
          <ns3:TrackPointExtension>
            <ns3:hr>100</ns3:hr>
            <ns3:cad>0</ns3:cad>
          </ns3:TrackPointExtension>
        </extensions>
      </trkpt>
      <trkpt lat="37.51593888737261295318603515625" lon="121.4327006600797176361083984375">
        <ele>73.40000152587890625</ele>
        <time>2026-09-13T05:13:28.000Z</time>
        <extensions>
          <ns3:TrackPointExtension>
            <ns3:hr>101</ns3:hr>
            <ns3:cad>0</ns3:cad>
          </ns3:TrackPointExtension>
        </extensions>
      </trkpt>
      <trkpt lat="37.5159265659749507904052734375" lon="121.43269521184265613555908203125">
        <ele>73.40000152587890625</ele>
        <time>2026-09-13T05:13:40.000Z</time>
        <extensions>
          <ns3:TrackPointExtension>
            <ns3:hr>100</ns3:hr>
            <ns3:cad>0</ns3:cad>
          </ns3:TrackPointExtension>
        </extensions>
      </trkpt>
      <trkpt lat="37.51590837724506855010986328125" lon="121.43269688822329044342041015625">
        <ele>73.8000030517578125</ele>
        <time>2026-09-13T05:13:51.000Z</time>
        <extensions>
          <ns3:TrackPointExtension>
            <ns3:hr>100</ns3:hr>
            <ns3:cad>0</ns3:cad>
          </ns3:TrackPointExtension>
        </extensions>
      </trkpt>
      <trkpt lat="37.51592832617461681365966796875" lon="121.4326969720423221588134765625">
        <ele>73.40000152587890625</ele>
        <time>2026-09-13T05:13:55.000Z</time>
        <extensions>
          <ns3:TrackPointExtension>
            <ns3:hr>97</ns3:hr>
            <ns3:cad>0</ns3:cad>
          </ns3:TrackPointExtension>
        </extensions>
      </trkpt>
      <trkpt lat="37.51590837724506855010986328125" lon="121.43269688822329044342041015625">
        <ele>73.8000030517578125</ele>
        <time>2026-09-13T05:14:02.000Z</time>
        <extensions>
          <ns3:TrackPointExtension>
            <ns3:hr>97</ns3:hr>
            <ns3:cad>0</ns3:cad>
          </ns3:TrackPointExtension>
        </extensions>
      </trkpt>
      <trkpt lat="37.51591357402503490447998046875" lon="121.43268733285367488861083984375">
        <ele>73.59999847412109375</ele>
        <time>2026-09-13T05:14:05.000Z</time>
        <extensions>
          <ns3:TrackPointExtension>
            <ns3:hr>100</ns3:hr>
            <ns3:cad>0</ns3:cad>
          </ns3:TrackPointExtension>
        </extensions>
      </trkpt>
      <trkpt lat="37.51590653322637081146240234375" lon="121.43267509527504444122314453125">
        <ele>73.59999847412109375</ele>
        <time>2026-09-13T05:14:12.000Z</time>
        <extensions>
          <ns3:TrackPointExtension>
            <ns3:hr>101</ns3:hr>
            <ns3:cad>0</ns3:cad>
          </ns3:TrackPointExtension>
        </extensions>
      </trkpt>
      <trkpt lat="37.5159114785492420196533203125" lon="121.43268431536853313446044921875">
        <ele>73.59999847412109375</ele>
        <time>2026-09-13T05:14:20.000Z</time>
        <extensions>
          <ns3:TrackPointExtension>
            <ns3:hr>101</ns3:hr>
            <ns3:cad>0</ns3:cad>
          </ns3:TrackPointExtension>
        </extensions>
      </trkpt>
      <trkpt lat="37.5159104727208614349365234375" lon="121.4326859079301357269287109375">
        <ele>73.59999847412109375</ele>
        <time>2026-09-13T05:14:26.000Z</time>
        <extensions>
          <ns3:TrackPointExtension>
            <ns3:hr>96</ns3:hr>
            <ns3:cad>0</ns3:cad>
          </ns3:TrackPointExtension>
        </extensions>
      </trkpt>
      <trkpt lat="37.51591273583471775054931640625" lon="121.43268733285367488861083984375">
        <ele>73.59999847412109375</ele>
        <time>2026-09-13T05:14:27.000Z</time>
        <extensions>
          <ns3:TrackPointExtension>
            <ns3:hr>91</ns3:hr>
            <ns3:cad>0</ns3:cad>
          </ns3:TrackPointExtension>
        </extensions>
      </trkpt>
      <trkpt lat="37.515913657844066619873046875" lon="121.43268632702529430389404296875">
        <ele>73.59999847412109375</ele>
        <time>2026-09-13T05:14:28.000Z</time>
        <extensions>
          <ns3:TrackPointExtension>
            <ns3:hr>90</ns3:hr>
            <ns3:cad>0</ns3:cad>
          </ns3:TrackPointExtension>
        </extensions>
      </trkpt>
      <trkpt lat="37.5159144960343837738037109375" lon="121.43268515355885028839111328125">
        <ele>73.59999847412109375</ele>
        <time>2026-09-13T05:14:29.000Z</time>
        <extensions>
          <ns3:TrackPointExtension>
            <ns3:hr>87</ns3:hr>
            <ns3:cad>0</ns3:cad>
          </ns3:TrackPointExtension>
        </extensions>
      </trkpt>
      <trkpt lat="37.515914998948574066162109375" lon="121.43268833868205547332763671875">
        <ele>73.59999847412109375</ele>
        <time>2026-09-13T05:14:40.000Z</time>
        <extensions>
          <ns3:TrackPointExtension>
            <ns3:hr>84</ns3:hr>
            <ns3:cad>0</ns3:cad>
          </ns3:TrackPointExtension>
        </extensions>
      </trkpt>
      <trkpt lat="37.51590837724506855010986328125" lon="121.43269688822329044342041015625">
        <ele>73.59999847412109375</ele>
        <time>2026-09-13T05:14:43.000Z</time>
        <extensions>
          <ns3:TrackPointExtension>
            <ns3:hr>81</ns3:hr>
            <ns3:cad>0</ns3:cad>
          </ns3:TrackPointExtension>
        </extensions>
      </trkpt>
      <trkpt lat="37.51592095009982585906982421875" lon="121.4326885901391506195068359375">
        <ele>73.40000152587890625</ele>
        <time>2026-09-13T05:14:46.000Z</time>
        <extensions>
          <ns3:TrackPointExtension>
            <ns3:hr>78</ns3:hr>
            <ns3:cad>0</ns3:cad>
          </ns3:TrackPointExtension>
        </extensions>
      </trkpt>
      <trkpt lat="37.5159195251762866973876953125" lon="121.43269185908138751983642578125">
        <ele>73.40000152587890625</ele>
        <time>2026-09-13T05:14:51.000Z</time>
        <extensions>
          <ns3:TrackPointExtension>
            <ns3:hr>78</ns3:hr>
            <ns3:cad>0</ns3:cad>
          </ns3:TrackPointExtension>
        </extensions>
      </trkpt>
      <trkpt lat="37.51592497341334819793701171875" lon="121.43269806168973445892333984375">
        <ele>73.1999969482421875</ele>
        <time>2026-09-13T05:14:54.000Z</time>
        <extensions>
          <ns3:TrackPointExtension>
            <ns3:hr>79</ns3:hr>
            <ns3:cad>0</ns3:cad>
          </ns3:TrackPointExtension>
        </extensions>
      </trkpt>
      <trkpt lat="37.51592136919498443603515625" lon="121.43270325846970081329345703125">
        <ele>73.1999969482421875</ele>
        <time>2026-09-13T05:14:59.000Z</time>
        <extensions>
          <ns3:TrackPointExtension>
            <ns3:hr>78</ns3:hr>
            <ns3:cad>0</ns3:cad>
          </ns3:TrackPointExtension>
        </extensions>
      </trkpt>
      <trkpt lat="37.51591960899531841278076171875" lon="121.43269873224198818206787109375">
        <ele>73.40000152587890625</ele>
        <time>2026-09-13T05:15:09.000Z</time>
        <extensions>
          <ns3:TrackPointExtension>
            <ns3:hr>77</ns3:hr>
            <ns3:cad>0</ns3:cad>
          </ns3:TrackPointExtension>
        </extensions>
      </trkpt>
      <trkpt lat="37.515918351709842681884765625" lon="121.43269705586135387420654296875">
        <ele>73.40000152587890625</ele>
        <time>2026-09-13T05:15:21.000Z</time>
        <extensions>
          <ns3:TrackPointExtension>
            <ns3:hr>77</ns3:hr>
            <ns3:cad>0</ns3:cad>
          </ns3:TrackPointExtension>
        </extensions>
      </trkpt>
      <trkpt lat="37.51592279411852359771728515625" lon="121.43269705586135387420654296875">
        <ele>73.59999847412109375</ele>
        <time>2026-09-13T05:15:30.000Z</time>
        <extensions>
          <ns3:TrackPointExtension>
            <ns3:hr>79</ns3:hr>
            <ns3:cad>0</ns3:cad>
          </ns3:TrackPointExtension>
        </extensions>
      </trkpt>
      <trkpt lat="37.51592732034623622894287109375" lon="121.43269236199557781219482421875">
        <ele>73</ele>
        <time>2026-09-13T05:15:42.000Z</time>
        <extensions>
          <ns3:TrackPointExtension>
            <ns3:hr>79</ns3:hr>
            <ns3:cad>0</ns3:cad>
          </ns3:TrackPointExtension>
        </extensions>
      </trkpt>
      <trkpt lat="37.51593017019331455230712890625" lon="121.4326961338520050048828125">
        <ele>73.1999969482421875</ele>
        <time>2026-09-13T05:15:49.000Z</time>
        <extensions>
          <ns3:TrackPointExtension>
            <ns3:hr>76</ns3:hr>
            <ns3:cad>0</ns3:cad>
          </ns3:TrackPointExtension>
        </extensions>
      </trkpt>
      <trkpt lat="37.51593067310750484466552734375" lon="121.4326949603855609893798828125">
        <ele>73.1999969482421875</ele>
        <time>2026-09-13T05:15:50.000Z</time>
        <extensions>
          <ns3:TrackPointExtension>
            <ns3:hr>75</ns3:hr>
            <ns3:cad>0</ns3:cad>
          </ns3:TrackPointExtension>
        </extensions>
      </trkpt>
      <trkpt lat="37.515927068889141082763671875" lon="121.43269001506268978118896484375">
        <ele>73</ele>
        <time>2026-09-13T05:15:59.000Z</time>
        <extensions>
          <ns3:TrackPointExtension>
            <ns3:hr>78</ns3:hr>
            <ns3:cad>0</ns3:cad>
          </ns3:TrackPointExtension>
        </extensions>
      </trkpt>
      <trkpt lat="37.51592279411852359771728515625" lon="121.43269705586135387420654296875">
        <ele>73.1999969482421875</ele>
        <time>2026-09-13T05:16:03.000Z</time>
        <extensions>
          <ns3:TrackPointExtension>
            <ns3:hr>79</ns3:hr>
            <ns3:cad>0</ns3:cad>
          </ns3:TrackPointExtension>
        </extensions>
      </trkpt>
      <trkpt lat="37.51592279411852359771728515625" lon="121.43269705586135387420654296875">
        <ele>73.1999969482421875</ele>
        <time>2026-09-13T05:16:08.000Z</time>
        <extensions>
          <ns3:TrackPointExtension>
            <ns3:hr>82</ns3:hr>
            <ns3:cad>0</ns3:cad>
          </ns3:TrackPointExtension>
        </extensions>
      </trkpt>
      <trkpt lat="37.51592279411852359771728515625" lon="121.43269705586135387420654296875">
        <ele>73.1999969482421875</ele>
        <time>2026-09-13T05:16:11.000Z</time>
        <extensions>
          <ns3:TrackPointExtension>
            <ns3:hr>79</ns3:hr>
            <ns3:cad>0</ns3:cad>
          </ns3:TrackPointExtension>
        </extensions>
      </trkpt>
      <trkpt lat="37.51592061482369899749755859375" lon="121.432688422501087188720703125">
        <ele>73</ele>
        <time>2026-09-13T05:16:16.000Z</time>
        <extensions>
          <ns3:TrackPointExtension>
            <ns3:hr>76</ns3:hr>
            <ns3:cad>0</ns3:cad>
          </ns3:TrackPointExtension>
        </extensions>
      </trkpt>
      <trkpt lat="37.51591994427144527435302734375" lon="121.43268515355885028839111328125">
        <ele>73</ele>
        <time>2026-09-13T05:16:19.000Z</time>
        <extensions>
          <ns3:TrackPointExtension>
            <ns3:hr>76</ns3:hr>
            <ns3:cad>0</ns3:cad>
          </ns3:TrackPointExtension>
        </extensions>
      </trkpt>
      <trkpt lat="37.5159225426614284515380859375" lon="121.4326845668256282806396484375">
        <ele>73</ele>
        <time>2026-09-13T05:16:27.000Z</time>
        <extensions>
          <ns3:TrackPointExtension>
            <ns3:hr>77</ns3:hr>
            <ns3:cad>0</ns3:cad>
          </ns3:TrackPointExtension>
        </extensions>
      </trkpt>
      <trkpt lat="37.51592279411852359771728515625" lon="121.43269705586135387420654296875">
        <ele>73.40000152587890625</ele>
        <time>2026-09-13T05:16:34.000Z</time>
        <extensions>
          <ns3:TrackPointExtension>
            <ns3:hr>72</ns3:hr>
            <ns3:cad>0</ns3:cad>
          </ns3:TrackPointExtension>
        </extensions>
      </trkpt>
      <trkpt lat="37.51592279411852359771728515625" lon="121.43269705586135387420654296875">
        <ele>73.1999969482421875</ele>
        <time>2026-09-13T05:16:38.000Z</time>
        <extensions>
          <ns3:TrackPointExtension>
            <ns3:hr>70</ns3:hr>
            <ns3:cad>0</ns3:cad>
          </ns3:TrackPointExtension>
        </extensions>
      </trkpt>
      <trkpt lat="37.51591105945408344268798828125" lon="121.43267191015183925628662109375">
        <ele>73.8000030517578125</ele>
        <time>2026-09-13T05:16:44.000Z</time>
        <extensions>
          <ns3:TrackPointExtension>
            <ns3:hr>70</ns3:hr>
            <ns3:cad>0</ns3:cad>
          </ns3:TrackPointExtension>
        </extensions>
      </trkpt>
      <trkpt lat="37.51592732034623622894287109375" lon="121.43263352103531360626220703125">
        <ele>73.8000030517578125</ele>
        <time>2026-09-13T05:16:49.000Z</time>
        <extensions>
          <ns3:TrackPointExtension>
            <ns3:hr>72</ns3:hr>
            <ns3:cad>49</ns3:cad>
          </ns3:TrackPointExtension>
        </extensions>
      </trkpt>
      <trkpt lat="37.51598163507878780364990234375" lon="121.43258172087371349334716796875">
        <ele>73.8000030517578125</ele>
        <time>2026-09-13T05:16:55.000Z</time>
        <extensions>
          <ns3:TrackPointExtension>
            <ns3:hr>73</ns3:hr>
            <ns3:cad>50</ns3:cad>
          </ns3:TrackPointExtension>
        </extensions>
      </trkpt>
      <trkpt lat="37.5160293281078338623046875" lon="121.4325400628149509429931640625">
        <ele>73.8000030517578125</ele>
        <time>2026-09-13T05:17:01.000Z</time>
        <extensions>
          <ns3:TrackPointExtension>
            <ns3:hr>74</ns3:hr>
            <ns3:cad>50</ns3:cad>
          </ns3:TrackPointExtension>
        </extensions>
      </trkpt>
      <trkpt lat="37.51603159122169017791748046875" lon="121.43250544555485248565673828125">
        <ele>73.40000152587890625</ele>
        <time>2026-09-13T05:17:05.000Z</time>
        <extensions>
          <ns3:TrackPointExtension>
            <ns3:hr>75</ns3:hr>
            <ns3:cad>53</ns3:cad>
          </ns3:TrackPointExtension>
        </extensions>
      </trkpt>
      <trkpt lat="37.51601499505341053009033203125" lon="121.43246211111545562744140625">
        <ele>73.40000152587890625</ele>
        <time>2026-09-13T05:17:08.000Z</time>
        <extensions>
          <ns3:TrackPointExtension>
            <ns3:hr>74</ns3:hr>
            <ns3:cad>55</ns3:cad>
          </ns3:TrackPointExtension>
        </extensions>
      </trkpt>
      <trkpt lat="37.515993453562259674072265625" lon="121.43236379139125347137451171875">
        <ele>73.40000152587890625</ele>
        <time>2026-09-13T05:17:16.000Z</time>
        <extensions>
          <ns3:TrackPointExtension>
            <ns3:hr>75</ns3:hr>
            <ns3:cad>55</ns3:cad>
          </ns3:TrackPointExtension>
        </extensions>
      </trkpt>
      <trkpt lat="37.51598364673554897308349609375" lon="121.4323378913104534149169921875">
        <ele>73.1999969482421875</ele>
        <time>2026-09-13T05:17:22.000Z</time>
        <extensions>
          <ns3:TrackPointExtension>
            <ns3:hr>75</ns3:hr>
            <ns3:cad>53</ns3:cad>
          </ns3:TrackPointExtension>
        </extensions>
      </trkpt>
      <trkpt lat="37.51591692678630352020263671875" lon="121.43237267620861530303955078125">
        <ele>73.1999969482421875</ele>
        <time>2026-09-13T05:17:29.000Z</time>
        <extensions>
          <ns3:TrackPointExtension>
            <ns3:hr>74</ns3:hr>
            <ns3:cad>0</ns3:cad>
          </ns3:TrackPointExtension>
        </extensions>
      </trkpt>
      <trkpt lat="37.515873424708843231201171875" lon="121.432398073375225067138671875">
        <ele>73.1999969482421875</ele>
        <time>2026-09-13T05:17:35.000Z</time>
        <extensions>
          <ns3:TrackPointExtension>
            <ns3:hr>75</ns3:hr>
            <ns3:cad>0</ns3:cad>
          </ns3:TrackPointExtension>
        </extensions>
      </trkpt>
      <trkpt lat="37.5158067047595977783203125" lon="121.43242212943732738494873046875">
        <ele>73.40000152587890625</ele>
        <time>2026-09-13T05:17:40.000Z</time>
        <extensions>
          <ns3:TrackPointExtension>
            <ns3:hr>74</ns3:hr>
            <ns3:cad>54</ns3:cad>
          </ns3:TrackPointExtension>
        </extensions>
      </trkpt>
      <trkpt lat="37.51574509777128696441650390625" lon="121.4324170164763927459716796875">
        <ele>73.40000152587890625</ele>
        <time>2026-09-13T05:17:46.000Z</time>
        <extensions>
          <ns3:TrackPointExtension>
            <ns3:hr>74</ns3:hr>
            <ns3:cad>52</ns3:cad>
          </ns3:TrackPointExtension>
        </extensions>
      </trkpt>
      <trkpt lat="37.5156898610293865203857421875" lon="121.43237183801829814910888671875">
        <ele>73.40000152587890625</ele>
        <time>2026-09-13T05:17:53.000Z</time>
        <extensions>
          <ns3:TrackPointExtension>
            <ns3:hr>73</ns3:hr>
            <ns3:cad>54</ns3:cad>
          </ns3:TrackPointExtension>
        </extensions>
      </trkpt>
      <trkpt lat="37.51564334146678447723388671875" lon="121.4323246479034423828125">
        <ele>73.1999969482421875</ele>
        <time>2026-09-13T05:17:58.000Z</time>
        <extensions>
          <ns3:TrackPointExtension>
            <ns3:hr>73</ns3:hr>
            <ns3:cad>0</ns3:cad>
          </ns3:TrackPointExtension>
        </extensions>
      </trkpt>
      <trkpt lat="37.5155979953706264495849609375" lon="121.4322513900697231292724609375">
        <ele>73.40000152587890625</ele>
        <time>2026-09-13T05:18:04.000Z</time>
        <extensions>
          <ns3:TrackPointExtension>
            <ns3:hr>74</ns3:hr>
            <ns3:cad>0</ns3:cad>
          </ns3:TrackPointExtension>
        </extensions>
      </trkpt>
      <trkpt lat="37.5155993364751338958740234375" lon="121.4322094805538654327392578125">
        <ele>73.1999969482421875</ele>
        <time>2026-09-13T05:18:09.000Z</time>
        <extensions>
          <ns3:TrackPointExtension>
            <ns3:hr>73</ns3:hr>
            <ns3:cad>0</ns3:cad>
          </ns3:TrackPointExtension>
        </extensions>
      </trkpt>
      <trkpt lat="37.51558131538331508636474609375" lon="121.432115100324153900146484375">
        <ele>73.1999969482421875</ele>
        <time>2026-09-13T05:18:15.000Z</time>
        <extensions>
          <ns3:TrackPointExtension>
            <ns3:hr>74</ns3:hr>
            <ns3:cad>53</ns3:cad>
          </ns3:TrackPointExtension>
        </extensions>
      </trkpt>
      <trkpt lat="37.51556999981403350830078125" lon="121.43202717415988445281982421875">
        <ele>73.1999969482421875</ele>
        <time>2026-09-13T05:18:22.000Z</time>
        <extensions>
          <ns3:TrackPointExtension>
            <ns3:hr>74</ns3:hr>
            <ns3:cad>52</ns3:cad>
          </ns3:TrackPointExtension>
        </extensions>
      </trkpt>
      <trkpt lat="37.5155674852430820465087890625" lon="121.4319389127194881439208984375">
        <ele>73.1999969482421875</ele>
        <time>2026-09-13T05:18:28.000Z</time>
        <extensions>
          <ns3:TrackPointExtension>
            <ns3:hr>73</ns3:hr>
            <ns3:cad>50</ns3:cad>
          </ns3:TrackPointExtension>
        </extensions>
      </trkpt>
      <trkpt lat="37.515560947358608245849609375" lon="121.43185601569712162017822265625">
        <ele>73.1999969482421875</ele>
        <time>2026-09-13T05:18:34.000Z</time>
        <extensions>
          <ns3:TrackPointExtension>
            <ns3:hr>73</ns3:hr>
            <ns3:cad>55</ns3:cad>
          </ns3:TrackPointExtension>
        </extensions>
      </trkpt>
      <trkpt lat="37.515560947358608245849609375" lon="121.431759037077426910400390625">
        <ele>73.40000152587890625</ele>
        <time>2026-09-13T05:18:41.000Z</time>
        <extensions>
          <ns3:TrackPointExtension>
            <ns3:hr>73</ns3:hr>
            <ns3:cad>54</ns3:cad>
          </ns3:TrackPointExtension>
        </extensions>
      </trkpt>
      <trkpt lat="37.5155540741980075836181640625" lon="121.4317139424383640289306640625">
        <ele>73.40000152587890625</ele>
        <time>2026-09-13T05:18:46.000Z</time>
        <extensions>
          <ns3:TrackPointExtension>
            <ns3:hr>75</ns3:hr>
            <ns3:cad>53</ns3:cad>
          </ns3:TrackPointExtension>
        </extensions>
      </trkpt>
      <trkpt lat="37.5155342929065227508544921875" lon="121.4316344819962978363037109375">
        <ele>73.40000152587890625</ele>
        <time>2026-09-13T05:18:52.000Z</time>
        <extensions>
          <ns3:TrackPointExtension>
            <ns3:hr>74</ns3:hr>
            <ns3:cad>53</ns3:cad>
          </ns3:TrackPointExtension>
        </extensions>
      </trkpt>
      <trkpt lat="37.515517361462116241455078125" lon="121.43155057914555072784423828125">
        <ele>73.1999969482421875</ele>
        <time>2026-09-13T05:18:59.000Z</time>
        <extensions>
          <ns3:TrackPointExtension>
            <ns3:hr>75</ns3:hr>
            <ns3:cad>0</ns3:cad>
          </ns3:TrackPointExtension>
        </extensions>
      </trkpt>
      <trkpt lat="37.51550495624542236328125" lon="121.43148176372051239013671875">
        <ele>73</ele>
        <time>2026-09-13T05:19:05.000Z</time>
        <extensions>
          <ns3:TrackPointExtension>
            <ns3:hr>74</ns3:hr>
            <ns3:cad>53</ns3:cad>
          </ns3:TrackPointExtension>
        </extensions>
      </trkpt>
      <trkpt lat="37.51548760570585727691650390625" lon="121.43141110427677631378173828125">
        <ele>72.59999847412109375</ele>
        <time>2026-09-13T05:19:11.000Z</time>
        <extensions>
          <ns3:TrackPointExtension>
            <ns3:hr>74</ns3:hr>
            <ns3:cad>53</ns3:cad>
          </ns3:TrackPointExtension>
        </extensions>
      </trkpt>
      <trkpt lat="37.51546815969049930572509765625" lon="121.4313377626240253448486328125">
        <ele>72.40000152587890625</ele>
        <time>2026-09-13T05:19:18.000Z</time>
        <extensions>
          <ns3:TrackPointExtension>
            <ns3:hr>73</ns3:hr>
            <ns3:cad>52</ns3:cad>
          </ns3:TrackPointExtension>
        </extensions>
      </trkpt>
      <trkpt lat="37.515463046729564666748046875" lon="121.43132376484572887420654296875">
        <ele>72.1999969482421875</ele>
        <time>2026-09-13T05:19:20.000Z</time>
        <extensions>
          <ns3:TrackPointExtension>
            <ns3:hr>74</ns3:hr>
            <ns3:cad>53</ns3:cad>
          </ns3:TrackPointExtension>
        </extensions>
      </trkpt>
      <trkpt lat="37.51543479971587657928466796875" lon="121.4312611520290374755859375">
        <ele>71.59999847412109375</ele>
        <time>2026-09-13T05:19:27.000Z</time>
        <extensions>
          <ns3:TrackPointExtension>
            <ns3:hr>73</ns3:hr>
            <ns3:cad>51</ns3:cad>
          </ns3:TrackPointExtension>
        </extensions>
      </trkpt>
      <trkpt lat="37.5154246576130390167236328125" lon="121.43124463967978954315185546875">
        <ele>71.1999969482421875</ele>
        <time>2026-09-13T05:19:31.000Z</time>
        <extensions>
          <ns3:TrackPointExtension>
            <ns3:hr>73</ns3:hr>
            <ns3:cad>53</ns3:cad>
          </ns3:TrackPointExtension>
        </extensions>
      </trkpt>
      <trkpt lat="37.515389621257781982421875" lon="121.43118948675692081451416015625">
        <ele>70.59999847412109375</ele>
        <time>2026-09-13T05:19:37.000Z</time>
        <extensions>
          <ns3:TrackPointExtension>
            <ns3:hr>73</ns3:hr>
            <ns3:cad>53</ns3:cad>
          </ns3:TrackPointExtension>
        </extensions>
      </trkpt>
      <trkpt lat="37.5153696723282337188720703125" lon="121.43115344457328319549560546875">
        <ele>70</ele>
        <time>2026-09-13T05:19:41.000Z</time>
        <extensions>
          <ns3:TrackPointExtension>
            <ns3:hr>74</ns3:hr>
            <ns3:cad>53</ns3:cad>
          </ns3:TrackPointExtension>
        </extensions>
      </trkpt>
      <trkpt lat="37.51534611918032169342041015625" lon="121.43113835714757442474365234375">
        <ele>69.8000030517578125</ele>
        <time>2026-09-13T05:19:43.000Z</time>
        <extensions>
          <ns3:TrackPointExtension>
            <ns3:hr>74</ns3:hr>
            <ns3:cad>53</ns3:cad>
          </ns3:TrackPointExtension>
        </extensions>
      </trkpt>
      <trkpt lat="37.5153136812150478363037109375" lon="121.4311443082988262176513671875">
        <ele>69</ele>
        <time>2026-09-13T05:19:49.000Z</time>
        <extensions>
          <ns3:TrackPointExtension>
            <ns3:hr>74</ns3:hr>
            <ns3:cad>55</ns3:cad>
          </ns3:TrackPointExtension>
        </extensions>
      </trkpt>
      <trkpt lat="37.515310831367969512939453125" lon="121.4311523549258708953857421875">
        <ele>68.8000030517578125</ele>
        <time>2026-09-13T05:19:50.000Z</time>
        <extensions>
          <ns3:TrackPointExtension>
            <ns3:hr>74</ns3:hr>
            <ns3:cad>55</ns3:cad>
          </ns3:TrackPointExtension>
        </extensions>
      </trkpt>
      <trkpt lat="37.5152922235429286956787109375" lon="121.431225277483463287353515625">
        <ele>68.1999969482421875</ele>
        <time>2026-09-13T05:19:56.000Z</time>
        <extensions>
          <ns3:TrackPointExtension>
            <ns3:hr>74</ns3:hr>
            <ns3:cad>55</ns3:cad>
          </ns3:TrackPointExtension>
        </extensions>
      </trkpt>
      <trkpt lat="37.5152814947068691253662109375" lon="121.4312415383756160736083984375">
        <ele>68</ele>
        <time>2026-09-13T05:19:58.000Z</time>
        <extensions>
          <ns3:TrackPointExtension>
            <ns3:hr>74</ns3:hr>
            <ns3:cad>54</ns3:cad>
          </ns3:TrackPointExtension>
        </extensions>
      </trkpt>
      <trkpt lat="37.51526682637631893157958984375" lon="121.43126056529581546783447265625">
        <ele>67.59999847412109375</ele>
        <time>2026-09-13T05:20:03.000Z</time>
        <extensions>
          <ns3:TrackPointExtension>
            <ns3:hr>75</ns3:hr>
            <ns3:cad>0</ns3:cad>
          </ns3:TrackPointExtension>
        </extensions>
      </trkpt>
      <trkpt lat="37.5152771361172199249267578125" lon="121.4312703721225261688232421875">
        <ele>67.59999847412109375</ele>
        <time>2026-09-13T05:20:11.000Z</time>
        <extensions>
          <ns3:TrackPointExtension>
            <ns3:hr>78</ns3:hr>
            <ns3:cad>52</ns3:cad>
          </ns3:TrackPointExtension>
        </extensions>
      </trkpt>
      <trkpt lat="37.51528560183942317962646484375" lon="121.43127431161701679229736328125">
        <ele>67.40000152587890625</ele>
        <time>2026-09-13T05:20:12.000Z</time>
        <extensions>
          <ns3:TrackPointExtension>
            <ns3:hr>78</ns3:hr>
            <ns3:cad>50</ns3:cad>
          </ns3:TrackPointExtension>
        </extensions>
      </trkpt>
      <trkpt lat="37.515292726457118988037109375" lon="121.43133080564439296722412109375">
        <ele>67</ele>
        <time>2026-09-13T05:20:16.000Z</time>
        <extensions>
          <ns3:TrackPointExtension>
            <ns3:hr>81</ns3:hr>
            <ns3:cad>53</ns3:cad>
          </ns3:TrackPointExtension>
        </extensions>
      </trkpt>
      <trkpt lat="37.51529549248516559600830078125" lon="121.4313984476029872894287109375">
        <ele>66.40000152587890625</ele>
        <time>2026-09-13T05:20:22.000Z</time>
        <extensions>
          <ns3:TrackPointExtension>
            <ns3:hr>80</ns3:hr>
            <ns3:cad>55</ns3:cad>
          </ns3:TrackPointExtension>
        </extensions>
      </trkpt>
      <trkpt lat="37.51528996042907238006591796875" lon="121.431457959115505218505859375">
        <ele>65.8000030517578125</ele>
        <time>2026-09-13T05:20:27.000Z</time>
        <extensions>
          <ns3:TrackPointExtension>
            <ns3:hr>80</ns3:hr>
            <ns3:cad>54</ns3:cad>
          </ns3:TrackPointExtension>
        </extensions>
      </trkpt>
      <trkpt lat="37.51529113389551639556884765625" lon="121.43147061578929424285888671875">
        <ele>65.8000030517578125</ele>
        <time>2026-09-13T05:20:28.000Z</time>
        <extensions>
          <ns3:TrackPointExtension>
            <ns3:hr>80</ns3:hr>
            <ns3:cad>54</ns3:cad>
          </ns3:TrackPointExtension>
        </extensions>
      </trkpt>
      <trkpt lat="37.515290714800357818603515625" lon="121.43155074678361415863037109375">
        <ele>65</ele>
        <time>2026-09-13T05:20:35.000Z</time>
        <extensions>
          <ns3:TrackPointExtension>
            <ns3:hr>80</ns3:hr>
            <ns3:cad>54</ns3:cad>
          </ns3:TrackPointExtension>
        </extensions>
      </trkpt>
      <trkpt lat="37.51529012806713581085205078125" lon="121.43158813007175922393798828125">
        <ele>64.8000030517578125</ele>
        <time>2026-09-13T05:20:37.000Z</time>
        <extensions>
          <ns3:TrackPointExtension>
            <ns3:hr>80</ns3:hr>
            <ns3:cad>55</ns3:cad>
          </ns3:TrackPointExtension>
        </extensions>
      </trkpt>
      <trkpt lat="37.51528342254459857940673828125" lon="121.43162920139729976654052734375">
        <ele>64.59999847412109375</ele>
        <time>2026-09-13T05:20:40.000Z</time>
        <extensions>
          <ns3:TrackPointExtension>
            <ns3:hr>81</ns3:hr>
            <ns3:cad>110</ns3:cad>
          </ns3:TrackPointExtension>
        </extensions>
      </trkpt>
      <trkpt lat="37.51528560183942317962646484375" lon="121.43169374205172061920166015625">
        <ele>63.799999237060546875</ele>
        <time>2026-09-13T05:20:46.000Z</time>
        <extensions>
          <ns3:TrackPointExtension>
            <ns3:hr>81</ns3:hr>
            <ns3:cad>54</ns3:cad>
          </ns3:TrackPointExtension>
        </extensions>
      </trkpt>
      <trkpt lat="37.51528610475361347198486328125" lon="121.4317092485725879669189453125">
        <ele>63.799999237060546875</ele>
        <time>2026-09-13T05:20:47.000Z</time>
        <extensions>
          <ns3:TrackPointExtension>
            <ns3:hr>81</ns3:hr>
            <ns3:cad>54</ns3:cad>
          </ns3:TrackPointExtension>
        </extensions>
      </trkpt>
      <trkpt lat="37.51528794877231121063232421875" lon="121.4317716099321842193603515625">
        <ele>63.40000152587890625</ele>
        <time>2026-09-13T05:20:51.000Z</time>
        <extensions>
          <ns3:TrackPointExtension>
            <ns3:hr>81</ns3:hr>
            <ns3:cad>54</ns3:cad>
          </ns3:TrackPointExtension>
        </extensions>
      </trkpt>
      <trkpt lat="37.5152788124978542327880859375" lon="121.4318359829485416412353515625">
        <ele>62.799999237060546875</ele>
        <time>2026-09-13T05:20:57.000Z</time>
        <extensions>
          <ns3:TrackPointExtension>
            <ns3:hr>81</ns3:hr>
            <ns3:cad>54</ns3:cad>
          </ns3:TrackPointExtension>
        </extensions>
      </trkpt>
      <trkpt lat="37.515278644859790802001953125" lon="121.43185031600296497344970703125">
        <ele>62.799999237060546875</ele>
        <time>2026-09-13T05:20:58.000Z</time>
        <extensions>
          <ns3:TrackPointExtension>
            <ns3:hr>80</ns3:hr>
            <ns3:cad>53</ns3:cad>
          </ns3:TrackPointExtension>
        </extensions>
      </trkpt>
      <trkpt lat="37.51527688466012477874755859375" lon="121.43189591355621814727783203125">
        <ele>62.200000762939453125</ele>
        <time>2026-09-13T05:21:03.000Z</time>
        <extensions>
          <ns3:TrackPointExtension>
            <ns3:hr>81</ns3:hr>
            <ns3:cad>54</ns3:cad>
          </ns3:TrackPointExtension>
        </extensions>
      </trkpt>
      <trkpt lat="37.5152778066694736480712890625" lon="121.43195492215454578399658203125">
        <ele>61.799999237060546875</ele>
        <time>2026-09-13T05:21:07.000Z</time>
        <extensions>
          <ns3:TrackPointExtension>
            <ns3:hr>81</ns3:hr>
            <ns3:cad>53</ns3:cad>
          </ns3:TrackPointExtension>
        </extensions>
      </trkpt>
      <trkpt lat="37.51527361571788787841796875" lon="121.43197135068476200103759765625">
        <ele>61.59999847412109375</ele>
        <time>2026-09-13T05:21:09.000Z</time>
        <extensions>
          <ns3:TrackPointExtension>
            <ns3:hr>81</ns3:hr>
            <ns3:cad>53</ns3:cad>
          </ns3:TrackPointExtension>
        </extensions>
      </trkpt>
      <trkpt lat="37.51526556909084320068359375" lon="121.43200454302132129669189453125">
        <ele>61.40000152587890625</ele>
        <time>2026-09-13T05:21:12.000Z</time>
        <extensions>
          <ns3:TrackPointExtension>
            <ns3:hr>81</ns3:hr>
            <ns3:cad>53</ns3:cad>
          </ns3:TrackPointExtension>
        </extensions>
      </trkpt>
      <trkpt lat="37.51527386717498302459716796875" lon="121.432083584368228912353515625">
        <ele>61</ele>
        <time>2026-09-13T05:21:17.000Z</time>
        <extensions>
          <ns3:TrackPointExtension>
            <ns3:hr>80</ns3:hr>
            <ns3:cad>54</ns3:cad>
          </ns3:TrackPointExtension>
        </extensions>
      </trkpt>
      <trkpt lat="37.5152882002294063568115234375" lon="121.4321236498653888702392578125">
        <ele>60.59999847412109375</ele>
        <time>2026-09-13T05:21:21.000Z</time>
        <extensions>
          <ns3:TrackPointExtension>
            <ns3:hr>80</ns3:hr>
            <ns3:cad>53</ns3:cad>
          </ns3:TrackPointExtension>
        </extensions>
      </trkpt>
      <trkpt lat="37.5152915529906749725341796875" lon="121.432128511369228363037109375">
        <ele>60.59999847412109375</ele>
        <time>2026-09-13T05:21:22.000Z</time>
        <extensions>
          <ns3:TrackPointExtension>
            <ns3:hr>80</ns3:hr>
            <ns3:cad>54</ns3:cad>
          </ns3:TrackPointExtension>
        </extensions>
      </trkpt>
      <trkpt lat="37.51529700122773647308349609375" lon="121.432158015668392181396484375">
        <ele>60.40000152587890625</ele>
        <time>2026-09-13T05:21:24.000Z</time>
        <extensions>
          <ns3:TrackPointExtension>
            <ns3:hr>79</ns3:hr>
            <ns3:cad>55</ns3:cad>
          </ns3:TrackPointExtension>
        </extensions>
      </trkpt>
      <trkpt lat="37.51529314555227756500244140625" lon="121.4322145096957683563232421875">
        <ele>60.200000762939453125</ele>
        <time>2026-09-13T05:21:27.000Z</time>
        <extensions>
          <ns3:TrackPointExtension>
            <ns3:hr>80</ns3:hr>
            <ns3:cad>54</ns3:cad>
          </ns3:TrackPointExtension>
        </extensions>
      </trkpt>
      <trkpt lat="37.5152680836617946624755859375" lon="121.4322842471301555633544921875">
        <ele>59.799999237060546875</ele>
        <time>2026-09-13T05:21:32.000Z</time>
        <extensions>
          <ns3:TrackPointExtension>
            <ns3:hr>80</ns3:hr>
            <ns3:cad>56</ns3:cad>
          </ns3:TrackPointExtension>
        </extensions>
      </trkpt>
      <trkpt lat="37.5152503140270709991455078125" lon="121.43230562098324298858642578125">
        <ele>59.59999847412109375</ele>
        <time>2026-09-13T05:21:35.000Z</time>
        <extensions>
          <ns3:TrackPointExtension>
            <ns3:hr>80</ns3:hr>
            <ns3:cad>55</ns3:cad>
          </ns3:TrackPointExtension>
        </extensions>
      </trkpt>
      <trkpt lat="37.5152436085045337677001953125" lon="121.43232263624668121337890625">
        <ele>59.59999847412109375</ele>
        <time>2026-09-13T05:21:36.000Z</time>
        <extensions>
          <ns3:TrackPointExtension>
            <ns3:hr>80</ns3:hr>
            <ns3:cad>54</ns3:cad>
          </ns3:TrackPointExtension>
        </extensions>
      </trkpt>
      <trkpt lat="37.51524134539067745208740234375" lon="121.43233512528240680694580078125">
        <ele>59.40000152587890625</ele>
        <time>2026-09-13T05:21:37.000Z</time>
        <extensions>
          <ns3:TrackPointExtension>
            <ns3:hr>80</ns3:hr>
            <ns3:cad>54</ns3:cad>
          </ns3:TrackPointExtension>
        </extensions>
      </trkpt>
      <trkpt lat="37.5152399204671382904052734375" lon="121.43241676501929759979248046875">
        <ele>59.200000762939453125</ele>
        <time>2026-09-13T05:21:42.000Z</time>
        <extensions>
          <ns3:TrackPointExtension>
            <ns3:hr>80</ns3:hr>
            <ns3:cad>55</ns3:cad>
          </ns3:TrackPointExtension>
        </extensions>
      </trkpt>
      <trkpt lat="37.51524142920970916748046875" lon="121.4324803836643695831298828125">
        <ele>58.799999237060546875</ele>
        <time>2026-09-13T05:21:48.000Z</time>
        <extensions>
          <ns3:TrackPointExtension>
            <ns3:hr>80</ns3:hr>
            <ns3:cad>110</ns3:cad>
          </ns3:TrackPointExtension>
        </extensions>
      </trkpt>
      <trkpt lat="37.51526129432022571563720703125" lon="121.4325534738600254058837890625">
        <ele>58.799999237060546875</ele>
        <time>2026-09-13T05:21:53.000Z</time>
        <extensions>
          <ns3:TrackPointExtension>
            <ns3:hr>79</ns3:hr>
            <ns3:cad>54</ns3:cad>
          </ns3:TrackPointExtension>
        </extensions>
      </trkpt>
      <trkpt lat="37.51526950858533382415771484375" lon="121.43258959986269474029541015625">
        <ele>58.40000152587890625</ele>
        <time>2026-09-13T05:21:57.000Z</time>
        <extensions>
          <ns3:TrackPointExtension>
            <ns3:hr>79</ns3:hr>
            <ns3:cad>53</ns3:cad>
          </ns3:TrackPointExtension>
        </extensions>
      </trkpt>
      <trkpt lat="37.5152757950127124786376953125" lon="121.43262849189341068267822265625">
        <ele>58.200000762939453125</ele>
        <time>2026-09-13T05:21:59.000Z</time>
        <extensions>
          <ns3:TrackPointExtension>
            <ns3:hr>80</ns3:hr>
            <ns3:cad>53</ns3:cad>
          </ns3:TrackPointExtension>
        </extensions>
      </trkpt>
      <trkpt lat="37.5152908824384212493896484375" lon="121.43267543055117130279541015625">
        <ele>58</ele>
        <time>2026-09-13T05:22:04.000Z</time>
        <extensions>
          <ns3:TrackPointExtension>
            <ns3:hr>80</ns3:hr>
            <ns3:cad>53</ns3:cad>
          </ns3:TrackPointExtension>
        </extensions>
      </trkpt>
      <trkpt lat="37.51531627960503101348876953125" lon="121.432750113308429718017578125">
        <ele>57.59999847412109375</ele>
        <time>2026-09-13T05:22:09.000Z</time>
        <extensions>
          <ns3:TrackPointExtension>
            <ns3:hr>77</ns3:hr>
            <ns3:cad>55</ns3:cad>
          </ns3:TrackPointExtension>
        </extensions>
      </trkpt>
      <trkpt lat="37.515324242413043975830078125" lon="121.4327687211334705352783203125">
        <ele>57.40000152587890625</ele>
        <time>2026-09-13T05:22:10.000Z</time>
        <extensions>
          <ns3:TrackPointExtension>
            <ns3:hr>77</ns3:hr>
            <ns3:cad>55</ns3:cad>
          </ns3:TrackPointExtension>
        </extensions>
      </trkpt>
      <trkpt lat="37.515341676771640777587890625" lon="121.432814486324787139892578125">
        <ele>57.200000762939453125</ele>
        <time>2026-09-13T05:22:14.000Z</time>
        <extensions>
          <ns3:TrackPointExtension>
            <ns3:hr>75</ns3:hr>
            <ns3:cad>54</ns3:cad>
          </ns3:TrackPointExtension>
        </extensions>
      </trkpt>
      <trkpt lat="37.51535751856863498687744140625" lon="121.4328785240650177001953125">
        <ele>56.59999847412109375</ele>
        <time>2026-09-13T05:22:19.000Z</time>
        <extensions>
          <ns3:TrackPointExtension>
            <ns3:hr>74</ns3:hr>
            <ns3:cad>108</ns3:cad>
          </ns3:TrackPointExtension>
        </extensions>
      </trkpt>
      <trkpt lat="37.515363804996013641357421875" lon="121.43292210996150970458984375">
        <ele>56.40000152587890625</ele>
        <time>2026-09-13T05:22:22.000Z</time>
        <extensions>
          <ns3:TrackPointExtension>
            <ns3:hr>74</ns3:hr>
            <ns3:cad>55</ns3:cad>
          </ns3:TrackPointExtension>
        </extensions>
      </trkpt>
      <trkpt lat="37.5153669901192188262939453125" lon="121.4329427294433116912841796875">
        <ele>56.40000152587890625</ele>
        <time>2026-09-13T05:22:24.000Z</time>
        <extensions>
          <ns3:TrackPointExtension>
            <ns3:hr>74</ns3:hr>
            <ns3:cad>54</ns3:cad>
          </ns3:TrackPointExtension>
        </extensions>
      </trkpt>
      <trkpt lat="37.5153829157352447509765625" lon="121.43300064839422702789306640625">
        <ele>55.799999237060546875</ele>
        <time>2026-09-13T05:22:29.000Z</time>
        <extensions>
          <ns3:TrackPointExtension>
            <ns3:hr>74</ns3:hr>
            <ns3:cad>54</ns3:cad>
          </ns3:TrackPointExtension>
        </extensions>
      </trkpt>
      <trkpt lat="37.5154105760157108306884765625" lon="121.43306837417185306549072265625">
        <ele>55.40000152587890625</ele>
        <time>2026-09-13T05:22:34.000Z</time>
        <extensions>
          <ns3:TrackPointExtension>
            <ns3:hr>73</ns3:hr>
            <ns3:cad>55</ns3:cad>
          </ns3:TrackPointExtension>
        </extensions>
      </trkpt>
      <trkpt lat="37.515412755310535430908203125" lon="121.43307424150407314300537109375">
        <ele>55.40000152587890625</ele>
        <time>2026-09-13T05:22:35.000Z</time>
        <extensions>
          <ns3:TrackPointExtension>
            <ns3:hr>74</ns3:hr>
            <ns3:cad>54</ns3:cad>
          </ns3:TrackPointExtension>
        </extensions>
      </trkpt>
      <trkpt lat="37.51542105339467525482177734375" lon="121.4331333339214324951171875">
        <ele>54.799999237060546875</ele>
        <time>2026-09-13T05:22:40.000Z</time>
        <extensions>
          <ns3:TrackPointExtension>
            <ns3:hr>74</ns3:hr>
            <ns3:cad>107</ns3:cad>
          </ns3:TrackPointExtension>
        </extensions>
      </trkpt>
      <trkpt lat="37.51541954465210437774658203125" lon="121.43316082656383514404296875">
        <ele>54.59999847412109375</ele>
        <time>2026-09-13T05:22:46.000Z</time>
        <extensions>
          <ns3:TrackPointExtension>
            <ns3:hr>73</ns3:hr>
            <ns3:cad>0</ns3:cad>
          </ns3:TrackPointExtension>
        </extensions>
      </trkpt>
      <trkpt lat="37.51542373560369014739990234375" lon="121.43316476605832576751708984375">
        <ele>54.59999847412109375</ele>
        <time>2026-09-13T05:22:47.000Z</time>
        <extensions>
          <ns3:TrackPointExtension>
            <ns3:hr>73</ns3:hr>
            <ns3:cad>0</ns3:cad>
          </ns3:TrackPointExtension>
        </extensions>
      </trkpt>
      <trkpt lat="37.51543295569717884063720703125" lon="121.43320701085031032562255859375">
        <ele>54.59999847412109375</ele>
        <time>2026-09-13T05:22:52.000Z</time>
        <extensions>
          <ns3:TrackPointExtension>
            <ns3:hr>72</ns3:hr>
            <ns3:cad>0</ns3:cad>
          </ns3:TrackPointExtension>
        </extensions>
      </trkpt>
      <trkpt lat="37.5154353864490985870361328125" lon="121.43321807496249675750732421875">
        <ele>54.40000152587890625</ele>
        <time>2026-09-13T05:22:53.000Z</time>
        <extensions>
          <ns3:TrackPointExtension>
            <ns3:hr>72</ns3:hr>
            <ns3:cad>0</ns3:cad>
          </ns3:TrackPointExtension>
        </extensions>
      </trkpt>
      <trkpt lat="37.515451647341251373291015625" lon="121.43328295089304447174072265625">
        <ele>54</ele>
        <time>2026-09-13T05:22:57.000Z</time>
        <extensions>
          <ns3:TrackPointExtension>
            <ns3:hr>73</ns3:hr>
            <ns3:cad>53</ns3:cad>
          </ns3:TrackPointExtension>
        </extensions>
      </trkpt>
      <trkpt lat="37.5154625438153743743896484375" lon="121.43333089537918567657470703125">
        <ele>53.200000762939453125</ele>
        <time>2026-09-13T05:23:02.000Z</time>
        <extensions>
          <ns3:TrackPointExtension>
            <ns3:hr>74</ns3:hr>
            <ns3:cad>0</ns3:cad>
          </ns3:TrackPointExtension>
        </extensions>
      </trkpt>
      <trkpt lat="37.5154669024050235748291015625" lon="121.433342210948467254638671875">
        <ele>53</ele>
        <time>2026-09-13T05:23:03.000Z</time>
        <extensions>
          <ns3:TrackPointExtension>
            <ns3:hr>74</ns3:hr>
            <ns3:cad>0</ns3:cad>
          </ns3:TrackPointExtension>
        </extensions>
      </trkpt>
      <trkpt lat="37.515487186610698699951171875" lon="121.433392502367496490478515625">
        <ele>52.40000152587890625</ele>
        <time>2026-09-13T05:23:08.000Z</time>
        <extensions>
          <ns3:TrackPointExtension>
            <ns3:hr>76</ns3:hr>
            <ns3:cad>52</ns3:cad>
          </ns3:TrackPointExtension>
        </extensions>
      </trkpt>
      <trkpt lat="37.51549623906612396240234375" lon="121.43342494033277034759521484375">
        <ele>52.200000762939453125</ele>
        <time>2026-09-13T05:23:11.000Z</time>
        <extensions>
          <ns3:TrackPointExtension>
            <ns3:hr>77</ns3:hr>
            <ns3:cad>53</ns3:cad>
          </ns3:TrackPointExtension>
        </extensions>
      </trkpt>
      <trkpt lat="37.51551057212054729461669921875" lon="121.4334557019174098968505859375">
        <ele>52</ele>
        <time>2026-09-13T05:23:14.000Z</time>
        <extensions>
          <ns3:TrackPointExtension>
            <ns3:hr>77</ns3:hr>
            <ns3:cad>52</ns3:cad>
          </ns3:TrackPointExtension>
        </extensions>
      </trkpt>
      <trkpt lat="37.51551107503473758697509765625" lon="121.43346928060054779052734375">
        <ele>51.799999237060546875</ele>
        <time>2026-09-13T05:23:16.000Z</time>
        <extensions>
          <ns3:TrackPointExtension>
            <ns3:hr>80</ns3:hr>
            <ns3:cad>51</ns3:cad>
          </ns3:TrackPointExtension>
        </extensions>
      </trkpt>
      <trkpt lat="37.51551409251987934112548828125" lon="121.4334932528436183929443359375">
        <ele>51.59999847412109375</ele>
        <time>2026-09-13T05:23:18.000Z</time>
        <extensions>
          <ns3:TrackPointExtension>
            <ns3:hr>82</ns3:hr>
            <ns3:cad>52</ns3:cad>
          </ns3:TrackPointExtension>
        </extensions>
      </trkpt>
      <trkpt lat="37.5155222229659557342529296875" lon="121.4335194043815135955810546875">
        <ele>51.40000152587890625</ele>
        <time>2026-09-13T05:23:20.000Z</time>
        <extensions>
          <ns3:TrackPointExtension>
            <ns3:hr>83</ns3:hr>
            <ns3:cad>52</ns3:cad>
          </ns3:TrackPointExtension>
        </extensions>
      </trkpt>
      <trkpt lat="37.515536807477474212646484375" lon="121.4335700310766696929931640625">
        <ele>51</ele>
        <time>2026-09-13T05:23:24.000Z</time>
        <extensions>
          <ns3:TrackPointExtension>
            <ns3:hr>83</ns3:hr>
            <ns3:cad>52</ns3:cad>
          </ns3:TrackPointExtension>
        </extensions>
      </trkpt>
      <trkpt lat="37.51553907059133052825927734375" lon="121.43358285538852214813232421875">
        <ele>50.59999847412109375</ele>
        <time>2026-09-13T05:23:26.000Z</time>
        <extensions>
          <ns3:TrackPointExtension>
            <ns3:hr>83</ns3:hr>
            <ns3:cad>52</ns3:cad>
          </ns3:TrackPointExtension>
        </extensions>
      </trkpt>
      <trkpt lat="37.51554594375193119049072265625" lon="121.433660723268985748291015625">
        <ele>50</ele>
        <time>2026-09-13T05:23:31.000Z</time>
        <extensions>
          <ns3:TrackPointExtension>
            <ns3:hr>83</ns3:hr>
            <ns3:cad>52</ns3:cad>
          </ns3:TrackPointExtension>
        </extensions>
      </trkpt>
      <trkpt lat="37.5155483745038509368896484375" lon="121.43367438577115535736083984375">
        <ele>49.799999237060546875</ele>
        <time>2026-09-13T05:23:32.000Z</time>
        <extensions>
          <ns3:TrackPointExtension>
            <ns3:hr>84</ns3:hr>
            <ns3:cad>52</ns3:cad>
          </ns3:TrackPointExtension>
        </extensions>
      </trkpt>
      <trkpt lat="37.5155738554894924163818359375" lon="121.433768682181835174560546875">
        <ele>48.799999237060546875</ele>
        <time>2026-09-13T05:23:39.000Z</time>
        <extensions>
          <ns3:TrackPointExtension>
            <ns3:hr>85</ns3:hr>
            <ns3:cad>57</ns3:cad>
          </ns3:TrackPointExtension>
        </extensions>
      </trkpt>
      <trkpt lat="37.51560755074024200439453125" lon="121.43385292030870914459228515625">
        <ele>47.799999237060546875</ele>
        <time>2026-09-13T05:23:46.000Z</time>
        <extensions>
          <ns3:TrackPointExtension>
            <ns3:hr>84</ns3:hr>
            <ns3:cad>57</ns3:cad>
          </ns3:TrackPointExtension>
        </extensions>
      </trkpt>
      <trkpt lat="37.51558919437229633331298828125" lon="121.43396339379251003265380859375">
        <ele>47.200000762939453125</ele>
        <time>2026-09-13T05:23:54.000Z</time>
        <extensions>
          <ns3:TrackPointExtension>
            <ns3:hr>86</ns3:hr>
            <ns3:cad>0</ns3:cad>
          </ns3:TrackPointExtension>
        </extensions>
      </trkpt>
      <trkpt lat="37.5155611149966716766357421875" lon="121.43405626527965068817138671875">
        <ele>46.799999237060546875</ele>
        <time>2026-09-13T05:24:02.000Z</time>
        <extensions>
          <ns3:TrackPointExtension>
            <ns3:hr>84</ns3:hr>
            <ns3:cad>57</ns3:cad>
          </ns3:TrackPointExtension>
        </extensions>
      </trkpt>
      <trkpt lat="37.51555097289383411407470703125" lon="121.43406967632472515106201171875">
        <ele>46.799999237060546875</ele>
        <time>2026-09-13T05:24:03.000Z</time>
        <extensions>
          <ns3:TrackPointExtension>
            <ns3:hr>84</ns3:hr>
            <ns3:cad>55</ns3:cad>
          </ns3:TrackPointExtension>
        </extensions>
      </trkpt>
      <trkpt lat="37.51549783162772655487060546875" lon="121.4341198839247226715087890625">
        <ele>46.59999847412109375</ele>
        <time>2026-09-13T05:24:08.000Z</time>
        <extensions>
          <ns3:TrackPointExtension>
            <ns3:hr>85</ns3:hr>
            <ns3:cad>55</ns3:cad>
          </ns3:TrackPointExtension>
        </extensions>
      </trkpt>
      <trkpt lat="37.5154508091509342193603515625" lon="121.434150896966457366943359375">
        <ele>46</ele>
        <time>2026-09-13T05:24:14.000Z</time>
        <extensions>
          <ns3:TrackPointExtension>
            <ns3:hr>85</ns3:hr>
            <ns3:cad>0</ns3:cad>
          </ns3:TrackPointExtension>
        </extensions>
      </trkpt>
      <trkpt lat="37.5154353864490985870361328125" lon="121.4341659843921661376953125">
        <ele>45.59999847412109375</ele>
        <time>2026-09-13T05:24:16.000Z</time>
        <extensions>
          <ns3:TrackPointExtension>
            <ns3:hr>85</ns3:hr>
            <ns3:cad>54</ns3:cad>
          </ns3:TrackPointExtension>
        </extensions>
      </trkpt>
      <trkpt lat="37.515408731997013092041015625" lon="121.43417864106595516204833984375">
        <ele>45.200000762939453125</ele>
        <time>2026-09-13T05:24:20.000Z</time>
        <extensions>
          <ns3:TrackPointExtension>
            <ns3:hr>84</ns3:hr>
            <ns3:cad>55</ns3:cad>
          </ns3:TrackPointExtension>
        </extensions>
      </trkpt>
      <trkpt lat="37.5153918005526065826416015625" lon="121.43417897634208202362060546875">
        <ele>44.799999237060546875</ele>
        <time>2026-09-13T05:24:22.000Z</time>
        <extensions>
          <ns3:TrackPointExtension>
            <ns3:hr>80</ns3:hr>
            <ns3:cad>55</ns3:cad>
          </ns3:TrackPointExtension>
        </extensions>
      </trkpt>
      <trkpt lat="37.51537964679300785064697265625" lon="121.43418618477880954742431640625">
        <ele>44.799999237060546875</ele>
        <time>2026-09-13T05:24:23.000Z</time>
        <extensions>
          <ns3:TrackPointExtension>
            <ns3:hr>74</ns3:hr>
            <ns3:cad>108</ns3:cad>
          </ns3:TrackPointExtension>
        </extensions>
      </trkpt>
      <trkpt lat="37.515367828309535980224609375" lon="121.43419490195810794830322265625">
        <ele>44.59999847412109375</ele>
        <time>2026-09-13T05:24:24.000Z</time>
        <extensions>
          <ns3:TrackPointExtension>
            <ns3:hr>70</ns3:hr>
            <ns3:cad>108</ns3:cad>
          </ns3:TrackPointExtension>
        </extensions>
      </trkpt>
      <trkpt lat="37.51534075476229190826416015625" lon="121.43421250395476818084716796875">
        <ele>44.40000152587890625</ele>
        <time>2026-09-13T05:24:26.000Z</time>
        <extensions>
          <ns3:TrackPointExtension>
            <ns3:hr>69</ns3:hr>
            <ns3:cad>54</ns3:cad>
          </ns3:TrackPointExtension>
        </extensions>
      </trkpt>
      <trkpt lat="37.51530873589217662811279296875" lon="121.43422105349600315093994140625">
        <ele>43.799999237060546875</ele>
        <time>2026-09-13T05:24:31.000Z</time>
        <extensions>
          <ns3:TrackPointExtension>
            <ns3:hr>66</ns3:hr>
            <ns3:cad>55</ns3:cad>
          </ns3:TrackPointExtension>
        </extensions>
      </trkpt>
      <trkpt lat="37.51528660766780376434326171875" lon="121.43423513509333133697509765625">
        <ele>43.59999847412109375</ele>
        <time>2026-09-13T05:24:33.000Z</time>
        <extensions>
          <ns3:TrackPointExtension>
            <ns3:hr>66</ns3:hr>
            <ns3:cad>52</ns3:cad>
          </ns3:TrackPointExtension>
        </extensions>
      </trkpt>
      <trkpt lat="37.5152516551315784454345703125" lon="121.43426455557346343994140625">
        <ele>43</ele>
        <time>2026-09-13T05:24:37.000Z</time>
        <extensions>
          <ns3:TrackPointExtension>
            <ns3:hr>66</ns3:hr>
            <ns3:cad>107</ns3:cad>
          </ns3:TrackPointExtension>
        </extensions>
      </trkpt>
      <trkpt lat="37.51519859768450260162353515625" lon="121.4342891983687877655029296875">
        <ele>42.40000152587890625</ele>
        <time>2026-09-13T05:24:42.000Z</time>
        <extensions>
          <ns3:TrackPointExtension>
            <ns3:hr>66</ns3:hr>
            <ns3:cad>54</ns3:cad>
          </ns3:TrackPointExtension>
        </extensions>
      </trkpt>
      <trkpt lat="37.5151718594133853912353515625" lon="121.4343153499066829681396484375">
        <ele>42.200000762939453125</ele>
        <time>2026-09-13T05:24:44.000Z</time>
        <extensions>
          <ns3:TrackPointExtension>
            <ns3:hr>66</ns3:hr>
            <ns3:cad>55</ns3:cad>
          </ns3:TrackPointExtension>
        </extensions>
      </trkpt>
      <trkpt lat="37.51512785442173480987548828125" lon="121.43432716839015483856201171875">
        <ele>41.59999847412109375</ele>
        <time>2026-09-13T05:24:50.000Z</time>
        <extensions>
          <ns3:TrackPointExtension>
            <ns3:hr>66</ns3:hr>
            <ns3:cad>108</ns3:cad>
          </ns3:TrackPointExtension>
        </extensions>
      </trkpt>
      <trkpt lat="37.51511695794761180877685546875" lon="121.43432867713272571563720703125">
        <ele>41.40000152587890625</ele>
        <time>2026-09-13T05:24:52.000Z</time>
        <extensions>
          <ns3:TrackPointExtension>
            <ns3:hr>66</ns3:hr>
            <ns3:cad>54</ns3:cad>
          </ns3:TrackPointExtension>
        </extensions>
      </trkpt>
      <trkpt lat="37.5150739587843418121337890625" lon="121.43436237238347530364990234375">
        <ele>41</ele>
        <time>2026-09-13T05:24:56.000Z</time>
        <extensions>
          <ns3:TrackPointExtension>
            <ns3:hr>66</ns3:hr>
            <ns3:cad>55</ns3:cad>
          </ns3:TrackPointExtension>
        </extensions>
      </trkpt>
      <trkpt lat="37.515023164451122283935546875" lon="121.43438500352203845977783203125">
        <ele>40.40000152587890625</ele>
        <time>2026-09-13T05:25:02.000Z</time>
        <extensions>
          <ns3:TrackPointExtension>
            <ns3:hr>67</ns3:hr>
            <ns3:cad>54</ns3:cad>
          </ns3:TrackPointExtension>
        </extensions>
      </trkpt>
      <trkpt lat="37.514974214136600494384765625" lon="121.43442557193338871002197265625">
        <ele>39.799999237060546875</ele>
        <time>2026-09-13T05:25:08.000Z</time>
        <extensions>
          <ns3:TrackPointExtension>
            <ns3:hr>67</ns3:hr>
            <ns3:cad>55</ns3:cad>
          </ns3:TrackPointExtension>
        </extensions>
      </trkpt>
      <trkpt lat="37.51492559909820556640625" lon="121.4344598539173603057861328125">
        <ele>39.40000152587890625</ele>
        <time>2026-09-13T05:25:14.000Z</time>
        <extensions>
          <ns3:TrackPointExtension>
            <ns3:hr>68</ns3:hr>
            <ns3:cad>55</ns3:cad>
          </ns3:TrackPointExtension>
        </extensions>
      </trkpt>
      <trkpt lat="37.514910511672496795654296875" lon="121.434468068182468414306640625">
        <ele>39.200000762939453125</ele>
        <time>2026-09-13T05:25:15.000Z</time>
        <extensions>
          <ns3:TrackPointExtension>
            <ns3:hr>68</ns3:hr>
            <ns3:cad>55</ns3:cad>
          </ns3:TrackPointExtension>
        </extensions>
      </trkpt>
      <trkpt lat="37.514853514730930328369140625" lon="121.43448810093104839324951171875">
        <ele>39</ele>
        <time>2026-09-13T05:25:21.000Z</time>
        <extensions>
          <ns3:TrackPointExtension>
            <ns3:hr>71</ns3:hr>
            <ns3:cad>52</ns3:cad>
          </ns3:TrackPointExtension>
        </extensions>
      </trkpt>
      <trkpt lat="37.51478151418268680572509765625" lon="121.43450637347996234893798828125">
        <ele>38.59999847412109375</ele>
        <time>2026-09-13T05:25:28.000Z</time>
        <extensions>
          <ns3:TrackPointExtension>
            <ns3:hr>72</ns3:hr>
            <ns3:cad>52</ns3:cad>
          </ns3:TrackPointExtension>
        </extensions>
      </trkpt>
      <trkpt lat="37.51477045007050037384033203125" lon="121.4345004223287105560302734375">
        <ele>38.59999847412109375</ele>
        <time>2026-09-13T05:25:35.000Z</time>
        <extensions>
          <ns3:TrackPointExtension>
            <ns3:hr>72</ns3:hr>
            <ns3:cad>0</ns3:cad>
          </ns3:TrackPointExtension>
        </extensions>
      </trkpt>
      <trkpt lat="37.51477816142141819000244140625" lon="121.43449866212904453277587890625">
        <ele>38.799999237060546875</ele>
        <time>2026-09-13T05:25:43.000Z</time>
        <extensions>
          <ns3:TrackPointExtension>
            <ns3:hr>70</ns3:hr>
            <ns3:cad>0</ns3:cad>
          </ns3:TrackPointExtension>
        </extensions>
      </trkpt>
      <trkpt lat="37.51477128826081752777099609375" lon="121.43450000323355197906494140625">
        <ele>38.799999237060546875</ele>
        <time>2026-09-13T05:25:49.000Z</time>
        <extensions>
          <ns3:TrackPointExtension>
            <ns3:hr>70</ns3:hr>
            <ns3:cad>0</ns3:cad>
          </ns3:TrackPointExtension>
        </extensions>
      </trkpt>
      <trkpt lat="37.5147681869566440582275390625" lon="121.4344974048435688018798828125">
        <ele>38.799999237060546875</ele>
        <time>2026-09-13T05:25:56.000Z</time>
        <extensions>
          <ns3:TrackPointExtension>
            <ns3:hr>72</ns3:hr>
            <ns3:cad>0</ns3:cad>
          </ns3:TrackPointExtension>
        </extensions>
      </trkpt>
      <trkpt lat="37.5147681869566440582275390625" lon="121.4344974048435688018798828125">
        <ele>38.799999237060546875</ele>
        <time>2026-09-13T05:26:01.000Z</time>
        <extensions>
          <ns3:TrackPointExtension>
            <ns3:hr>76</ns3:hr>
            <ns3:cad>0</ns3:cad>
          </ns3:TrackPointExtension>
        </extensions>
      </trkpt>
      <trkpt lat="37.5147681869566440582275390625" lon="121.4344974048435688018798828125">
        <ele>39</ele>
        <time>2026-09-13T05:26:05.000Z</time>
        <extensions>
          <ns3:TrackPointExtension>
            <ns3:hr>79</ns3:hr>
            <ns3:cad>0</ns3:cad>
          </ns3:TrackPointExtension>
        </extensions>
      </trkpt>
      <trkpt lat="37.5147681869566440582275390625" lon="121.4344974048435688018798828125">
        <ele>38.799999237060546875</ele>
        <time>2026-09-13T05:26:08.000Z</time>
        <extensions>
          <ns3:TrackPointExtension>
            <ns3:hr>77</ns3:hr>
            <ns3:cad>0</ns3:cad>
          </ns3:TrackPointExtension>
        </extensions>
      </trkpt>
      <trkpt lat="37.5147681869566440582275390625" lon="121.4344974048435688018798828125">
        <ele>38.799999237060546875</ele>
        <time>2026-09-13T05:26:12.000Z</time>
        <extensions>
          <ns3:TrackPointExtension>
            <ns3:hr>74</ns3:hr>
            <ns3:cad>0</ns3:cad>
          </ns3:TrackPointExtension>
        </extensions>
      </trkpt>
      <trkpt lat="37.5147681869566440582275390625" lon="121.4344974048435688018798828125">
        <ele>38.59999847412109375</ele>
        <time>2026-09-13T05:26:19.000Z</time>
        <extensions>
          <ns3:TrackPointExtension>
            <ns3:hr>73</ns3:hr>
            <ns3:cad>0</ns3:cad>
          </ns3:TrackPointExtension>
        </extensions>
      </trkpt>
      <trkpt lat="37.5147681869566440582275390625" lon="121.4344974048435688018798828125">
        <ele>38.799999237060546875</ele>
        <time>2026-09-13T05:26:33.000Z</time>
        <extensions>
          <ns3:TrackPointExtension>
            <ns3:hr>73</ns3:hr>
            <ns3:cad>0</ns3:cad>
          </ns3:TrackPointExtension>
        </extensions>
      </trkpt>
      <trkpt lat="37.51476827077567577362060546875" lon="121.4345191977918148040771484375">
        <ele>38.200000762939453125</ele>
        <time>2026-09-13T05:26:44.000Z</time>
        <extensions>
          <ns3:TrackPointExtension>
            <ns3:hr>75</ns3:hr>
            <ns3:cad>0</ns3:cad>
          </ns3:TrackPointExtension>
        </extensions>
      </trkpt>
      <trkpt lat="37.51476910896599292755126953125" lon="121.43453805707395076751708984375">
        <ele>38</ele>
        <time>2026-09-13T05:26:45.000Z</time>
        <extensions>
          <ns3:TrackPointExtension>
            <ns3:hr>75</ns3:hr>
            <ns3:cad>0</ns3:cad>
          </ns3:TrackPointExtension>
        </extensions>
      </trkpt>
      <trkpt lat="37.5147742219269275665283203125" lon="121.4346016757190227508544921875">
        <ele>38</ele>
        <time>2026-09-13T05:26:50.000Z</time>
        <extensions>
          <ns3:TrackPointExtension>
            <ns3:hr>71</ns3:hr>
            <ns3:cad>52</ns3:cad>
          </ns3:TrackPointExtension>
        </extensions>
      </trkpt>
      <trkpt lat="37.5147856213152408599853515625" lon="121.43469714559614658355712890625">
        <ele>38.40000152587890625</ele>
        <time>2026-09-13T05:26:56.000Z</time>
        <extensions>
          <ns3:TrackPointExtension>
            <ns3:hr>69</ns3:hr>
            <ns3:cad>52</ns3:cad>
          </ns3:TrackPointExtension>
        </extensions>
      </trkpt>
      <trkpt lat="37.51480397768318653106689453125" lon="121.434745676815509796142578125">
        <ele>38.40000152587890625</ele>
        <time>2026-09-13T05:27:01.000Z</time>
        <extensions>
          <ns3:TrackPointExtension>
            <ns3:hr>69</ns3:hr>
            <ns3:cad>55</ns3:cad>
          </ns3:TrackPointExtension>
        </extensions>
      </trkpt>
      <trkpt lat="37.51483968459069728851318359375" lon="121.43483276478946208953857421875">
        <ele>38.59999847412109375</ele>
        <time>2026-09-13T05:27:07.000Z</time>
        <extensions>
          <ns3:TrackPointExtension>
            <ns3:hr>68</ns3:hr>
            <ns3:cad>53</ns3:cad>
          </ns3:TrackPointExtension>
        </extensions>
      </trkpt>
      <trkpt lat="37.51484991051256656646728515625" lon="121.4349196851253509521484375">
        <ele>38.799999237060546875</ele>
        <time>2026-09-13T05:27:13.000Z</time>
        <extensions>
          <ns3:TrackPointExtension>
            <ns3:hr>69</ns3:hr>
            <ns3:cad>53</ns3:cad>
          </ns3:TrackPointExtension>
        </extensions>
      </trkpt>
      <trkpt lat="37.5148516707122325897216796875" lon="121.43499101512134075164794921875">
        <ele>38.59999847412109375</ele>
        <time>2026-09-13T05:27:18.000Z</time>
        <extensions>
          <ns3:TrackPointExtension>
            <ns3:hr>70</ns3:hr>
            <ns3:cad>55</ns3:cad>
          </ns3:TrackPointExtension>
        </extensions>
      </trkpt>
      <trkpt lat="37.5148821808397769927978515625" lon="121.4349500276148319244384765625">
        <ele>39</ele>
        <time>2026-09-13T05:27:23.000Z</time>
        <extensions>
          <ns3:TrackPointExtension>
            <ns3:hr>71</ns3:hr>
            <ns3:cad>0</ns3:cad>
          </ns3:TrackPointExtension>
        </extensions>
      </trkpt>
      <trkpt lat="37.5148947536945343017578125" lon="121.4349446631968021392822265625">
        <ele>39.200000762939453125</ele>
        <time>2026-09-13T05:27:24.000Z</time>
        <extensions>
          <ns3:TrackPointExtension>
            <ns3:hr>72</ns3:hr>
            <ns3:cad>0</ns3:cad>
          </ns3:TrackPointExtension>
        </extensions>
      </trkpt>
      <trkpt lat="37.5149073265492916107177734375" lon="121.43494642339646816253662109375">
        <ele>39.200000762939453125</ele>
        <time>2026-09-13T05:27:25.000Z</time>
        <extensions>
          <ns3:TrackPointExtension>
            <ns3:hr>72</ns3:hr>
            <ns3:cad>58</ns3:cad>
          </ns3:TrackPointExtension>
        </extensions>
      </trkpt>
      <trkpt lat="37.51493456773459911346435546875" lon="121.434943489730358123779296875">
        <ele>39.59999847412109375</ele>
        <time>2026-09-13T05:27:27.000Z</time>
        <extensions>
          <ns3:TrackPointExtension>
            <ns3:hr>72</ns3:hr>
            <ns3:cad>58</ns3:cad>
          </ns3:TrackPointExtension>
        </extensions>
      </trkpt>
    </trkseg>
  </trk>
</gpx>
