<?xml version="1.0" encoding="UTF-8"?>
<gpx creator="Garmin Connect" version="1.1"
  xsi:schemaLocation="http://www.topografix.com/GPX/1/1 http://www.topografix.com/GPX/11.xsd"
  xmlns:ns3="http://www.garmin.com/xmlschemas/TrackPointExtension/v1"
  xmlns="http://www.topografix.com/GPX/1/1"
  xmlns:xsi="http://www.w3.org/2001/XMLSchema-instance" xmlns:ns2="http://www.garmin.com/xmlschemas/GpxExtensions/v3">
  <metadata>
    <link href="connect.garmin.com">
      <text>Garmin Connect</text>
    </link>
    <time>2026-09-16T03:51:13.000Z</time>
  </metadata>
  <trk>
    <name>Nanjing Hiking</name>
    <type>hiking</type>
    <trkseg>
      <trkpt lat="32.06891804002225399017333984375" lon="118.81720514036715030670166015625">
        <ele>57.799999237060546875</ele>
        <time>2026-09-16T03:51:24.000Z</time>
        <extensions>
          <ns3:TrackPointExtension>
            <ns3:hr>97</ns3:hr>
            <ns3:cad>0</ns3:cad>
          </ns3:TrackPointExtension>
        </extensions>
      </trkpt>
      <trkpt lat="32.06893622875213623046875" lon="118.817211091518402099609375">
        <ele>58.200000762939453125</ele>
        <time>2026-09-16T03:51:26.000Z</time>
        <extensions>
          <ns3:TrackPointExtension>
            <ns3:hr>97</ns3:hr>
            <ns3:cad>0</ns3:cad>
          </ns3:TrackPointExtension>
        </extensions>
      </trkpt>
      <trkpt lat="32.06893497146666049957275390625" lon="118.81720011122524738311767578125">
        <ele>58.59999847412109375</ele>
        <time>2026-09-16T03:51:28.000Z</time>
        <extensions>
          <ns3:TrackPointExtension>
            <ns3:hr>96</ns3:hr>
            <ns3:cad>0</ns3:cad>
          </ns3:TrackPointExtension>
        </extensions>
      </trkpt>
      <trkpt lat="32.06893161870539188385009765625" lon="118.8172223232686519622802734375">
        <ele>58.799999237060546875</ele>
        <time>2026-09-16T03:51:31.000Z</time>
        <extensions>
          <ns3:TrackPointExtension>
            <ns3:hr>97</ns3:hr>
            <ns3:cad>0</ns3:cad>
          </ns3:TrackPointExtension>
        </extensions>
      </trkpt>
      <trkpt lat="32.06893698312342166900634765625" lon="118.8172397576272487640380859375">
        <ele>59.200000762939453125</ele>
        <time>2026-09-16T03:51:33.000Z</time>
        <extensions>
          <ns3:TrackPointExtension>
            <ns3:hr>98</ns3:hr>
            <ns3:cad>0</ns3:cad>
          </ns3:TrackPointExtension>
        </extensions>
      </trkpt>
      <trkpt lat="32.06892373971641063690185546875" lon="118.8172578625380992889404296875">
        <ele>59.799999237060546875</ele>
        <time>2026-09-16T03:51:38.000Z</time>
        <extensions>
          <ns3:TrackPointExtension>
            <ns3:hr>98</ns3:hr>
            <ns3:cad>0</ns3:cad>
          </ns3:TrackPointExtension>
        </extensions>
      </trkpt>
      <trkpt lat="32.0689045451581478118896484375" lon="118.81728996522724628448486328125">
        <ele>61</ele>
        <time>2026-09-16T03:51:43.000Z</time>
        <extensions>
          <ns3:TrackPointExtension>
            <ns3:hr>102</ns3:hr>
            <ns3:cad>40</ns3:cad>
          </ns3:TrackPointExtension>
        </extensions>
      </trkpt>
      <trkpt lat="32.06890529952943325042724609375" lon="118.81729633547365665435791015625">
        <ele>61.200000762939453125</ele>
        <time>2026-09-16T03:51:44.000Z</time>
        <extensions>
          <ns3:TrackPointExtension>
            <ns3:hr>102</ns3:hr>
            <ns3:cad>40</ns3:cad>
          </ns3:TrackPointExtension>
        </extensions>
      </trkpt>
      <trkpt lat="32.068885602056980133056640625" lon="118.8173514045774936676025390625">
        <ele>62</ele>
        <time>2026-09-16T03:51:51.000Z</time>
        <extensions>
          <ns3:TrackPointExtension>
            <ns3:hr>104</ns3:hr>
            <ns3:cad>76</ns3:cad>
          </ns3:TrackPointExtension>
        </extensions>
      </trkpt>
      <trkpt lat="32.0688656531274318695068359375" lon="118.8173909671604633331298828125">
        <ele>63</ele>
        <time>2026-09-16T03:51:57.000Z</time>
        <extensions>
          <ns3:TrackPointExtension>
            <ns3:hr>107</ns3:hr>
            <ns3:cad>0</ns3:cad>
          </ns3:TrackPointExtension>
        </extensions>
      </trkpt>
      <trkpt lat="32.0688579417765140533447265625" lon="118.81740060634911060333251953125">
        <ele>63.200000762939453125</ele>
        <time>2026-09-16T03:51:58.000Z</time>
        <extensions>
          <ns3:TrackPointExtension>
            <ns3:hr>108</ns3:hr>
            <ns3:cad>0</ns3:cad>
          </ns3:TrackPointExtension>
        </extensions>
      </trkpt>
      <trkpt lat="32.06884880550205707550048828125" lon="118.8173993490636348724365234375">
        <ele>63</ele>
        <time>2026-09-16T03:52:01.000Z</time>
        <extensions>
          <ns3:TrackPointExtension>
            <ns3:hr>112</ns3:hr>
            <ns3:cad>0</ns3:cad>
          </ns3:TrackPointExtension>
        </extensions>
      </trkpt>
      <trkpt lat="32.06883388571441173553466796875" lon="118.81740219891071319580078125">
        <ele>63</ele>
        <time>2026-09-16T03:52:03.000Z</time>
        <extensions>
          <ns3:TrackPointExtension>
            <ns3:hr>113</ns3:hr>
            <ns3:cad>0</ns3:cad>
          </ns3:TrackPointExtension>
        </extensions>
      </trkpt>
      <trkpt lat="32.06884293816983699798583984375" lon="118.8174037076532840728759765625">
        <ele>62.799999237060546875</ele>
        <time>2026-09-16T03:52:08.000Z</time>
        <extensions>
          <ns3:TrackPointExtension>
            <ns3:hr>113</ns3:hr>
            <ns3:cad>0</ns3:cad>
          </ns3:TrackPointExtension>
        </extensions>
      </trkpt>
      <trkpt lat="32.06883237697184085845947265625" lon="118.81740295328199863433837890625">
        <ele>62.40000152587890625</ele>
        <time>2026-09-16T03:52:15.000Z</time>
        <extensions>
          <ns3:TrackPointExtension>
            <ns3:hr>109</ns3:hr>
            <ns3:cad>0</ns3:cad>
          </ns3:TrackPointExtension>
        </extensions>
      </trkpt>
      <trkpt lat="32.06883472390472888946533203125" lon="118.8174003548920154571533203125">
        <ele>62.40000152587890625</ele>
        <time>2026-09-16T03:52:16.000Z</time>
        <extensions>
          <ns3:TrackPointExtension>
            <ns3:hr>108</ns3:hr>
            <ns3:cad>0</ns3:cad>
          </ns3:TrackPointExtension>
        </extensions>
      </trkpt>
      <trkpt lat="32.06884159706532955169677734375" lon="118.81739138625562191009521484375">
        <ele>63.200000762939453125</ele>
        <time>2026-09-16T03:52:21.000Z</time>
        <extensions>
          <ns3:TrackPointExtension>
            <ns3:hr>105</ns3:hr>
            <ns3:cad>0</ns3:cad>
          </ns3:TrackPointExtension>
        </extensions>
      </trkpt>
      <trkpt lat="32.068829946219921112060546875" lon="118.8173866085708141326904296875">
        <ele>63</ele>
        <time>2026-09-16T03:52:25.000Z</time>
        <extensions>
          <ns3:TrackPointExtension>
            <ns3:hr>104</ns3:hr>
            <ns3:cad>0</ns3:cad>
          </ns3:TrackPointExtension>
        </extensions>
      </trkpt>
      <trkpt lat="32.0688368193805217742919921875" lon="118.81739373318850994110107421875">
        <ele>62.40000152587890625</ele>
        <time>2026-09-16T03:52:30.000Z</time>
        <extensions>
          <ns3:TrackPointExtension>
            <ns3:hr>107</ns3:hr>
            <ns3:cad>0</ns3:cad>
          </ns3:TrackPointExtension>
        </extensions>
      </trkpt>
      <trkpt lat="32.068835310637950897216796875" lon="118.817397840321063995361328125">
        <ele>62.40000152587890625</ele>
        <time>2026-09-16T03:52:34.000Z</time>
        <extensions>
          <ns3:TrackPointExtension>
            <ns3:hr>105</ns3:hr>
            <ns3:cad>0</ns3:cad>
          </ns3:TrackPointExtension>
        </extensions>
      </trkpt>
      <trkpt lat="32.06884478218853473663330078125" lon="118.8173959963023662567138671875">
        <ele>62.40000152587890625</ele>
        <time>2026-09-16T03:52:41.000Z</time>
        <extensions>
          <ns3:TrackPointExtension>
            <ns3:hr>105</ns3:hr>
            <ns3:cad>0</ns3:cad>
          </ns3:TrackPointExtension>
        </extensions>
      </trkpt>
      <trkpt lat="32.0688421837985515594482421875" lon="118.8173990137875080108642578125">
        <ele>62.40000152587890625</ele>
        <time>2026-09-16T03:52:51.000Z</time>
        <extensions>
          <ns3:TrackPointExtension>
            <ns3:hr>102</ns3:hr>
            <ns3:cad>0</ns3:cad>
          </ns3:TrackPointExtension>
        </extensions>
      </trkpt>
      <trkpt lat="32.06884277053177356719970703125" lon="118.81740060634911060333251953125">
        <ele>62.40000152587890625</ele>
        <time>2026-09-16T03:52:52.000Z</time>
        <extensions>
          <ns3:TrackPointExtension>
            <ns3:hr>102</ns3:hr>
            <ns3:cad>0</ns3:cad>
          </ns3:TrackPointExtension>
        </extensions>
      </trkpt>
      <trkpt lat="32.06884310580790042877197265625" lon="118.81740228272974491119384765625">
        <ele>62.59999847412109375</ele>
        <time>2026-09-16T03:52:54.000Z</time>
        <extensions>
          <ns3:TrackPointExtension>
            <ns3:hr>98</ns3:hr>
            <ns3:cad>0</ns3:cad>
          </ns3:TrackPointExtension>
        </extensions>
      </trkpt>
      <trkpt lat="32.06883966922760009765625" lon="118.8174055516719818115234375">
        <ele>62.59999847412109375</ele>
        <time>2026-09-16T03:52:57.000Z</time>
        <extensions>
          <ns3:TrackPointExtension>
            <ns3:hr>95</ns3:hr>
            <ns3:cad>0</ns3:cad>
          </ns3:TrackPointExtension>
        </extensions>
      </trkpt>
      <trkpt lat="32.068846710026264190673828125" lon="118.81740563549101352691650390625">
        <ele>63</ele>
        <time>2026-09-16T03:53:04.000Z</time>
        <extensions>
          <ns3:TrackPointExtension>
            <ns3:hr>95</ns3:hr>
            <ns3:cad>0</ns3:cad>
          </ns3:TrackPointExtension>
        </extensions>
      </trkpt>
      <trkpt lat="32.06884377636015415191650390625" lon="118.8174040429294109344482421875">
        <ele>62.59999847412109375</ele>
        <time>2026-09-16T03:53:11.000Z</time>
        <extensions>
          <ns3:TrackPointExtension>
            <ns3:hr>91</ns3:hr>
            <ns3:cad>0</ns3:cad>
          </ns3:TrackPointExtension>
        </extensions>
      </trkpt>
      <trkpt lat="32.06884377636015415191650390625" lon="118.8174040429294109344482421875">
        <ele>62.799999237060546875</ele>
        <time>2026-09-16T03:53:14.000Z</time>
        <extensions>
          <ns3:TrackPointExtension>
            <ns3:hr>88</ns3:hr>
            <ns3:cad>0</ns3:cad>
          </ns3:TrackPointExtension>
        </extensions>
      </trkpt>
      <trkpt lat="32.06884377636015415191650390625" lon="118.8174040429294109344482421875">
        <ele>62.799999237060546875</ele>
        <time>2026-09-16T03:53:15.000Z</time>
        <extensions>
          <ns3:TrackPointExtension>
            <ns3:hr>88</ns3:hr>
            <ns3:cad>0</ns3:cad>
          </ns3:TrackPointExtension>
        </extensions>
      </trkpt>
      <trkpt lat="32.06884277053177356719970703125" lon="118.81740354001522064208984375">
        <ele>62.799999237060546875</ele>
        <time>2026-09-16T03:53:18.000Z</time>
        <extensions>
          <ns3:TrackPointExtension>
            <ns3:hr>84</ns3:hr>
            <ns3:cad>0</ns3:cad>
          </ns3:TrackPointExtension>
        </extensions>
      </trkpt>
      <trkpt lat="32.06884377636015415191650390625" lon="118.8174040429294109344482421875">
        <ele>63</ele>
        <time>2026-09-16T03:53:22.000Z</time>
        <extensions>
          <ns3:TrackPointExtension>
            <ns3:hr>81</ns3:hr>
            <ns3:cad>0</ns3:cad>
          </ns3:TrackPointExtension>
        </extensions>
      </trkpt>
      <trkpt lat="32.06883673556149005889892578125" lon="118.817404210567474365234375">
        <ele>62.40000152587890625</ele>
        <time>2026-09-16T03:53:26.000Z</time>
        <extensions>
          <ns3:TrackPointExtension>
            <ns3:hr>80</ns3:hr>
            <ns3:cad>0</ns3:cad>
          </ns3:TrackPointExtension>
        </extensions>
      </trkpt>
      <trkpt lat="32.06883874721825122833251953125" lon="118.8173973374068737030029296875">
        <ele>62.799999237060546875</ele>
        <time>2026-09-16T03:53:35.000Z</time>
        <extensions>
          <ns3:TrackPointExtension>
            <ns3:hr>78</ns3:hr>
            <ns3:cad>0</ns3:cad>
          </ns3:TrackPointExtension>
        </extensions>
      </trkpt>
      <trkpt lat="32.068847380578517913818359375" lon="118.8174010254442691802978515625">
        <ele>62.59999847412109375</ele>
        <time>2026-09-16T03:53:45.000Z</time>
        <extensions>
          <ns3:TrackPointExtension>
            <ns3:hr>80</ns3:hr>
            <ns3:cad>0</ns3:cad>
          </ns3:TrackPointExtension>
        </extensions>
      </trkpt>
      <trkpt lat="32.06884930841624736785888671875" lon="118.81740219891071319580078125">
        <ele>62.59999847412109375</ele>
        <time>2026-09-16T03:53:53.000Z</time>
        <extensions>
          <ns3:TrackPointExtension>
            <ns3:hr>82</ns3:hr>
            <ns3:cad>0</ns3:cad>
          </ns3:TrackPointExtension>
        </extensions>
      </trkpt>
      <trkpt lat="32.06885416992008686065673828125" lon="118.81740094162523746490478515625">
        <ele>62.40000152587890625</ele>
        <time>2026-09-16T03:53:55.000Z</time>
        <extensions>
          <ns3:TrackPointExtension>
            <ns3:hr>86</ns3:hr>
            <ns3:cad>0</ns3:cad>
          </ns3:TrackPointExtension>
        </extensions>
      </trkpt>
      <trkpt lat="32.0688579417765140533447265625" lon="118.81741234101355075836181640625">
        <ele>63</ele>
        <time>2026-09-16T03:54:01.000Z</time>
        <extensions>
          <ns3:TrackPointExtension>
            <ns3:hr>88</ns3:hr>
            <ns3:cad>0</ns3:cad>
          </ns3:TrackPointExtension>
        </extensions>
      </trkpt>
      <trkpt lat="32.06885383464395999908447265625" lon="118.81743262521922588348388671875">
        <ele>63.200000762939453125</ele>
        <time>2026-09-16T03:54:04.000Z</time>
        <extensions>
          <ns3:TrackPointExtension>
            <ns3:hr>91</ns3:hr>
            <ns3:cad>0</ns3:cad>
          </ns3:TrackPointExtension>
        </extensions>
      </trkpt>
      <trkpt lat="32.06882969476282596588134765625" lon="118.81745056249201297760009765625">
        <ele>63.59999847412109375</ele>
        <time>2026-09-16T03:54:07.000Z</time>
        <extensions>
          <ns3:TrackPointExtension>
            <ns3:hr>91</ns3:hr>
            <ns3:cad>73</ns3:cad>
          </ns3:TrackPointExtension>
        </extensions>
      </trkpt>
      <trkpt lat="32.06881527788937091827392578125" lon="118.81746665574610233306884765625">
        <ele>64.1999969482421875</ele>
        <time>2026-09-16T03:54:10.000Z</time>
        <extensions>
          <ns3:TrackPointExtension>
            <ns3:hr>91</ns3:hr>
            <ns3:cad>0</ns3:cad>
          </ns3:TrackPointExtension>
        </extensions>
      </trkpt>
      <trkpt lat="32.0688029564917087554931640625" lon="118.817490376532077789306640625">
        <ele>65</ele>
        <time>2026-09-16T03:54:14.000Z</time>
        <extensions>
          <ns3:TrackPointExtension>
            <ns3:hr>92</ns3:hr>
            <ns3:cad>0</ns3:cad>
          </ns3:TrackPointExtension>
        </extensions>
      </trkpt>
      <trkpt lat="32.06879331730306148529052734375" lon="118.81750118918716907501220703125">
        <ele>65.40000152587890625</ele>
        <time>2026-09-16T03:54:15.000Z</time>
        <extensions>
          <ns3:TrackPointExtension>
            <ns3:hr>93</ns3:hr>
            <ns3:cad>0</ns3:cad>
          </ns3:TrackPointExtension>
        </extensions>
      </trkpt>
      <trkpt lat="32.06878476776182651519775390625" lon="118.8175056315958499908447265625">
        <ele>65.8000030517578125</ele>
        <time>2026-09-16T03:54:18.000Z</time>
        <extensions>
          <ns3:TrackPointExtension>
            <ns3:hr>95</ns3:hr>
            <ns3:cad>0</ns3:cad>
          </ns3:TrackPointExtension>
        </extensions>
      </trkpt>
      <trkpt lat="32.06876263953745365142822265625" lon="118.81752599962055683135986328125">
        <ele>66.40000152587890625</ele>
        <time>2026-09-16T03:54:22.000Z</time>
        <extensions>
          <ns3:TrackPointExtension>
            <ns3:hr>93</ns3:hr>
            <ns3:cad>0</ns3:cad>
          </ns3:TrackPointExtension>
        </extensions>
      </trkpt>
      <trkpt lat="32.06874369643628597259521484375" lon="118.8175492174923419952392578125">
        <ele>67</ele>
        <time>2026-09-16T03:54:26.000Z</time>
        <extensions>
          <ns3:TrackPointExtension>
            <ns3:hr>91</ns3:hr>
            <ns3:cad>76</ns3:cad>
          </ns3:TrackPointExtension>
        </extensions>
      </trkpt>
      <trkpt lat="32.068720646202564239501953125" lon="118.81757210008800029754638671875">
        <ele>67.59999847412109375</ele>
        <time>2026-09-16T03:54:30.000Z</time>
        <extensions>
          <ns3:TrackPointExtension>
            <ns3:hr>91</ns3:hr>
            <ns3:cad>47</ns3:cad>
          </ns3:TrackPointExtension>
        </extensions>
      </trkpt>
      <trkpt lat="32.068705894052982330322265625" lon="118.81758634932339191436767578125">
        <ele>68</ele>
        <time>2026-09-16T03:54:32.000Z</time>
        <extensions>
          <ns3:TrackPointExtension>
            <ns3:hr>91</ns3:hr>
            <ns3:cad>0</ns3:cad>
          </ns3:TrackPointExtension>
        </extensions>
      </trkpt>
      <trkpt lat="32.068692147731781005859375" lon="118.8176031969487667083740234375">
        <ele>68.59999847412109375</ele>
        <time>2026-09-16T03:54:35.000Z</time>
        <extensions>
          <ns3:TrackPointExtension>
            <ns3:hr>91</ns3:hr>
            <ns3:cad>0</ns3:cad>
          </ns3:TrackPointExtension>
        </extensions>
      </trkpt>
      <trkpt lat="32.0686859451234340667724609375" lon="118.8176068849861621856689453125">
        <ele>68.8000030517578125</ele>
        <time>2026-09-16T03:54:37.000Z</time>
        <extensions>
          <ns3:TrackPointExtension>
            <ns3:hr>92</ns3:hr>
            <ns3:cad>0</ns3:cad>
          </ns3:TrackPointExtension>
        </extensions>
      </trkpt>
      <trkpt lat="32.068667672574520111083984375" lon="118.81762079894542694091796875">
        <ele>69.59999847412109375</ele>
        <time>2026-09-16T03:54:41.000Z</time>
        <extensions>
          <ns3:TrackPointExtension>
            <ns3:hr>93</ns3:hr>
            <ns3:cad>0</ns3:cad>
          </ns3:TrackPointExtension>
        </extensions>
      </trkpt>
      <trkpt lat="32.068648226559162139892578125" lon="118.81763244979083538055419921875">
        <ele>70</ele>
        <time>2026-09-16T03:54:44.000Z</time>
        <extensions>
          <ns3:TrackPointExtension>
            <ns3:hr>96</ns3:hr>
            <ns3:cad>0</ns3:cad>
          </ns3:TrackPointExtension>
        </extensions>
      </trkpt>
      <trkpt lat="32.0686319656670093536376953125" lon="118.8176441006362438201904296875">
        <ele>70.1999969482421875</ele>
        <time>2026-09-16T03:54:46.000Z</time>
        <extensions>
          <ns3:TrackPointExtension>
            <ns3:hr>98</ns3:hr>
            <ns3:cad>0</ns3:cad>
          </ns3:TrackPointExtension>
        </extensions>
      </trkpt>
      <trkpt lat="32.0686152018606662750244140625" lon="118.817668743431568145751953125">
        <ele>70.8000030517578125</ele>
        <time>2026-09-16T03:54:50.000Z</time>
        <extensions>
          <ns3:TrackPointExtension>
            <ns3:hr>100</ns3:hr>
            <ns3:cad>74</ns3:cad>
          </ns3:TrackPointExtension>
        </extensions>
      </trkpt>
      <trkpt lat="32.068596594035625457763671875" lon="118.8176846690475940704345703125">
        <ele>71.40000152587890625</ele>
        <time>2026-09-16T03:54:53.000Z</time>
        <extensions>
          <ns3:TrackPointExtension>
            <ns3:hr>100</ns3:hr>
            <ns3:cad>74</ns3:cad>
          </ns3:TrackPointExtension>
        </extensions>
      </trkpt>
      <trkpt lat="32.0685806684195995330810546875" lon="118.81770520471036434173583984375">
        <ele>71.8000030517578125</ele>
        <time>2026-09-16T03:54:56.000Z</time>
        <extensions>
          <ns3:TrackPointExtension>
            <ns3:hr>99</ns3:hr>
            <ns3:cad>74</ns3:cad>
          </ns3:TrackPointExtension>
        </extensions>
      </trkpt>
      <trkpt lat="32.06855594180524349212646484375" lon="118.81772465072572231292724609375">
        <ele>72.40000152587890625</ele>
        <time>2026-09-16T03:55:00.000Z</time>
        <extensions>
          <ns3:TrackPointExtension>
            <ns3:hr>99</ns3:hr>
            <ns3:cad>71</ns3:cad>
          </ns3:TrackPointExtension>
        </extensions>
      </trkpt>
      <trkpt lat="32.06853833980858325958251953125" lon="118.81772942841053009033203125">
        <ele>73</ele>
        <time>2026-09-16T03:55:03.000Z</time>
        <extensions>
          <ns3:TrackPointExtension>
            <ns3:hr>102</ns3:hr>
            <ns3:cad>0</ns3:cad>
          </ns3:TrackPointExtension>
        </extensions>
      </trkpt>
      <trkpt lat="32.06852576695382595062255859375" lon="118.81774074397981166839599609375">
        <ele>73.40000152587890625</ele>
        <time>2026-09-16T03:55:06.000Z</time>
        <extensions>
          <ns3:TrackPointExtension>
            <ns3:hr>103</ns3:hr>
            <ns3:cad>0</ns3:cad>
          </ns3:TrackPointExtension>
        </extensions>
      </trkpt>
      <trkpt lat="32.0685065723955631256103515625" lon="118.81776303984224796295166015625">
        <ele>74</ele>
        <time>2026-09-16T03:55:09.000Z</time>
        <extensions>
          <ns3:TrackPointExtension>
            <ns3:hr>104</ns3:hr>
            <ns3:cad>0</ns3:cad>
          </ns3:TrackPointExtension>
        </extensions>
      </trkpt>
      <trkpt lat="32.068482935428619384765625" lon="118.81779891438782215118408203125">
        <ele>74.59999847412109375</ele>
        <time>2026-09-16T03:55:13.000Z</time>
        <extensions>
          <ns3:TrackPointExtension>
            <ns3:hr>104</ns3:hr>
            <ns3:cad>0</ns3:cad>
          </ns3:TrackPointExtension>
        </extensions>
      </trkpt>
      <trkpt lat="32.068468518555164337158203125" lon="118.8178114034235477447509765625">
        <ele>75</ele>
        <time>2026-09-16T03:55:16.000Z</time>
        <extensions>
          <ns3:TrackPointExtension>
            <ns3:hr>105</ns3:hr>
            <ns3:cad>0</ns3:cad>
          </ns3:TrackPointExtension>
        </extensions>
      </trkpt>
      <trkpt lat="32.0684633217751979827880859375" lon="118.8178167678415775299072265625">
        <ele>75.59999847412109375</ele>
        <time>2026-09-16T03:55:20.000Z</time>
        <extensions>
          <ns3:TrackPointExtension>
            <ns3:hr>107</ns3:hr>
            <ns3:cad>0</ns3:cad>
          </ns3:TrackPointExtension>
        </extensions>
      </trkpt>
      <trkpt lat="32.06847195513546466827392578125" lon="118.81779656745493412017822265625">
        <ele>76</ele>
        <time>2026-09-16T03:55:25.000Z</time>
        <extensions>
          <ns3:TrackPointExtension>
            <ns3:hr>107</ns3:hr>
            <ns3:cad>0</ns3:cad>
          </ns3:TrackPointExtension>
        </extensions>
      </trkpt>
      <trkpt lat="32.06846751272678375244140625" lon="118.817790113389492034912109375">
        <ele>76</ele>
        <time>2026-09-16T03:55:28.000Z</time>
        <extensions>
          <ns3:TrackPointExtension>
            <ns3:hr>106</ns3:hr>
            <ns3:cad>0</ns3:cad>
          </ns3:TrackPointExtension>
        </extensions>
      </trkpt>
      <trkpt lat="32.0684522576630115509033203125" lon="118.817838393151760101318359375">
        <ele>76.1999969482421875</ele>
        <time>2026-09-16T03:55:37.000Z</time>
        <extensions>
          <ns3:TrackPointExtension>
            <ns3:hr>105</ns3:hr>
            <ns3:cad>0</ns3:cad>
          </ns3:TrackPointExtension>
        </extensions>
      </trkpt>
      <trkpt lat="32.0684401877224445343017578125" lon="118.81786295212805271148681640625">
        <ele>77.1999969482421875</ele>
        <time>2026-09-16T03:55:42.000Z</time>
        <extensions>
          <ns3:TrackPointExtension>
            <ns3:hr>105</ns3:hr>
            <ns3:cad>46</ns3:cad>
          </ns3:TrackPointExtension>
        </extensions>
      </trkpt>
      <trkpt lat="32.06843155436217784881591796875" lon="118.81787653081119060516357421875">
        <ele>77.8000030517578125</ele>
        <time>2026-09-16T03:55:44.000Z</time>
        <extensions>
          <ns3:TrackPointExtension>
            <ns3:hr>105</ns3:hr>
            <ns3:cad>46</ns3:cad>
          </ns3:TrackPointExtension>
        </extensions>
      </trkpt>
      <trkpt lat="32.06841529347002506256103515625" lon="118.81788826547563076019287109375">
        <ele>78.1999969482421875</ele>
        <time>2026-09-16T03:55:47.000Z</time>
        <extensions>
          <ns3:TrackPointExtension>
            <ns3:hr>106</ns3:hr>
            <ns3:cad>0</ns3:cad>
          </ns3:TrackPointExtension>
        </extensions>
      </trkpt>
      <trkpt lat="32.06840154714882373809814453125" lon="118.81790385581552982330322265625">
        <ele>78.1999969482421875</ele>
        <time>2026-09-16T03:55:51.000Z</time>
        <extensions>
          <ns3:TrackPointExtension>
            <ns3:hr>105</ns3:hr>
            <ns3:cad>0</ns3:cad>
          </ns3:TrackPointExtension>
        </extensions>
      </trkpt>
      <trkpt lat="32.06837036646902561187744140625" lon="118.81792983971536159515380859375">
        <ele>79.40000152587890625</ele>
        <time>2026-09-16T03:55:57.000Z</time>
        <extensions>
          <ns3:TrackPointExtension>
            <ns3:hr>105</ns3:hr>
            <ns3:cad>78</ns3:cad>
          </ns3:TrackPointExtension>
        </extensions>
      </trkpt>
      <trkpt lat="32.0683486573398113250732421875" lon="118.81794802844524383544921875">
        <ele>80</ele>
        <time>2026-09-16T03:56:00.000Z</time>
        <extensions>
          <ns3:TrackPointExtension>
            <ns3:hr>103</ns3:hr>
            <ns3:cad>78</ns3:cad>
          </ns3:TrackPointExtension>
        </extensions>
      </trkpt>
      <trkpt lat="32.0683318935334682464599609375" lon="118.81795314140617847442626953125">
        <ele>80.40000152587890625</ele>
        <time>2026-09-16T03:56:02.000Z</time>
        <extensions>
          <ns3:TrackPointExtension>
            <ns3:hr>103</ns3:hr>
            <ns3:cad>78</ns3:cad>
          </ns3:TrackPointExtension>
        </extensions>
      </trkpt>
      <trkpt lat="32.06829593516886234283447265625" lon="118.8179787062108516693115234375">
        <ele>81.1999969482421875</ele>
        <time>2026-09-16T03:56:07.000Z</time>
        <extensions>
          <ns3:TrackPointExtension>
            <ns3:hr>105</ns3:hr>
            <ns3:cad>43</ns3:cad>
          </ns3:TrackPointExtension>
        </extensions>
      </trkpt>
      <trkpt lat="32.06828109920024871826171875" lon="118.81798096932470798492431640625">
        <ele>81.59999847412109375</ele>
        <time>2026-09-16T03:56:09.000Z</time>
        <extensions>
          <ns3:TrackPointExtension>
            <ns3:hr>105</ns3:hr>
            <ns3:cad>43</ns3:cad>
          </ns3:TrackPointExtension>
        </extensions>
      </trkpt>
      <trkpt lat="32.068275399506092071533203125" lon="118.817986585199832916259765625">
        <ele>82.40000152587890625</ele>
        <time>2026-09-16T03:56:13.000Z</time>
        <extensions>
          <ns3:TrackPointExtension>
            <ns3:hr>104</ns3:hr>
            <ns3:cad>0</ns3:cad>
          </ns3:TrackPointExtension>
        </extensions>
      </trkpt>
      <trkpt lat="32.06827263347804546356201171875" lon="118.81799085997045040130615234375">
        <ele>82.8000030517578125</ele>
        <time>2026-09-16T03:56:14.000Z</time>
        <extensions>
          <ns3:TrackPointExtension>
            <ns3:hr>104</ns3:hr>
            <ns3:cad>0</ns3:cad>
          </ns3:TrackPointExtension>
        </extensions>
      </trkpt>
      <trkpt lat="32.06827011890709400177001953125" lon="118.81799404509365558624267578125">
        <ele>83.1999969482421875</ele>
        <time>2026-09-16T03:56:19.000Z</time>
        <extensions>
          <ns3:TrackPointExtension>
            <ns3:hr>104</ns3:hr>
            <ns3:cad>0</ns3:cad>
          </ns3:TrackPointExtension>
        </extensions>
      </trkpt>
      <trkpt lat="32.06823742948472499847412109375" lon="118.8180132396519184112548828125">
        <ele>83.8000030517578125</ele>
        <time>2026-09-16T03:56:26.000Z</time>
        <extensions>
          <ns3:TrackPointExtension>
            <ns3:hr>107</ns3:hr>
            <ns3:cad>0</ns3:cad>
          </ns3:TrackPointExtension>
        </extensions>
      </trkpt>
      <trkpt lat="32.06823240034282207489013671875" lon="118.81801449693739414215087890625">
        <ele>84</ele>
        <time>2026-09-16T03:56:27.000Z</time>
        <extensions>
          <ns3:TrackPointExtension>
            <ns3:hr>107</ns3:hr>
            <ns3:cad>70</ns3:cad>
          </ns3:TrackPointExtension>
        </extensions>
      </trkpt>
      <trkpt lat="32.06822569482028484344482421875" lon="118.81801852025091648101806640625">
        <ele>84.1999969482421875</ele>
        <time>2026-09-16T03:56:28.000Z</time>
        <extensions>
          <ns3:TrackPointExtension>
            <ns3:hr>108</ns3:hr>
            <ns3:cad>70</ns3:cad>
          </ns3:TrackPointExtension>
        </extensions>
      </trkpt>
      <trkpt lat="32.068193592131137847900390625" lon="118.81804433651268482208251953125">
        <ele>85</ele>
        <time>2026-09-16T03:56:33.000Z</time>
        <extensions>
          <ns3:TrackPointExtension>
            <ns3:hr>109</ns3:hr>
            <ns3:cad>70</ns3:cad>
          </ns3:TrackPointExtension>
        </extensions>
      </trkpt>
      <trkpt lat="32.068192251026630401611328125" lon="118.81804366596043109893798828125">
        <ele>85.1999969482421875</ele>
        <time>2026-09-16T03:56:34.000Z</time>
        <extensions>
          <ns3:TrackPointExtension>
            <ns3:hr>109</ns3:hr>
            <ns3:cad>70</ns3:cad>
          </ns3:TrackPointExtension>
        </extensions>
      </trkpt>
      <trkpt lat="32.0681677758693695068359375" lon="118.81806042976677417755126953125">
        <ele>85.8000030517578125</ele>
        <time>2026-09-16T03:56:37.000Z</time>
        <extensions>
          <ns3:TrackPointExtension>
            <ns3:hr>112</ns3:hr>
            <ns3:cad>0</ns3:cad>
          </ns3:TrackPointExtension>
        </extensions>
      </trkpt>
      <trkpt lat="32.06816174089908599853515625" lon="118.818064369261264801025390625">
        <ele>86</ele>
        <time>2026-09-16T03:56:38.000Z</time>
        <extensions>
          <ns3:TrackPointExtension>
            <ns3:hr>115</ns3:hr>
            <ns3:cad>0</ns3:cad>
          </ns3:TrackPointExtension>
        </extensions>
      </trkpt>
      <trkpt lat="32.06815260462462902069091796875" lon="118.8180672191083431243896484375">
        <ele>86</ele>
        <time>2026-09-16T03:56:39.000Z</time>
        <extensions>
          <ns3:TrackPointExtension>
            <ns3:hr>118</ns3:hr>
            <ns3:cad>0</ns3:cad>
          </ns3:TrackPointExtension>
        </extensions>
      </trkpt>
      <trkpt lat="32.0681471563875675201416015625" lon="118.8180707395076751708984375">
        <ele>86.1999969482421875</ele>
        <time>2026-09-16T03:56:40.000Z</time>
        <extensions>
          <ns3:TrackPointExtension>
            <ns3:hr>119</ns3:hr>
            <ns3:cad>43</ns3:cad>
          </ns3:TrackPointExtension>
        </extensions>
      </trkpt>
      <trkpt lat="32.06813919357955455780029296875" lon="118.818071745336055755615234375">
        <ele>86.59999847412109375</ele>
        <time>2026-09-16T03:56:42.000Z</time>
        <extensions>
          <ns3:TrackPointExtension>
            <ns3:hr>123</ns3:hr>
            <ns3:cad>43</ns3:cad>
          </ns3:TrackPointExtension>
        </extensions>
      </trkpt>
      <trkpt lat="32.068127878010272979736328125" lon="118.8180749304592609405517578125">
        <ele>86.8000030517578125</ele>
        <time>2026-09-16T03:56:43.000Z</time>
        <extensions>
          <ns3:TrackPointExtension>
            <ns3:hr>126</ns3:hr>
            <ns3:cad>43</ns3:cad>
          </ns3:TrackPointExtension>
        </extensions>
      </trkpt>
      <trkpt lat="32.068124525249004364013671875" lon="118.8180828094482421875">
        <ele>87.1999969482421875</ele>
        <time>2026-09-16T03:56:44.000Z</time>
        <extensions>
          <ns3:TrackPointExtension>
            <ns3:hr>129</ns3:hr>
            <ns3:cad>43</ns3:cad>
          </ns3:TrackPointExtension>
        </extensions>
      </trkpt>
      <trkpt lat="32.068125866353511810302734375" lon="118.8180843181908130645751953125">
        <ele>87.40000152587890625</ele>
        <time>2026-09-16T03:56:45.000Z</time>
        <extensions>
          <ns3:TrackPointExtension>
            <ns3:hr>130</ns3:hr>
            <ns3:cad>43</ns3:cad>
          </ns3:TrackPointExtension>
        </extensions>
      </trkpt>
      <trkpt lat="32.0680961944162845611572265625" lon="118.8180940411984920501708984375">
        <ele>88</ele>
        <time>2026-09-16T03:56:49.000Z</time>
        <extensions>
          <ns3:TrackPointExtension>
            <ns3:hr>131</ns3:hr>
            <ns3:cad>43</ns3:cad>
          </ns3:TrackPointExtension>
        </extensions>
      </trkpt>
      <trkpt lat="32.06807549111545085906982421875" lon="118.8181087933480739593505859375">
        <ele>88.40000152587890625</ele>
        <time>2026-09-16T03:56:52.000Z</time>
        <extensions>
          <ns3:TrackPointExtension>
            <ns3:hr>132</ns3:hr>
            <ns3:cad>0</ns3:cad>
          </ns3:TrackPointExtension>
        </extensions>
      </trkpt>
      <trkpt lat="32.06806727685034275054931640625" lon="118.8181108050048351287841796875">
        <ele>89</ele>
        <time>2026-09-16T03:56:54.000Z</time>
        <extensions>
          <ns3:TrackPointExtension>
            <ns3:hr>132</ns3:hr>
            <ns3:cad>0</ns3:cad>
          </ns3:TrackPointExtension>
        </extensions>
      </trkpt>
      <trkpt lat="32.0680475793778896331787109375" lon="118.8181268982589244842529296875">
        <ele>89.59999847412109375</ele>
        <time>2026-09-16T03:56:57.000Z</time>
        <extensions>
          <ns3:TrackPointExtension>
            <ns3:hr>133</ns3:hr>
            <ns3:cad>40</ns3:cad>
          </ns3:TrackPointExtension>
        </extensions>
      </trkpt>
      <trkpt lat="32.06803341396152973175048828125" lon="118.81813167594373226165771484375">
        <ele>90.1999969482421875</ele>
        <time>2026-09-16T03:57:00.000Z</time>
        <extensions>
          <ns3:TrackPointExtension>
            <ns3:hr>133</ns3:hr>
            <ns3:cad>47</ns3:cad>
          </ns3:TrackPointExtension>
        </extensions>
      </trkpt>
      <trkpt lat="32.0680068433284759521484375" lon="118.818137459456920623779296875">
        <ele>90.59999847412109375</ele>
        <time>2026-09-16T03:57:05.000Z</time>
        <extensions>
          <ns3:TrackPointExtension>
            <ns3:hr>134</ns3:hr>
            <ns3:cad>0</ns3:cad>
          </ns3:TrackPointExtension>
        </extensions>
      </trkpt>
      <trkpt lat="32.06799552775919437408447265625" lon="118.81813653744757175445556640625">
        <ele>91.40000152587890625</ele>
        <time>2026-09-16T03:57:08.000Z</time>
        <extensions>
          <ns3:TrackPointExtension>
            <ns3:hr>134</ns3:hr>
            <ns3:cad>0</ns3:cad>
          </ns3:TrackPointExtension>
        </extensions>
      </trkpt>
      <trkpt lat="32.06798798404633998870849609375" lon="118.8181352801620960235595703125">
        <ele>91.59999847412109375</ele>
        <time>2026-09-16T03:57:09.000Z</time>
        <extensions>
          <ns3:TrackPointExtension>
            <ns3:hr>134</ns3:hr>
            <ns3:cad>0</ns3:cad>
          </ns3:TrackPointExtension>
        </extensions>
      </trkpt>
      <trkpt lat="32.06797935068607330322265625" lon="118.81814693100750446319580078125">
        <ele>92.1999969482421875</ele>
        <time>2026-09-16T03:57:13.000Z</time>
        <extensions>
          <ns3:TrackPointExtension>
            <ns3:hr>134</ns3:hr>
            <ns3:cad>0</ns3:cad>
          </ns3:TrackPointExtension>
        </extensions>
      </trkpt>
      <trkpt lat="32.0679671131074428558349609375" lon="118.8181476853787899017333984375">
        <ele>92.8000030517578125</ele>
        <time>2026-09-16T03:57:15.000Z</time>
        <extensions>
          <ns3:TrackPointExtension>
            <ns3:hr>133</ns3:hr>
            <ns3:cad>0</ns3:cad>
          </ns3:TrackPointExtension>
        </extensions>
      </trkpt>
      <trkpt lat="32.0679423026740550994873046875" lon="118.8181500323116779327392578125">
        <ele>93.59999847412109375</ele>
        <time>2026-09-16T03:57:18.000Z</time>
        <extensions>
          <ns3:TrackPointExtension>
            <ns3:hr>133</ns3:hr>
            <ns3:cad>50</ns3:cad>
          </ns3:TrackPointExtension>
        </extensions>
      </trkpt>
      <trkpt lat="32.0679402910172939300537109375" lon="118.8181517086923122406005859375">
        <ele>93.8000030517578125</ele>
        <time>2026-09-16T03:57:19.000Z</time>
        <extensions>
          <ns3:TrackPointExtension>
            <ns3:hr>132</ns3:hr>
            <ns3:cad>50</ns3:cad>
          </ns3:TrackPointExtension>
        </extensions>
      </trkpt>
      <trkpt lat="32.06793107092380523681640625" lon="118.8181423209607601165771484375">
        <ele>94.59999847412109375</ele>
        <time>2026-09-16T03:57:23.000Z</time>
        <extensions>
          <ns3:TrackPointExtension>
            <ns3:hr>132</ns3:hr>
            <ns3:cad>0</ns3:cad>
          </ns3:TrackPointExtension>
        </extensions>
      </trkpt>
      <trkpt lat="32.06792168319225311279296875" lon="118.81809814833104610443115234375">
        <ele>93.59999847412109375</ele>
        <time>2026-09-16T03:57:31.000Z</time>
        <extensions>
          <ns3:TrackPointExtension>
            <ns3:hr>131</ns3:hr>
            <ns3:cad>47</ns3:cad>
          </ns3:TrackPointExtension>
        </extensions>
      </trkpt>
      <trkpt lat="32.0679208450019359588623046875" lon="118.8180642016232013702392578125">
        <ele>93.59999847412109375</ele>
        <time>2026-09-16T03:57:38.000Z</time>
        <extensions>
          <ns3:TrackPointExtension>
            <ns3:hr>129</ns3:hr>
            <ns3:cad>0</ns3:cad>
          </ns3:TrackPointExtension>
        </extensions>
      </trkpt>
      <trkpt lat="32.067932747304439544677734375" lon="118.81801910698413848876953125">
        <ele>93.59999847412109375</ele>
        <time>2026-09-16T03:57:44.000Z</time>
        <extensions>
          <ns3:TrackPointExtension>
            <ns3:hr>126</ns3:hr>
            <ns3:cad>0</ns3:cad>
          </ns3:TrackPointExtension>
        </extensions>
      </trkpt>
      <trkpt lat="32.067931406199932098388671875" lon="118.81800946779549121856689453125">
        <ele>93.59999847412109375</ele>
        <time>2026-09-16T03:57:46.000Z</time>
        <extensions>
          <ns3:TrackPointExtension>
            <ns3:hr>125</ns3:hr>
            <ns3:cad>0</ns3:cad>
          </ns3:TrackPointExtension>
        </extensions>
      </trkpt>
      <trkpt lat="32.0679298974573612213134765625" lon="118.8180276565253734588623046875">
        <ele>93.1999969482421875</ele>
        <time>2026-09-16T03:57:49.000Z</time>
        <extensions>
          <ns3:TrackPointExtension>
            <ns3:hr>121</ns3:hr>
            <ns3:cad>0</ns3:cad>
          </ns3:TrackPointExtension>
        </extensions>
      </trkpt>
      <trkpt lat="32.06793014891445636749267578125" lon="118.81804182194173336029052734375">
        <ele>93.40000152587890625</ele>
        <time>2026-09-16T03:57:50.000Z</time>
        <extensions>
          <ns3:TrackPointExtension>
            <ns3:hr>117</ns3:hr>
            <ns3:cad>0</ns3:cad>
          </ns3:TrackPointExtension>
        </extensions>
      </trkpt>
      <trkpt lat="32.06793065182864665985107421875" lon="118.81804525852203369140625">
        <ele>93.40000152587890625</ele>
        <time>2026-09-16T03:57:51.000Z</time>
        <extensions>
          <ns3:TrackPointExtension>
            <ns3:hr>116</ns3:hr>
            <ns3:cad>0</ns3:cad>
          </ns3:TrackPointExtension>
        </extensions>
      </trkpt>
      <trkpt lat="32.06792972981929779052734375" lon="118.81807937286794185638427734375">
        <ele>93.59999847412109375</ele>
        <time>2026-09-16T03:57:55.000Z</time>
        <extensions>
          <ns3:TrackPointExtension>
            <ns3:hr>113</ns3:hr>
            <ns3:cad>0</ns3:cad>
          </ns3:TrackPointExtension>
        </extensions>
      </trkpt>
      <trkpt lat="32.06793014891445636749267578125" lon="118.81807635538280010223388671875">
        <ele>93.8000030517578125</ele>
        <time>2026-09-16T03:57:56.000Z</time>
        <extensions>
          <ns3:TrackPointExtension>
            <ns3:hr>113</ns3:hr>
            <ns3:cad>0</ns3:cad>
          </ns3:TrackPointExtension>
        </extensions>
      </trkpt>
      <trkpt lat="32.06794775091111660003662109375" lon="118.81812932901084423065185546875">
        <ele>93.8000030517578125</ele>
        <time>2026-09-16T03:58:05.000Z</time>
        <extensions>
          <ns3:TrackPointExtension>
            <ns3:hr>111</ns3:hr>
            <ns3:cad>47</ns3:cad>
          </ns3:TrackPointExtension>
        </extensions>
      </trkpt>
      <trkpt lat="32.06793484278023242950439453125" lon="118.81821901537477970123291015625">
        <ele>94.8000030517578125</ele>
        <time>2026-09-16T03:58:13.000Z</time>
        <extensions>
          <ns3:TrackPointExtension>
            <ns3:hr>109</ns3:hr>
            <ns3:cad>43</ns3:cad>
          </ns3:TrackPointExtension>
        </extensions>
      </trkpt>
      <trkpt lat="32.0679295621812343597412109375" lon="118.81822454743087291717529296875">
        <ele>95</ele>
        <time>2026-09-16T03:58:14.000Z</time>
        <extensions>
          <ns3:TrackPointExtension>
            <ns3:hr>109</ns3:hr>
            <ns3:cad>43</ns3:cad>
          </ns3:TrackPointExtension>
        </extensions>
      </trkpt>
      <trkpt lat="32.06792176701128482818603515625" lon="118.81823343224823474884033203125">
        <ele>95.40000152587890625</ele>
        <time>2026-09-16T03:58:15.000Z</time>
        <extensions>
          <ns3:TrackPointExtension>
            <ns3:hr>109</ns3:hr>
            <ns3:cad>43</ns3:cad>
          </ns3:TrackPointExtension>
        </extensions>
      </trkpt>
      <trkpt lat="32.06792176701128482818603515625" lon="118.81824684329330921173095703125">
        <ele>95.8000030517578125</ele>
        <time>2026-09-16T03:58:17.000Z</time>
        <extensions>
          <ns3:TrackPointExtension>
            <ns3:hr>109</ns3:hr>
            <ns3:cad>43</ns3:cad>
          </ns3:TrackPointExtension>
        </extensions>
      </trkpt>
      <trkpt lat="32.06792528741061687469482421875" lon="118.81826360709965229034423828125">
        <ele>96</ele>
        <time>2026-09-16T03:58:19.000Z</time>
        <extensions>
          <ns3:TrackPointExtension>
            <ns3:hr>109</ns3:hr>
            <ns3:cad>43</ns3:cad>
          </ns3:TrackPointExtension>
        </extensions>
      </trkpt>
      <trkpt lat="32.067923359572887420654296875" lon="118.81831205449998378753662109375">
        <ele>96.1999969482421875</ele>
        <time>2026-09-16T03:58:24.000Z</time>
        <extensions>
          <ns3:TrackPointExtension>
            <ns3:hr>107</ns3:hr>
            <ns3:cad>44</ns3:cad>
          </ns3:TrackPointExtension>
        </extensions>
      </trkpt>
      <trkpt lat="32.06792746670544147491455078125" lon="118.81831306032836437225341796875">
        <ele>96.59999847412109375</ele>
        <time>2026-09-16T03:58:25.000Z</time>
        <extensions>
          <ns3:TrackPointExtension>
            <ns3:hr>107</ns3:hr>
            <ns3:cad>44</ns3:cad>
          </ns3:TrackPointExtension>
        </extensions>
      </trkpt>
      <trkpt lat="32.06793232820928096771240234375" lon="118.81832412444055080413818359375">
        <ele>96.8000030517578125</ele>
        <time>2026-09-16T03:58:26.000Z</time>
        <extensions>
          <ns3:TrackPointExtension>
            <ns3:hr>108</ns3:hr>
            <ns3:cad>0</ns3:cad>
          </ns3:TrackPointExtension>
        </extensions>
      </trkpt>
      <trkpt lat="32.06793987192213535308837890625" lon="118.81835429929196834564208984375">
        <ele>96.8000030517578125</ele>
        <time>2026-09-16T03:58:30.000Z</time>
        <extensions>
          <ns3:TrackPointExtension>
            <ns3:hr>110</ns3:hr>
            <ns3:cad>42</ns3:cad>
          </ns3:TrackPointExtension>
        </extensions>
      </trkpt>
      <trkpt lat="32.0679433085024356842041015625" lon="118.81837475113570690155029296875">
        <ele>97.1999969482421875</ele>
        <time>2026-09-16T03:58:32.000Z</time>
        <extensions>
          <ns3:TrackPointExtension>
            <ns3:hr>110</ns3:hr>
            <ns3:cad>43</ns3:cad>
          </ns3:TrackPointExtension>
        </extensions>
      </trkpt>
      <trkpt lat="32.06795982085168361663818359375" lon="118.81841900758445262908935546875">
        <ele>97.8000030517578125</ele>
        <time>2026-09-16T03:58:37.000Z</time>
        <extensions>
          <ns3:TrackPointExtension>
            <ns3:hr>110</ns3:hr>
            <ns3:cad>44</ns3:cad>
          </ns3:TrackPointExtension>
        </extensions>
      </trkpt>
      <trkpt lat="32.067968957126140594482421875" lon="118.81844230927526950836181640625">
        <ele>98.1999969482421875</ele>
        <time>2026-09-16T03:58:40.000Z</time>
        <extensions>
          <ns3:TrackPointExtension>
            <ns3:hr>110</ns3:hr>
            <ns3:cad>45</ns3:cad>
          </ns3:TrackPointExtension>
        </extensions>
      </trkpt>
      <trkpt lat="32.067986391484737396240234375" lon="118.81849251687526702880859375">
        <ele>98.59999847412109375</ele>
        <time>2026-09-16T03:58:45.000Z</time>
        <extensions>
          <ns3:TrackPointExtension>
            <ns3:hr>111</ns3:hr>
            <ns3:cad>44</ns3:cad>
          </ns3:TrackPointExtension>
        </extensions>
      </trkpt>
      <trkpt lat="32.0679989643394947052001953125" lon="118.8185349293053150177001953125">
        <ele>99.1999969482421875</ele>
        <time>2026-09-16T03:58:50.000Z</time>
        <extensions>
          <ns3:TrackPointExtension>
            <ns3:hr>112</ns3:hr>
            <ns3:cad>0</ns3:cad>
          </ns3:TrackPointExtension>
        </extensions>
      </trkpt>
      <trkpt lat="32.067999131977558135986328125" lon="118.818544484674930572509765625">
        <ele>99.40000152587890625</ele>
        <time>2026-09-16T03:58:51.000Z</time>
        <extensions>
          <ns3:TrackPointExtension>
            <ns3:hr>113</ns3:hr>
            <ns3:cad>0</ns3:cad>
          </ns3:TrackPointExtension>
        </extensions>
      </trkpt>
      <trkpt lat="32.06799116916954517364501953125" lon="118.81860424764454364776611328125">
        <ele>100</ele>
        <time>2026-09-16T03:58:57.000Z</time>
        <extensions>
          <ns3:TrackPointExtension>
            <ns3:hr>113</ns3:hr>
            <ns3:cad>41</ns3:cad>
          </ns3:TrackPointExtension>
        </extensions>
      </trkpt>
      <trkpt lat="32.06798781640827655792236328125" lon="118.81863425485789775848388671875">
        <ele>100.40000152587890625</ele>
        <time>2026-09-16T03:59:00.000Z</time>
        <extensions>
          <ns3:TrackPointExtension>
            <ns3:hr>112</ns3:hr>
            <ns3:cad>44</ns3:cad>
          </ns3:TrackPointExtension>
        </extensions>
      </trkpt>
      <trkpt lat="32.0679746568202972412109375" lon="118.818654455244541168212890625">
        <ele>100.8000030517578125</ele>
        <time>2026-09-16T03:59:03.000Z</time>
        <extensions>
          <ns3:TrackPointExtension>
            <ns3:hr>112</ns3:hr>
            <ns3:cad>47</ns3:cad>
          </ns3:TrackPointExtension>
        </extensions>
      </trkpt>
      <trkpt lat="32.06795060075819492340087890625" lon="118.8186881504952907562255859375">
        <ele>101.40000152587890625</ele>
        <time>2026-09-16T03:59:09.000Z</time>
        <extensions>
          <ns3:TrackPointExtension>
            <ns3:hr>111</ns3:hr>
            <ns3:cad>44</ns3:cad>
          </ns3:TrackPointExtension>
        </extensions>
      </trkpt>
      <trkpt lat="32.0679459907114505767822265625" lon="118.81869502365589141845703125">
        <ele>101.59999847412109375</ele>
        <time>2026-09-16T03:59:10.000Z</time>
        <extensions>
          <ns3:TrackPointExtension>
            <ns3:hr>112</ns3:hr>
            <ns3:cad>44</ns3:cad>
          </ns3:TrackPointExtension>
        </extensions>
      </trkpt>
      <trkpt lat="32.067924700677394866943359375" lon="118.818730898201465606689453125">
        <ele>102.1999969482421875</ele>
        <time>2026-09-16T03:59:15.000Z</time>
        <extensions>
          <ns3:TrackPointExtension>
            <ns3:hr>122</ns3:hr>
            <ns3:cad>43</ns3:cad>
          </ns3:TrackPointExtension>
        </extensions>
      </trkpt>
      <trkpt lat="32.06792109645903110504150390625" lon="118.818739950656890869140625">
        <ele>102.1999969482421875</ele>
        <time>2026-09-16T03:59:16.000Z</time>
        <extensions>
          <ns3:TrackPointExtension>
            <ns3:hr>131</ns3:hr>
            <ns3:cad>43</ns3:cad>
          </ns3:TrackPointExtension>
        </extensions>
      </trkpt>
      <trkpt lat="32.06791640259325504302978515625" lon="118.81875495426356792449951171875">
        <ele>102.40000152587890625</ele>
        <time>2026-09-16T03:59:17.000Z</time>
        <extensions>
          <ns3:TrackPointExtension>
            <ns3:hr>133</ns3:hr>
            <ns3:cad>43</ns3:cad>
          </ns3:TrackPointExtension>
        </extensions>
      </trkpt>
      <trkpt lat="32.0679049193859100341796875" lon="118.818782530725002288818359375">
        <ele>102.59999847412109375</ele>
        <time>2026-09-16T03:59:19.000Z</time>
        <extensions>
          <ns3:TrackPointExtension>
            <ns3:hr>134</ns3:hr>
            <ns3:cad>43</ns3:cad>
          </ns3:TrackPointExtension>
        </extensions>
      </trkpt>
      <trkpt lat="32.06788438372313976287841796875" lon="118.8188132084906101226806640625">
        <ele>103.1999969482421875</ele>
        <time>2026-09-16T03:59:23.000Z</time>
        <extensions>
          <ns3:TrackPointExtension>
            <ns3:hr>134</ns3:hr>
            <ns3:cad>0</ns3:cad>
          </ns3:TrackPointExtension>
        </extensions>
      </trkpt>
      <trkpt lat="32.0678678713738918304443359375" lon="118.8188507594168186187744140625">
        <ele>103.8000030517578125</ele>
        <time>2026-09-16T03:59:29.000Z</time>
        <extensions>
          <ns3:TrackPointExtension>
            <ns3:hr>133</ns3:hr>
            <ns3:cad>0</ns3:cad>
          </ns3:TrackPointExtension>
        </extensions>
      </trkpt>
      <trkpt lat="32.06783459521830081939697265625" lon="118.81885553710162639617919921875">
        <ele>104.40000152587890625</ele>
        <time>2026-09-16T03:59:33.000Z</time>
        <extensions>
          <ns3:TrackPointExtension>
            <ns3:hr>128</ns3:hr>
            <ns3:cad>41</ns3:cad>
          </ns3:TrackPointExtension>
        </extensions>
      </trkpt>
      <trkpt lat="32.06781766377389430999755859375" lon="118.81884916685521602630615234375">
        <ele>104.59999847412109375</ele>
        <time>2026-09-16T03:59:37.000Z</time>
        <extensions>
          <ns3:TrackPointExtension>
            <ns3:hr>126</ns3:hr>
            <ns3:cad>41</ns3:cad>
          </ns3:TrackPointExtension>
        </extensions>
      </trkpt>
      <trkpt lat="32.06782042980194091796875" lon="118.8188423775136470794677734375">
        <ele>104.59999847412109375</ele>
        <time>2026-09-16T03:59:39.000Z</time>
        <extensions>
          <ns3:TrackPointExtension>
            <ns3:hr>126</ns3:hr>
            <ns3:cad>0</ns3:cad>
          </ns3:TrackPointExtension>
        </extensions>
      </trkpt>
      <trkpt lat="32.0678273029625415802001953125" lon="118.81884397007524967193603515625">
        <ele>104.8000030517578125</ele>
        <time>2026-09-16T03:59:42.000Z</time>
        <extensions>
          <ns3:TrackPointExtension>
            <ns3:hr>124</ns3:hr>
            <ns3:cad>0</ns3:cad>
          </ns3:TrackPointExtension>
        </extensions>
      </trkpt>
      <trkpt lat="32.06782856024801731109619140625" lon="118.81885989569127559661865234375">
        <ele>104.8000030517578125</ele>
        <time>2026-09-16T03:59:44.000Z</time>
        <extensions>
          <ns3:TrackPointExtension>
            <ns3:hr>123</ns3:hr>
            <ns3:cad>0</ns3:cad>
          </ns3:TrackPointExtension>
        </extensions>
      </trkpt>
      <trkpt lat="32.0678068511188030242919921875" lon="118.81890960037708282470703125">
        <ele>105.40000152587890625</ele>
        <time>2026-09-16T03:59:51.000Z</time>
        <extensions>
          <ns3:TrackPointExtension>
            <ns3:hr>127</ns3:hr>
            <ns3:cad>43</ns3:cad>
          </ns3:TrackPointExtension>
        </extensions>
      </trkpt>
      <trkpt lat="32.0677869021892547607421875" lon="118.8189453072845935821533203125">
        <ele>106</ele>
        <time>2026-09-16T03:59:55.000Z</time>
        <extensions>
          <ns3:TrackPointExtension>
            <ns3:hr>126</ns3:hr>
            <ns3:cad>0</ns3:cad>
          </ns3:TrackPointExtension>
        </extensions>
      </trkpt>
      <trkpt lat="32.06777256913483142852783203125" lon="118.8189520128071308135986328125">
        <ele>106.59999847412109375</ele>
        <time>2026-09-16T03:59:58.000Z</time>
        <extensions>
          <ns3:TrackPointExtension>
            <ns3:hr>125</ns3:hr>
            <ns3:cad>40</ns3:cad>
          </ns3:TrackPointExtension>
        </extensions>
      </trkpt>
      <trkpt lat="32.06775044091045856475830078125" lon="118.81900657899677753448486328125">
        <ele>107</ele>
        <time>2026-09-16T04:00:05.000Z</time>
        <extensions>
          <ns3:TrackPointExtension>
            <ns3:hr>124</ns3:hr>
            <ns3:cad>78</ns3:cad>
          </ns3:TrackPointExtension>
        </extensions>
      </trkpt>
      <trkpt lat="32.0677468366920948028564453125" lon="118.8190157152712345123291015625">
        <ele>107.1999969482421875</ele>
        <time>2026-09-16T04:00:06.000Z</time>
        <extensions>
          <ns3:TrackPointExtension>
            <ns3:hr>123</ns3:hr>
            <ns3:cad>78</ns3:cad>
          </ns3:TrackPointExtension>
        </extensions>
      </trkpt>
      <trkpt lat="32.06772060133516788482666015625" lon="118.81903641857206821441650390625">
        <ele>107.8000030517578125</ele>
        <time>2026-09-16T04:00:10.000Z</time>
        <extensions>
          <ns3:TrackPointExtension>
            <ns3:hr>124</ns3:hr>
            <ns3:cad>40</ns3:cad>
          </ns3:TrackPointExtension>
        </extensions>
      </trkpt>
      <trkpt lat="32.067700065672397613525390625" lon="118.81905117072165012359619140625">
        <ele>108.1999969482421875</ele>
        <time>2026-09-16T04:00:13.000Z</time>
        <extensions>
          <ns3:TrackPointExtension>
            <ns3:hr>124</ns3:hr>
            <ns3:cad>43</ns3:cad>
          </ns3:TrackPointExtension>
        </extensions>
      </trkpt>
      <trkpt lat="32.06769562326371669769287109375" lon="118.8190569542348384857177734375">
        <ele>108.40000152587890625</ele>
        <time>2026-09-16T04:00:14.000Z</time>
        <extensions>
          <ns3:TrackPointExtension>
            <ns3:hr>125</ns3:hr>
            <ns3:cad>43</ns3:cad>
          </ns3:TrackPointExtension>
        </extensions>
      </trkpt>
      <trkpt lat="32.067695371806621551513671875" lon="118.8190599717199802398681640625">
        <ele>108.59999847412109375</ele>
        <time>2026-09-16T04:00:16.000Z</time>
        <extensions>
          <ns3:TrackPointExtension>
            <ns3:hr>128</ns3:hr>
            <ns3:cad>43</ns3:cad>
          </ns3:TrackPointExtension>
        </extensions>
      </trkpt>
      <trkpt lat="32.06768170930445194244384765625" lon="118.81910028867423534393310546875">
        <ele>109.40000152587890625</ele>
        <time>2026-09-16T04:00:20.000Z</time>
        <extensions>
          <ns3:TrackPointExtension>
            <ns3:hr>130</ns3:hr>
            <ns3:cad>0</ns3:cad>
          </ns3:TrackPointExtension>
        </extensions>
      </trkpt>
      <trkpt lat="32.06767450086772441864013671875" lon="118.8191119395196437835693359375">
        <ele>109.40000152587890625</ele>
        <time>2026-09-16T04:00:21.000Z</time>
        <extensions>
          <ns3:TrackPointExtension>
            <ns3:hr>130</ns3:hr>
            <ns3:cad>0</ns3:cad>
          </ns3:TrackPointExtension>
        </extensions>
      </trkpt>
      <trkpt lat="32.06762303598225116729736328125" lon="118.81916047073900699615478515625">
        <ele>110.1999969482421875</ele>
        <time>2026-09-16T04:00:29.000Z</time>
        <extensions>
          <ns3:TrackPointExtension>
            <ns3:hr>128</ns3:hr>
            <ns3:cad>0</ns3:cad>
          </ns3:TrackPointExtension>
        </extensions>
      </trkpt>
      <trkpt lat="32.0676177553832530975341796875" lon="118.81916248239576816558837890625">
        <ele>110.40000152587890625</ele>
        <time>2026-09-16T04:00:30.000Z</time>
        <extensions>
          <ns3:TrackPointExtension>
            <ns3:hr>128</ns3:hr>
            <ns3:cad>0</ns3:cad>
          </ns3:TrackPointExtension>
        </extensions>
      </trkpt>
      <trkpt lat="32.06757894717156887054443359375" lon="118.81917706690728664398193359375">
        <ele>110.59999847412109375</ele>
        <time>2026-09-16T04:00:36.000Z</time>
        <extensions>
          <ns3:TrackPointExtension>
            <ns3:hr>127</ns3:hr>
            <ns3:cad>0</ns3:cad>
          </ns3:TrackPointExtension>
        </extensions>
      </trkpt>
      <trkpt lat="32.067564614117145538330078125" lon="118.8191843591630458831787109375">
        <ele>110.8000030517578125</ele>
        <time>2026-09-16T04:00:44.000Z</time>
        <extensions>
          <ns3:TrackPointExtension>
            <ns3:hr>126</ns3:hr>
            <ns3:cad>0</ns3:cad>
          </ns3:TrackPointExtension>
        </extensions>
      </trkpt>
      <trkpt lat="32.06750635989010334014892578125" lon="118.81923959590494632720947265625">
        <ele>110.8000030517578125</ele>
        <time>2026-09-16T04:00:51.000Z</time>
        <extensions>
          <ns3:TrackPointExtension>
            <ns3:hr>125</ns3:hr>
            <ns3:cad>0</ns3:cad>
          </ns3:TrackPointExtension>
        </extensions>
      </trkpt>
      <trkpt lat="32.06746973097324371337890625" lon="118.819310255348682403564453125">
        <ele>110.8000030517578125</ele>
        <time>2026-09-16T04:00:58.000Z</time>
        <extensions>
          <ns3:TrackPointExtension>
            <ns3:hr>125</ns3:hr>
            <ns3:cad>0</ns3:cad>
          </ns3:TrackPointExtension>
        </extensions>
      </trkpt>
      <trkpt lat="32.0673921145498752593994140625" lon="118.81936834193766117095947265625">
        <ele>110.8000030517578125</ele>
        <time>2026-09-16T04:01:08.000Z</time>
        <extensions>
          <ns3:TrackPointExtension>
            <ns3:hr>125</ns3:hr>
            <ns3:cad>52</ns3:cad>
          </ns3:TrackPointExtension>
        </extensions>
      </trkpt>
      <trkpt lat="32.06731273792684078216552734375" lon="118.819394744932651519775390625">
        <ele>110.8000030517578125</ele>
        <time>2026-09-16T04:01:16.000Z</time>
        <extensions>
          <ns3:TrackPointExtension>
            <ns3:hr>125</ns3:hr>
            <ns3:cad>52</ns3:cad>
          </ns3:TrackPointExtension>
        </extensions>
      </trkpt>
      <trkpt lat="32.06724568270146846771240234375" lon="118.8194359838962554931640625">
        <ele>111</ele>
        <time>2026-09-16T04:01:23.000Z</time>
        <extensions>
          <ns3:TrackPointExtension>
            <ns3:hr>122</ns3:hr>
            <ns3:cad>50</ns3:cad>
          </ns3:TrackPointExtension>
        </extensions>
      </trkpt>
      <trkpt lat="32.0671929605305194854736328125" lon="118.81945903412997722625732421875">
        <ele>111.40000152587890625</ele>
        <time>2026-09-16T04:01:28.000Z</time>
        <extensions>
          <ns3:TrackPointExtension>
            <ns3:hr>121</ns3:hr>
            <ns3:cad>50</ns3:cad>
          </ns3:TrackPointExtension>
        </extensions>
      </trkpt>
      <trkpt lat="32.06717669963836669921875" lon="118.81946976296603679656982421875">
        <ele>111.40000152587890625</ele>
        <time>2026-09-16T04:01:30.000Z</time>
        <extensions>
          <ns3:TrackPointExtension>
            <ns3:hr>120</ns3:hr>
            <ns3:cad>0</ns3:cad>
          </ns3:TrackPointExtension>
        </extensions>
      </trkpt>
      <trkpt lat="32.067107297480106353759765625" lon="118.81950429640710353851318359375">
        <ele>111.59999847412109375</ele>
        <time>2026-09-16T04:01:38.000Z</time>
        <extensions>
          <ns3:TrackPointExtension>
            <ns3:hr>119</ns3:hr>
            <ns3:cad>0</ns3:cad>
          </ns3:TrackPointExtension>
        </extensions>
      </trkpt>
      <trkpt lat="32.067050635814666748046875" lon="118.81955307908356189727783203125">
        <ele>111.59999847412109375</ele>
        <time>2026-09-16T04:01:46.000Z</time>
        <extensions>
          <ns3:TrackPointExtension>
            <ns3:hr>120</ns3:hr>
            <ns3:cad>0</ns3:cad>
          </ns3:TrackPointExtension>
        </extensions>
      </trkpt>
      <trkpt lat="32.067004032433032989501953125" lon="118.819591887295246124267578125">
        <ele>111.8000030517578125</ele>
        <time>2026-09-16T04:01:53.000Z</time>
        <extensions>
          <ns3:TrackPointExtension>
            <ns3:hr>118</ns3:hr>
            <ns3:cad>54</ns3:cad>
          </ns3:TrackPointExtension>
        </extensions>
      </trkpt>
      <trkpt lat="32.06692281179130077362060546875" lon="118.81963538937270641326904296875">
        <ele>111.8000030517578125</ele>
        <time>2026-09-16T04:02:00.000Z</time>
        <extensions>
          <ns3:TrackPointExtension>
            <ns3:hr>117</ns3:hr>
            <ns3:cad>57</ns3:cad>
          </ns3:TrackPointExtension>
        </extensions>
      </trkpt>
      <trkpt lat="32.06687352620065212249755859375" lon="118.8196715153753757476806640625">
        <ele>111.59999847412109375</ele>
        <time>2026-09-16T04:02:08.000Z</time>
        <extensions>
          <ns3:TrackPointExtension>
            <ns3:hr>115</ns3:hr>
            <ns3:cad>0</ns3:cad>
          </ns3:TrackPointExtension>
        </extensions>
      </trkpt>
      <trkpt lat="32.06679792143404483795166015625" lon="118.81967310793697834014892578125">
        <ele>111.1999969482421875</ele>
        <time>2026-09-16T04:02:16.000Z</time>
        <extensions>
          <ns3:TrackPointExtension>
            <ns3:hr>113</ns3:hr>
            <ns3:cad>0</ns3:cad>
          </ns3:TrackPointExtension>
        </extensions>
      </trkpt>
      <trkpt lat="32.06676741130650043487548828125" lon="118.81967327557504177093505859375">
        <ele>111</ele>
        <time>2026-09-16T04:02:20.000Z</time>
        <extensions>
          <ns3:TrackPointExtension>
            <ns3:hr>110</ns3:hr>
            <ns3:cad>49</ns3:cad>
          </ns3:TrackPointExtension>
        </extensions>
      </trkpt>
      <trkpt lat="32.06675483845174312591552734375" lon="118.819673024117946624755859375">
        <ele>110.8000030517578125</ele>
        <time>2026-09-16T04:02:22.000Z</time>
        <extensions>
          <ns3:TrackPointExtension>
            <ns3:hr>107</ns3:hr>
            <ns3:cad>47</ns3:cad>
          </ns3:TrackPointExtension>
        </extensions>
      </trkpt>
      <trkpt lat="32.06673212349414825439453125" lon="118.819665648043155670166015625">
        <ele>110.8000030517578125</ele>
        <time>2026-09-16T04:02:25.000Z</time>
        <extensions>
          <ns3:TrackPointExtension>
            <ns3:hr>106</ns3:hr>
            <ns3:cad>45</ns3:cad>
          </ns3:TrackPointExtension>
        </extensions>
      </trkpt>
      <trkpt lat="32.0667108334600925445556640625" lon="118.819636814296245574951171875">
        <ele>110.40000152587890625</ele>
        <time>2026-09-16T04:02:32.000Z</time>
        <extensions>
          <ns3:TrackPointExtension>
            <ns3:hr>105</ns3:hr>
            <ns3:cad>47</ns3:cad>
          </ns3:TrackPointExtension>
        </extensions>
      </trkpt>
      <trkpt lat="32.066717036068439483642578125" lon="118.8196373172104358673095703125">
        <ele>110.40000152587890625</ele>
        <time>2026-09-16T04:02:34.000Z</time>
        <extensions>
          <ns3:TrackPointExtension>
            <ns3:hr>105</ns3:hr>
            <ns3:cad>48</ns3:cad>
          </ns3:TrackPointExtension>
        </extensions>
      </trkpt>
      <trkpt lat="32.066715024411678314208984375" lon="118.81963421590626239776611328125">
        <ele>110.40000152587890625</ele>
        <time>2026-09-16T04:02:35.000Z</time>
        <extensions>
          <ns3:TrackPointExtension>
            <ns3:hr>105</ns3:hr>
            <ns3:cad>47</ns3:cad>
          </ns3:TrackPointExtension>
        </extensions>
      </trkpt>
      <trkpt lat="32.0667051337659358978271484375" lon="118.8196235708892345428466796875">
        <ele>110.1999969482421875</ele>
        <time>2026-09-16T04:02:39.000Z</time>
        <extensions>
          <ns3:TrackPointExtension>
            <ns3:hr>104</ns3:hr>
            <ns3:cad>46</ns3:cad>
          </ns3:TrackPointExtension>
        </extensions>
      </trkpt>
      <trkpt lat="32.066690213978290557861328125" lon="118.8196192122995853424072265625">
        <ele>110.1999969482421875</ele>
        <time>2026-09-16T04:02:41.000Z</time>
        <extensions>
          <ns3:TrackPointExtension>
            <ns3:hr>104</ns3:hr>
            <ns3:cad>48</ns3:cad>
          </ns3:TrackPointExtension>
        </extensions>
      </trkpt>
      <trkpt lat="32.06665677018463611602783203125" lon="118.81962114013731479644775390625">
        <ele>110</ele>
        <time>2026-09-16T04:02:46.000Z</time>
        <extensions>
          <ns3:TrackPointExtension>
            <ns3:hr>101</ns3:hr>
            <ns3:cad>50</ns3:cad>
          </ns3:TrackPointExtension>
        </extensions>
      </trkpt>
      <trkpt lat="32.066647969186305999755859375" lon="118.81962281651794910430908203125">
        <ele>110</ele>
        <time>2026-09-16T04:02:47.000Z</time>
        <extensions>
          <ns3:TrackPointExtension>
            <ns3:hr>95</ns3:hr>
            <ns3:cad>49</ns3:cad>
          </ns3:TrackPointExtension>
        </extensions>
      </trkpt>
      <trkpt lat="32.066558785736560821533203125" lon="118.81961560808122158050537109375">
        <ele>110</ele>
        <time>2026-09-16T04:02:49.000Z</time>
        <extensions>
          <ns3:TrackPointExtension>
            <ns3:hr>92</ns3:hr>
            <ns3:cad>47</ns3:cad>
          </ns3:TrackPointExtension>
        </extensions>
      </trkpt>
      <trkpt lat="32.0665274374186992645263671875" lon="118.81960957311093807220458984375">
        <ele>110.1999969482421875</ele>
        <time>2026-09-16T04:02:51.000Z</time>
        <extensions>
          <ns3:TrackPointExtension>
            <ns3:hr>91</ns3:hr>
            <ns3:cad>47</ns3:cad>
          </ns3:TrackPointExtension>
        </extensions>
      </trkpt>
      <trkpt lat="32.06648259423673152923583984375" lon="118.81961493752896785736083984375">
        <ele>110.1999969482421875</ele>
        <time>2026-09-16T04:02:57.000Z</time>
        <extensions>
          <ns3:TrackPointExtension>
            <ns3:hr>90</ns3:hr>
            <ns3:cad>0</ns3:cad>
          </ns3:TrackPointExtension>
        </extensions>
      </trkpt>
      <trkpt lat="32.06645308993756771087646484375" lon="118.81963958032429218292236328125">
        <ele>110.40000152587890625</ele>
        <time>2026-09-16T04:03:03.000Z</time>
        <extensions>
          <ns3:TrackPointExtension>
            <ns3:hr>91</ns3:hr>
            <ns3:cad>0</ns3:cad>
          </ns3:TrackPointExtension>
        </extensions>
      </trkpt>
      <trkpt lat="32.06641050986945629119873046875" lon="118.8196574337780475616455078125">
        <ele>110.59999847412109375</ele>
        <time>2026-09-16T04:03:09.000Z</time>
        <extensions>
          <ns3:TrackPointExtension>
            <ns3:hr>89</ns3:hr>
            <ns3:cad>0</ns3:cad>
          </ns3:TrackPointExtension>
        </extensions>
      </trkpt>
      <trkpt lat="32.06634378992021083831787109375" lon="118.819666989147663116455078125">
        <ele>110.8000030517578125</ele>
        <time>2026-09-16T04:03:16.000Z</time>
        <extensions>
          <ns3:TrackPointExtension>
            <ns3:hr>89</ns3:hr>
            <ns3:cad>0</ns3:cad>
          </ns3:TrackPointExtension>
        </extensions>
      </trkpt>
      <trkpt lat="32.06628553569316864013671875" lon="118.81968601606786251068115234375">
        <ele>111</ele>
        <time>2026-09-16T04:03:22.000Z</time>
        <extensions>
          <ns3:TrackPointExtension>
            <ns3:hr>88</ns3:hr>
            <ns3:cad>49</ns3:cad>
          </ns3:TrackPointExtension>
        </extensions>
      </trkpt>
      <trkpt lat="32.0662300474941730499267578125" lon="118.8197068870067596435546875">
        <ele>111.40000152587890625</ele>
        <time>2026-09-16T04:03:28.000Z</time>
        <extensions>
          <ns3:TrackPointExtension>
            <ns3:hr>88</ns3:hr>
            <ns3:cad>47</ns3:cad>
          </ns3:TrackPointExtension>
        </extensions>
      </trkpt>
      <trkpt lat="32.06622174941003322601318359375" lon="118.81971082650125026702880859375">
        <ele>111.40000152587890625</ele>
        <time>2026-09-16T04:03:29.000Z</time>
        <extensions>
          <ns3:TrackPointExtension>
            <ns3:hr>89</ns3:hr>
            <ns3:cad>47</ns3:cad>
          </ns3:TrackPointExtension>
        </extensions>
      </trkpt>
      <trkpt lat="32.06616349518299102783203125" lon="118.81973513402044773101806640625">
        <ele>111.59999847412109375</ele>
        <time>2026-09-16T04:03:35.000Z</time>
        <extensions>
          <ns3:TrackPointExtension>
            <ns3:hr>90</ns3:hr>
            <ns3:cad>0</ns3:cad>
          </ns3:TrackPointExtension>
        </extensions>
      </trkpt>
      <trkpt lat="32.06610876135528087615966796875" lon="118.81974535994231700897216796875">
        <ele>111.8000030517578125</ele>
        <time>2026-09-16T04:03:41.000Z</time>
        <extensions>
          <ns3:TrackPointExtension>
            <ns3:hr>91</ns3:hr>
            <ns3:cad>0</ns3:cad>
          </ns3:TrackPointExtension>
        </extensions>
      </trkpt>
      <trkpt lat="32.0660526864230632781982421875" lon="118.81975960917770862579345703125">
        <ele>112</ele>
        <time>2026-09-16T04:03:47.000Z</time>
        <extensions>
          <ns3:TrackPointExtension>
            <ns3:hr>92</ns3:hr>
            <ns3:cad>0</ns3:cad>
          </ns3:TrackPointExtension>
        </extensions>
      </trkpt>
      <trkpt lat="32.06600231118500232696533203125" lon="118.819764554500579833984375">
        <ele>112</ele>
        <time>2026-09-16T04:03:52.000Z</time>
        <extensions>
          <ns3:TrackPointExtension>
            <ns3:hr>93</ns3:hr>
            <ns3:cad>48</ns3:cad>
          </ns3:TrackPointExtension>
        </extensions>
      </trkpt>
      <trkpt lat="32.0659380219876766204833984375" lon="118.819774277508258819580078125">
        <ele>112.40000152587890625</ele>
        <time>2026-09-16T04:03:58.000Z</time>
        <extensions>
          <ns3:TrackPointExtension>
            <ns3:hr>93</ns3:hr>
            <ns3:cad>0</ns3:cad>
          </ns3:TrackPointExtension>
        </extensions>
      </trkpt>
      <trkpt lat="32.06588060595095157623291015625" lon="118.8197848387062549591064453125">
        <ele>113</ele>
        <time>2026-09-16T04:04:03.000Z</time>
        <extensions>
          <ns3:TrackPointExtension>
            <ns3:hr>95</ns3:hr>
            <ns3:cad>50</ns3:cad>
          </ns3:TrackPointExtension>
        </extensions>
      </trkpt>
      <trkpt lat="32.06580466590821743011474609375" lon="118.8197824917733669281005859375">
        <ele>113.40000152587890625</ele>
        <time>2026-09-16T04:04:10.000Z</time>
        <extensions>
          <ns3:TrackPointExtension>
            <ns3:hr>96</ns3:hr>
            <ns3:cad>51</ns3:cad>
          </ns3:TrackPointExtension>
        </extensions>
      </trkpt>
      <trkpt lat="32.0657848007977008819580078125" lon="118.8197767920792102813720703125">
        <ele>113.59999847412109375</ele>
        <time>2026-09-16T04:04:12.000Z</time>
        <extensions>
          <ns3:TrackPointExtension>
            <ns3:hr>96</ns3:hr>
            <ns3:cad>51</ns3:cad>
          </ns3:TrackPointExtension>
        </extensions>
      </trkpt>
      <trkpt lat="32.0657336711883544921875" lon="118.81976480595767498016357421875">
        <ele>114</ele>
        <time>2026-09-16T04:04:17.000Z</time>
        <extensions>
          <ns3:TrackPointExtension>
            <ns3:hr>97</ns3:hr>
            <ns3:cad>49</ns3:cad>
          </ns3:TrackPointExtension>
        </extensions>
      </trkpt>
      <trkpt lat="32.06568337976932525634765625" lon="118.81975810043513774871826171875">
        <ele>114.40000152587890625</ele>
        <time>2026-09-16T04:04:22.000Z</time>
        <extensions>
          <ns3:TrackPointExtension>
            <ns3:hr>98</ns3:hr>
            <ns3:cad>48</ns3:cad>
          </ns3:TrackPointExtension>
        </extensions>
      </trkpt>
      <trkpt lat="32.0656614191830158233642578125" lon="118.819761537015438079833984375">
        <ele>114.59999847412109375</ele>
        <time>2026-09-16T04:04:25.000Z</time>
        <extensions>
          <ns3:TrackPointExtension>
            <ns3:hr>98</ns3:hr>
            <ns3:cad>49</ns3:cad>
          </ns3:TrackPointExtension>
        </extensions>
      </trkpt>
      <trkpt lat="32.06565043888986110687255859375" lon="118.81976388394832611083984375">
        <ele>114.59999847412109375</ele>
        <time>2026-09-16T04:04:27.000Z</time>
        <extensions>
          <ns3:TrackPointExtension>
            <ns3:hr>103</ns3:hr>
            <ns3:cad>49</ns3:cad>
          </ns3:TrackPointExtension>
        </extensions>
      </trkpt>
      <trkpt lat="32.0656476728618144989013671875" lon="118.81976782344281673431396484375">
        <ele>114.59999847412109375</ele>
        <time>2026-09-16T04:04:28.000Z</time>
        <extensions>
          <ns3:TrackPointExtension>
            <ns3:hr>106</ns3:hr>
            <ns3:cad>0</ns3:cad>
          </ns3:TrackPointExtension>
        </extensions>
      </trkpt>
      <trkpt lat="32.06564742140471935272216796875" lon="118.81976882927119731903076171875">
        <ele>114.59999847412109375</ele>
        <time>2026-09-16T04:04:29.000Z</time>
        <extensions>
          <ns3:TrackPointExtension>
            <ns3:hr>106</ns3:hr>
            <ns3:cad>0</ns3:cad>
          </ns3:TrackPointExtension>
        </extensions>
      </trkpt>
      <trkpt lat="32.0656332559883594512939453125" lon="118.81978341378271579742431640625">
        <ele>114.59999847412109375</ele>
        <time>2026-09-16T04:04:35.000Z</time>
        <extensions>
          <ns3:TrackPointExtension>
            <ns3:hr>102</ns3:hr>
            <ns3:cad>0</ns3:cad>
          </ns3:TrackPointExtension>
        </extensions>
      </trkpt>
      <trkpt lat="32.065618336200714111328125" lon="118.81979816593229770660400390625">
        <ele>114.59999847412109375</ele>
        <time>2026-09-16T04:04:37.000Z</time>
        <extensions>
          <ns3:TrackPointExtension>
            <ns3:hr>102</ns3:hr>
            <ns3:cad>0</ns3:cad>
          </ns3:TrackPointExtension>
        </extensions>
      </trkpt>
      <trkpt lat="32.06556058488786220550537109375" lon="118.819802440702915191650390625">
        <ele>114.1999969482421875</ele>
        <time>2026-09-16T04:04:44.000Z</time>
        <extensions>
          <ns3:TrackPointExtension>
            <ns3:hr>101</ns3:hr>
            <ns3:cad>49</ns3:cad>
          </ns3:TrackPointExtension>
        </extensions>
      </trkpt>
      <trkpt lat="32.0655511133372783660888671875" lon="118.81978861056268215179443359375">
        <ele>114.1999969482421875</ele>
        <time>2026-09-16T04:04:52.000Z</time>
        <extensions>
          <ns3:TrackPointExtension>
            <ns3:hr>99</ns3:hr>
            <ns3:cad>72</ns3:cad>
          </ns3:TrackPointExtension>
        </extensions>
      </trkpt>
      <trkpt lat="32.06552806310355663299560546875" lon="118.81976346485316753387451171875">
        <ele>113.8000030517578125</ele>
        <time>2026-09-16T04:04:58.000Z</time>
        <extensions>
          <ns3:TrackPointExtension>
            <ns3:hr>99</ns3:hr>
            <ns3:cad>0</ns3:cad>
          </ns3:TrackPointExtension>
        </extensions>
      </trkpt>
      <trkpt lat="32.0655038394033908843994140625" lon="118.81975114345550537109375">
        <ele>113.59999847412109375</ele>
        <time>2026-09-16T04:05:01.000Z</time>
        <extensions>
          <ns3:TrackPointExtension>
            <ns3:hr>99</ns3:hr>
            <ns3:cad>43</ns3:cad>
          </ns3:TrackPointExtension>
        </extensions>
      </trkpt>
      <trkpt lat="32.0654840581119060516357421875" lon="118.81975089199841022491455078125">
        <ele>113.40000152587890625</ele>
        <time>2026-09-16T04:05:04.000Z</time>
        <extensions>
          <ns3:TrackPointExtension>
            <ns3:hr>99</ns3:hr>
            <ns3:cad>43</ns3:cad>
          </ns3:TrackPointExtension>
        </extensions>
      </trkpt>
      <trkpt lat="32.06542915664613246917724609375" lon="118.81972976960241794586181640625">
        <ele>112.8000030517578125</ele>
        <time>2026-09-16T04:05:10.000Z</time>
        <extensions>
          <ns3:TrackPointExtension>
            <ns3:hr>97</ns3:hr>
            <ns3:cad>53</ns3:cad>
          </ns3:TrackPointExtension>
        </extensions>
      </trkpt>
      <trkpt lat="32.0654010772705078125" lon="118.81972691975533962249755859375">
        <ele>112.59999847412109375</ele>
        <time>2026-09-16T04:05:13.000Z</time>
        <extensions>
          <ns3:TrackPointExtension>
            <ns3:hr>97</ns3:hr>
            <ns3:cad>53</ns3:cad>
          </ns3:TrackPointExtension>
        </extensions>
      </trkpt>
      <trkpt lat="32.065355479717254638671875" lon="118.81970889866352081298828125">
        <ele>112.1999969482421875</ele>
        <time>2026-09-16T04:05:17.000Z</time>
        <extensions>
          <ns3:TrackPointExtension>
            <ns3:hr>97</ns3:hr>
            <ns3:cad>53</ns3:cad>
          </ns3:TrackPointExtension>
        </extensions>
      </trkpt>
      <trkpt lat="32.06533008255064487457275390625" lon="118.81967092864215373992919921875">
        <ele>111.8000030517578125</ele>
        <time>2026-09-16T04:05:22.000Z</time>
        <extensions>
          <ns3:TrackPointExtension>
            <ns3:hr>96</ns3:hr>
            <ns3:cad>54</ns3:cad>
          </ns3:TrackPointExtension>
        </extensions>
      </trkpt>
      <trkpt lat="32.0653246343135833740234375" lon="118.81965667940676212310791015625">
        <ele>111.8000030517578125</ele>
        <time>2026-09-16T04:05:23.000Z</time>
        <extensions>
          <ns3:TrackPointExtension>
            <ns3:hr>96</ns3:hr>
            <ns3:cad>53</ns3:cad>
          </ns3:TrackPointExtension>
        </extensions>
      </trkpt>
      <trkpt lat="32.06529538147151470184326171875" lon="118.81959968246519565582275390625">
        <ele>111.40000152587890625</ele>
        <time>2026-09-16T04:05:28.000Z</time>
        <extensions>
          <ns3:TrackPointExtension>
            <ns3:hr>95</ns3:hr>
            <ns3:cad>55</ns3:cad>
          </ns3:TrackPointExtension>
        </extensions>
      </trkpt>
      <trkpt lat="32.06528884358704090118408203125" lon="118.81958560086786746978759765625">
        <ele>111.40000152587890625</ele>
        <time>2026-09-16T04:05:29.000Z</time>
        <extensions>
          <ns3:TrackPointExtension>
            <ns3:hr>94</ns3:hr>
            <ns3:cad>51</ns3:cad>
          </ns3:TrackPointExtension>
        </extensions>
      </trkpt>
      <trkpt lat="32.0652736723423004150390625" lon="118.81953497417271137237548828125">
        <ele>111.1999969482421875</ele>
        <time>2026-09-16T04:05:34.000Z</time>
        <extensions>
          <ns3:TrackPointExtension>
            <ns3:hr>93</ns3:hr>
            <ns3:cad>0</ns3:cad>
          </ns3:TrackPointExtension>
        </extensions>
      </trkpt>
      <trkpt lat="32.0652647875249385833740234375" lon="118.81946205161511898040771484375">
        <ele>110.40000152587890625</ele>
        <time>2026-09-16T04:05:42.000Z</time>
        <extensions>
          <ns3:TrackPointExtension>
            <ns3:hr>94</ns3:hr>
            <ns3:cad>50</ns3:cad>
          </ns3:TrackPointExtension>
        </extensions>
      </trkpt>
      <trkpt lat="32.06524173729121685028076171875" lon="118.81937135942280292510986328125">
        <ele>109.59999847412109375</ele>
        <time>2026-09-16T04:05:50.000Z</time>
        <extensions>
          <ns3:TrackPointExtension>
            <ns3:hr>93</ns3:hr>
            <ns3:cad>52</ns3:cad>
          </ns3:TrackPointExtension>
        </extensions>
      </trkpt>
      <trkpt lat="32.06523855216801166534423828125" lon="118.8193603791296482086181640625">
        <ele>109.40000152587890625</ele>
        <time>2026-09-16T04:05:51.000Z</time>
        <extensions>
          <ns3:TrackPointExtension>
            <ns3:hr>93</ns3:hr>
            <ns3:cad>52</ns3:cad>
          </ns3:TrackPointExtension>
        </extensions>
      </trkpt>
      <trkpt lat="32.0652201958000659942626953125" lon="118.81928552873432636260986328125">
        <ele>108.8000030517578125</ele>
        <time>2026-09-16T04:05:58.000Z</time>
        <extensions>
          <ns3:TrackPointExtension>
            <ns3:hr>93</ns3:hr>
            <ns3:cad>55</ns3:cad>
          </ns3:TrackPointExtension>
        </extensions>
      </trkpt>
      <trkpt lat="32.06521935760974884033203125" lon="118.8192487321794033050537109375">
        <ele>108.40000152587890625</ele>
        <time>2026-09-16T04:06:01.000Z</time>
        <extensions>
          <ns3:TrackPointExtension>
            <ns3:hr>94</ns3:hr>
            <ns3:cad>53</ns3:cad>
          </ns3:TrackPointExtension>
        </extensions>
      </trkpt>
      <trkpt lat="32.06522069871425628662109375" lon="118.819200284779071807861328125">
        <ele>108.1999969482421875</ele>
        <time>2026-09-16T04:06:05.000Z</time>
        <extensions>
          <ns3:TrackPointExtension>
            <ns3:hr>94</ns3:hr>
            <ns3:cad>55</ns3:cad>
          </ns3:TrackPointExtension>
        </extensions>
      </trkpt>
      <trkpt lat="32.0651900209486484527587890625" lon="118.81914655677974224090576171875">
        <ele>107.59999847412109375</ele>
        <time>2026-09-16T04:06:10.000Z</time>
        <extensions>
          <ns3:TrackPointExtension>
            <ns3:hr>97</ns3:hr>
            <ns3:cad>55</ns3:cad>
          </ns3:TrackPointExtension>
        </extensions>
      </trkpt>
      <trkpt lat="32.065183483064174652099609375" lon="118.81913364864885807037353515625">
        <ele>107.40000152587890625</ele>
        <time>2026-09-16T04:06:11.000Z</time>
        <extensions>
          <ns3:TrackPointExtension>
            <ns3:hr>98</ns3:hr>
            <ns3:cad>55</ns3:cad>
          </ns3:TrackPointExtension>
        </extensions>
      </trkpt>
      <trkpt lat="32.06517510116100311279296875" lon="118.81911034695804119110107421875">
        <ele>107.40000152587890625</ele>
        <time>2026-09-16T04:06:13.000Z</time>
        <extensions>
          <ns3:TrackPointExtension>
            <ns3:hr>98</ns3:hr>
            <ns3:cad>55</ns3:cad>
          </ns3:TrackPointExtension>
        </extensions>
      </trkpt>
      <trkpt lat="32.065166048705577850341796875" lon="118.8190814293920993804931640625">
        <ele>107.1999969482421875</ele>
        <time>2026-09-16T04:06:16.000Z</time>
        <extensions>
          <ns3:TrackPointExtension>
            <ns3:hr>97</ns3:hr>
            <ns3:cad>54</ns3:cad>
          </ns3:TrackPointExtension>
        </extensions>
      </trkpt>
      <trkpt lat="32.06511349417269229888916015625" lon="118.8190764002501964569091796875">
        <ele>106.40000152587890625</ele>
        <time>2026-09-16T04:06:22.000Z</time>
        <extensions>
          <ns3:TrackPointExtension>
            <ns3:hr>97</ns3:hr>
            <ns3:cad>56</ns3:cad>
          </ns3:TrackPointExtension>
        </extensions>
      </trkpt>
      <trkpt lat="32.06510159187018871307373046875" lon="118.81909492425620555877685546875">
        <ele>106.1999969482421875</ele>
        <time>2026-09-16T04:06:25.000Z</time>
        <extensions>
          <ns3:TrackPointExtension>
            <ns3:hr>98</ns3:hr>
            <ns3:cad>55</ns3:cad>
          </ns3:TrackPointExtension>
        </extensions>
      </trkpt>
      <trkpt lat="32.06507644616067409515380859375" lon="118.8191307149827480316162109375">
        <ele>106</ele>
        <time>2026-09-16T04:06:29.000Z</time>
        <extensions>
          <ns3:TrackPointExtension>
            <ns3:hr>97</ns3:hr>
            <ns3:cad>53</ns3:cad>
          </ns3:TrackPointExtension>
        </extensions>
      </trkpt>
      <trkpt lat="32.065044678747653961181640625" lon="118.81919802166521549224853515625">
        <ele>105.59999847412109375</ele>
        <time>2026-09-16T04:06:35.000Z</time>
        <extensions>
          <ns3:TrackPointExtension>
            <ns3:hr>96</ns3:hr>
            <ns3:cad>53</ns3:cad>
          </ns3:TrackPointExtension>
        </extensions>
      </trkpt>
      <trkpt lat="32.065016515552997589111328125" lon="118.81924311630427837371826171875">
        <ele>105.1999969482421875</ele>
        <time>2026-09-16T04:06:40.000Z</time>
        <extensions>
          <ns3:TrackPointExtension>
            <ns3:hr>94</ns3:hr>
            <ns3:cad>54</ns3:cad>
          </ns3:TrackPointExtension>
        </extensions>
      </trkpt>
      <trkpt lat="32.065003775060176849365234375" lon="118.81927111186087131500244140625">
        <ele>105.1999969482421875</ele>
        <time>2026-09-16T04:06:42.000Z</time>
        <extensions>
          <ns3:TrackPointExtension>
            <ns3:hr>94</ns3:hr>
            <ns3:cad>55</ns3:cad>
          </ns3:TrackPointExtension>
        </extensions>
      </trkpt>
      <trkpt lat="32.06496496684849262237548828125" lon="118.8193258456885814666748046875">
        <ele>104.59999847412109375</ele>
        <time>2026-09-16T04:06:49.000Z</time>
        <extensions>
          <ns3:TrackPointExtension>
            <ns3:hr>94</ns3:hr>
            <ns3:cad>55</ns3:cad>
          </ns3:TrackPointExtension>
        </extensions>
      </trkpt>
      <trkpt lat="32.06491501070559024810791015625" lon="118.8193902187049388885498046875">
        <ele>104.1999969482421875</ele>
        <time>2026-09-16T04:06:55.000Z</time>
        <extensions>
          <ns3:TrackPointExtension>
            <ns3:hr>94</ns3:hr>
            <ns3:cad>55</ns3:cad>
          </ns3:TrackPointExtension>
        </extensions>
      </trkpt>
      <trkpt lat="32.064871676266193389892578125" lon="118.81944260559976100921630859375">
        <ele>103.8000030517578125</ele>
        <time>2026-09-16T04:07:02.000Z</time>
        <extensions>
          <ns3:TrackPointExtension>
            <ns3:hr>94</ns3:hr>
            <ns3:cad>53</ns3:cad>
          </ns3:TrackPointExtension>
        </extensions>
      </trkpt>
      <trkpt lat="32.06481375731527805328369140625" lon="118.819495327770709991455078125">
        <ele>103.1999969482421875</ele>
        <time>2026-09-16T04:07:09.000Z</time>
        <extensions>
          <ns3:TrackPointExtension>
            <ns3:hr>95</ns3:hr>
            <ns3:cad>53</ns3:cad>
          </ns3:TrackPointExtension>
        </extensions>
      </trkpt>
      <trkpt lat="32.0647940598428249359130859375" lon="118.8195097446441650390625">
        <ele>103.1999969482421875</ele>
        <time>2026-09-16T04:07:11.000Z</time>
        <extensions>
          <ns3:TrackPointExtension>
            <ns3:hr>96</ns3:hr>
            <ns3:cad>54</ns3:cad>
          </ns3:TrackPointExtension>
        </extensions>
      </trkpt>
      <trkpt lat="32.0647555030882358551025390625" lon="118.81954302079975605010986328125">
        <ele>102.59999847412109375</ele>
        <time>2026-09-16T04:07:16.000Z</time>
        <extensions>
          <ns3:TrackPointExtension>
            <ns3:hr>96</ns3:hr>
            <ns3:cad>53</ns3:cad>
          </ns3:TrackPointExtension>
        </extensions>
      </trkpt>
      <trkpt lat="32.06469858996570110321044921875" lon="118.81957420147955417633056640625">
        <ele>102.1999969482421875</ele>
        <time>2026-09-16T04:07:22.000Z</time>
        <extensions>
          <ns3:TrackPointExtension>
            <ns3:hr>94</ns3:hr>
            <ns3:cad>53</ns3:cad>
          </ns3:TrackPointExtension>
        </extensions>
      </trkpt>
      <trkpt lat="32.064678557217121124267578125" lon="118.8195850141346454620361328125">
        <ele>102.1999969482421875</ele>
        <time>2026-09-16T04:07:24.000Z</time>
        <extensions>
          <ns3:TrackPointExtension>
            <ns3:hr>94</ns3:hr>
            <ns3:cad>54</ns3:cad>
          </ns3:TrackPointExtension>
        </extensions>
      </trkpt>
      <trkpt lat="32.0646401681005954742431640625" lon="118.81961024366319179534912109375">
        <ele>101.8000030517578125</ele>
        <time>2026-09-16T04:07:29.000Z</time>
        <extensions>
          <ns3:TrackPointExtension>
            <ns3:hr>95</ns3:hr>
            <ns3:cad>55</ns3:cad>
          </ns3:TrackPointExtension>
        </extensions>
      </trkpt>
      <trkpt lat="32.06456649117171764373779296875" lon="118.8196379877626895904541015625">
        <ele>101.1999969482421875</ele>
        <time>2026-09-16T04:07:37.000Z</time>
        <extensions>
          <ns3:TrackPointExtension>
            <ns3:hr>94</ns3:hr>
            <ns3:cad>53</ns3:cad>
          </ns3:TrackPointExtension>
        </extensions>
      </trkpt>
      <trkpt lat="32.0645462907850742340087890625" lon="118.81964058615267276763916015625">
        <ele>101</ele>
        <time>2026-09-16T04:07:39.000Z</time>
        <extensions>
          <ns3:TrackPointExtension>
            <ns3:hr>94</ns3:hr>
            <ns3:cad>53</ns3:cad>
          </ns3:TrackPointExtension>
        </extensions>
      </trkpt>
      <trkpt lat="32.064482085406780242919921875" lon="118.81966204382479190826416015625">
        <ele>100.8000030517578125</ele>
        <time>2026-09-16T04:07:44.000Z</time>
        <extensions>
          <ns3:TrackPointExtension>
            <ns3:hr>94</ns3:hr>
            <ns3:cad>53</ns3:cad>
          </ns3:TrackPointExtension>
        </extensions>
      </trkpt>
      <trkpt lat="32.06442735157907009124755859375" lon="118.8196581043303012847900390625">
        <ele>100.1999969482421875</ele>
        <time>2026-09-16T04:07:50.000Z</time>
        <extensions>
          <ns3:TrackPointExtension>
            <ns3:hr>95</ns3:hr>
            <ns3:cad>53</ns3:cad>
          </ns3:TrackPointExtension>
        </extensions>
      </trkpt>
      <trkpt lat="32.0644031278789043426513671875" lon="118.81964075379073619842529296875">
        <ele>100</ele>
        <time>2026-09-16T04:07:52.000Z</time>
        <extensions>
          <ns3:TrackPointExtension>
            <ns3:hr>94</ns3:hr>
            <ns3:cad>53</ns3:cad>
          </ns3:TrackPointExtension>
        </extensions>
      </trkpt>
      <trkpt lat="32.06437018699944019317626953125" lon="118.81961225531995296478271484375">
        <ele>99.8000030517578125</ele>
        <time>2026-09-16T04:07:57.000Z</time>
        <extensions>
          <ns3:TrackPointExtension>
            <ns3:hr>94</ns3:hr>
            <ns3:cad>54</ns3:cad>
          </ns3:TrackPointExtension>
        </extensions>
      </trkpt>
      <trkpt lat="32.0643174648284912109375" lon="118.81955341435968875885009765625">
        <ele>99.40000152587890625</ele>
        <time>2026-09-16T04:08:02.000Z</time>
        <extensions>
          <ns3:TrackPointExtension>
            <ns3:hr>95</ns3:hr>
            <ns3:cad>53</ns3:cad>
          </ns3:TrackPointExtension>
        </extensions>
      </trkpt>
      <trkpt lat="32.06429575569927692413330078125" lon="118.8195193000137805938720703125">
        <ele>99</ele>
        <time>2026-09-16T04:08:05.000Z</time>
        <extensions>
          <ns3:TrackPointExtension>
            <ns3:hr>94</ns3:hr>
            <ns3:cad>55</ns3:cad>
          </ns3:TrackPointExtension>
        </extensions>
      </trkpt>
      <trkpt lat="32.06428938545286655426025390625" lon="118.8194690085947513580322265625">
        <ele>98.8000030517578125</ele>
        <time>2026-09-16T04:08:09.000Z</time>
        <extensions>
          <ns3:TrackPointExtension>
            <ns3:hr>94</ns3:hr>
            <ns3:cad>55</ns3:cad>
          </ns3:TrackPointExtension>
        </extensions>
      </trkpt>
      <trkpt lat="32.06426918506622314453125" lon="118.8193929009139537811279296875">
        <ele>98</ele>
        <time>2026-09-16T04:08:16.000Z</time>
        <extensions>
          <ns3:TrackPointExtension>
            <ns3:hr>95</ns3:hr>
            <ns3:cad>55</ns3:cad>
          </ns3:TrackPointExtension>
        </extensions>
      </trkpt>
      <trkpt lat="32.06426524557173252105712890625" lon="118.81938275881111621856689453125">
        <ele>98</ele>
        <time>2026-09-16T04:08:17.000Z</time>
        <extensions>
          <ns3:TrackPointExtension>
            <ns3:hr>94</ns3:hr>
            <ns3:cad>55</ns3:cad>
          </ns3:TrackPointExtension>
        </extensions>
      </trkpt>
      <trkpt lat="32.0642324723303318023681640625" lon="118.8193385861814022064208984375">
        <ele>97.40000152587890625</ele>
        <time>2026-09-16T04:08:22.000Z</time>
        <extensions>
          <ns3:TrackPointExtension>
            <ns3:hr>94</ns3:hr>
            <ns3:cad>56</ns3:cad>
          </ns3:TrackPointExtension>
        </extensions>
      </trkpt>
      <trkpt lat="32.064178995788097381591796875" lon="118.81928519345819950103759765625">
        <ele>97</ele>
        <time>2026-09-16T04:08:29.000Z</time>
        <extensions>
          <ns3:TrackPointExtension>
            <ns3:hr>94</ns3:hr>
            <ns3:cad>56</ns3:cad>
          </ns3:TrackPointExtension>
        </extensions>
      </trkpt>
      <trkpt lat="32.06416918896138668060302734375" lon="118.8192745484411716461181640625">
        <ele>97</ele>
        <time>2026-09-16T04:08:30.000Z</time>
        <extensions>
          <ns3:TrackPointExtension>
            <ns3:hr>94</ns3:hr>
            <ns3:cad>56</ns3:cad>
          </ns3:TrackPointExtension>
        </extensions>
      </trkpt>
      <trkpt lat="32.0641027204692363739013671875" lon="118.81923557259142398834228515625">
        <ele>96</ele>
        <time>2026-09-16T04:08:36.000Z</time>
        <extensions>
          <ns3:TrackPointExtension>
            <ns3:hr>94</ns3:hr>
            <ns3:cad>56</ns3:cad>
          </ns3:TrackPointExtension>
        </extensions>
      </trkpt>
      <trkpt lat="32.06408821977674961090087890625" lon="118.819226436316967010498046875">
        <ele>96</ele>
        <time>2026-09-16T04:08:38.000Z</time>
        <extensions>
          <ns3:TrackPointExtension>
            <ns3:hr>91</ns3:hr>
            <ns3:cad>56</ns3:cad>
          </ns3:TrackPointExtension>
        </extensions>
      </trkpt>
      <trkpt lat="32.06406944431364536285400390625" lon="118.81921176798641681671142578125">
        <ele>95.59999847412109375</ele>
        <time>2026-09-16T04:08:41.000Z</time>
        <extensions>
          <ns3:TrackPointExtension>
            <ns3:hr>88</ns3:hr>
            <ns3:cad>56</ns3:cad>
          </ns3:TrackPointExtension>
        </extensions>
      </trkpt>
      <trkpt lat="32.0640484057366847991943359375" lon="118.81919885985553264617919921875">
        <ele>95.40000152587890625</ele>
        <time>2026-09-16T04:08:43.000Z</time>
        <extensions>
          <ns3:TrackPointExtension>
            <ns3:hr>87</ns3:hr>
            <ns3:cad>56</ns3:cad>
          </ns3:TrackPointExtension>
        </extensions>
      </trkpt>
      <trkpt lat="32.0639790035784244537353515625" lon="118.8191682659089565277099609375">
        <ele>95</ele>
        <time>2026-09-16T04:08:49.000Z</time>
        <extensions>
          <ns3:TrackPointExtension>
            <ns3:hr>86</ns3:hr>
            <ns3:cad>55</ns3:cad>
          </ns3:TrackPointExtension>
        </extensions>
      </trkpt>
      <trkpt lat="32.0639699511229991912841796875" lon="118.81916449405252933502197265625">
        <ele>94.8000030517578125</ele>
        <time>2026-09-16T04:08:50.000Z</time>
        <extensions>
          <ns3:TrackPointExtension>
            <ns3:hr>86</ns3:hr>
            <ns3:cad>55</ns3:cad>
          </ns3:TrackPointExtension>
        </extensions>
      </trkpt>
      <trkpt lat="32.06395092420279979705810546875" lon="118.81915795616805553436279296875">
        <ele>94.59999847412109375</ele>
        <time>2026-09-16T04:08:52.000Z</time>
        <extensions>
          <ns3:TrackPointExtension>
            <ns3:hr>82</ns3:hr>
            <ns3:cad>55</ns3:cad>
          </ns3:TrackPointExtension>
        </extensions>
      </trkpt>
      <trkpt lat="32.06392007879912853240966796875" lon="118.8191491551697254180908203125">
        <ele>94.40000152587890625</ele>
        <time>2026-09-16T04:08:55.000Z</time>
        <extensions>
          <ns3:TrackPointExtension>
            <ns3:hr>81</ns3:hr>
            <ns3:cad>55</ns3:cad>
          </ns3:TrackPointExtension>
        </extensions>
      </trkpt>
      <trkpt lat="32.0638234354555606842041015625" lon="118.81913968361914157867431640625">
        <ele>93.8000030517578125</ele>
        <time>2026-09-16T04:09:04.000Z</time>
        <extensions>
          <ns3:TrackPointExtension>
            <ns3:hr>81</ns3:hr>
            <ns3:cad>57</ns3:cad>
          </ns3:TrackPointExtension>
        </extensions>
      </trkpt>
      <trkpt lat="32.06381580792367458343505859375" lon="118.819141276180744171142578125">
        <ele>93.8000030517578125</ele>
        <time>2026-09-16T04:09:05.000Z</time>
        <extensions>
          <ns3:TrackPointExtension>
            <ns3:hr>81</ns3:hr>
            <ns3:cad>57</ns3:cad>
          </ns3:TrackPointExtension>
        </extensions>
      </trkpt>
      <trkpt lat="32.0637640915811061859130859375" lon="118.81916466169059276580810546875">
        <ele>93</ele>
        <time>2026-09-16T04:09:10.000Z</time>
        <extensions>
          <ns3:TrackPointExtension>
            <ns3:hr>83</ns3:hr>
            <ns3:cad>55</ns3:cad>
          </ns3:TrackPointExtension>
        </extensions>
      </trkpt>
      <trkpt lat="32.06372402608394622802734375" lon="118.81917136721312999725341796875">
        <ele>92.8000030517578125</ele>
        <time>2026-09-16T04:09:13.000Z</time>
        <extensions>
          <ns3:TrackPointExtension>
            <ns3:hr>84</ns3:hr>
            <ns3:cad>55</ns3:cad>
          </ns3:TrackPointExtension>
        </extensions>
      </trkpt>
      <trkpt lat="32.06369862891733646392822265625" lon="118.8191739656031131744384765625">
        <ele>92.40000152587890625</ele>
        <time>2026-09-16T04:09:16.000Z</time>
        <extensions>
          <ns3:TrackPointExtension>
            <ns3:hr>84</ns3:hr>
            <ns3:cad>55</ns3:cad>
          </ns3:TrackPointExtension>
        </extensions>
      </trkpt>
      <trkpt lat="32.06366593949496746063232421875" lon="118.8191639073193073272705078125">
        <ele>92.1999969482421875</ele>
        <time>2026-09-16T04:09:20.000Z</time>
        <extensions>
          <ns3:TrackPointExtension>
            <ns3:hr>87</ns3:hr>
            <ns3:cad>55</ns3:cad>
          </ns3:TrackPointExtension>
        </extensions>
      </trkpt>
      <trkpt lat="32.06363190896809101104736328125" lon="118.81915359757840633392333984375">
        <ele>92</ele>
        <time>2026-09-16T04:09:23.000Z</time>
        <extensions>
          <ns3:TrackPointExtension>
            <ns3:hr>88</ns3:hr>
            <ns3:cad>55</ns3:cad>
          </ns3:TrackPointExtension>
        </extensions>
      </trkpt>
      <trkpt lat="32.0636093616485595703125" lon="118.819145970046520233154296875">
        <ele>91.8000030517578125</ele>
        <time>2026-09-16T04:09:25.000Z</time>
        <extensions>
          <ns3:TrackPointExtension>
            <ns3:hr>88</ns3:hr>
            <ns3:cad>55</ns3:cad>
          </ns3:TrackPointExtension>
        </extensions>
      </trkpt>
      <trkpt lat="32.06355504691600799560546875" lon="118.8191156275570392608642578125">
        <ele>91.1999969482421875</ele>
        <time>2026-09-16T04:09:31.000Z</time>
        <extensions>
          <ns3:TrackPointExtension>
            <ns3:hr>88</ns3:hr>
            <ns3:cad>55</ns3:cad>
          </ns3:TrackPointExtension>
        </extensions>
      </trkpt>
      <trkpt lat="32.0634952001273632049560546875" lon="118.8190700300037860870361328125">
        <ele>90.59999847412109375</ele>
        <time>2026-09-16T04:09:37.000Z</time>
        <extensions>
          <ns3:TrackPointExtension>
            <ns3:hr>88</ns3:hr>
            <ns3:cad>57</ns3:cad>
          </ns3:TrackPointExtension>
        </extensions>
      </trkpt>
      <trkpt lat="32.06348388455808162689208984375" lon="118.81905938498675823211669921875">
        <ele>90.59999847412109375</ele>
        <time>2026-09-16T04:09:38.000Z</time>
        <extensions>
          <ns3:TrackPointExtension>
            <ns3:hr>89</ns3:hr>
            <ns3:cad>57</ns3:cad>
          </ns3:TrackPointExtension>
        </extensions>
      </trkpt>
      <trkpt lat="32.06341867335140705108642578125" lon="118.8190157152712345123291015625">
        <ele>90</ele>
        <time>2026-09-16T04:09:45.000Z</time>
        <extensions>
          <ns3:TrackPointExtension>
            <ns3:hr>89</ns3:hr>
            <ns3:cad>57</ns3:cad>
          </ns3:TrackPointExtension>
        </extensions>
      </trkpt>
      <trkpt lat="32.06339419819414615631103515625" lon="118.81899300031363964080810546875">
        <ele>89.59999847412109375</ele>
        <time>2026-09-16T04:09:49.000Z</time>
        <extensions>
          <ns3:TrackPointExtension>
            <ns3:hr>89</ns3:hr>
            <ns3:cad>55</ns3:cad>
          </ns3:TrackPointExtension>
        </extensions>
      </trkpt>
      <trkpt lat="32.06335497088730335235595703125" lon="118.81895528174936771392822265625">
        <ele>89.1999969482421875</ele>
        <time>2026-09-16T04:09:53.000Z</time>
        <extensions>
          <ns3:TrackPointExtension>
            <ns3:hr>89</ns3:hr>
            <ns3:cad>57</ns3:cad>
          </ns3:TrackPointExtension>
        </extensions>
      </trkpt>
      <trkpt lat="32.06327802501618862152099609375" lon="118.81890079937875270843505859375">
        <ele>88.59999847412109375</ele>
        <time>2026-09-16T04:10:00.000Z</time>
        <extensions>
          <ns3:TrackPointExtension>
            <ns3:hr>87</ns3:hr>
            <ns3:cad>56</ns3:cad>
          </ns3:TrackPointExtension>
        </extensions>
      </trkpt>
      <trkpt lat="32.06327215768396854400634765625" lon="118.81889778189361095428466796875">
        <ele>88.40000152587890625</ele>
        <time>2026-09-16T04:10:01.000Z</time>
        <extensions>
          <ns3:TrackPointExtension>
            <ns3:hr>87</ns3:hr>
            <ns3:cad>56</ns3:cad>
          </ns3:TrackPointExtension>
        </extensions>
      </trkpt>
      <trkpt lat="32.0632273145020008087158203125" lon="118.8188685290515422821044921875">
        <ele>88</ele>
        <time>2026-09-16T04:10:06.000Z</time>
        <extensions>
          <ns3:TrackPointExtension>
            <ns3:hr>87</ns3:hr>
            <ns3:cad>56</ns3:cad>
          </ns3:TrackPointExtension>
        </extensions>
      </trkpt>
      <trkpt lat="32.0631646178662776947021484375" lon="118.8188244402408599853515625">
        <ele>87.40000152587890625</ele>
        <time>2026-09-16T04:10:12.000Z</time>
        <extensions>
          <ns3:TrackPointExtension>
            <ns3:hr>86</ns3:hr>
            <ns3:cad>55</ns3:cad>
          </ns3:TrackPointExtension>
        </extensions>
      </trkpt>
      <trkpt lat="32.0631574094295501708984375" lon="118.81881899200379848480224609375">
        <ele>87.1999969482421875</ele>
        <time>2026-09-16T04:10:13.000Z</time>
        <extensions>
          <ns3:TrackPointExtension>
            <ns3:hr>86</ns3:hr>
            <ns3:cad>54</ns3:cad>
          </ns3:TrackPointExtension>
        </extensions>
      </trkpt>
      <trkpt lat="32.063088677823543548583984375" lon="118.818777166306972503662109375">
        <ele>86.40000152587890625</ele>
        <time>2026-09-16T04:10:21.000Z</time>
        <extensions>
          <ns3:TrackPointExtension>
            <ns3:hr>87</ns3:hr>
            <ns3:cad>55</ns3:cad>
          </ns3:TrackPointExtension>
        </extensions>
      </trkpt>
      <trkpt lat="32.06307032145559787750244140625" lon="118.81876878440380096435546875">
        <ele>86.40000152587890625</ele>
        <time>2026-09-16T04:10:23.000Z</time>
        <extensions>
          <ns3:TrackPointExtension>
            <ns3:hr>86</ns3:hr>
            <ns3:cad>55</ns3:cad>
          </ns3:TrackPointExtension>
        </extensions>
      </trkpt>
      <trkpt lat="32.0630365423858165740966796875" lon="118.81874673999845981597900390625">
        <ele>86</ele>
        <time>2026-09-16T04:10:27.000Z</time>
        <extensions>
          <ns3:TrackPointExtension>
            <ns3:hr>86</ns3:hr>
            <ns3:cad>54</ns3:cad>
          </ns3:TrackPointExtension>
        </extensions>
      </trkpt>
      <trkpt lat="32.0629684813320636749267578125" lon="118.8187008909881114959716796875">
        <ele>85.59999847412109375</ele>
        <time>2026-09-16T04:10:34.000Z</time>
        <extensions>
          <ns3:TrackPointExtension>
            <ns3:hr>86</ns3:hr>
            <ns3:cad>55</ns3:cad>
          </ns3:TrackPointExtension>
        </extensions>
      </trkpt>
      <trkpt lat="32.0629493705928325653076171875" lon="118.8186925090849399566650390625">
        <ele>85.40000152587890625</ele>
        <time>2026-09-16T04:10:36.000Z</time>
        <extensions>
          <ns3:TrackPointExtension>
            <ns3:hr>85</ns3:hr>
            <ns3:cad>56</ns3:cad>
          </ns3:TrackPointExtension>
        </extensions>
      </trkpt>
      <trkpt lat="32.0629071258008480072021484375" lon="118.81867717020213603973388671875">
        <ele>84.59999847412109375</ele>
        <time>2026-09-16T04:10:41.000Z</time>
        <extensions>
          <ns3:TrackPointExtension>
            <ns3:hr>85</ns3:hr>
            <ns3:cad>56</ns3:cad>
          </ns3:TrackPointExtension>
        </extensions>
      </trkpt>
      <trkpt lat="32.06286764703691005706787109375" lon="118.81865671835839748382568359375">
        <ele>84.1999969482421875</ele>
        <time>2026-09-16T04:10:45.000Z</time>
        <extensions>
          <ns3:TrackPointExtension>
            <ns3:hr>84</ns3:hr>
            <ns3:cad>55</ns3:cad>
          </ns3:TrackPointExtension>
        </extensions>
      </trkpt>
      <trkpt lat="32.062843255698680877685546875" lon="118.81865202449262142181396484375">
        <ele>84</ele>
        <time>2026-09-16T04:10:47.000Z</time>
        <extensions>
          <ns3:TrackPointExtension>
            <ns3:hr>84</ns3:hr>
            <ns3:cad>55</ns3:cad>
          </ns3:TrackPointExtension>
        </extensions>
      </trkpt>
      <trkpt lat="32.0627810619771480560302734375" lon="118.8186180777847766876220703125">
        <ele>83.40000152587890625</ele>
        <time>2026-09-16T04:10:53.000Z</time>
        <extensions>
          <ns3:TrackPointExtension>
            <ns3:hr>84</ns3:hr>
            <ns3:cad>55</ns3:cad>
          </ns3:TrackPointExtension>
        </extensions>
      </trkpt>
      <trkpt lat="32.062770165503025054931640625" lon="118.818609528243541717529296875">
        <ele>83.1999969482421875</ele>
        <time>2026-09-16T04:10:55.000Z</time>
        <extensions>
          <ns3:TrackPointExtension>
            <ns3:hr>84</ns3:hr>
            <ns3:cad>55</ns3:cad>
          </ns3:TrackPointExtension>
        </extensions>
      </trkpt>
      <trkpt lat="32.062726579606533050537109375" lon="118.81859234534204006195068359375">
        <ele>82.8000030517578125</ele>
        <time>2026-09-16T04:10:59.000Z</time>
        <extensions>
          <ns3:TrackPointExtension>
            <ns3:hr>83</ns3:hr>
            <ns3:cad>56</ns3:cad>
          </ns3:TrackPointExtension>
        </extensions>
      </trkpt>
      <trkpt lat="32.06266187131404876708984375" lon="118.81859502755105495452880859375">
        <ele>82.1999969482421875</ele>
        <time>2026-09-16T04:11:05.000Z</time>
        <extensions>
          <ns3:TrackPointExtension>
            <ns3:hr>83</ns3:hr>
            <ns3:cad>56</ns3:cad>
          </ns3:TrackPointExtension>
        </extensions>
      </trkpt>
      <trkpt lat="32.06265172921121120452880859375" lon="118.81859318353235721588134765625">
        <ele>82.1999969482421875</ele>
        <time>2026-09-16T04:11:06.000Z</time>
        <extensions>
          <ns3:TrackPointExtension>
            <ns3:hr>83</ns3:hr>
            <ns3:cad>56</ns3:cad>
          </ns3:TrackPointExtension>
        </extensions>
      </trkpt>
      <trkpt lat="32.06258869729936122894287109375" lon="118.8186070136725902557373046875">
        <ele>81.8000030517578125</ele>
        <time>2026-09-16T04:11:12.000Z</time>
        <extensions>
          <ns3:TrackPointExtension>
            <ns3:hr>83</ns3:hr>
            <ns3:cad>56</ns3:cad>
          </ns3:TrackPointExtension>
        </extensions>
      </trkpt>
      <trkpt lat="32.062534801661968231201171875" lon="118.81861858069896697998046875">
        <ele>81.1999969482421875</ele>
        <time>2026-09-16T04:11:17.000Z</time>
        <extensions>
          <ns3:TrackPointExtension>
            <ns3:hr>84</ns3:hr>
            <ns3:cad>56</ns3:cad>
          </ns3:TrackPointExtension>
        </extensions>
      </trkpt>
      <trkpt lat="32.062463052570819854736328125" lon="118.8186640106141567230224609375">
        <ele>80.40000152587890625</ele>
        <time>2026-09-16T04:11:24.000Z</time>
        <extensions>
          <ns3:TrackPointExtension>
            <ns3:hr>86</ns3:hr>
            <ns3:cad>56</ns3:cad>
          </ns3:TrackPointExtension>
        </extensions>
      </trkpt>
      <trkpt lat="32.06245190463960170745849609375" lon="118.81867415271699428558349609375">
        <ele>80.1999969482421875</ele>
        <time>2026-09-16T04:11:26.000Z</time>
        <extensions>
          <ns3:TrackPointExtension>
            <ns3:hr>87</ns3:hr>
            <ns3:cad>55</ns3:cad>
          </ns3:TrackPointExtension>
        </extensions>
      </trkpt>
      <trkpt lat="32.0624223165214061737060546875" lon="118.81869778968393802642822265625">
        <ele>79.8000030517578125</ele>
        <time>2026-09-16T04:11:30.000Z</time>
        <extensions>
          <ns3:TrackPointExtension>
            <ns3:hr>87</ns3:hr>
            <ns3:cad>56</ns3:cad>
          </ns3:TrackPointExtension>
        </extensions>
      </trkpt>
      <trkpt lat="32.06235878169536590576171875" lon="118.81874858401715755462646484375">
        <ele>79.1999969482421875</ele>
        <time>2026-09-16T04:11:36.000Z</time>
        <extensions>
          <ns3:TrackPointExtension>
            <ns3:hr>87</ns3:hr>
            <ns3:cad>55</ns3:cad>
          </ns3:TrackPointExtension>
        </extensions>
      </trkpt>
      <trkpt lat="32.06233330070972442626953125" lon="118.81877322681248188018798828125">
        <ele>79</ele>
        <time>2026-09-16T04:11:39.000Z</time>
        <extensions>
          <ns3:TrackPointExtension>
            <ns3:hr>87</ns3:hr>
            <ns3:cad>55</ns3:cad>
          </ns3:TrackPointExtension>
        </extensions>
      </trkpt>
      <trkpt lat="32.06230957992374897003173828125" lon="118.81878747604787349700927734375">
        <ele>78.8000030517578125</ele>
        <time>2026-09-16T04:11:42.000Z</time>
        <extensions>
          <ns3:TrackPointExtension>
            <ns3:hr>87</ns3:hr>
            <ns3:cad>56</ns3:cad>
          </ns3:TrackPointExtension>
        </extensions>
      </trkpt>
      <trkpt lat="32.06225015223026275634765625" lon="118.81884883157908916473388671875">
        <ele>78</ele>
        <time>2026-09-16T04:11:49.000Z</time>
        <extensions>
          <ns3:TrackPointExtension>
            <ns3:hr>86</ns3:hr>
            <ns3:cad>56</ns3:cad>
          </ns3:TrackPointExtension>
        </extensions>
      </trkpt>
      <trkpt lat="32.062207572162151336669921875" lon="118.81890633143484592437744140625">
        <ele>77.59999847412109375</ele>
        <time>2026-09-16T04:11:55.000Z</time>
        <extensions>
          <ns3:TrackPointExtension>
            <ns3:hr>87</ns3:hr>
            <ns3:cad>57</ns3:cad>
          </ns3:TrackPointExtension>
        </extensions>
      </trkpt>
      <trkpt lat="32.0621852762997150421142578125" lon="118.81892829202115535736083984375">
        <ele>77</ele>
        <time>2026-09-16T04:11:59.000Z</time>
        <extensions>
          <ns3:TrackPointExtension>
            <ns3:hr>86</ns3:hr>
            <ns3:cad>57</ns3:cad>
          </ns3:TrackPointExtension>
        </extensions>
      </trkpt>
      <trkpt lat="32.0621571131050586700439453125" lon="118.81896902807056903839111328125">
        <ele>76.59999847412109375</ele>
        <time>2026-09-16T04:12:03.000Z</time>
        <extensions>
          <ns3:TrackPointExtension>
            <ns3:hr>86</ns3:hr>
            <ns3:cad>54</ns3:cad>
          </ns3:TrackPointExtension>
        </extensions>
      </trkpt>
      <trkpt lat="32.0621138624846935272216796875" lon="118.8190495781600475311279296875">
        <ele>75.8000030517578125</ele>
        <time>2026-09-16T04:12:10.000Z</time>
        <extensions>
          <ns3:TrackPointExtension>
            <ns3:hr>85</ns3:hr>
            <ns3:cad>55</ns3:cad>
          </ns3:TrackPointExtension>
        </extensions>
      </trkpt>
      <trkpt lat="32.0620337314903736114501953125" lon="118.8190965168178081512451171875">
        <ele>75</ele>
        <time>2026-09-16T04:12:18.000Z</time>
        <extensions>
          <ns3:TrackPointExtension>
            <ns3:hr>83</ns3:hr>
            <ns3:cad>55</ns3:cad>
          </ns3:TrackPointExtension>
        </extensions>
      </trkpt>
      <trkpt lat="32.06201814115047454833984375" lon="118.8190991990268230438232421875">
        <ele>74.8000030517578125</ele>
        <time>2026-09-16T04:12:19.000Z</time>
        <extensions>
          <ns3:TrackPointExtension>
            <ns3:hr>83</ns3:hr>
            <ns3:cad>55</ns3:cad>
          </ns3:TrackPointExtension>
        </extensions>
      </trkpt>
      <trkpt lat="32.0619455538690090179443359375" lon="118.81909727118909358978271484375">
        <ele>74.1999969482421875</ele>
        <time>2026-09-16T04:12:25.000Z</time>
        <extensions>
          <ns3:TrackPointExtension>
            <ns3:hr>83</ns3:hr>
            <ns3:cad>56</ns3:cad>
          </ns3:TrackPointExtension>
        </extensions>
      </trkpt>
      <trkpt lat="32.06190976314246654510498046875" lon="118.8190846145153045654296875">
        <ele>73.8000030517578125</ele>
        <time>2026-09-16T04:12:28.000Z</time>
        <extensions>
          <ns3:TrackPointExtension>
            <ns3:hr>83</ns3:hr>
            <ns3:cad>56</ns3:cad>
          </ns3:TrackPointExtension>
        </extensions>
      </trkpt>
      <trkpt lat="32.061854861676692962646484375" lon="118.81907078437507152557373046875">
        <ele>73.40000152587890625</ele>
        <time>2026-09-16T04:12:33.000Z</time>
        <extensions>
          <ns3:TrackPointExtension>
            <ns3:hr>80</ns3:hr>
            <ns3:cad>56</ns3:cad>
          </ns3:TrackPointExtension>
        </extensions>
      </trkpt>
      <trkpt lat="32.06184203736484050750732421875" lon="118.81906759925186634063720703125">
        <ele>73.1999969482421875</ele>
        <time>2026-09-16T04:12:34.000Z</time>
        <extensions>
          <ns3:TrackPointExtension>
            <ns3:hr>79</ns3:hr>
            <ns3:cad>56</ns3:cad>
          </ns3:TrackPointExtension>
        </extensions>
      </trkpt>
      <trkpt lat="32.06180767156183719635009765625" lon="118.8190616481006145477294921875">
        <ele>72.8000030517578125</ele>
        <time>2026-09-16T04:12:37.000Z</time>
        <extensions>
          <ns3:TrackPointExtension>
            <ns3:hr>80</ns3:hr>
            <ns3:cad>56</ns3:cad>
          </ns3:TrackPointExtension>
        </extensions>
      </trkpt>
      <trkpt lat="32.0617547817528247833251953125" lon="118.8190123625099658966064453125">
        <ele>72</ele>
        <time>2026-09-16T04:12:43.000Z</time>
        <extensions>
          <ns3:TrackPointExtension>
            <ns3:hr>80</ns3:hr>
            <ns3:cad>58</ns3:cad>
          </ns3:TrackPointExtension>
        </extensions>
      </trkpt>
      <trkpt lat="32.0617614872753620147705078125" lon="118.81898361258208751678466796875">
        <ele>71.8000030517578125</ele>
        <time>2026-09-16T04:12:45.000Z</time>
        <extensions>
          <ns3:TrackPointExtension>
            <ns3:hr>79</ns3:hr>
            <ns3:cad>0</ns3:cad>
          </ns3:TrackPointExtension>
        </extensions>
      </trkpt>
      <trkpt lat="32.06177699379622936248779296875" lon="118.81895385682582855224609375">
        <ele>71.8000030517578125</ele>
        <time>2026-09-16T04:12:47.000Z</time>
        <extensions>
          <ns3:TrackPointExtension>
            <ns3:hr>80</ns3:hr>
            <ns3:cad>54</ns3:cad>
          </ns3:TrackPointExtension>
        </extensions>
      </trkpt>
      <trkpt lat="32.0617933385074138641357421875" lon="118.81892913021147251129150390625">
        <ele>71.8000030517578125</ele>
        <time>2026-09-16T04:12:49.000Z</time>
        <extensions>
          <ns3:TrackPointExtension>
            <ns3:hr>81</ns3:hr>
            <ns3:cad>54</ns3:cad>
          </ns3:TrackPointExtension>
        </extensions>
      </trkpt>
      <trkpt lat="32.061867602169513702392578125" lon="118.8188571296632289886474609375">
        <ele>72</ele>
        <time>2026-09-16T04:12:57.000Z</time>
        <extensions>
          <ns3:TrackPointExtension>
            <ns3:hr>82</ns3:hr>
            <ns3:cad>54</ns3:cad>
          </ns3:TrackPointExtension>
        </extensions>
      </trkpt>
      <trkpt lat="32.06192317418754100799560546875" lon="118.8188091851770877838134765625">
        <ele>71.8000030517578125</ele>
        <time>2026-09-16T04:13:04.000Z</time>
        <extensions>
          <ns3:TrackPointExtension>
            <ns3:hr>83</ns3:hr>
            <ns3:cad>55</ns3:cad>
          </ns3:TrackPointExtension>
        </extensions>
      </trkpt>
      <trkpt lat="32.061993665993213653564453125" lon="118.8187501765787601470947265625">
        <ele>71.40000152587890625</ele>
        <time>2026-09-16T04:13:10.000Z</time>
        <extensions>
          <ns3:TrackPointExtension>
            <ns3:hr>83</ns3:hr>
            <ns3:cad>55</ns3:cad>
          </ns3:TrackPointExtension>
        </extensions>
      </trkpt>
      <trkpt lat="32.062055356800556182861328125" lon="118.8186888210475444793701171875">
        <ele>70.59999847412109375</ele>
        <time>2026-09-16T04:13:17.000Z</time>
        <extensions>
          <ns3:TrackPointExtension>
            <ns3:hr>85</ns3:hr>
            <ns3:cad>56</ns3:cad>
          </ns3:TrackPointExtension>
        </extensions>
      </trkpt>
      <trkpt lat="32.06212333403527736663818359375" lon="118.81860114634037017822265625">
        <ele>69.59999847412109375</ele>
        <time>2026-09-16T04:13:26.000Z</time>
        <extensions>
          <ns3:TrackPointExtension>
            <ns3:hr>86</ns3:hr>
            <ns3:cad>57</ns3:cad>
          </ns3:TrackPointExtension>
        </extensions>
      </trkpt>
      <trkpt lat="32.0621276088058948516845703125" lon="118.81858907639980316162109375">
        <ele>69.59999847412109375</ele>
        <time>2026-09-16T04:13:27.000Z</time>
        <extensions>
          <ns3:TrackPointExtension>
            <ns3:hr>86</ns3:hr>
            <ns3:cad>57</ns3:cad>
          </ns3:TrackPointExtension>
        </extensions>
      </trkpt>
      <trkpt lat="32.0621634833514690399169921875" lon="118.81851506419479846954345703125">
        <ele>69</ele>
        <time>2026-09-16T04:13:34.000Z</time>
        <extensions>
          <ns3:TrackPointExtension>
            <ns3:hr>85</ns3:hr>
            <ns3:cad>55</ns3:cad>
          </ns3:TrackPointExtension>
        </extensions>
      </trkpt>
      <trkpt lat="32.06218921579420566558837890625" lon="118.818459995090961456298828125">
        <ele>68.40000152587890625</ele>
        <time>2026-09-16T04:13:39.000Z</time>
        <extensions>
          <ns3:TrackPointExtension>
            <ns3:hr>84</ns3:hr>
            <ns3:cad>56</ns3:cad>
          </ns3:TrackPointExtension>
        </extensions>
      </trkpt>
      <trkpt lat="32.062199525535106658935546875" lon="118.818429149687290191650390625">
        <ele>68.1999969482421875</ele>
        <time>2026-09-16T04:13:41.000Z</time>
        <extensions>
          <ns3:TrackPointExtension>
            <ns3:hr>84</ns3:hr>
            <ns3:cad>56</ns3:cad>
          </ns3:TrackPointExtension>
        </extensions>
      </trkpt>
      <trkpt lat="32.06222592853009700775146484375" lon="118.8183491863310337066650390625">
        <ele>67.40000152587890625</ele>
        <time>2026-09-16T04:13:47.000Z</time>
        <extensions>
          <ns3:TrackPointExtension>
            <ns3:hr>85</ns3:hr>
            <ns3:cad>56</ns3:cad>
          </ns3:TrackPointExtension>
        </extensions>
      </trkpt>
      <trkpt lat="32.06223070621490478515625" lon="118.81832496263086795806884765625">
        <ele>67</ele>
        <time>2026-09-16T04:13:49.000Z</time>
        <extensions>
          <ns3:TrackPointExtension>
            <ns3:hr>85</ns3:hr>
            <ns3:cad>56</ns3:cad>
          </ns3:TrackPointExtension>
        </extensions>
      </trkpt>
      <trkpt lat="32.06225283443927764892578125" lon="118.81828623823821544647216796875">
        <ele>66.40000152587890625</ele>
        <time>2026-09-16T04:13:53.000Z</time>
        <extensions>
          <ns3:TrackPointExtension>
            <ns3:hr>86</ns3:hr>
            <ns3:cad>57</ns3:cad>
          </ns3:TrackPointExtension>
        </extensions>
      </trkpt>
      <trkpt lat="32.0622784830629825592041015625" lon="118.818244077265262603759765625">
        <ele>65.59999847412109375</ele>
        <time>2026-09-16T04:13:57.000Z</time>
        <extensions>
          <ns3:TrackPointExtension>
            <ns3:hr>87</ns3:hr>
            <ns3:cad>57</ns3:cad>
          </ns3:TrackPointExtension>
        </extensions>
      </trkpt>
      <trkpt lat="32.0622952468693256378173828125" lon="118.81822672672569751739501953125">
        <ele>65.1999969482421875</ele>
        <time>2026-09-16T04:13:59.000Z</time>
        <extensions>
          <ns3:TrackPointExtension>
            <ns3:hr>87</ns3:hr>
            <ns3:cad>57</ns3:cad>
          </ns3:TrackPointExtension>
        </extensions>
      </trkpt>
      <trkpt lat="32.062322236597537994384765625" lon="118.81816864013671875">
        <ele>64.1999969482421875</ele>
        <time>2026-09-16T04:14:05.000Z</time>
        <extensions>
          <ns3:TrackPointExtension>
            <ns3:hr>87</ns3:hr>
            <ns3:cad>64</ns3:cad>
          </ns3:TrackPointExtension>
        </extensions>
      </trkpt>
      <trkpt lat="32.06233330070972442626953125" lon="118.81815598346292972564697265625">
        <ele>64</ele>
        <time>2026-09-16T04:14:06.000Z</time>
        <extensions>
          <ns3:TrackPointExtension>
            <ns3:hr>87</ns3:hr>
            <ns3:cad>61</ns3:cad>
          </ns3:TrackPointExtension>
        </extensions>
      </trkpt>
      <trkpt lat="32.06235249526798725128173828125" lon="118.81807409226894378662109375">
        <ele>63</ele>
        <time>2026-09-16T04:14:12.000Z</time>
        <extensions>
          <ns3:TrackPointExtension>
            <ns3:hr>88</ns3:hr>
            <ns3:cad>63</ns3:cad>
          </ns3:TrackPointExtension>
        </extensions>
      </trkpt>
      <trkpt lat="32.06235207617282867431640625" lon="118.81806193850934505462646484375">
        <ele>63</ele>
        <time>2026-09-16T04:14:13.000Z</time>
        <extensions>
          <ns3:TrackPointExtension>
            <ns3:hr>87</ns3:hr>
            <ns3:cad>61</ns3:cad>
          </ns3:TrackPointExtension>
        </extensions>
      </trkpt>
      <trkpt lat="32.062346041202545166015625" lon="118.817981220781803131103515625">
        <ele>62</ele>
        <time>2026-09-16T04:14:19.000Z</time>
        <extensions>
          <ns3:TrackPointExtension>
            <ns3:hr>87</ns3:hr>
            <ns3:cad>63</ns3:cad>
          </ns3:TrackPointExtension>
        </extensions>
      </trkpt>
      <trkpt lat="32.06233941949903964996337890625" lon="118.81795129738748073577880859375">
        <ele>61.59999847412109375</ele>
        <time>2026-09-16T04:14:21.000Z</time>
        <extensions>
          <ns3:TrackPointExtension>
            <ns3:hr>87</ns3:hr>
            <ns3:cad>62</ns3:cad>
          </ns3:TrackPointExtension>
        </extensions>
      </trkpt>
      <trkpt lat="32.062326259911060333251953125" lon="118.817897401750087738037109375">
        <ele>60.799999237060546875</ele>
        <time>2026-09-16T04:14:25.000Z</time>
        <extensions>
          <ns3:TrackPointExtension>
            <ns3:hr>87</ns3:hr>
            <ns3:cad>60</ns3:cad>
          </ns3:TrackPointExtension>
        </extensions>
      </trkpt>
      <trkpt lat="32.06231695599853992462158203125" lon="118.81784585304558277130126953125">
        <ele>60.200000762939453125</ele>
        <time>2026-09-16T04:14:28.000Z</time>
        <extensions>
          <ns3:TrackPointExtension>
            <ns3:hr>87</ns3:hr>
            <ns3:cad>64</ns3:cad>
          </ns3:TrackPointExtension>
        </extensions>
      </trkpt>
      <trkpt lat="32.06230756826698780059814453125" lon="118.8178174383938312530517578125">
        <ele>59.799999237060546875</ele>
        <time>2026-09-16T04:14:31.000Z</time>
        <extensions>
          <ns3:TrackPointExtension>
            <ns3:hr>87</ns3:hr>
            <ns3:cad>59</ns3:cad>
          </ns3:TrackPointExtension>
        </extensions>
      </trkpt>
      <trkpt lat="32.06230019219219684600830078125" lon="118.81777770817279815673828125">
        <ele>59.200000762939453125</ele>
        <time>2026-09-16T04:14:34.000Z</time>
        <extensions>
          <ns3:TrackPointExtension>
            <ns3:hr>87</ns3:hr>
            <ns3:cad>60</ns3:cad>
          </ns3:TrackPointExtension>
        </extensions>
      </trkpt>
      <trkpt lat="32.06229398958384990692138671875" lon="118.81775281392037868499755859375">
        <ele>58.59999847412109375</ele>
        <time>2026-09-16T04:14:36.000Z</time>
        <extensions>
          <ns3:TrackPointExtension>
            <ns3:hr>87</ns3:hr>
            <ns3:cad>57</ns3:cad>
          </ns3:TrackPointExtension>
        </extensions>
      </trkpt>
      <trkpt lat="32.0622610487043857574462890625" lon="118.81767502985894680023193359375">
        <ele>57.59999847412109375</ele>
        <time>2026-09-16T04:14:41.000Z</time>
        <extensions>
          <ns3:TrackPointExtension>
            <ns3:hr>86</ns3:hr>
            <ns3:cad>57</ns3:cad>
          </ns3:TrackPointExtension>
        </extensions>
      </trkpt>
      <trkpt lat="32.062209583818912506103515625" lon="118.81759204901754856109619140625">
        <ele>56.59999847412109375</ele>
        <time>2026-09-16T04:14:48.000Z</time>
        <extensions>
          <ns3:TrackPointExtension>
            <ns3:hr>85</ns3:hr>
            <ns3:cad>57</ns3:cad>
          </ns3:TrackPointExtension>
        </extensions>
      </trkpt>
      <trkpt lat="32.062207572162151336669921875" lon="118.81758324801921844482421875">
        <ele>56.40000152587890625</ele>
        <time>2026-09-16T04:14:49.000Z</time>
        <extensions>
          <ns3:TrackPointExtension>
            <ns3:hr>85</ns3:hr>
            <ns3:cad>57</ns3:cad>
          </ns3:TrackPointExtension>
        </extensions>
      </trkpt>
      <trkpt lat="32.0621819235384464263916015625" lon="118.81750035099685192108154296875">
        <ele>55.59999847412109375</ele>
        <time>2026-09-16T04:14:55.000Z</time>
        <extensions>
          <ns3:TrackPointExtension>
            <ns3:hr>83</ns3:hr>
            <ns3:cad>56</ns3:cad>
          </ns3:TrackPointExtension>
        </extensions>
      </trkpt>
      <trkpt lat="32.062170691788196563720703125" lon="118.817479647696018218994140625">
        <ele>55.40000152587890625</ele>
        <time>2026-09-16T04:14:57.000Z</time>
        <extensions>
          <ns3:TrackPointExtension>
            <ns3:hr>82</ns3:hr>
            <ns3:cad>56</ns3:cad>
          </ns3:TrackPointExtension>
        </extensions>
      </trkpt>
      <trkpt lat="32.06214596517384052276611328125" lon="118.8174211420118808746337890625">
        <ele>54.799999237060546875</ele>
        <time>2026-09-16T04:15:03.000Z</time>
        <extensions>
          <ns3:TrackPointExtension>
            <ns3:hr>81</ns3:hr>
            <ns3:cad>56</ns3:cad>
          </ns3:TrackPointExtension>
        </extensions>
      </trkpt>
      <trkpt lat="32.06214127130806446075439453125" lon="118.81734746508300304412841796875">
        <ele>54.200000762939453125</ele>
        <time>2026-09-16T04:15:08.000Z</time>
        <extensions>
          <ns3:TrackPointExtension>
            <ns3:hr>81</ns3:hr>
            <ns3:cad>57</ns3:cad>
          </ns3:TrackPointExtension>
        </extensions>
      </trkpt>
      <trkpt lat="32.06213842146098613739013671875" lon="118.81731226108968257904052734375">
        <ele>54</ele>
        <time>2026-09-16T04:15:10.000Z</time>
        <extensions>
          <ns3:TrackPointExtension>
            <ns3:hr>81</ns3:hr>
            <ns3:cad>56</ns3:cad>
          </ns3:TrackPointExtension>
        </extensions>
      </trkpt>
      <trkpt lat="32.06212467513978481292724609375" lon="118.81720237433910369873046875">
        <ele>53.40000152587890625</ele>
        <time>2026-09-16T04:15:17.000Z</time>
        <extensions>
          <ns3:TrackPointExtension>
            <ns3:hr>78</ns3:hr>
            <ns3:cad>57</ns3:cad>
          </ns3:TrackPointExtension>
        </extensions>
      </trkpt>
      <trkpt lat="32.06212534569203853607177734375" lon="118.81719156168401241302490234375">
        <ele>53.200000762939453125</ele>
        <time>2026-09-16T04:15:18.000Z</time>
        <extensions>
          <ns3:TrackPointExtension>
            <ns3:hr>78</ns3:hr>
            <ns3:cad>57</ns3:cad>
          </ns3:TrackPointExtension>
        </extensions>
      </trkpt>
      <trkpt lat="32.06214286386966705322265625" lon="118.817082345485687255859375">
        <ele>52.200000762939453125</ele>
        <time>2026-09-16T04:15:26.000Z</time>
        <extensions>
          <ns3:TrackPointExtension>
            <ns3:hr>78</ns3:hr>
            <ns3:cad>55</ns3:cad>
          </ns3:TrackPointExtension>
        </extensions>
      </trkpt>
      <trkpt lat="32.06218309700489044189453125" lon="118.8169906474649906158447265625">
        <ele>51.40000152587890625</ele>
        <time>2026-09-16T04:15:33.000Z</time>
        <extensions>
          <ns3:TrackPointExtension>
            <ns3:hr>79</ns3:hr>
            <ns3:cad>55</ns3:cad>
          </ns3:TrackPointExtension>
        </extensions>
      </trkpt>
      <trkpt lat="32.062195502221584320068359375" lon="118.8169661723077297210693359375">
        <ele>51</ele>
        <time>2026-09-16T04:15:35.000Z</time>
        <extensions>
          <ns3:TrackPointExtension>
            <ns3:hr>79</ns3:hr>
            <ns3:cad>55</ns3:cad>
          </ns3:TrackPointExtension>
        </extensions>
      </trkpt>
      <trkpt lat="32.06224353052675724029541015625" lon="118.81690800189971923828125">
        <ele>50.59999847412109375</ele>
        <time>2026-09-16T04:15:41.000Z</time>
        <extensions>
          <ns3:TrackPointExtension>
            <ns3:hr>78</ns3:hr>
            <ns3:cad>57</ns3:cad>
          </ns3:TrackPointExtension>
        </extensions>
      </trkpt>
      <trkpt lat="32.06229633651673793792724609375" lon="118.81687321700155735015869140625">
        <ele>50</ele>
        <time>2026-09-16T04:15:46.000Z</time>
        <extensions>
          <ns3:TrackPointExtension>
            <ns3:hr>78</ns3:hr>
            <ns3:cad>56</ns3:cad>
          </ns3:TrackPointExtension>
        </extensions>
      </trkpt>
      <trkpt lat="32.062335312366485595703125" lon="118.81684958003461360931396484375">
        <ele>49.799999237060546875</ele>
        <time>2026-09-16T04:15:49.000Z</time>
        <extensions>
          <ns3:TrackPointExtension>
            <ns3:hr>78</ns3:hr>
            <ns3:cad>57</ns3:cad>
          </ns3:TrackPointExtension>
        </extensions>
      </trkpt>
      <trkpt lat="32.0624192990362644195556640625" lon="118.81682007573544979095458984375">
        <ele>49</ele>
        <time>2026-09-16T04:15:56.000Z</time>
        <extensions>
          <ns3:TrackPointExtension>
            <ns3:hr>80</ns3:hr>
            <ns3:cad>57</ns3:cad>
          </ns3:TrackPointExtension>
        </extensions>
      </trkpt>
      <trkpt lat="32.06249934621155261993408203125" lon="118.81683449260890483856201171875">
        <ele>48</ele>
        <time>2026-09-16T04:16:03.000Z</time>
        <extensions>
          <ns3:TrackPointExtension>
            <ns3:hr>80</ns3:hr>
            <ns3:cad>56</ns3:cad>
          </ns3:TrackPointExtension>
        </extensions>
      </trkpt>
      <trkpt lat="32.0625259168446063995361328125" lon="118.81683382205665111541748046875">
        <ele>47.799999237060546875</ele>
        <time>2026-09-16T04:16:05.000Z</time>
        <extensions>
          <ns3:TrackPointExtension>
            <ns3:hr>79</ns3:hr>
            <ns3:cad>56</ns3:cad>
          </ns3:TrackPointExtension>
        </extensions>
      </trkpt>
      <trkpt lat="32.06259347498416900634765625" lon="118.8168277032673358917236328125">
        <ele>47</ele>
        <time>2026-09-16T04:16:11.000Z</time>
        <extensions>
          <ns3:TrackPointExtension>
            <ns3:hr>80</ns3:hr>
            <ns3:cad>56</ns3:cad>
          </ns3:TrackPointExtension>
        </extensions>
      </trkpt>
      <trkpt lat="32.0626003481447696685791015625" lon="118.81682879291474819183349609375">
        <ele>46.799999237060546875</ele>
        <time>2026-09-16T04:16:12.000Z</time>
        <extensions>
          <ns3:TrackPointExtension>
            <ns3:hr>80</ns3:hr>
            <ns3:cad>56</ns3:cad>
          </ns3:TrackPointExtension>
        </extensions>
      </trkpt>
      <trkpt lat="32.06263236701488494873046875" lon="118.81682275794446468353271484375">
        <ele>46.40000152587890625</ele>
        <time>2026-09-16T04:16:16.000Z</time>
        <extensions>
          <ns3:TrackPointExtension>
            <ns3:hr>80</ns3:hr>
            <ns3:cad>56</ns3:cad>
          </ns3:TrackPointExtension>
        </extensions>
      </trkpt>
      <trkpt lat="32.062664888799190521240234375" lon="118.8168045692145824432373046875">
        <ele>46.200000762939453125</ele>
        <time>2026-09-16T04:16:22.000Z</time>
        <extensions>
          <ns3:TrackPointExtension>
            <ns3:hr>80</ns3:hr>
            <ns3:cad>0</ns3:cad>
          </ns3:TrackPointExtension>
        </extensions>
      </trkpt>
      <trkpt lat="32.0626788027584552764892578125" lon="118.8167867995798587799072265625">
        <ele>46.200000762939453125</ele>
        <time>2026-09-16T04:16:27.000Z</time>
        <extensions>
          <ns3:TrackPointExtension>
            <ns3:hr>83</ns3:hr>
            <ns3:cad>0</ns3:cad>
          </ns3:TrackPointExtension>
        </extensions>
      </trkpt>
      <trkpt lat="32.0626811496913433074951171875" lon="118.81678872741758823394775390625">
        <ele>46.200000762939453125</ele>
        <time>2026-09-16T04:16:29.000Z</time>
        <extensions>
          <ns3:TrackPointExtension>
            <ns3:hr>83</ns3:hr>
            <ns3:cad>0</ns3:cad>
          </ns3:TrackPointExtension>
        </extensions>
      </trkpt>
      <trkpt lat="32.06267662346363067626953125" lon="118.81679375655949115753173828125">
        <ele>46</ele>
        <time>2026-09-16T04:16:30.000Z</time>
        <extensions>
          <ns3:TrackPointExtension>
            <ns3:hr>84</ns3:hr>
            <ns3:cad>0</ns3:cad>
          </ns3:TrackPointExtension>
        </extensions>
      </trkpt>
      <trkpt lat="32.06269674003124237060546875" lon="118.81677380762994289398193359375">
        <ele>46.200000762939453125</ele>
        <time>2026-09-16T04:16:35.000Z</time>
        <extensions>
          <ns3:TrackPointExtension>
            <ns3:hr>84</ns3:hr>
            <ns3:cad>0</ns3:cad>
          </ns3:TrackPointExtension>
        </extensions>
      </trkpt>
      <trkpt lat="32.06272616051137447357177734375" lon="118.816760815680027008056640625">
        <ele>45.799999237060546875</ele>
        <time>2026-09-16T04:16:39.000Z</time>
        <extensions>
          <ns3:TrackPointExtension>
            <ns3:hr>84</ns3:hr>
            <ns3:cad>0</ns3:cad>
          </ns3:TrackPointExtension>
        </extensions>
      </trkpt>
      <trkpt lat="32.06273118965327739715576171875" lon="118.81676341407001018524169921875">
        <ele>45.59999847412109375</ele>
        <time>2026-09-16T04:16:41.000Z</time>
        <extensions>
          <ns3:TrackPointExtension>
            <ns3:hr>84</ns3:hr>
            <ns3:cad>0</ns3:cad>
          </ns3:TrackPointExtension>
        </extensions>
      </trkpt>
      <trkpt lat="32.062731273472309112548828125" lon="118.81677363999187946319580078125">
        <ele>45.59999847412109375</ele>
        <time>2026-09-16T04:16:49.000Z</time>
        <extensions>
          <ns3:TrackPointExtension>
            <ns3:hr>84</ns3:hr>
            <ns3:cad>0</ns3:cad>
          </ns3:TrackPointExtension>
        </extensions>
      </trkpt>
      <trkpt lat="32.06274460069835186004638671875" lon="118.8167784176766872406005859375">
        <ele>45.40000152587890625</ele>
        <time>2026-09-16T04:16:55.000Z</time>
        <extensions>
          <ns3:TrackPointExtension>
            <ns3:hr>87</ns3:hr>
            <ns3:cad>0</ns3:cad>
          </ns3:TrackPointExtension>
        </extensions>
      </trkpt>
      <trkpt lat="32.062731944024562835693359375" lon="118.81679509766399860382080078125">
        <ele>45.40000152587890625</ele>
        <time>2026-09-16T04:16:58.000Z</time>
        <extensions>
          <ns3:TrackPointExtension>
            <ns3:hr>89</ns3:hr>
            <ns3:cad>0</ns3:cad>
          </ns3:TrackPointExtension>
        </extensions>
      </trkpt>
      <trkpt lat="32.06267117522656917572021484375" lon="118.81680431775748729705810546875">
        <ele>45.200000762939453125</ele>
        <time>2026-09-16T04:17:04.000Z</time>
        <extensions>
          <ns3:TrackPointExtension>
            <ns3:hr>88</ns3:hr>
            <ns3:cad>0</ns3:cad>
          </ns3:TrackPointExtension>
        </extensions>
      </trkpt>
      <trkpt lat="32.06268928013741970062255859375" lon="118.8167824409902095794677734375">
        <ele>45.200000762939453125</ele>
        <time>2026-09-16T04:17:09.000Z</time>
        <extensions>
          <ns3:TrackPointExtension>
            <ns3:hr>89</ns3:hr>
            <ns3:cad>0</ns3:cad>
          </ns3:TrackPointExtension>
        </extensions>
      </trkpt>
      <trkpt lat="32.06270520575344562530517578125" lon="118.81677246652543544769287109375">
        <ele>45.200000762939453125</ele>
        <time>2026-09-16T04:17:15.000Z</time>
        <extensions>
          <ns3:TrackPointExtension>
            <ns3:hr>86</ns3:hr>
            <ns3:cad>0</ns3:cad>
          </ns3:TrackPointExtension>
        </extensions>
      </trkpt>
      <trkpt lat="32.06270621158182621002197265625" lon="118.81677079014480113983154296875">
        <ele>45</ele>
        <time>2026-09-16T04:17:18.000Z</time>
        <extensions>
          <ns3:TrackPointExtension>
            <ns3:hr>85</ns3:hr>
            <ns3:cad>0</ns3:cad>
          </ns3:TrackPointExtension>
        </extensions>
      </trkpt>
      <trkpt lat="32.06273018382489681243896484375" lon="118.81676274351775646209716796875">
        <ele>45</ele>
        <time>2026-09-16T04:17:24.000Z</time>
        <extensions>
          <ns3:TrackPointExtension>
            <ns3:hr>86</ns3:hr>
            <ns3:cad>0</ns3:cad>
          </ns3:TrackPointExtension>
        </extensions>
      </trkpt>
      <trkpt lat="32.06275013275444507598876953125" lon="118.8167403638362884521484375">
        <ele>44.799999237060546875</ele>
        <time>2026-09-16T04:17:29.000Z</time>
        <extensions>
          <ns3:TrackPointExtension>
            <ns3:hr>86</ns3:hr>
            <ns3:cad>0</ns3:cad>
          </ns3:TrackPointExtension>
        </extensions>
      </trkpt>
      <trkpt lat="32.06279992125928401947021484375" lon="118.816699124872684478759765625">
        <ele>45</ele>
        <time>2026-09-16T04:17:36.000Z</time>
        <extensions>
          <ns3:TrackPointExtension>
            <ns3:hr>85</ns3:hr>
            <ns3:cad>47</ns3:cad>
          </ns3:TrackPointExtension>
        </extensions>
      </trkpt>
      <trkpt lat="32.06284216605126857757568359375" lon="118.8166785053908824920654296875">
        <ele>45</ele>
        <time>2026-09-16T04:17:40.000Z</time>
        <extensions>
          <ns3:TrackPointExtension>
            <ns3:hr>85</ns3:hr>
            <ns3:cad>0</ns3:cad>
          </ns3:TrackPointExtension>
        </extensions>
      </trkpt>
      <trkpt lat="32.0628730952739715576171875" lon="118.8166697882115840911865234375">
        <ele>45.200000762939453125</ele>
        <time>2026-09-16T04:17:44.000Z</time>
        <extensions>
          <ns3:TrackPointExtension>
            <ns3:hr>84</ns3:hr>
            <ns3:cad>0</ns3:cad>
          </ns3:TrackPointExtension>
        </extensions>
      </trkpt>
      <trkpt lat="32.06292682327330112457275390625" lon="118.81666190922260284423828125">
        <ele>44.799999237060546875</ele>
        <time>2026-09-16T04:17:50.000Z</time>
        <extensions>
          <ns3:TrackPointExtension>
            <ns3:hr>83</ns3:hr>
            <ns3:cad>47</ns3:cad>
          </ns3:TrackPointExtension>
        </extensions>
      </trkpt>
      <trkpt lat="32.0629332773387432098388671875" lon="118.816658221185207366943359375">
        <ele>44.59999847412109375</ele>
        <time>2026-09-16T04:17:51.000Z</time>
        <extensions>
          <ns3:TrackPointExtension>
            <ns3:hr>83</ns3:hr>
            <ns3:cad>47</ns3:cad>
          </ns3:TrackPointExtension>
        </extensions>
      </trkpt>
      <trkpt lat="32.06299756653606891632080078125" lon="118.81662662141025066375732421875">
        <ele>44.799999237060546875</ele>
        <time>2026-09-16T04:17:59.000Z</time>
        <extensions>
          <ns3:TrackPointExtension>
            <ns3:hr>83</ns3:hr>
            <ns3:cad>47</ns3:cad>
          </ns3:TrackPointExtension>
        </extensions>
      </trkpt>
      <trkpt lat="32.06305322237312793731689453125" lon="118.8166007213294506072998046875">
        <ele>44.799999237060546875</ele>
        <time>2026-09-16T04:18:06.000Z</time>
        <extensions>
          <ns3:TrackPointExtension>
            <ns3:hr>84</ns3:hr>
            <ns3:cad>48</ns3:cad>
          </ns3:TrackPointExtension>
        </extensions>
      </trkpt>
      <trkpt lat="32.0630750991404056549072265625" lon="118.81659108214080333709716796875">
        <ele>44.40000152587890625</ele>
        <time>2026-09-16T04:18:10.000Z</time>
        <extensions>
          <ns3:TrackPointExtension>
            <ns3:hr>81</ns3:hr>
            <ns3:cad>0</ns3:cad>
          </ns3:TrackPointExtension>
        </extensions>
      </trkpt>
      <trkpt lat="32.06308306194841861724853515625" lon="118.8165876455605030059814453125">
        <ele>44.40000152587890625</ele>
        <time>2026-09-16T04:18:12.000Z</time>
        <extensions>
          <ns3:TrackPointExtension>
            <ns3:hr>79</ns3:hr>
            <ns3:cad>0</ns3:cad>
          </ns3:TrackPointExtension>
        </extensions>
      </trkpt>
      <trkpt lat="32.0631332695484161376953125" lon="118.81656224839389324188232421875">
        <ele>44.59999847412109375</ele>
        <time>2026-09-16T04:18:18.000Z</time>
        <extensions>
          <ns3:TrackPointExtension>
            <ns3:hr>77</ns3:hr>
            <ns3:cad>51</ns3:cad>
          </ns3:TrackPointExtension>
        </extensions>
      </trkpt>
      <trkpt lat="32.0631864108145236968994140625" lon="118.8165226019918918609619140625">
        <ele>44.799999237060546875</ele>
        <time>2026-09-16T04:18:23.000Z</time>
        <extensions>
          <ns3:TrackPointExtension>
            <ns3:hr>78</ns3:hr>
            <ns3:cad>0</ns3:cad>
          </ns3:TrackPointExtension>
        </extensions>
      </trkpt>
      <trkpt lat="32.06321767531335353851318359375" lon="118.8164897449314594268798828125">
        <ele>44.200000762939453125</ele>
        <time>2026-09-16T04:18:29.000Z</time>
        <extensions>
          <ns3:TrackPointExtension>
            <ns3:hr>79</ns3:hr>
            <ns3:cad>50</ns3:cad>
          </ns3:TrackPointExtension>
        </extensions>
      </trkpt>
      <trkpt lat="32.06323812715709209442138671875" lon="118.816446997225284576416015625">
        <ele>44.200000762939453125</ele>
        <time>2026-09-16T04:18:34.000Z</time>
        <extensions>
          <ns3:TrackPointExtension>
            <ns3:hr>79</ns3:hr>
            <ns3:cad>0</ns3:cad>
          </ns3:TrackPointExtension>
        </extensions>
      </trkpt>
      <trkpt lat="32.0632983930408954620361328125" lon="118.8163982145488262176513671875">
        <ele>44</ele>
        <time>2026-09-16T04:18:42.000Z</time>
        <extensions>
          <ns3:TrackPointExtension>
            <ns3:hr>79</ns3:hr>
            <ns3:cad>50</ns3:cad>
          </ns3:TrackPointExtension>
        </extensions>
      </trkpt>
      <trkpt lat="32.06332379020750522613525390625" lon="118.81642327643930912017822265625">
        <ele>44.799999237060546875</ele>
        <time>2026-09-16T04:18:48.000Z</time>
        <extensions>
          <ns3:TrackPointExtension>
            <ns3:hr>79</ns3:hr>
            <ns3:cad>0</ns3:cad>
          </ns3:TrackPointExtension>
        </extensions>
      </trkpt>
      <trkpt lat="32.06332731060683727264404296875" lon="118.81642696447670459747314453125">
        <ele>44.799999237060546875</ele>
        <time>2026-09-16T04:18:55.000Z</time>
        <extensions>
          <ns3:TrackPointExtension>
            <ns3:hr>82</ns3:hr>
            <ns3:cad>0</ns3:cad>
          </ns3:TrackPointExtension>
        </extensions>
      </trkpt>
      <trkpt lat="32.063325382769107818603515625" lon="118.81642629392445087432861328125">
        <ele>44.799999237060546875</ele>
        <time>2026-09-16T04:18:57.000Z</time>
        <extensions>
          <ns3:TrackPointExtension>
            <ns3:hr>83</ns3:hr>
            <ns3:cad>0</ns3:cad>
          </ns3:TrackPointExtension>
        </extensions>
      </trkpt>
      <trkpt lat="32.06332714296877384185791015625" lon="118.8164238631725311279296875">
        <ele>44.40000152587890625</ele>
        <time>2026-09-16T04:18:59.000Z</time>
        <extensions>
          <ns3:TrackPointExtension>
            <ns3:hr>87</ns3:hr>
            <ns3:cad>0</ns3:cad>
          </ns3:TrackPointExtension>
        </extensions>
      </trkpt>
      <trkpt lat="32.06333653070032596588134765625" lon="118.8164032436907291412353515625">
        <ele>44</ele>
        <time>2026-09-16T04:19:02.000Z</time>
        <extensions>
          <ns3:TrackPointExtension>
            <ns3:hr>90</ns3:hr>
            <ns3:cad>0</ns3:cad>
          </ns3:TrackPointExtension>
        </extensions>
      </trkpt>
      <trkpt lat="32.0633295737206935882568359375" lon="118.8163519464433193206787109375">
        <ele>43.799999237060546875</ele>
        <time>2026-09-16T04:19:10.000Z</time>
        <extensions>
          <ns3:TrackPointExtension>
            <ns3:hr>90</ns3:hr>
            <ns3:cad>0</ns3:cad>
          </ns3:TrackPointExtension>
        </extensions>
      </trkpt>
      <trkpt lat="32.06333921290934085845947265625" lon="118.8163747452199459075927734375">
        <ele>43.59999847412109375</ele>
        <time>2026-09-16T04:19:16.000Z</time>
        <extensions>
          <ns3:TrackPointExtension>
            <ns3:hr>89</ns3:hr>
            <ns3:cad>46</ns3:cad>
          </ns3:TrackPointExtension>
        </extensions>
      </trkpt>
      <trkpt lat="32.063334770500659942626953125" lon="118.81637818180024623870849609375">
        <ele>43.40000152587890625</ele>
        <time>2026-09-16T04:19:18.000Z</time>
        <extensions>
          <ns3:TrackPointExtension>
            <ns3:hr>89</ns3:hr>
            <ns3:cad>0</ns3:cad>
          </ns3:TrackPointExtension>
        </extensions>
      </trkpt>
      <trkpt lat="32.063330076634883880615234375" lon="118.816379941999912261962890625">
        <ele>43.200000762939453125</ele>
        <time>2026-09-16T04:19:26.000Z</time>
        <extensions>
          <ns3:TrackPointExtension>
            <ns3:hr>87</ns3:hr>
            <ns3:cad>0</ns3:cad>
          </ns3:TrackPointExtension>
        </extensions>
      </trkpt>
      <trkpt lat="32.06333510577678680419921875" lon="118.81638564169406890869140625">
        <ele>43</ele>
        <time>2026-09-16T04:19:28.000Z</time>
        <extensions>
          <ns3:TrackPointExtension>
            <ns3:hr>83</ns3:hr>
            <ns3:cad>0</ns3:cad>
          </ns3:TrackPointExtension>
        </extensions>
      </trkpt>
      <trkpt lat="32.0633416436612606048583984375" lon="118.8163905031979084014892578125">
        <ele>43</ele>
        <time>2026-09-16T04:19:31.000Z</time>
        <extensions>
          <ns3:TrackPointExtension>
            <ns3:hr>80</ns3:hr>
            <ns3:cad>0</ns3:cad>
          </ns3:TrackPointExtension>
        </extensions>
      </trkpt>
      <trkpt lat="32.06332261674106121063232421875" lon="118.81637893617153167724609375">
        <ele>42.799999237060546875</ele>
        <time>2026-09-16T04:19:42.000Z</time>
        <extensions>
          <ns3:TrackPointExtension>
            <ns3:hr>79</ns3:hr>
            <ns3:cad>0</ns3:cad>
          </ns3:TrackPointExtension>
        </extensions>
      </trkpt>
      <trkpt lat="32.06332479603588581085205078125" lon="118.816367201507091522216796875">
        <ele>42.799999237060546875</ele>
        <time>2026-09-16T04:19:50.000Z</time>
        <extensions>
          <ns3:TrackPointExtension>
            <ns3:hr>75</ns3:hr>
            <ns3:cad>0</ns3:cad>
          </ns3:TrackPointExtension>
        </extensions>
      </trkpt>
      <trkpt lat="32.0633263885974884033203125" lon="118.8163630105555057525634765625">
        <ele>42.799999237060546875</ele>
        <time>2026-09-16T04:19:53.000Z</time>
        <extensions>
          <ns3:TrackPointExtension>
            <ns3:hr>72</ns3:hr>
            <ns3:cad>0</ns3:cad>
          </ns3:TrackPointExtension>
        </extensions>
      </trkpt>
      <trkpt lat="32.0633263885974884033203125" lon="118.81636309437453746795654296875">
        <ele>42.59999847412109375</ele>
        <time>2026-09-16T04:19:57.000Z</time>
        <extensions>
          <ns3:TrackPointExtension>
            <ns3:hr>71</ns3:hr>
            <ns3:cad>0</ns3:cad>
          </ns3:TrackPointExtension>
        </extensions>
      </trkpt>
      <trkpt lat="32.0633263885974884033203125" lon="118.81636309437453746795654296875">
        <ele>42.59999847412109375</ele>
        <time>2026-09-16T04:20:02.000Z</time>
        <extensions>
          <ns3:TrackPointExtension>
            <ns3:hr>70</ns3:hr>
            <ns3:cad>0</ns3:cad>
          </ns3:TrackPointExtension>
        </extensions>
      </trkpt>
      <trkpt lat="32.0633263885974884033203125" lon="118.81636309437453746795654296875">
        <ele>42.40000152587890625</ele>
        <time>2026-09-16T04:20:17.000Z</time>
        <extensions>
          <ns3:TrackPointExtension>
            <ns3:hr>71</ns3:hr>
            <ns3:cad>0</ns3:cad>
          </ns3:TrackPointExtension>
        </extensions>
      </trkpt>
      <trkpt lat="32.0633263885974884033203125" lon="118.81636309437453746795654296875">
        <ele>42.40000152587890625</ele>
        <time>2026-09-16T04:20:29.000Z</time>
        <extensions>
          <ns3:TrackPointExtension>
            <ns3:hr>76</ns3:hr>
            <ns3:cad>0</ns3:cad>
          </ns3:TrackPointExtension>
        </extensions>
      </trkpt>
      <trkpt lat="32.0633263885974884033203125" lon="118.81636309437453746795654296875">
        <ele>42.40000152587890625</ele>
        <time>2026-09-16T04:20:30.000Z</time>
        <extensions>
          <ns3:TrackPointExtension>
            <ns3:hr>79</ns3:hr>
            <ns3:cad>0</ns3:cad>
          </ns3:TrackPointExtension>
        </extensions>
      </trkpt>
      <trkpt lat="32.0633263885974884033203125" lon="118.81636309437453746795654296875">
        <ele>42.40000152587890625</ele>
        <time>2026-09-16T04:20:31.000Z</time>
        <extensions>
          <ns3:TrackPointExtension>
            <ns3:hr>79</ns3:hr>
            <ns3:cad>0</ns3:cad>
          </ns3:TrackPointExtension>
        </extensions>
      </trkpt>
      <trkpt lat="32.0633263885974884033203125" lon="118.81636309437453746795654296875">
        <ele>42.40000152587890625</ele>
        <time>2026-09-16T04:20:35.000Z</time>
        <extensions>
          <ns3:TrackPointExtension>
            <ns3:hr>80</ns3:hr>
            <ns3:cad>0</ns3:cad>
          </ns3:TrackPointExtension>
        </extensions>
      </trkpt>
      <trkpt lat="32.06332865171134471893310546875" lon="118.8163630105555057525634765625">
        <ele>42.799999237060546875</ele>
        <time>2026-09-16T04:20:49.000Z</time>
        <extensions>
          <ns3:TrackPointExtension>
            <ns3:hr>80</ns3:hr>
            <ns3:cad>0</ns3:cad>
          </ns3:TrackPointExtension>
        </extensions>
      </trkpt>
      <trkpt lat="32.06332504749298095703125" lon="118.8163809478282928466796875">
        <ele>42.799999237060546875</ele>
        <time>2026-09-16T04:21:09.000Z</time>
        <extensions>
          <ns3:TrackPointExtension>
            <ns3:hr>81</ns3:hr>
            <ns3:cad>0</ns3:cad>
          </ns3:TrackPointExtension>
        </extensions>
      </trkpt>
      <trkpt lat="32.06333502195775508880615234375" lon="118.8163891620934009552001953125">
        <ele>42.200000762939453125</ele>
        <time>2026-09-16T04:21:22.000Z</time>
        <extensions>
          <ns3:TrackPointExtension>
            <ns3:hr>79</ns3:hr>
            <ns3:cad>0</ns3:cad>
          </ns3:TrackPointExtension>
        </extensions>
      </trkpt>
      <trkpt lat="32.06332965753972530364990234375" lon="118.8163782656192779541015625">
        <ele>42.200000762939453125</ele>
        <time>2026-09-16T04:21:29.000Z</time>
        <extensions>
          <ns3:TrackPointExtension>
            <ns3:hr>82</ns3:hr>
            <ns3:cad>0</ns3:cad>
          </ns3:TrackPointExtension>
        </extensions>
      </trkpt>
      <trkpt lat="32.063322365283966064453125" lon="118.8163554668426513671875">
        <ele>42.200000762939453125</ele>
        <time>2026-09-16T04:21:38.000Z</time>
        <extensions>
          <ns3:TrackPointExtension>
            <ns3:hr>81</ns3:hr>
            <ns3:cad>0</ns3:cad>
          </ns3:TrackPointExtension>
        </extensions>
      </trkpt>
      <trkpt lat="32.06332479603588581085205078125" lon="118.81631447933614253997802734375">
        <ele>42.40000152587890625</ele>
        <time>2026-09-16T04:21:52.000Z</time>
        <extensions>
          <ns3:TrackPointExtension>
            <ns3:hr>83</ns3:hr>
            <ns3:cad>0</ns3:cad>
          </ns3:TrackPointExtension>
        </extensions>
      </trkpt>
      <trkpt lat="32.06335413269698619842529296875" lon="118.816358484327793121337890625">
        <ele>42.40000152587890625</ele>
        <time>2026-09-16T04:22:08.000Z</time>
        <extensions>
          <ns3:TrackPointExtension>
            <ns3:hr>82</ns3:hr>
            <ns3:cad>0</ns3:cad>
          </ns3:TrackPointExtension>
        </extensions>
      </trkpt>
      <trkpt lat="32.0633518695831298828125" lon="118.81636342965066432952880859375">
        <ele>42.59999847412109375</ele>
        <time>2026-09-16T04:22:20.000Z</time>
        <extensions>
          <ns3:TrackPointExtension>
            <ns3:hr>79</ns3:hr>
            <ns3:cad>0</ns3:cad>
          </ns3:TrackPointExtension>
        </extensions>
      </trkpt>
      <trkpt lat="32.0633500255644321441650390625" lon="118.8163630105555057525634765625">
        <ele>42.799999237060546875</ele>
        <time>2026-09-16T04:22:23.000Z</time>
        <extensions>
          <ns3:TrackPointExtension>
            <ns3:hr>79</ns3:hr>
            <ns3:cad>0</ns3:cad>
          </ns3:TrackPointExtension>
        </extensions>
      </trkpt>
      <trkpt lat="32.06333703361451625823974609375" lon="118.81637667305767536163330078125">
        <ele>43</ele>
        <time>2026-09-16T04:22:29.000Z</time>
        <extensions>
          <ns3:TrackPointExtension>
            <ns3:hr>79</ns3:hr>
            <ns3:cad>0</ns3:cad>
          </ns3:TrackPointExtension>
        </extensions>
      </trkpt>
      <trkpt lat="32.06336184404790401458740234375" lon="118.81638773716986179351806640625">
        <ele>43.40000152587890625</ele>
        <time>2026-09-16T04:22:35.000Z</time>
        <extensions>
          <ns3:TrackPointExtension>
            <ns3:hr>79</ns3:hr>
            <ns3:cad>0</ns3:cad>
          </ns3:TrackPointExtension>
        </extensions>
      </trkpt>
      <trkpt lat="32.06341867335140705108642578125" lon="118.816347755491733551025390625">
        <ele>43.40000152587890625</ele>
        <time>2026-09-16T04:22:42.000Z</time>
        <extensions>
          <ns3:TrackPointExtension>
            <ns3:hr>78</ns3:hr>
            <ns3:cad>77</ns3:cad>
          </ns3:TrackPointExtension>
        </extensions>
      </trkpt>
      <trkpt lat="32.0634633488953113555908203125" lon="118.8163125514984130859375">
        <ele>43.59999847412109375</ele>
        <time>2026-09-16T04:22:47.000Z</time>
        <extensions>
          <ns3:TrackPointExtension>
            <ns3:hr>79</ns3:hr>
            <ns3:cad>54</ns3:cad>
          </ns3:TrackPointExtension>
        </extensions>
      </trkpt>
      <trkpt lat="32.06349461339414119720458984375" lon="118.81630073301494121551513671875">
        <ele>44</ele>
        <time>2026-09-16T04:22:50.000Z</time>
        <extensions>
          <ns3:TrackPointExtension>
            <ns3:hr>81</ns3:hr>
            <ns3:cad>55</ns3:cad>
          </ns3:TrackPointExtension>
        </extensions>
      </trkpt>
      <trkpt lat="32.06354356370866298675537109375" lon="118.8162775151431560516357421875">
        <ele>44</ele>
        <time>2026-09-16T04:22:56.000Z</time>
        <extensions>
          <ns3:TrackPointExtension>
            <ns3:hr>84</ns3:hr>
            <ns3:cad>52</ns3:cad>
          </ns3:TrackPointExtension>
        </extensions>
      </trkpt>
      <trkpt lat="32.0635659433901309967041015625" lon="118.816275335848331451416015625">
        <ele>44</ele>
        <time>2026-09-16T04:22:58.000Z</time>
        <extensions>
          <ns3:TrackPointExtension>
            <ns3:hr>85</ns3:hr>
            <ns3:cad>52</ns3:cad>
          </ns3:TrackPointExtension>
        </extensions>
      </trkpt>
      <trkpt lat="32.0636222697794437408447265625" lon="118.816237784922122955322265625">
        <ele>43.799999237060546875</ele>
        <time>2026-09-16T04:23:03.000Z</time>
        <extensions>
          <ns3:TrackPointExtension>
            <ns3:hr>87</ns3:hr>
            <ns3:cad>0</ns3:cad>
          </ns3:TrackPointExtension>
        </extensions>
      </trkpt>
      <trkpt lat="32.06368119455873966217041015625" lon="118.81620568223297595977783203125">
        <ele>43.59999847412109375</ele>
        <time>2026-09-16T04:23:10.000Z</time>
        <extensions>
          <ns3:TrackPointExtension>
            <ns3:hr>87</ns3:hr>
            <ns3:cad>53</ns3:cad>
          </ns3:TrackPointExtension>
        </extensions>
      </trkpt>
      <trkpt lat="32.06372679211199283599853515625" lon="118.81618313491344451904296875">
        <ele>43.799999237060546875</ele>
        <time>2026-09-16T04:23:15.000Z</time>
        <extensions>
          <ns3:TrackPointExtension>
            <ns3:hr>84</ns3:hr>
            <ns3:cad>53</ns3:cad>
          </ns3:TrackPointExtension>
        </extensions>
      </trkpt>
      <trkpt lat="32.06373852677643299102783203125" lon="118.81617550738155841827392578125">
        <ele>44</ele>
        <time>2026-09-16T04:23:16.000Z</time>
        <extensions>
          <ns3:TrackPointExtension>
            <ns3:hr>81</ns3:hr>
            <ns3:cad>54</ns3:cad>
          </ns3:TrackPointExtension>
        </extensions>
      </trkpt>
      <trkpt lat="32.06375981681048870086669921875" lon="118.8161638565361499786376953125">
        <ele>44.200000762939453125</ele>
        <time>2026-09-16T04:23:18.000Z</time>
        <extensions>
          <ns3:TrackPointExtension>
            <ns3:hr>80</ns3:hr>
            <ns3:cad>53</ns3:cad>
          </ns3:TrackPointExtension>
        </extensions>
      </trkpt>
      <trkpt lat="32.06382653675973415374755859375" lon="118.816146589815616607666015625">
        <ele>44</ele>
        <time>2026-09-16T04:23:25.000Z</time>
        <extensions>
          <ns3:TrackPointExtension>
            <ns3:hr>82</ns3:hr>
            <ns3:cad>55</ns3:cad>
          </ns3:TrackPointExtension>
        </extensions>
      </trkpt>
      <trkpt lat="32.063831649720668792724609375" lon="118.8161558099091053009033203125">
        <ele>44</ele>
        <time>2026-09-16T04:23:26.000Z</time>
        <extensions>
          <ns3:TrackPointExtension>
            <ns3:hr>82</ns3:hr>
            <ns3:cad>55</ns3:cad>
          </ns3:TrackPointExtension>
        </extensions>
      </trkpt>
      <trkpt lat="32.06386224366724491119384765625" lon="118.81621892563998699188232421875">
        <ele>43.799999237060546875</ele>
        <time>2026-09-16T04:23:31.000Z</time>
        <extensions>
          <ns3:TrackPointExtension>
            <ns3:hr>82</ns3:hr>
            <ns3:cad>55</ns3:cad>
          </ns3:TrackPointExtension>
        </extensions>
      </trkpt>
      <trkpt lat="32.06389308907091617584228515625" lon="118.816314227879047393798828125">
        <ele>44.59999847412109375</ele>
        <time>2026-09-16T04:23:39.000Z</time>
        <extensions>
          <ns3:TrackPointExtension>
            <ns3:hr>82</ns3:hr>
            <ns3:cad>53</ns3:cad>
          </ns3:TrackPointExtension>
        </extensions>
      </trkpt>
      <trkpt lat="32.06389568746089935302734375" lon="118.8163301534950733184814453125">
        <ele>44.59999847412109375</ele>
        <time>2026-09-16T04:23:40.000Z</time>
        <extensions>
          <ns3:TrackPointExtension>
            <ns3:hr>82</ns3:hr>
            <ns3:cad>53</ns3:cad>
          </ns3:TrackPointExtension>
        </extensions>
      </trkpt>
      <trkpt lat="32.06391605548560619354248046875" lon="118.8163770921528339385986328125">
        <ele>44.40000152587890625</ele>
        <time>2026-09-16T04:23:45.000Z</time>
        <extensions>
          <ns3:TrackPointExtension>
            <ns3:hr>79</ns3:hr>
            <ns3:cad>53</ns3:cad>
          </ns3:TrackPointExtension>
        </extensions>
      </trkpt>
      <trkpt lat="32.06391471438109874725341796875" lon="118.8164407946169376373291015625">
        <ele>44.200000762939453125</ele>
        <time>2026-09-16T04:23:50.000Z</time>
        <extensions>
          <ns3:TrackPointExtension>
            <ns3:hr>76</ns3:hr>
            <ns3:cad>53</ns3:cad>
          </ns3:TrackPointExtension>
        </extensions>
      </trkpt>
      <trkpt lat="32.06391655839979648590087890625" lon="118.81645613349974155426025390625">
        <ele>44.200000762939453125</ele>
        <time>2026-09-16T04:23:52.000Z</time>
        <extensions>
          <ns3:TrackPointExtension>
            <ns3:hr>76</ns3:hr>
            <ns3:cad>53</ns3:cad>
          </ns3:TrackPointExtension>
        </extensions>
      </trkpt>
      <trkpt lat="32.06392242573201656341552734375" lon="118.81654012016952037811279296875">
        <ele>44.40000152587890625</ele>
        <time>2026-09-16T04:23:59.000Z</time>
        <extensions>
          <ns3:TrackPointExtension>
            <ns3:hr>77</ns3:hr>
            <ns3:cad>53</ns3:cad>
          </ns3:TrackPointExtension>
        </extensions>
      </trkpt>
      <trkpt lat="32.06390683539211750030517578125" lon="118.81661740131676197052001953125">
        <ele>44.799999237060546875</ele>
        <time>2026-09-16T04:24:05.000Z</time>
        <extensions>
          <ns3:TrackPointExtension>
            <ns3:hr>80</ns3:hr>
            <ns3:cad>50</ns3:cad>
          </ns3:TrackPointExtension>
        </extensions>
      </trkpt>
      <trkpt lat="32.06390130333602428436279296875" lon="118.81665294058620929718017578125">
        <ele>44.799999237060546875</ele>
        <time>2026-09-16T04:24:10.000Z</time>
        <extensions>
          <ns3:TrackPointExtension>
            <ns3:hr>83</ns3:hr>
            <ns3:cad>0</ns3:cad>
          </ns3:TrackPointExtension>
        </extensions>
      </trkpt>
      <trkpt lat="32.0638992078602313995361328125" lon="118.816652856767177581787109375">
        <ele>44.59999847412109375</ele>
        <time>2026-09-16T04:24:13.000Z</time>
        <extensions>
          <ns3:TrackPointExtension>
            <ns3:hr>83</ns3:hr>
            <ns3:cad>0</ns3:cad>
          </ns3:TrackPointExtension>
        </extensions>
      </trkpt>
      <trkpt lat="32.063890658318996429443359375" lon="118.8166490010917186737060546875">
        <ele>44.200000762939453125</ele>
        <time>2026-09-16T04:24:20.000Z</time>
        <extensions>
          <ns3:TrackPointExtension>
            <ns3:hr>86</ns3:hr>
            <ns3:cad>0</ns3:cad>
          </ns3:TrackPointExtension>
        </extensions>
      </trkpt>
      <trkpt lat="32.0638844557106494903564453125" lon="118.8166466541588306427001953125">
        <ele>44.200000762939453125</ele>
        <time>2026-09-16T04:24:21.000Z</time>
        <extensions>
          <ns3:TrackPointExtension>
            <ns3:hr>86</ns3:hr>
            <ns3:cad>0</ns3:cad>
          </ns3:TrackPointExtension>
        </extensions>
      </trkpt>
      <trkpt lat="32.06386978738009929656982421875" lon="118.81663885898888111114501953125">
        <ele>44.59999847412109375</ele>
        <time>2026-09-16T04:24:27.000Z</time>
        <extensions>
          <ns3:TrackPointExtension>
            <ns3:hr>89</ns3:hr>
            <ns3:cad>0</ns3:cad>
          </ns3:TrackPointExtension>
        </extensions>
      </trkpt>
      <trkpt lat="32.0638710446655750274658203125" lon="118.81663869135081768035888671875">
        <ele>44.59999847412109375</ele>
        <time>2026-09-16T04:24:28.000Z</time>
        <extensions>
          <ns3:TrackPointExtension>
            <ns3:hr>89</ns3:hr>
            <ns3:cad>0</ns3:cad>
          </ns3:TrackPointExtension>
        </extensions>
      </trkpt>
      <trkpt lat="32.06388764083385467529296875" lon="118.8166386075317859649658203125">
        <ele>43.799999237060546875</ele>
        <time>2026-09-16T04:24:37.000Z</time>
        <extensions>
          <ns3:TrackPointExtension>
            <ns3:hr>89</ns3:hr>
            <ns3:cad>0</ns3:cad>
          </ns3:TrackPointExtension>
        </extensions>
      </trkpt>
      <trkpt lat="32.06388168968260288238525390625" lon="118.81665025837719440460205078125">
        <ele>43.799999237060546875</ele>
        <time>2026-09-16T04:24:47.000Z</time>
        <extensions>
          <ns3:TrackPointExtension>
            <ns3:hr>86</ns3:hr>
            <ns3:cad>0</ns3:cad>
          </ns3:TrackPointExtension>
        </extensions>
      </trkpt>
      <trkpt lat="32.06388453952968120574951171875" lon="118.81665076129138469696044921875">
        <ele>43.799999237060546875</ele>
        <time>2026-09-16T04:24:48.000Z</time>
        <extensions>
          <ns3:TrackPointExtension>
            <ns3:hr>86</ns3:hr>
            <ns3:cad>0</ns3:cad>
          </ns3:TrackPointExtension>
        </extensions>
      </trkpt>
      <trkpt lat="32.06389191560447216033935546875" lon="118.816675655543804168701171875">
        <ele>44.200000762939453125</ele>
        <time>2026-09-16T04:24:58.000Z</time>
        <extensions>
          <ns3:TrackPointExtension>
            <ns3:hr>85</ns3:hr>
            <ns3:cad>0</ns3:cad>
          </ns3:TrackPointExtension>
        </extensions>
      </trkpt>
      <trkpt lat="32.06387314014136791229248046875" lon="118.81668881513178348541259765625">
        <ele>44</ele>
        <time>2026-09-16T04:25:06.000Z</time>
        <extensions>
          <ns3:TrackPointExtension>
            <ns3:hr>82</ns3:hr>
            <ns3:cad>0</ns3:cad>
          </ns3:TrackPointExtension>
        </extensions>
      </trkpt>
      <trkpt lat="32.0638811029493808746337890625" lon="118.8167096860706806182861328125">
        <ele>43.799999237060546875</ele>
        <time>2026-09-16T04:25:14.000Z</time>
        <extensions>
          <ns3:TrackPointExtension>
            <ns3:hr>80</ns3:hr>
            <ns3:cad>0</ns3:cad>
          </ns3:TrackPointExtension>
        </extensions>
      </trkpt>
      <trkpt lat="32.0638837851583957672119140625" lon="118.81670658476650714874267578125">
        <ele>44.200000762939453125</ele>
        <time>2026-09-16T04:25:25.000Z</time>
        <extensions>
          <ns3:TrackPointExtension>
            <ns3:hr>80</ns3:hr>
            <ns3:cad>0</ns3:cad>
          </ns3:TrackPointExtension>
        </extensions>
      </trkpt>
      <trkpt lat="32.06388101913034915924072265625" lon="118.81676852703094482421875">
        <ele>44.59999847412109375</ele>
        <time>2026-09-16T04:25:32.000Z</time>
        <extensions>
          <ns3:TrackPointExtension>
            <ns3:hr>80</ns3:hr>
            <ns3:cad>52</ns3:cad>
          </ns3:TrackPointExtension>
        </extensions>
      </trkpt>
      <trkpt lat="32.0638727210462093353271484375" lon="118.81675771437585353851318359375">
        <ele>45</ele>
        <time>2026-09-16T04:25:35.000Z</time>
        <extensions>
          <ns3:TrackPointExtension>
            <ns3:hr>80</ns3:hr>
            <ns3:cad>51</ns3:cad>
          </ns3:TrackPointExtension>
        </extensions>
      </trkpt>
      <trkpt lat="32.06387179903686046600341796875" lon="118.8167361728847026824951171875">
        <ele>44.799999237060546875</ele>
        <time>2026-09-16T04:25:37.000Z</time>
        <extensions>
          <ns3:TrackPointExtension>
            <ns3:hr>80</ns3:hr>
            <ns3:cad>49</ns3:cad>
          </ns3:TrackPointExtension>
        </extensions>
      </trkpt>
      <trkpt lat="32.063878588378429412841796875" lon="118.81667238660156726837158203125">
        <ele>43.59999847412109375</ele>
        <time>2026-09-16T04:25:44.000Z</time>
        <extensions>
          <ns3:TrackPointExtension>
            <ns3:hr>79</ns3:hr>
            <ns3:cad>57</ns3:cad>
          </ns3:TrackPointExtension>
        </extensions>
      </trkpt>
      <trkpt lat="32.063895352184772491455078125" lon="118.8165990449488162994384765625">
        <ele>44.799999237060546875</ele>
        <time>2026-09-16T04:25:51.000Z</time>
        <extensions>
          <ns3:TrackPointExtension>
            <ns3:hr>80</ns3:hr>
            <ns3:cad>57</ns3:cad>
          </ns3:TrackPointExtension>
        </extensions>
      </trkpt>
      <trkpt lat="32.06389627419412136077880859375" lon="118.81657800637185573577880859375">
        <ele>45</ele>
        <time>2026-09-16T04:25:53.000Z</time>
        <extensions>
          <ns3:TrackPointExtension>
            <ns3:hr>80</ns3:hr>
            <ns3:cad>47</ns3:cad>
          </ns3:TrackPointExtension>
        </extensions>
      </trkpt>
      <trkpt lat="32.0638941787183284759521484375" lon="118.81657632999122142791748046875">
        <ele>44.40000152587890625</ele>
        <time>2026-09-16T04:25:59.000Z</time>
        <extensions>
          <ns3:TrackPointExtension>
            <ns3:hr>81</ns3:hr>
            <ns3:cad>0</ns3:cad>
          </ns3:TrackPointExtension>
        </extensions>
      </trkpt>
      <trkpt lat="32.063898034393787384033203125" lon="118.81650206632912158966064453125">
        <ele>44.200000762939453125</ele>
        <time>2026-09-16T04:26:06.000Z</time>
        <extensions>
          <ns3:TrackPointExtension>
            <ns3:hr>81</ns3:hr>
            <ns3:cad>0</ns3:cad>
          </ns3:TrackPointExtension>
        </extensions>
      </trkpt>
      <trkpt lat="32.06390046514570713043212890625" lon="118.81642461754381656646728515625">
        <ele>44.59999847412109375</ele>
        <time>2026-09-16T04:26:13.000Z</time>
        <extensions>
          <ns3:TrackPointExtension>
            <ns3:hr>84</ns3:hr>
            <ns3:cad>0</ns3:cad>
          </ns3:TrackPointExtension>
        </extensions>
      </trkpt>
      <trkpt lat="32.06389845348894596099853515625" lon="118.8164156489074230194091796875">
        <ele>44.59999847412109375</ele>
        <time>2026-09-16T04:26:14.000Z</time>
        <extensions>
          <ns3:TrackPointExtension>
            <ns3:hr>83</ns3:hr>
            <ns3:cad>0</ns3:cad>
          </ns3:TrackPointExtension>
        </extensions>
      </trkpt>
      <trkpt lat="32.063886635005474090576171875" lon="118.81632939912378787994384765625">
        <ele>44.799999237060546875</ele>
        <time>2026-09-16T04:26:21.000Z</time>
        <extensions>
          <ns3:TrackPointExtension>
            <ns3:hr>83</ns3:hr>
            <ns3:cad>0</ns3:cad>
          </ns3:TrackPointExtension>
        </extensions>
      </trkpt>
      <trkpt lat="32.06388487480580806732177734375" lon="118.8162798620760440826416015625">
        <ele>45</ele>
        <time>2026-09-16T04:26:26.000Z</time>
        <extensions>
          <ns3:TrackPointExtension>
            <ns3:hr>85</ns3:hr>
            <ns3:cad>51</ns3:cad>
          </ns3:TrackPointExtension>
        </extensions>
      </trkpt>
      <trkpt lat="32.06385604105889797210693359375" lon="118.81620383821427822113037109375">
        <ele>45</ele>
        <time>2026-09-16T04:26:33.000Z</time>
        <extensions>
          <ns3:TrackPointExtension>
            <ns3:hr>86</ns3:hr>
            <ns3:cad>0</ns3:cad>
          </ns3:TrackPointExtension>
        </extensions>
      </trkpt>
      <trkpt lat="32.063806168735027313232421875" lon="118.81616410799324512481689453125">
        <ele>45</ele>
        <time>2026-09-16T04:26:39.000Z</time>
        <extensions>
          <ns3:TrackPointExtension>
            <ns3:hr>86</ns3:hr>
            <ns3:cad>52</ns3:cad>
          </ns3:TrackPointExtension>
        </extensions>
      </trkpt>
      <trkpt lat="32.06375218927860260009765625" lon="118.81619294174015522003173828125">
        <ele>44.799999237060546875</ele>
        <time>2026-09-16T04:26:44.000Z</time>
        <extensions>
          <ns3:TrackPointExtension>
            <ns3:hr>86</ns3:hr>
            <ns3:cad>0</ns3:cad>
          </ns3:TrackPointExtension>
        </extensions>
      </trkpt>
      <trkpt lat="32.063697539269924163818359375" lon="118.816222362220287322998046875">
        <ele>44.59999847412109375</ele>
        <time>2026-09-16T04:26:50.000Z</time>
        <extensions>
          <ns3:TrackPointExtension>
            <ns3:hr>86</ns3:hr>
            <ns3:cad>0</ns3:cad>
          </ns3:TrackPointExtension>
        </extensions>
      </trkpt>
      <trkpt lat="32.0636383630335330963134765625" lon="118.81627441383898258209228515625">
        <ele>45</ele>
        <time>2026-09-16T04:26:57.000Z</time>
        <extensions>
          <ns3:TrackPointExtension>
            <ns3:hr>87</ns3:hr>
            <ns3:cad>0</ns3:cad>
          </ns3:TrackPointExtension>
        </extensions>
      </trkpt>
      <trkpt lat="32.0635884068906307220458984375" lon="118.8163086958229541778564453125">
        <ele>45.40000152587890625</ele>
        <time>2026-09-16T04:27:03.000Z</time>
        <extensions>
          <ns3:TrackPointExtension>
            <ns3:hr>88</ns3:hr>
            <ns3:cad>51</ns3:cad>
          </ns3:TrackPointExtension>
        </extensions>
      </trkpt>
      <trkpt lat="32.06356150098145008087158203125" lon="118.81632805801928043365478515625">
        <ele>45.59999847412109375</ele>
        <time>2026-09-16T04:27:09.000Z</time>
        <extensions>
          <ns3:TrackPointExtension>
            <ns3:hr>87</ns3:hr>
            <ns3:cad>0</ns3:cad>
          </ns3:TrackPointExtension>
        </extensions>
      </trkpt>
      <trkpt lat="32.06348489038646221160888671875" lon="118.8163740746676921844482421875">
        <ele>45.59999847412109375</ele>
        <time>2026-09-16T04:27:17.000Z</time>
        <extensions>
          <ns3:TrackPointExtension>
            <ns3:hr>86</ns3:hr>
            <ns3:cad>0</ns3:cad>
          </ns3:TrackPointExtension>
        </extensions>
      </trkpt>
      <trkpt lat="32.06346795894205570220947265625" lon="118.81638706661760807037353515625">
        <ele>45.799999237060546875</ele>
        <time>2026-09-16T04:27:19.000Z</time>
        <extensions>
          <ns3:TrackPointExtension>
            <ns3:hr>86</ns3:hr>
            <ns3:cad>0</ns3:cad>
          </ns3:TrackPointExtension>
        </extensions>
      </trkpt>
      <trkpt lat="32.06340978853404521942138671875" lon="118.81639377214014530181884765625">
        <ele>46</ele>
        <time>2026-09-16T04:27:24.000Z</time>
        <extensions>
          <ns3:TrackPointExtension>
            <ns3:hr>85</ns3:hr>
            <ns3:cad>0</ns3:cad>
          </ns3:TrackPointExtension>
        </extensions>
      </trkpt>
      <trkpt lat="32.0633248798549175262451171875" lon="118.81642051041126251220703125">
        <ele>45.40000152587890625</ele>
        <time>2026-09-16T04:27:33.000Z</time>
        <extensions>
          <ns3:TrackPointExtension>
            <ns3:hr>85</ns3:hr>
            <ns3:cad>50</ns3:cad>
          </ns3:TrackPointExtension>
        </extensions>
      </trkpt>
      <trkpt lat="32.0632531307637691497802734375" lon="118.81642109714448451995849609375">
        <ele>45</ele>
        <time>2026-09-16T04:27:41.000Z</time>
        <extensions>
          <ns3:TrackPointExtension>
            <ns3:hr>85</ns3:hr>
            <ns3:cad>51</ns3:cad>
          </ns3:TrackPointExtension>
        </extensions>
      </trkpt>
      <trkpt lat="32.0632477663457393646240234375" lon="118.81640064530074596405029296875">
        <ele>44.799999237060546875</ele>
        <time>2026-09-16T04:27:44.000Z</time>
        <extensions>
          <ns3:TrackPointExtension>
            <ns3:hr>84</ns3:hr>
            <ns3:cad>51</ns3:cad>
          </ns3:TrackPointExtension>
        </extensions>
      </trkpt>
      <trkpt lat="32.063261680305004119873046875" lon="118.8163594901561737060546875">
        <ele>44.200000762939453125</ele>
        <time>2026-09-16T04:27:48.000Z</time>
        <extensions>
          <ns3:TrackPointExtension>
            <ns3:hr>84</ns3:hr>
            <ns3:cad>53</ns3:cad>
          </ns3:TrackPointExtension>
        </extensions>
      </trkpt>
      <trkpt lat="32.06327819265425205230712890625" lon="118.81631079129874706268310546875">
        <ele>43.59999847412109375</ele>
        <time>2026-09-16T04:27:53.000Z</time>
        <extensions>
          <ns3:TrackPointExtension>
            <ns3:hr>82</ns3:hr>
            <ns3:cad>52</ns3:cad>
          </ns3:TrackPointExtension>
        </extensions>
      </trkpt>
      <trkpt lat="32.0632819645106792449951171875" lon="118.8162986375391483306884765625">
        <ele>43.59999847412109375</ele>
        <time>2026-09-16T04:27:54.000Z</time>
        <extensions>
          <ns3:TrackPointExtension>
            <ns3:hr>81</ns3:hr>
            <ns3:cad>52</ns3:cad>
          </ns3:TrackPointExtension>
        </extensions>
      </trkpt>
      <trkpt lat="32.0632920227944850921630859375" lon="118.8162232004106044769287109375">
        <ele>42.59999847412109375</ele>
        <time>2026-09-16T04:28:00.000Z</time>
        <extensions>
          <ns3:TrackPointExtension>
            <ns3:hr>81</ns3:hr>
            <ns3:cad>49</ns3:cad>
          </ns3:TrackPointExtension>
        </extensions>
      </trkpt>
      <trkpt lat="32.06329353153705596923828125" lon="118.8162084482610225677490234375">
        <ele>42.59999847412109375</ele>
        <time>2026-09-16T04:28:01.000Z</time>
        <extensions>
          <ns3:TrackPointExtension>
            <ns3:hr>81</ns3:hr>
            <ns3:cad>49</ns3:cad>
          </ns3:TrackPointExtension>
        </extensions>
      </trkpt>
      <trkpt lat="32.06331121735274791717529296875" lon="118.81615404970943927764892578125">
        <ele>42</ele>
        <time>2026-09-16T04:28:06.000Z</time>
        <extensions>
          <ns3:TrackPointExtension>
            <ns3:hr>81</ns3:hr>
            <ns3:cad>51</ns3:cad>
          </ns3:TrackPointExtension>
        </extensions>
      </trkpt>
      <trkpt lat="32.06331658177077770233154296875" lon="118.816103674471378326416015625">
        <ele>41.40000152587890625</ele>
        <time>2026-09-16T04:28:11.000Z</time>
        <extensions>
          <ns3:TrackPointExtension>
            <ns3:hr>80</ns3:hr>
            <ns3:cad>54</ns3:cad>
          </ns3:TrackPointExtension>
        </extensions>
      </trkpt>
      <trkpt lat="32.063311971724033355712890625" lon="118.81607425399124622344970703125">
        <ele>41.200000762939453125</ele>
        <time>2026-09-16T04:28:14.000Z</time>
        <extensions>
          <ns3:TrackPointExtension>
            <ns3:hr>80</ns3:hr>
            <ns3:cad>51</ns3:cad>
          </ns3:TrackPointExtension>
        </extensions>
      </trkpt>
      <trkpt lat="32.06331741996109485626220703125" lon="118.8160176761448383331298828125">
        <ele>40.59999847412109375</ele>
        <time>2026-09-16T04:28:20.000Z</time>
        <extensions>
          <ns3:TrackPointExtension>
            <ns3:hr>80</ns3:hr>
            <ns3:cad>54</ns3:cad>
          </ns3:TrackPointExtension>
        </extensions>
      </trkpt>
      <trkpt lat="32.06331943161785602569580078125" lon="118.8159985654056072235107421875">
        <ele>40.40000152587890625</ele>
        <time>2026-09-16T04:28:22.000Z</time>
        <extensions>
          <ns3:TrackPointExtension>
            <ns3:hr>80</ns3:hr>
            <ns3:cad>55</ns3:cad>
          </ns3:TrackPointExtension>
        </extensions>
      </trkpt>
      <trkpt lat="32.063339464366436004638671875" lon="118.8159425742924213409423828125">
        <ele>40</ele>
        <time>2026-09-16T04:28:27.000Z</time>
        <extensions>
          <ns3:TrackPointExtension>
            <ns3:hr>81</ns3:hr>
            <ns3:cad>53</ns3:cad>
          </ns3:TrackPointExtension>
        </extensions>
      </trkpt>
      <trkpt lat="32.06337927840650081634521484375" lon="118.8158513791859149932861328125">
        <ele>39.40000152587890625</ele>
        <time>2026-09-16T04:28:35.000Z</time>
        <extensions>
          <ns3:TrackPointExtension>
            <ns3:hr>80</ns3:hr>
            <ns3:cad>52</ns3:cad>
          </ns3:TrackPointExtension>
        </extensions>
      </trkpt>
      <trkpt lat="32.06338279880583286285400390625" lon="118.81583847105503082275390625">
        <ele>39.200000762939453125</ele>
        <time>2026-09-16T04:28:36.000Z</time>
        <extensions>
          <ns3:TrackPointExtension>
            <ns3:hr>81</ns3:hr>
            <ns3:cad>52</ns3:cad>
          </ns3:TrackPointExtension>
        </extensions>
      </trkpt>
      <trkpt lat="32.063409201800823211669921875" lon="118.815781138837337493896484375">
        <ele>38.799999237060546875</ele>
        <time>2026-09-16T04:28:43.000Z</time>
        <extensions>
          <ns3:TrackPointExtension>
            <ns3:hr>80</ns3:hr>
            <ns3:cad>55</ns3:cad>
          </ns3:TrackPointExtension>
        </extensions>
      </trkpt>
      <trkpt lat="32.06345186568796634674072265625" lon="118.81571374833583831787109375">
        <ele>38.200000762939453125</ele>
        <time>2026-09-16T04:28:49.000Z</time>
        <extensions>
          <ns3:TrackPointExtension>
            <ns3:hr>80</ns3:hr>
            <ns3:cad>53</ns3:cad>
          </ns3:TrackPointExtension>
        </extensions>
      </trkpt>
      <trkpt lat="32.06346410326659679412841796875" lon="118.81569639779627323150634765625">
        <ele>38.200000762939453125</ele>
        <time>2026-09-16T04:28:51.000Z</time>
        <extensions>
          <ns3:TrackPointExtension>
            <ns3:hr>81</ns3:hr>
            <ns3:cad>53</ns3:cad>
          </ns3:TrackPointExtension>
        </extensions>
      </trkpt>
      <trkpt lat="32.06350215710699558258056640625" lon="118.81562531925737857818603515625">
        <ele>37.200000762939453125</ele>
        <time>2026-09-16T04:28:58.000Z</time>
        <extensions>
          <ns3:TrackPointExtension>
            <ns3:hr>81</ns3:hr>
            <ns3:cad>56</ns3:cad>
          </ns3:TrackPointExtension>
        </extensions>
      </trkpt>
      <trkpt lat="32.063509784638881683349609375" lon="118.8155667297542095184326171875">
        <ele>36.799999237060546875</ele>
        <time>2026-09-16T04:29:02.000Z</time>
        <extensions>
          <ns3:TrackPointExtension>
            <ns3:hr>78</ns3:hr>
            <ns3:cad>56</ns3:cad>
          </ns3:TrackPointExtension>
        </extensions>
      </trkpt>
      <trkpt lat="32.06350869499146938323974609375" lon="118.8155231438577175140380859375">
        <ele>36.200000762939453125</ele>
        <time>2026-09-16T04:29:06.000Z</time>
        <extensions>
          <ns3:TrackPointExtension>
            <ns3:hr>76</ns3:hr>
            <ns3:cad>55</ns3:cad>
          </ns3:TrackPointExtension>
        </extensions>
      </trkpt>
      <trkpt lat="32.06352730281651020050048828125" lon="118.81543991155922412872314453125">
        <ele>35.40000152587890625</ele>
        <time>2026-09-16T04:29:13.000Z</time>
        <extensions>
          <ns3:TrackPointExtension>
            <ns3:hr>74</ns3:hr>
            <ns3:cad>55</ns3:cad>
          </ns3:TrackPointExtension>
        </extensions>
      </trkpt>
      <trkpt lat="32.0635304041206836700439453125" lon="118.81539314053952693939208984375">
        <ele>35.200000762939453125</ele>
        <time>2026-09-16T04:29:16.000Z</time>
        <extensions>
          <ns3:TrackPointExtension>
            <ns3:hr>74</ns3:hr>
            <ns3:cad>55</ns3:cad>
          </ns3:TrackPointExtension>
        </extensions>
      </trkpt>
      <trkpt lat="32.0635297335684299468994140625" lon="118.815366066992282867431640625">
        <ele>35</ele>
        <time>2026-09-16T04:29:19.000Z</time>
        <extensions>
          <ns3:TrackPointExtension>
            <ns3:hr>74</ns3:hr>
            <ns3:cad>55</ns3:cad>
          </ns3:TrackPointExtension>
        </extensions>
      </trkpt>
      <trkpt lat="32.0635248720645904541015625" lon="118.81528719328343868255615234375">
        <ele>34.40000152587890625</ele>
        <time>2026-09-16T04:29:26.000Z</time>
        <extensions>
          <ns3:TrackPointExtension>
            <ns3:hr>74</ns3:hr>
            <ns3:cad>55</ns3:cad>
          </ns3:TrackPointExtension>
        </extensions>
      </trkpt>
      <trkpt lat="32.0635153166949748992919921875" lon="118.81527923047542572021484375">
        <ele>34.40000152587890625</ele>
        <time>2026-09-16T04:29:27.000Z</time>
        <extensions>
          <ns3:TrackPointExtension>
            <ns3:hr>74</ns3:hr>
            <ns3:cad>55</ns3:cad>
          </ns3:TrackPointExtension>
        </extensions>
      </trkpt>
      <trkpt lat="32.063475586473941802978515625" lon="118.81526221521198749542236328125">
        <ele>34.200000762939453125</ele>
        <time>2026-09-16T04:29:32.000Z</time>
        <extensions>
          <ns3:TrackPointExtension>
            <ns3:hr>74</ns3:hr>
            <ns3:cad>55</ns3:cad>
          </ns3:TrackPointExtension>
        </extensions>
      </trkpt>
      <trkpt lat="32.06346762366592884063720703125" lon="118.81526020355522632598876953125">
        <ele>34</ele>
        <time>2026-09-16T04:29:33.000Z</time>
        <extensions>
          <ns3:TrackPointExtension>
            <ns3:hr>74</ns3:hr>
            <ns3:cad>53</ns3:cad>
          </ns3:TrackPointExtension>
        </extensions>
      </trkpt>
      <trkpt lat="32.0634107105433940887451171875" lon="118.81525802426040172576904296875">
        <ele>33</ele>
        <time>2026-09-16T04:29:40.000Z</time>
        <extensions>
          <ns3:TrackPointExtension>
            <ns3:hr>75</ns3:hr>
            <ns3:cad>56</ns3:cad>
          </ns3:TrackPointExtension>
        </extensions>
      </trkpt>
      <trkpt lat="32.0633419789373874664306640625" lon="118.81523421965539455413818359375">
        <ele>32.200000762939453125</ele>
        <time>2026-09-16T04:29:47.000Z</time>
        <extensions>
          <ns3:TrackPointExtension>
            <ns3:hr>74</ns3:hr>
            <ns3:cad>55</ns3:cad>
          </ns3:TrackPointExtension>
        </extensions>
      </trkpt>
      <trkpt lat="32.0633071102201938629150390625" lon="118.815224580466747283935546875">
        <ele>32</ele>
        <time>2026-09-16T04:29:50.000Z</time>
        <extensions>
          <ns3:TrackPointExtension>
            <ns3:hr>74</ns3:hr>
            <ns3:cad>55</ns3:cad>
          </ns3:TrackPointExtension>
        </extensions>
      </trkpt>
      <trkpt lat="32.06327266059815883636474609375" lon="118.81520471535623073577880859375">
        <ele>31.6000003814697265625</ele>
        <time>2026-09-16T04:29:54.000Z</time>
        <extensions>
          <ns3:TrackPointExtension>
            <ns3:hr>73</ns3:hr>
            <ns3:cad>55</ns3:cad>
          </ns3:TrackPointExtension>
        </extensions>
      </trkpt>
      <trkpt lat="32.063197977840900421142578125" lon="118.81517671979963779449462890625">
        <ele>31.3999996185302734375</ele>
        <time>2026-09-16T04:30:02.000Z</time>
        <extensions>
          <ns3:TrackPointExtension>
            <ns3:hr>75</ns3:hr>
            <ns3:cad>0</ns3:cad>
          </ns3:TrackPointExtension>
        </extensions>
      </trkpt>
      <trkpt lat="32.063144333660602569580078125" lon="118.81514470092952251434326171875">
        <ele>31</ele>
        <time>2026-09-16T04:30:08.000Z</time>
        <extensions>
          <ns3:TrackPointExtension>
            <ns3:hr>75</ns3:hr>
            <ns3:cad>54</ns3:cad>
          </ns3:TrackPointExtension>
        </extensions>
      </trkpt>
      <trkpt lat="32.06312161870300769805908203125" lon="118.8151288591325283050537109375">
        <ele>31</ele>
        <time>2026-09-16T04:30:10.000Z</time>
        <extensions>
          <ns3:TrackPointExtension>
            <ns3:hr>74</ns3:hr>
            <ns3:cad>0</ns3:cad>
          </ns3:TrackPointExtension>
        </extensions>
      </trkpt>
      <trkpt lat="32.06307317130267620086669921875" lon="118.81511955522000789642333984375">
        <ele>30.799999237060546875</ele>
        <time>2026-09-16T04:30:14.000Z</time>
        <extensions>
          <ns3:TrackPointExtension>
            <ns3:hr>74</ns3:hr>
            <ns3:cad>53</ns3:cad>
          </ns3:TrackPointExtension>
        </extensions>
      </trkpt>
      <trkpt lat="32.06301131285727024078369140625" lon="118.81507940590381622314453125">
        <ele>30.6000003814697265625</ele>
        <time>2026-09-16T04:30:22.000Z</time>
        <extensions>
          <ns3:TrackPointExtension>
            <ns3:hr>73</ns3:hr>
            <ns3:cad>54</ns3:cad>
          </ns3:TrackPointExtension>
        </extensions>
      </trkpt>
      <trkpt lat="32.06295691430568695068359375" lon="118.81505794823169708251953125">
        <ele>30.799999237060546875</ele>
        <time>2026-09-16T04:30:28.000Z</time>
        <extensions>
          <ns3:TrackPointExtension>
            <ns3:hr>74</ns3:hr>
            <ns3:cad>50</ns3:cad>
          </ns3:TrackPointExtension>
        </extensions>
      </trkpt>
      <trkpt lat="32.06293989904224872589111328125" lon="118.815071024000644683837890625">
        <ele>30.799999237060546875</ele>
        <time>2026-09-16T04:30:30.000Z</time>
        <extensions>
          <ns3:TrackPointExtension>
            <ns3:hr>76</ns3:hr>
            <ns3:cad>50</ns3:cad>
          </ns3:TrackPointExtension>
        </extensions>
      </trkpt>
      <trkpt lat="32.0629369653761386871337890625" lon="118.8150881230831146240234375">
        <ele>31.3999996185302734375</ele>
        <time>2026-09-16T04:30:33.000Z</time>
        <extensions>
          <ns3:TrackPointExtension>
            <ns3:hr>76</ns3:hr>
            <ns3:cad>51</ns3:cad>
          </ns3:TrackPointExtension>
        </extensions>
      </trkpt>
      <trkpt lat="32.062937133014202117919921875" lon="118.8150990195572376251220703125">
        <ele>31.6000003814697265625</ele>
        <time>2026-09-16T04:30:34.000Z</time>
        <extensions>
          <ns3:TrackPointExtension>
            <ns3:hr>76</ns3:hr>
            <ns3:cad>0</ns3:cad>
          </ns3:TrackPointExtension>
        </extensions>
      </trkpt>
      <trkpt lat="32.06294006668031215667724609375" lon="118.81511025130748748779296875">
        <ele>32</ele>
        <time>2026-09-16T04:30:36.000Z</time>
        <extensions>
          <ns3:TrackPointExtension>
            <ns3:hr>78</ns3:hr>
            <ns3:cad>0</ns3:cad>
          </ns3:TrackPointExtension>
        </extensions>
      </trkpt>
      <trkpt lat="32.062945179641246795654296875" lon="118.81512542255222797393798828125">
        <ele>32.40000152587890625</ele>
        <time>2026-09-16T04:30:38.000Z</time>
        <extensions>
          <ns3:TrackPointExtension>
            <ns3:hr>81</ns3:hr>
            <ns3:cad>0</ns3:cad>
          </ns3:TrackPointExtension>
        </extensions>
      </trkpt>
      <trkpt lat="32.06294476054608821868896484375" lon="118.8151476345956325531005859375">
        <ele>33.200000762939453125</ele>
        <time>2026-09-16T04:30:41.000Z</time>
        <extensions>
          <ns3:TrackPointExtension>
            <ns3:hr>84</ns3:hr>
            <ns3:cad>0</ns3:cad>
          </ns3:TrackPointExtension>
        </extensions>
      </trkpt>
      <trkpt lat="32.0629389770328998565673828125" lon="118.81517730653285980224609375">
        <ele>33</ele>
        <time>2026-09-16T04:30:45.000Z</time>
        <extensions>
          <ns3:TrackPointExtension>
            <ns3:hr>87</ns3:hr>
            <ns3:cad>0</ns3:cad>
          </ns3:TrackPointExtension>
        </extensions>
      </trkpt>
      <trkpt lat="32.06291374750435352325439453125" lon="118.81521745584905147552490234375">
        <ele>32.59999847412109375</ele>
        <time>2026-09-16T04:30:51.000Z</time>
        <extensions>
          <ns3:TrackPointExtension>
            <ns3:hr>86</ns3:hr>
            <ns3:cad>0</ns3:cad>
          </ns3:TrackPointExtension>
        </extensions>
      </trkpt>
      <trkpt lat="32.06289463676512241363525390625" lon="118.81526070646941661834716796875">
        <ele>32.40000152587890625</ele>
        <time>2026-09-16T04:30:57.000Z</time>
        <extensions>
          <ns3:TrackPointExtension>
            <ns3:hr>85</ns3:hr>
            <ns3:cad>49</ns3:cad>
          </ns3:TrackPointExtension>
        </extensions>
      </trkpt>
      <trkpt lat="32.0628596842288970947265625" lon="118.81531384773552417755126953125">
        <ele>32.40000152587890625</ele>
        <time>2026-09-16T04:31:04.000Z</time>
        <extensions>
          <ns3:TrackPointExtension>
            <ns3:hr>85</ns3:hr>
            <ns3:cad>51</ns3:cad>
          </ns3:TrackPointExtension>
        </extensions>
      </trkpt>
      <trkpt lat="32.062815763056278228759765625" lon="118.81532608531415462493896484375">
        <ele>32.799999237060546875</ele>
        <time>2026-09-16T04:31:09.000Z</time>
        <extensions>
          <ns3:TrackPointExtension>
            <ns3:hr>85</ns3:hr>
            <ns3:cad>51</ns3:cad>
          </ns3:TrackPointExtension>
        </extensions>
      </trkpt>
      <trkpt lat="32.06280511803925037384033203125" lon="118.8153229840099811553955078125">
        <ele>32.799999237060546875</ele>
        <time>2026-09-16T04:31:10.000Z</time>
        <extensions>
          <ns3:TrackPointExtension>
            <ns3:hr>84</ns3:hr>
            <ns3:cad>51</ns3:cad>
          </ns3:TrackPointExtension>
        </extensions>
      </trkpt>
      <trkpt lat="32.0627609454095363616943359375" lon="118.81530697457492351531982421875">
        <ele>32</ele>
        <time>2026-09-16T04:31:14.000Z</time>
        <extensions>
          <ns3:TrackPointExtension>
            <ns3:hr>86</ns3:hr>
            <ns3:cad>0</ns3:cad>
          </ns3:TrackPointExtension>
        </extensions>
      </trkpt>
      <trkpt lat="32.0627334527671337127685546875" lon="118.81528233177959918975830078125">
        <ele>31.6000003814697265625</ele>
        <time>2026-09-16T04:31:18.000Z</time>
        <extensions>
          <ns3:TrackPointExtension>
            <ns3:hr>89</ns3:hr>
            <ns3:cad>54</ns3:cad>
          </ns3:TrackPointExtension>
        </extensions>
      </trkpt>
      <trkpt lat="32.06273118965327739715576171875" lon="118.8152760453522205352783203125">
        <ele>31.3999996185302734375</ele>
        <time>2026-09-16T04:31:19.000Z</time>
        <extensions>
          <ns3:TrackPointExtension>
            <ns3:hr>90</ns3:hr>
            <ns3:cad>54</ns3:cad>
          </ns3:TrackPointExtension>
        </extensions>
      </trkpt>
      <trkpt lat="32.06270344555377960205078125" lon="118.81525400094687938690185546875">
        <ele>31</ele>
        <time>2026-09-16T04:31:23.000Z</time>
        <extensions>
          <ns3:TrackPointExtension>
            <ns3:hr>90</ns3:hr>
            <ns3:cad>54</ns3:cad>
          </ns3:TrackPointExtension>
        </extensions>
      </trkpt>
      <trkpt lat="32.06267318688333034515380859375" lon="118.8152398355305194854736328125">
        <ele>30.799999237060546875</ele>
        <time>2026-09-16T04:31:27.000Z</time>
        <extensions>
          <ns3:TrackPointExtension>
            <ns3:hr>90</ns3:hr>
            <ns3:cad>57</ns3:cad>
          </ns3:TrackPointExtension>
        </extensions>
      </trkpt>
      <trkpt lat="32.06262205727398395538330078125" lon="118.81523204036056995391845703125">
        <ele>29.799999237060546875</ele>
        <time>2026-09-16T04:31:33.000Z</time>
        <extensions>
          <ns3:TrackPointExtension>
            <ns3:hr>91</ns3:hr>
            <ns3:cad>59</ns3:cad>
          </ns3:TrackPointExtension>
        </extensions>
      </trkpt>
      <trkpt lat="32.06257411278784275054931640625" lon="118.8151959143579006195068359375">
        <ele>29.3999996185302734375</ele>
        <time>2026-09-16T04:31:38.000Z</time>
        <extensions>
          <ns3:TrackPointExtension>
            <ns3:hr>90</ns3:hr>
            <ns3:cad>55</ns3:cad>
          </ns3:TrackPointExtension>
        </extensions>
      </trkpt>
      <trkpt lat="32.06253203563392162322998046875" lon="118.8151804916560649871826171875">
        <ele>28.799999237060546875</ele>
        <time>2026-09-16T04:31:44.000Z</time>
        <extensions>
          <ns3:TrackPointExtension>
            <ns3:hr>89</ns3:hr>
            <ns3:cad>55</ns3:cad>
          </ns3:TrackPointExtension>
        </extensions>
      </trkpt>
      <trkpt lat="32.0625297725200653076171875" lon="118.81517822854220867156982421875">
        <ele>28.799999237060546875</ele>
        <time>2026-09-16T04:31:45.000Z</time>
        <extensions>
          <ns3:TrackPointExtension>
            <ns3:hr>89</ns3:hr>
            <ns3:cad>55</ns3:cad>
          </ns3:TrackPointExtension>
        </extensions>
      </trkpt>
      <trkpt lat="32.06248576752841472625732421875" lon="118.81515408866107463836669921875">
        <ele>27.799999237060546875</ele>
        <time>2026-09-16T04:31:52.000Z</time>
        <extensions>
          <ns3:TrackPointExtension>
            <ns3:hr>89</ns3:hr>
            <ns3:cad>59</ns3:cad>
          </ns3:TrackPointExtension>
        </extensions>
      </trkpt>
      <trkpt lat="32.0624736137688159942626953125" lon="118.81514780223369598388671875">
        <ele>27.799999237060546875</ele>
        <time>2026-09-16T04:31:53.000Z</time>
        <extensions>
          <ns3:TrackPointExtension>
            <ns3:hr>89</ns3:hr>
            <ns3:cad>59</ns3:cad>
          </ns3:TrackPointExtension>
        </extensions>
      </trkpt>
      <trkpt lat="32.0624270103871822357177734375" lon="118.815111257135868072509765625">
        <ele>28</ele>
        <time>2026-09-16T04:32:01.000Z</time>
        <extensions>
          <ns3:TrackPointExtension>
            <ns3:hr>89</ns3:hr>
            <ns3:cad>0</ns3:cad>
          </ns3:TrackPointExtension>
        </extensions>
      </trkpt>
      <trkpt lat="32.06245425157248973846435546875" lon="118.81509893573820590972900390625">
        <ele>28</ele>
        <time>2026-09-16T04:32:06.000Z</time>
        <extensions>
          <ns3:TrackPointExtension>
            <ns3:hr>90</ns3:hr>
            <ns3:cad>0</ns3:cad>
          </ns3:TrackPointExtension>
        </extensions>
      </trkpt>
      <trkpt lat="32.06248543225228786468505859375" lon="118.8151556812226772308349609375">
        <ele>27.6000003814697265625</ele>
        <time>2026-09-16T04:32:13.000Z</time>
        <extensions>
          <ns3:TrackPointExtension>
            <ns3:hr>89</ns3:hr>
            <ns3:cad>0</ns3:cad>
          </ns3:TrackPointExtension>
        </extensions>
      </trkpt>
      <trkpt lat="32.06245131790637969970703125" lon="118.81521326489746570587158203125">
        <ele>27.6000003814697265625</ele>
        <time>2026-09-16T04:32:20.000Z</time>
        <extensions>
          <ns3:TrackPointExtension>
            <ns3:hr>90</ns3:hr>
            <ns3:cad>49</ns3:cad>
          </ns3:TrackPointExtension>
        </extensions>
      </trkpt>
      <trkpt lat="32.06242172978818416595458984375" lon="118.8152177073061466217041015625">
        <ele>27.3999996185302734375</ele>
        <time>2026-09-16T04:32:28.000Z</time>
        <extensions>
          <ns3:TrackPointExtension>
            <ns3:hr>89</ns3:hr>
            <ns3:cad>44</ns3:cad>
          </ns3:TrackPointExtension>
        </extensions>
      </trkpt>
      <trkpt lat="32.06244385801255702972412109375" lon="118.81515827961266040802001953125">
        <ele>27.799999237060546875</ele>
        <time>2026-09-16T04:32:34.000Z</time>
        <extensions>
          <ns3:TrackPointExtension>
            <ns3:hr>89</ns3:hr>
            <ns3:cad>0</ns3:cad>
          </ns3:TrackPointExtension>
        </extensions>
      </trkpt>
      <trkpt lat="32.062467075884342193603515625" lon="118.81514369510114192962646484375">
        <ele>27.6000003814697265625</ele>
        <time>2026-09-16T04:32:37.000Z</time>
        <extensions>
          <ns3:TrackPointExtension>
            <ns3:hr>86</ns3:hr>
            <ns3:cad>46</ns3:cad>
          </ns3:TrackPointExtension>
        </extensions>
      </trkpt>
      <trkpt lat="32.0624887011945247650146484375" lon="118.81514771841466426849365234375">
        <ele>27.799999237060546875</ele>
        <time>2026-09-16T04:32:40.000Z</time>
        <extensions>
          <ns3:TrackPointExtension>
            <ns3:hr>84</ns3:hr>
            <ns3:cad>46</ns3:cad>
          </ns3:TrackPointExtension>
        </extensions>
      </trkpt>
      <trkpt lat="32.0625245757400989532470703125" lon="118.81514838896691799163818359375">
        <ele>28.3999996185302734375</ele>
        <time>2026-09-16T04:32:44.000Z</time>
        <extensions>
          <ns3:TrackPointExtension>
            <ns3:hr>81</ns3:hr>
            <ns3:cad>46</ns3:cad>
          </ns3:TrackPointExtension>
        </extensions>
      </trkpt>
      <trkpt lat="32.0625379867851734161376953125" lon="118.81515090353786945343017578125">
        <ele>28.6000003814697265625</ele>
        <time>2026-09-16T04:32:45.000Z</time>
        <extensions>
          <ns3:TrackPointExtension>
            <ns3:hr>81</ns3:hr>
            <ns3:cad>0</ns3:cad>
          </ns3:TrackPointExtension>
        </extensions>
      </trkpt>
      <trkpt lat="32.062585763633251190185546875" lon="118.81516733206808567047119140625">
        <ele>28.799999237060546875</ele>
        <time>2026-09-16T04:32:50.000Z</time>
        <extensions>
          <ns3:TrackPointExtension>
            <ns3:hr>82</ns3:hr>
            <ns3:cad>0</ns3:cad>
          </ns3:TrackPointExtension>
        </extensions>
      </trkpt>
      <trkpt lat="32.06259238533675670623779296875" lon="118.8151731155812740325927734375">
        <ele>29</ele>
        <time>2026-09-16T04:32:51.000Z</time>
        <extensions>
          <ns3:TrackPointExtension>
            <ns3:hr>82</ns3:hr>
            <ns3:cad>46</ns3:cad>
          </ns3:TrackPointExtension>
        </extensions>
      </trkpt>
      <trkpt lat="32.0626590214669704437255859375" lon="118.8151861913502216339111328125">
        <ele>29.799999237060546875</ele>
        <time>2026-09-16T04:32:58.000Z</time>
        <extensions>
          <ns3:TrackPointExtension>
            <ns3:hr>84</ns3:hr>
            <ns3:cad>0</ns3:cad>
          </ns3:TrackPointExtension>
        </extensions>
      </trkpt>
      <trkpt lat="32.06267821602523326873779296875" lon="118.81518124602735042572021484375">
        <ele>30.3999996185302734375</ele>
        <time>2026-09-16T04:33:01.000Z</time>
        <extensions>
          <ns3:TrackPointExtension>
            <ns3:hr>87</ns3:hr>
            <ns3:cad>0</ns3:cad>
          </ns3:TrackPointExtension>
        </extensions>
      </trkpt>
      <trkpt lat="32.06268894486129283905029296875" lon="118.81518074311316013336181640625">
        <ele>31</ele>
        <time>2026-09-16T04:33:03.000Z</time>
        <extensions>
          <ns3:TrackPointExtension>
            <ns3:hr>88</ns3:hr>
            <ns3:cad>0</ns3:cad>
          </ns3:TrackPointExtension>
        </extensions>
      </trkpt>
      <trkpt lat="32.06269565038383007049560546875" lon="118.8151771388947963714599609375">
        <ele>31.200000762939453125</ele>
        <time>2026-09-16T04:33:04.000Z</time>
        <extensions>
          <ns3:TrackPointExtension>
            <ns3:hr>89</ns3:hr>
            <ns3:cad>48</ns3:cad>
          </ns3:TrackPointExtension>
        </extensions>
      </trkpt>
      <trkpt lat="32.06272699870169162750244140625" lon="118.8151224888861179351806640625">
        <ele>30.799999237060546875</ele>
        <time>2026-09-16T04:33:11.000Z</time>
        <extensions>
          <ns3:TrackPointExtension>
            <ns3:hr>88</ns3:hr>
            <ns3:cad>52</ns3:cad>
          </ns3:TrackPointExtension>
        </extensions>
      </trkpt>
      <trkpt lat="32.062775529921054840087890625" lon="118.81506876088678836822509765625">
        <ele>30.799999237060546875</ele>
        <time>2026-09-16T04:33:18.000Z</time>
        <extensions>
          <ns3:TrackPointExtension>
            <ns3:hr>88</ns3:hr>
            <ns3:cad>51</ns3:cad>
          </ns3:TrackPointExtension>
        </extensions>
      </trkpt>
      <trkpt lat="32.062814421951770782470703125" lon="118.815038837492465972900390625">
        <ele>31.3999996185302734375</ele>
        <time>2026-09-16T04:33:23.000Z</time>
        <extensions>
          <ns3:TrackPointExtension>
            <ns3:hr>90</ns3:hr>
            <ns3:cad>47</ns3:cad>
          </ns3:TrackPointExtension>
        </extensions>
      </trkpt>
      <trkpt lat="32.062863372266292572021484375" lon="118.81502551026642322540283203125">
        <ele>31.799999237060546875</ele>
        <time>2026-09-16T04:33:28.000Z</time>
        <extensions>
          <ns3:TrackPointExtension>
            <ns3:hr>92</ns3:hr>
            <ns3:cad>50</ns3:cad>
          </ns3:TrackPointExtension>
        </extensions>
      </trkpt>
      <trkpt lat="32.0629188604652881622314453125" lon="118.81500053219497203826904296875">
        <ele>31.3999996185302734375</ele>
        <time>2026-09-16T04:33:35.000Z</time>
        <extensions>
          <ns3:TrackPointExtension>
            <ns3:hr>94</ns3:hr>
            <ns3:cad>50</ns3:cad>
          </ns3:TrackPointExtension>
        </extensions>
      </trkpt>
      <trkpt lat="32.0629812218248844146728515625" lon="118.815005309879779815673828125">
        <ele>31</ele>
        <time>2026-09-16T04:33:42.000Z</time>
        <extensions>
          <ns3:TrackPointExtension>
            <ns3:hr>93</ns3:hr>
            <ns3:cad>50</ns3:cad>
          </ns3:TrackPointExtension>
        </extensions>
      </trkpt>
      <trkpt lat="32.06305104307830333709716796875" lon="118.815043866634368896484375">
        <ele>31</ele>
        <time>2026-09-16T04:33:48.000Z</time>
        <extensions>
          <ns3:TrackPointExtension>
            <ns3:hr>92</ns3:hr>
            <ns3:cad>0</ns3:cad>
          </ns3:TrackPointExtension>
        </extensions>
      </trkpt>
      <trkpt lat="32.0631072856485843658447265625" lon="118.8150802440941333770751953125">
        <ele>31.3999996185302734375</ele>
        <time>2026-09-16T04:33:54.000Z</time>
        <extensions>
          <ns3:TrackPointExtension>
            <ns3:hr>97</ns3:hr>
            <ns3:cad>52</ns3:cad>
          </ns3:TrackPointExtension>
        </extensions>
      </trkpt>
      <trkpt lat="32.06311759538948535919189453125" lon="118.8150866143405437469482421875">
        <ele>31.3999996185302734375</ele>
        <time>2026-09-16T04:33:55.000Z</time>
        <extensions>
          <ns3:TrackPointExtension>
            <ns3:hr>102</ns3:hr>
            <ns3:cad>52</ns3:cad>
          </ns3:TrackPointExtension>
        </extensions>
      </trkpt>
      <trkpt lat="32.0631351135671138763427734375" lon="118.8150949962437152862548828125">
        <ele>31.3999996185302734375</ele>
        <time>2026-09-16T04:33:57.000Z</time>
        <extensions>
          <ns3:TrackPointExtension>
            <ns3:hr>105</ns3:hr>
            <ns3:cad>52</ns3:cad>
          </ns3:TrackPointExtension>
        </extensions>
      </trkpt>
      <trkpt lat="32.0631750114262104034423828125" lon="118.8151068985462188720703125">
        <ele>31.6000003814697265625</ele>
        <time>2026-09-16T04:34:00.000Z</time>
        <extensions>
          <ns3:TrackPointExtension>
            <ns3:hr>106</ns3:hr>
            <ns3:cad>53</ns3:cad>
          </ns3:TrackPointExtension>
        </extensions>
      </trkpt>
      <trkpt lat="32.063236534595489501953125" lon="118.81514151580631732940673828125">
        <ele>32</ele>
        <time>2026-09-16T04:34:05.000Z</time>
        <extensions>
          <ns3:TrackPointExtension>
            <ns3:hr>106</ns3:hr>
            <ns3:cad>52</ns3:cad>
          </ns3:TrackPointExtension>
        </extensions>
      </trkpt>
      <trkpt lat="32.063246928155422210693359375" lon="118.8151476345956325531005859375">
        <ele>32.200000762939453125</ele>
        <time>2026-09-16T04:34:06.000Z</time>
        <extensions>
          <ns3:TrackPointExtension>
            <ns3:hr>106</ns3:hr>
            <ns3:cad>52</ns3:cad>
          </ns3:TrackPointExtension>
        </extensions>
      </trkpt>
      <trkpt lat="32.063312642276287078857421875" lon="118.81517923437058925628662109375">
        <ele>32.40000152587890625</ele>
        <time>2026-09-16T04:34:13.000Z</time>
        <extensions>
          <ns3:TrackPointExtension>
            <ns3:hr>107</ns3:hr>
            <ns3:cad>52</ns3:cad>
          </ns3:TrackPointExtension>
        </extensions>
      </trkpt>
      <trkpt lat="32.06339252181351184844970703125" lon="118.81520412862300872802734375">
        <ele>33</ele>
        <time>2026-09-16T04:34:20.000Z</time>
        <extensions>
          <ns3:TrackPointExtension>
            <ns3:hr>107</ns3:hr>
            <ns3:cad>53</ns3:cad>
          </ns3:TrackPointExtension>
        </extensions>
      </trkpt>
      <trkpt lat="32.063406519591808319091796875" lon="118.81520622409880161285400390625">
        <ele>33.200000762939453125</ele>
        <time>2026-09-16T04:34:21.000Z</time>
        <extensions>
          <ns3:TrackPointExtension>
            <ns3:hr>108</ns3:hr>
            <ns3:cad>53</ns3:cad>
          </ns3:TrackPointExtension>
        </extensions>
      </trkpt>
      <trkpt lat="32.06345982849597930908203125" lon="118.81521276198327541351318359375">
        <ele>34</ele>
        <time>2026-09-16T04:34:27.000Z</time>
        <extensions>
          <ns3:TrackPointExtension>
            <ns3:hr>108</ns3:hr>
            <ns3:cad>53</ns3:cad>
          </ns3:TrackPointExtension>
        </extensions>
      </trkpt>
      <trkpt lat="32.063472233712673187255859375" lon="118.8152182102203369140625">
        <ele>34.200000762939453125</ele>
        <time>2026-09-16T04:34:28.000Z</time>
        <extensions>
          <ns3:TrackPointExtension>
            <ns3:hr>109</ns3:hr>
            <ns3:cad>0</ns3:cad>
          </ns3:TrackPointExtension>
        </extensions>
      </trkpt>
      <trkpt lat="32.0635020732879638671875" lon="118.81523036397993564605712890625">
        <ele>35.200000762939453125</ele>
        <time>2026-09-16T04:34:32.000Z</time>
        <extensions>
          <ns3:TrackPointExtension>
            <ns3:hr>108</ns3:hr>
            <ns3:cad>53</ns3:cad>
          </ns3:TrackPointExtension>
        </extensions>
      </trkpt>
      <trkpt lat="32.06356577575206756591796875" lon="118.815234638750553131103515625">
        <ele>35.40000152587890625</ele>
        <time>2026-09-16T04:34:38.000Z</time>
        <extensions>
          <ns3:TrackPointExtension>
            <ns3:hr>110</ns3:hr>
            <ns3:cad>0</ns3:cad>
          </ns3:TrackPointExtension>
        </extensions>
      </trkpt>
      <trkpt lat="32.06358664669096469879150390625" lon="118.81521158851683139801025390625">
        <ele>35</ele>
        <time>2026-09-16T04:34:42.000Z</time>
        <extensions>
          <ns3:TrackPointExtension>
            <ns3:hr>111</ns3:hr>
            <ns3:cad>0</ns3:cad>
          </ns3:TrackPointExtension>
        </extensions>
      </trkpt>
      <trkpt lat="32.0636148937046527862548828125" lon="118.8151737861335277557373046875">
        <ele>34.59999847412109375</ele>
        <time>2026-09-16T04:34:45.000Z</time>
        <extensions>
          <ns3:TrackPointExtension>
            <ns3:hr>110</ns3:hr>
            <ns3:cad>54</ns3:cad>
          </ns3:TrackPointExtension>
        </extensions>
      </trkpt>
      <trkpt lat="32.06363626755774021148681640625" lon="118.815120644867420196533203125">
        <ele>34.200000762939453125</ele>
        <time>2026-09-16T04:34:49.000Z</time>
        <extensions>
          <ns3:TrackPointExtension>
            <ns3:hr>109</ns3:hr>
            <ns3:cad>54</ns3:cad>
          </ns3:TrackPointExtension>
        </extensions>
      </trkpt>
      <trkpt lat="32.06365554593503475189208984375" lon="118.81510220468044281005859375">
        <ele>34</ele>
        <time>2026-09-16T04:34:51.000Z</time>
        <extensions>
          <ns3:TrackPointExtension>
            <ns3:hr>109</ns3:hr>
            <ns3:cad>56</ns3:cad>
          </ns3:TrackPointExtension>
        </extensions>
      </trkpt>
      <trkpt lat="32.06370198167860507965087890625" lon="118.81506071425974369049072265625">
        <ele>33.59999847412109375</ele>
        <time>2026-09-16T04:34:57.000Z</time>
        <extensions>
          <ns3:TrackPointExtension>
            <ns3:hr>108</ns3:hr>
            <ns3:cad>54</ns3:cad>
          </ns3:TrackPointExtension>
        </extensions>
      </trkpt>
      <trkpt lat="32.063733078539371490478515625" lon="118.8150004483759403228759765625">
        <ele>33.200000762939453125</ele>
        <time>2026-09-16T04:35:03.000Z</time>
        <extensions>
          <ns3:TrackPointExtension>
            <ns3:hr>106</ns3:hr>
            <ns3:cad>54</ns3:cad>
          </ns3:TrackPointExtension>
        </extensions>
      </trkpt>
      <trkpt lat="32.063741125166416168212890625" lon="118.8149491511285305023193359375">
        <ele>33</ele>
        <time>2026-09-16T04:35:10.000Z</time>
        <extensions>
          <ns3:TrackPointExtension>
            <ns3:hr>105</ns3:hr>
            <ns3:cad>53</ns3:cad>
          </ns3:TrackPointExtension>
        </extensions>
      </trkpt>
      <trkpt lat="32.06374741159379482269287109375" lon="118.8149166293442249298095703125">
        <ele>32.59999847412109375</ele>
        <time>2026-09-16T04:35:13.000Z</time>
        <extensions>
          <ns3:TrackPointExtension>
            <ns3:hr>105</ns3:hr>
            <ns3:cad>0</ns3:cad>
          </ns3:TrackPointExtension>
        </extensions>
      </trkpt>
      <trkpt lat="32.06376182846724987030029296875" lon="118.8149387575685977935791015625">
        <ele>32.799999237060546875</ele>
        <time>2026-09-16T04:35:19.000Z</time>
        <extensions>
          <ns3:TrackPointExtension>
            <ns3:hr>106</ns3:hr>
            <ns3:cad>63</ns3:cad>
          </ns3:TrackPointExtension>
        </extensions>
      </trkpt>
      <trkpt lat="32.06377238966524600982666015625" lon="118.81494286470115184783935546875">
        <ele>32.799999237060546875</ele>
        <time>2026-09-16T04:35:21.000Z</time>
        <extensions>
          <ns3:TrackPointExtension>
            <ns3:hr>105</ns3:hr>
            <ns3:cad>62</ns3:cad>
          </ns3:TrackPointExtension>
        </extensions>
      </trkpt>
      <trkpt lat="32.06378311850130558013916015625" lon="118.814941607415676116943359375">
        <ele>32.799999237060546875</ele>
        <time>2026-09-16T04:35:26.000Z</time>
        <extensions>
          <ns3:TrackPointExtension>
            <ns3:hr>103</ns3:hr>
            <ns3:cad>0</ns3:cad>
          </ns3:TrackPointExtension>
        </extensions>
      </trkpt>
      <trkpt lat="32.0637731440365314483642578125" lon="118.8149323873221874237060546875">
        <ele>32.59999847412109375</ele>
        <time>2026-09-16T04:35:31.000Z</time>
        <extensions>
          <ns3:TrackPointExtension>
            <ns3:hr>100</ns3:hr>
            <ns3:cad>0</ns3:cad>
          </ns3:TrackPointExtension>
        </extensions>
      </trkpt>
      <trkpt lat="32.063773311674594879150390625" lon="118.81493766792118549346923828125">
        <ele>32.799999237060546875</ele>
        <time>2026-09-16T04:35:34.000Z</time>
        <extensions>
          <ns3:TrackPointExtension>
            <ns3:hr>100</ns3:hr>
            <ns3:cad>0</ns3:cad>
          </ns3:TrackPointExtension>
        </extensions>
      </trkpt>
      <trkpt lat="32.06377071328461170196533203125" lon="118.81495057605206966400146484375">
        <ele>32.799999237060546875</ele>
        <time>2026-09-16T04:35:41.000Z</time>
        <extensions>
          <ns3:TrackPointExtension>
            <ns3:hr>100</ns3:hr>
            <ns3:cad>0</ns3:cad>
          </ns3:TrackPointExtension>
        </extensions>
      </trkpt>
      <trkpt lat="32.06376870162785053253173828125" lon="118.81494554691016674041748046875">
        <ele>32.799999237060546875</ele>
        <time>2026-09-16T04:35:47.000Z</time>
        <extensions>
          <ns3:TrackPointExtension>
            <ns3:hr>97</ns3:hr>
            <ns3:cad>0</ns3:cad>
          </ns3:TrackPointExtension>
        </extensions>
      </trkpt>
      <trkpt lat="32.06376803107559680938720703125" lon="118.81493532098829746246337890625">
        <ele>32.59999847412109375</ele>
        <time>2026-09-16T04:35:49.000Z</time>
        <extensions>
          <ns3:TrackPointExtension>
            <ns3:hr>97</ns3:hr>
            <ns3:cad>0</ns3:cad>
          </ns3:TrackPointExtension>
        </extensions>
      </trkpt>
      <trkpt lat="32.0637785084545612335205078125" lon="118.81492895074188709259033203125">
        <ele>32.200000762939453125</ele>
        <time>2026-09-16T04:35:58.000Z</time>
        <extensions>
          <ns3:TrackPointExtension>
            <ns3:hr>96</ns3:hr>
            <ns3:cad>0</ns3:cad>
          </ns3:TrackPointExtension>
        </extensions>
      </trkpt>
      <trkpt lat="32.063777334988117218017578125" lon="118.8149246759712696075439453125">
        <ele>32.200000762939453125</ele>
        <time>2026-09-16T04:35:59.000Z</time>
        <extensions>
          <ns3:TrackPointExtension>
            <ns3:hr>96</ns3:hr>
            <ns3:cad>0</ns3:cad>
          </ns3:TrackPointExtension>
        </extensions>
      </trkpt>
      <trkpt lat="32.0638073422014713287353515625" lon="118.814941942691802978515625">
        <ele>32.200000762939453125</ele>
        <time>2026-09-16T04:36:06.000Z</time>
        <extensions>
          <ns3:TrackPointExtension>
            <ns3:hr>97</ns3:hr>
            <ns3:cad>0</ns3:cad>
          </ns3:TrackPointExtension>
        </extensions>
      </trkpt>
      <trkpt lat="32.06380449235439300537109375" lon="118.81495107896625995635986328125">
        <ele>32.200000762939453125</ele>
        <time>2026-09-16T04:36:11.000Z</time>
        <extensions>
          <ns3:TrackPointExtension>
            <ns3:hr>93</ns3:hr>
            <ns3:cad>0</ns3:cad>
          </ns3:TrackPointExtension>
        </extensions>
      </trkpt>
      <trkpt lat="32.06380172632634639739990234375" lon="118.8149615563452243804931640625">
        <ele>32.200000762939453125</ele>
        <time>2026-09-16T04:36:13.000Z</time>
        <extensions>
          <ns3:TrackPointExtension>
            <ns3:hr>89</ns3:hr>
            <ns3:cad>0</ns3:cad>
          </ns3:TrackPointExtension>
        </extensions>
      </trkpt>
      <trkpt lat="32.06380583345890045166015625" lon="118.81496817804872989654541015625">
        <ele>32.200000762939453125</ele>
        <time>2026-09-16T04:36:16.000Z</time>
        <extensions>
          <ns3:TrackPointExtension>
            <ns3:hr>86</ns3:hr>
            <ns3:cad>0</ns3:cad>
          </ns3:TrackPointExtension>
        </extensions>
      </trkpt>
      <trkpt lat="32.0638026483356952667236328125" lon="118.8149659149348735809326171875">
        <ele>32.200000762939453125</ele>
        <time>2026-09-16T04:36:21.000Z</time>
        <extensions>
          <ns3:TrackPointExtension>
            <ns3:hr>86</ns3:hr>
            <ns3:cad>0</ns3:cad>
          </ns3:TrackPointExtension>
        </extensions>
      </trkpt>
      <trkpt lat="32.06379183568060398101806640625" lon="118.81494588218629360198974609375">
        <ele>32.59999847412109375</ele>
        <time>2026-09-16T04:36:31.000Z</time>
        <extensions>
          <ns3:TrackPointExtension>
            <ns3:hr>85</ns3:hr>
            <ns3:cad>0</ns3:cad>
          </ns3:TrackPointExtension>
        </extensions>
      </trkpt>
      <trkpt lat="32.0637798495590686798095703125" lon="118.814941607415676116943359375">
        <ele>32.799999237060546875</ele>
        <time>2026-09-16T04:36:36.000Z</time>
        <extensions>
          <ns3:TrackPointExtension>
            <ns3:hr>88</ns3:hr>
            <ns3:cad>0</ns3:cad>
          </ns3:TrackPointExtension>
        </extensions>
      </trkpt>
      <trkpt lat="32.06377607770264148712158203125" lon="118.81493934430181980133056640625">
        <ele>32.799999237060546875</ele>
        <time>2026-09-16T04:36:39.000Z</time>
        <extensions>
          <ns3:TrackPointExtension>
            <ns3:hr>92</ns3:hr>
            <ns3:cad>0</ns3:cad>
          </ns3:TrackPointExtension>
        </extensions>
      </trkpt>
      <trkpt lat="32.0637768320739269256591796875" lon="118.8149364106357097625732421875">
        <ele>32.59999847412109375</ele>
        <time>2026-09-16T04:36:41.000Z</time>
        <extensions>
          <ns3:TrackPointExtension>
            <ns3:hr>93</ns3:hr>
            <ns3:cad>0</ns3:cad>
          </ns3:TrackPointExtension>
        </extensions>
      </trkpt>
      <trkpt lat="32.06380340270698070526123046875" lon="118.814902044832706451416015625">
        <ele>32.799999237060546875</ele>
        <time>2026-09-16T04:36:52.000Z</time>
        <extensions>
          <ns3:TrackPointExtension>
            <ns3:hr>93</ns3:hr>
            <ns3:cad>0</ns3:cad>
          </ns3:TrackPointExtension>
        </extensions>
      </trkpt>
      <trkpt lat="32.06379401497542858123779296875" lon="118.81492509506642818450927734375">
        <ele>32.40000152587890625</ele>
        <time>2026-09-16T04:36:57.000Z</time>
        <extensions>
          <ns3:TrackPointExtension>
            <ns3:hr>90</ns3:hr>
            <ns3:cad>0</ns3:cad>
          </ns3:TrackPointExtension>
        </extensions>
      </trkpt>
      <trkpt lat="32.06378965638577938079833984375" lon="118.8149310462176799774169921875">
        <ele>32.59999847412109375</ele>
        <time>2026-09-16T04:37:00.000Z</time>
        <extensions>
          <ns3:TrackPointExtension>
            <ns3:hr>87</ns3:hr>
            <ns3:cad>0</ns3:cad>
          </ns3:TrackPointExtension>
        </extensions>
      </trkpt>
      <trkpt lat="32.0637754909694194793701171875" lon="118.81493867374956607818603515625">
        <ele>32.40000152587890625</ele>
        <time>2026-09-16T04:37:09.000Z</time>
        <extensions>
          <ns3:TrackPointExtension>
            <ns3:hr>85</ns3:hr>
            <ns3:cad>0</ns3:cad>
          </ns3:TrackPointExtension>
        </extensions>
      </trkpt>
      <trkpt lat="32.06377540715038776397705078125" lon="118.81493230350315570831298828125">
        <ele>32.59999847412109375</ele>
        <time>2026-09-16T04:37:17.000Z</time>
        <extensions>
          <ns3:TrackPointExtension>
            <ns3:hr>84</ns3:hr>
            <ns3:cad>0</ns3:cad>
          </ns3:TrackPointExtension>
        </extensions>
      </trkpt>
      <trkpt lat="32.06378730945289134979248046875" lon="118.8149162940680980682373046875">
        <ele>32.40000152587890625</ele>
        <time>2026-09-16T04:37:26.000Z</time>
        <extensions>
          <ns3:TrackPointExtension>
            <ns3:hr>82</ns3:hr>
            <ns3:cad>0</ns3:cad>
          </ns3:TrackPointExtension>
        </extensions>
      </trkpt>
      <trkpt lat="32.0637862198054790496826171875" lon="118.81493599154055118560791015625">
        <ele>32.799999237060546875</ele>
        <time>2026-09-16T04:37:34.000Z</time>
        <extensions>
          <ns3:TrackPointExtension>
            <ns3:hr>81</ns3:hr>
            <ns3:cad>0</ns3:cad>
          </ns3:TrackPointExtension>
        </extensions>
      </trkpt>
      <trkpt lat="32.0637935958802700042724609375" lon="118.814916126430034637451171875">
        <ele>32.40000152587890625</ele>
        <time>2026-09-16T04:37:45.000Z</time>
        <extensions>
          <ns3:TrackPointExtension>
            <ns3:hr>81</ns3:hr>
            <ns3:cad>0</ns3:cad>
          </ns3:TrackPointExtension>
        </extensions>
      </trkpt>
      <trkpt lat="32.06377926282584667205810546875" lon="118.8149414397776126861572265625">
        <ele>32.40000152587890625</ele>
        <time>2026-09-16T04:37:53.000Z</time>
        <extensions>
          <ns3:TrackPointExtension>
            <ns3:hr>81</ns3:hr>
            <ns3:cad>0</ns3:cad>
          </ns3:TrackPointExtension>
        </extensions>
      </trkpt>
      <trkpt lat="32.06381832249462604522705078125" lon="118.8148971833288669586181640625">
        <ele>32.200000762939453125</ele>
        <time>2026-09-16T04:38:03.000Z</time>
        <extensions>
          <ns3:TrackPointExtension>
            <ns3:hr>81</ns3:hr>
            <ns3:cad>0</ns3:cad>
          </ns3:TrackPointExtension>
        </extensions>
      </trkpt>
      <trkpt lat="32.06381547264754772186279296875" lon="118.81490506231784820556640625">
        <ele>32.200000762939453125</ele>
        <time>2026-09-16T04:38:05.000Z</time>
        <extensions>
          <ns3:TrackPointExtension>
            <ns3:hr>84</ns3:hr>
            <ns3:cad>0</ns3:cad>
          </ns3:TrackPointExtension>
        </extensions>
      </trkpt>
      <trkpt lat="32.06380583345890045166015625" lon="118.81491981446743011474609375">
        <ele>32.200000762939453125</ele>
        <time>2026-09-16T04:38:11.000Z</time>
        <extensions>
          <ns3:TrackPointExtension>
            <ns3:hr>85</ns3:hr>
            <ns3:cad>0</ns3:cad>
          </ns3:TrackPointExtension>
        </extensions>
      </trkpt>
      <trkpt lat="32.06379870884120464324951171875" lon="118.8149354048073291778564453125">
        <ele>32.40000152587890625</ele>
        <time>2026-09-16T04:38:18.000Z</time>
        <extensions>
          <ns3:TrackPointExtension>
            <ns3:hr>88</ns3:hr>
            <ns3:cad>0</ns3:cad>
          </ns3:TrackPointExtension>
        </extensions>
      </trkpt>
      <trkpt lat="32.063786052167415618896484375" lon="118.81495074369013309478759765625">
        <ele>32.40000152587890625</ele>
        <time>2026-09-16T04:38:28.000Z</time>
        <extensions>
          <ns3:TrackPointExtension>
            <ns3:hr>90</ns3:hr>
            <ns3:cad>0</ns3:cad>
          </ns3:TrackPointExtension>
        </extensions>
      </trkpt>
      <trkpt lat="32.06379108130931854248046875" lon="118.81494571454823017120361328125">
        <ele>32.40000152587890625</ele>
        <time>2026-09-16T04:38:34.000Z</time>
        <extensions>
          <ns3:TrackPointExtension>
            <ns3:hr>87</ns3:hr>
            <ns3:cad>0</ns3:cad>
          </ns3:TrackPointExtension>
        </extensions>
      </trkpt>
      <trkpt lat="32.0637966133654117584228515625" lon="118.81494269706308841705322265625">
        <ele>32.40000152587890625</ele>
        <time>2026-09-16T04:38:41.000Z</time>
        <extensions>
          <ns3:TrackPointExtension>
            <ns3:hr>88</ns3:hr>
            <ns3:cad>0</ns3:cad>
          </ns3:TrackPointExtension>
        </extensions>
      </trkpt>
      <trkpt lat="32.0638009719550609588623046875" lon="118.81493096239864826202392578125">
        <ele>32.200000762939453125</ele>
        <time>2026-09-16T04:38:47.000Z</time>
        <extensions>
          <ns3:TrackPointExtension>
            <ns3:hr>88</ns3:hr>
            <ns3:cad>0</ns3:cad>
          </ns3:TrackPointExtension>
        </extensions>
      </trkpt>
      <trkpt lat="32.06379242241382598876953125" lon="118.81491956301033496856689453125">
        <ele>32.40000152587890625</ele>
        <time>2026-09-16T04:38:54.000Z</time>
        <extensions>
          <ns3:TrackPointExtension>
            <ns3:hr>93</ns3:hr>
            <ns3:cad>0</ns3:cad>
          </ns3:TrackPointExtension>
        </extensions>
      </trkpt>
      <trkpt lat="32.06378613598644733428955078125" lon="118.8149250112473964691162109375">
        <ele>32.200000762939453125</ele>
        <time>2026-09-16T04:38:56.000Z</time>
        <extensions>
          <ns3:TrackPointExtension>
            <ns3:hr>95</ns3:hr>
            <ns3:cad>0</ns3:cad>
          </ns3:TrackPointExtension>
        </extensions>
      </trkpt>
      <trkpt lat="32.06378546543419361114501953125" lon="118.81494261324405670166015625">
        <ele>32.200000762939453125</ele>
        <time>2026-09-16T04:39:06.000Z</time>
        <extensions>
          <ns3:TrackPointExtension>
            <ns3:hr>95</ns3:hr>
            <ns3:cad>0</ns3:cad>
          </ns3:TrackPointExtension>
        </extensions>
      </trkpt>
      <trkpt lat="32.06380390562117099761962890625" lon="118.8149486482143402099609375">
        <ele>32</ele>
        <time>2026-09-16T04:39:13.000Z</time>
        <extensions>
          <ns3:TrackPointExtension>
            <ns3:hr>94</ns3:hr>
            <ns3:cad>0</ns3:cad>
          </ns3:TrackPointExtension>
        </extensions>
      </trkpt>
      <trkpt lat="32.06378010101616382598876953125" lon="118.814960382878780364990234375">
        <ele>32.200000762939453125</ele>
        <time>2026-09-16T04:39:22.000Z</time>
        <extensions>
          <ns3:TrackPointExtension>
            <ns3:hr>92</ns3:hr>
            <ns3:cad>0</ns3:cad>
          </ns3:TrackPointExtension>
        </extensions>
      </trkpt>
      <trkpt lat="32.06378110684454441070556640625" lon="118.81495811976492404937744140625">
        <ele>32.200000762939453125</ele>
        <time>2026-09-16T04:39:31.000Z</time>
        <extensions>
          <ns3:TrackPointExtension>
            <ns3:hr>90</ns3:hr>
            <ns3:cad>0</ns3:cad>
          </ns3:TrackPointExtension>
        </extensions>
      </trkpt>
      <trkpt lat="32.06379770301282405853271484375" lon="118.8149380870163440704345703125">
        <ele>32.200000762939453125</ele>
        <time>2026-09-16T04:39:42.000Z</time>
        <extensions>
          <ns3:TrackPointExtension>
            <ns3:hr>90</ns3:hr>
            <ns3:cad>0</ns3:cad>
          </ns3:TrackPointExtension>
        </extensions>
      </trkpt>
      <trkpt lat="32.0637962780892848968505859375" lon="118.814942277967929840087890625">
        <ele>32.40000152587890625</ele>
        <time>2026-09-16T04:39:54.000Z</time>
        <extensions>
          <ns3:TrackPointExtension>
            <ns3:hr>88</ns3:hr>
            <ns3:cad>0</ns3:cad>
          </ns3:TrackPointExtension>
        </extensions>
      </trkpt>
      <trkpt lat="32.06378680653870105743408203125" lon="118.81494454108178615570068359375">
        <ele>32.40000152587890625</ele>
        <time>2026-09-16T04:40:00.000Z</time>
        <extensions>
          <ns3:TrackPointExtension>
            <ns3:hr>85</ns3:hr>
            <ns3:cad>0</ns3:cad>
          </ns3:TrackPointExtension>
        </extensions>
      </trkpt>
      <trkpt lat="32.06378462724387645721435546875" lon="118.8149444572627544403076171875">
        <ele>32.40000152587890625</ele>
        <time>2026-09-16T04:40:02.000Z</time>
        <extensions>
          <ns3:TrackPointExtension>
            <ns3:hr>85</ns3:hr>
            <ns3:cad>0</ns3:cad>
          </ns3:TrackPointExtension>
        </extensions>
      </trkpt>
      <trkpt lat="32.06378244794905185699462890625" lon="118.81496013142168521881103515625">
        <ele>32.200000762939453125</ele>
        <time>2026-09-16T04:40:12.000Z</time>
        <extensions>
          <ns3:TrackPointExtension>
            <ns3:hr>86</ns3:hr>
            <ns3:cad>79</ns3:cad>
          </ns3:TrackPointExtension>
        </extensions>
      </trkpt>
      <trkpt lat="32.06378303468227386474609375" lon="118.81494269706308841705322265625">
        <ele>32.200000762939453125</ele>
        <time>2026-09-16T04:40:21.000Z</time>
        <extensions>
          <ns3:TrackPointExtension>
            <ns3:hr>83</ns3:hr>
            <ns3:cad>0</ns3:cad>
          </ns3:TrackPointExtension>
        </extensions>
      </trkpt>
      <trkpt lat="32.06378211267292499542236328125" lon="118.81494127213954925537109375">
        <ele>32.200000762939453125</ele>
        <time>2026-09-16T04:40:22.000Z</time>
        <extensions>
          <ns3:TrackPointExtension>
            <ns3:hr>82</ns3:hr>
            <ns3:cad>0</ns3:cad>
          </ns3:TrackPointExtension>
        </extensions>
      </trkpt>
      <trkpt lat="32.06377825699746608734130859375" lon="118.81492928601801395416259765625">
        <ele>32.200000762939453125</ele>
        <time>2026-09-16T04:40:30.000Z</time>
        <extensions>
          <ns3:TrackPointExtension>
            <ns3:hr>85</ns3:hr>
            <ns3:cad>0</ns3:cad>
          </ns3:TrackPointExtension>
        </extensions>
      </trkpt>
      <trkpt lat="32.06377758644521236419677734375" lon="118.81492786109447479248046875">
        <ele>32.200000762939453125</ele>
        <time>2026-09-16T04:40:31.000Z</time>
        <extensions>
          <ns3:TrackPointExtension>
            <ns3:hr>89</ns3:hr>
            <ns3:cad>0</ns3:cad>
          </ns3:TrackPointExtension>
        </extensions>
      </trkpt>
      <trkpt lat="32.06377230584621429443359375" lon="118.81492517888545989990234375">
        <ele>32.200000762939453125</ele>
        <time>2026-09-16T04:40:35.000Z</time>
        <extensions>
          <ns3:TrackPointExtension>
            <ns3:hr>89</ns3:hr>
            <ns3:cad>0</ns3:cad>
          </ns3:TrackPointExtension>
        </extensions>
      </trkpt>
      <trkpt lat="32.063775323331356048583984375" lon="118.8149343989789485931396484375">
        <ele>32.40000152587890625</ele>
        <time>2026-09-16T04:40:45.000Z</time>
        <extensions>
          <ns3:TrackPointExtension>
            <ns3:hr>91</ns3:hr>
            <ns3:cad>0</ns3:cad>
          </ns3:TrackPointExtension>
        </extensions>
      </trkpt>
      <trkpt lat="32.06377373076975345611572265625" lon="118.81494319997727870941162109375">
        <ele>32.200000762939453125</ele>
        <time>2026-09-16T04:40:52.000Z</time>
        <extensions>
          <ns3:TrackPointExtension>
            <ns3:hr>91</ns3:hr>
            <ns3:cad>0</ns3:cad>
          </ns3:TrackPointExtension>
        </extensions>
      </trkpt>
      <trkpt lat="32.06379552371799945831298828125" lon="118.81493163295090198516845703125">
        <ele>32.200000762939453125</ele>
        <time>2026-09-16T04:41:03.000Z</time>
        <extensions>
          <ns3:TrackPointExtension>
            <ns3:hr>91</ns3:hr>
            <ns3:cad>0</ns3:cad>
          </ns3:TrackPointExtension>
        </extensions>
      </trkpt>
      <trkpt lat="32.063783705234527587890625" lon="118.8149283640086650848388671875">
        <ele>32.40000152587890625</ele>
        <time>2026-09-16T04:41:12.000Z</time>
        <extensions>
          <ns3:TrackPointExtension>
            <ns3:hr>91</ns3:hr>
            <ns3:cad>0</ns3:cad>
          </ns3:TrackPointExtension>
        </extensions>
      </trkpt>
      <trkpt lat="32.06378144212067127227783203125" lon="118.81493230350315570831298828125">
        <ele>32.40000152587890625</ele>
        <time>2026-09-16T04:41:20.000Z</time>
        <extensions>
          <ns3:TrackPointExtension>
            <ns3:hr>91</ns3:hr>
            <ns3:cad>0</ns3:cad>
          </ns3:TrackPointExtension>
        </extensions>
      </trkpt>
      <trkpt lat="32.0637848787009716033935546875" lon="118.81493951193988323211669921875">
        <ele>32.200000762939453125</ele>
        <time>2026-09-16T04:41:30.000Z</time>
        <extensions>
          <ns3:TrackPointExtension>
            <ns3:hr>91</ns3:hr>
            <ns3:cad>0</ns3:cad>
          </ns3:TrackPointExtension>
        </extensions>
      </trkpt>
      <trkpt lat="32.063770629465579986572265625" lon="118.81495208479464054107666015625">
        <ele>32.59999847412109375</ele>
        <time>2026-09-16T04:41:37.000Z</time>
        <extensions>
          <ns3:TrackPointExtension>
            <ns3:hr>91</ns3:hr>
            <ns3:cad>0</ns3:cad>
          </ns3:TrackPointExtension>
        </extensions>
      </trkpt>
      <trkpt lat="32.06376384012401103973388671875" lon="118.8149699382483959197998046875">
        <ele>32.40000152587890625</ele>
        <time>2026-09-16T04:41:46.000Z</time>
        <extensions>
          <ns3:TrackPointExtension>
            <ns3:hr>92</ns3:hr>
            <ns3:cad>0</ns3:cad>
          </ns3:TrackPointExtension>
        </extensions>
      </trkpt>
      <trkpt lat="32.06376400776207447052001953125" lon="118.81496180780231952667236328125">
        <ele>32.40000152587890625</ele>
        <time>2026-09-16T04:41:56.000Z</time>
        <extensions>
          <ns3:TrackPointExtension>
            <ns3:hr>92</ns3:hr>
            <ns3:cad>0</ns3:cad>
          </ns3:TrackPointExtension>
        </extensions>
      </trkpt>
      <trkpt lat="32.063769288361072540283203125" lon="118.81496834568679332733154296875">
        <ele>32.40000152587890625</ele>
        <time>2026-09-16T04:42:05.000Z</time>
        <extensions>
          <ns3:TrackPointExtension>
            <ns3:hr>89</ns3:hr>
            <ns3:cad>0</ns3:cad>
          </ns3:TrackPointExtension>
        </extensions>
      </trkpt>
      <trkpt lat="32.06378043629229068756103515625" lon="118.814971782267093658447265625">
        <ele>32.40000152587890625</ele>
        <time>2026-09-16T04:42:09.000Z</time>
        <extensions>
          <ns3:TrackPointExtension>
            <ns3:hr>89</ns3:hr>
            <ns3:cad>0</ns3:cad>
          </ns3:TrackPointExtension>
        </extensions>
      </trkpt>
      <trkpt lat="32.063762247562408447265625" lon="118.8149924017488956451416015625">
        <ele>32.59999847412109375</ele>
        <time>2026-09-16T04:42:17.000Z</time>
        <extensions>
          <ns3:TrackPointExtension>
            <ns3:hr>86</ns3:hr>
            <ns3:cad>0</ns3:cad>
          </ns3:TrackPointExtension>
        </extensions>
      </trkpt>
      <trkpt lat="32.0637627504765987396240234375" lon="118.81499114446341991424560546875">
        <ele>32.59999847412109375</ele>
        <time>2026-09-16T04:42:18.000Z</time>
        <extensions>
          <ns3:TrackPointExtension>
            <ns3:hr>86</ns3:hr>
            <ns3:cad>0</ns3:cad>
          </ns3:TrackPointExtension>
        </extensions>
      </trkpt>
      <trkpt lat="32.06377054564654827117919921875" lon="118.814954347908496856689453125">
        <ele>32.40000152587890625</ele>
        <time>2026-09-16T04:42:25.000Z</time>
        <extensions>
          <ns3:TrackPointExtension>
            <ns3:hr>86</ns3:hr>
            <ns3:cad>0</ns3:cad>
          </ns3:TrackPointExtension>
        </extensions>
      </trkpt>
      <trkpt lat="32.06377373076975345611572265625" lon="118.81494102068245410919189453125">
        <ele>32.200000762939453125</ele>
        <time>2026-09-16T04:42:31.000Z</time>
        <extensions>
          <ns3:TrackPointExtension>
            <ns3:hr>89</ns3:hr>
            <ns3:cad>0</ns3:cad>
          </ns3:TrackPointExtension>
        </extensions>
      </trkpt>
      <trkpt lat="32.06377339549362659454345703125" lon="118.81494185887277126312255859375">
        <ele>32.200000762939453125</ele>
        <time>2026-09-16T04:42:32.000Z</time>
        <extensions>
          <ns3:TrackPointExtension>
            <ns3:hr>88</ns3:hr>
            <ns3:cad>0</ns3:cad>
          </ns3:TrackPointExtension>
        </extensions>
      </trkpt>
      <trkpt lat="32.06375529058277606964111328125" lon="118.8149478100240230560302734375">
        <ele>32</ele>
        <time>2026-09-16T04:42:42.000Z</time>
        <extensions>
          <ns3:TrackPointExtension>
            <ns3:hr>87</ns3:hr>
            <ns3:cad>0</ns3:cad>
          </ns3:TrackPointExtension>
        </extensions>
      </trkpt>
      <trkpt lat="32.0637657679617404937744140625" lon="118.81493984721601009368896484375">
        <ele>32.200000762939453125</ele>
        <time>2026-09-16T04:42:52.000Z</time>
        <extensions>
          <ns3:TrackPointExtension>
            <ns3:hr>85</ns3:hr>
            <ns3:cad>0</ns3:cad>
          </ns3:TrackPointExtension>
        </extensions>
      </trkpt>
      <trkpt lat="32.063783369958400726318359375" lon="118.8149377517402172088623046875">
        <ele>32.200000762939453125</ele>
        <time>2026-09-16T04:43:02.000Z</time>
        <extensions>
          <ns3:TrackPointExtension>
            <ns3:hr>85</ns3:hr>
            <ns3:cad>0</ns3:cad>
          </ns3:TrackPointExtension>
        </extensions>
      </trkpt>
      <trkpt lat="32.0637862198054790496826171875" lon="118.814939595758914947509765625">
        <ele>32.200000762939453125</ele>
        <time>2026-09-16T04:43:04.000Z</time>
        <extensions>
          <ns3:TrackPointExtension>
            <ns3:hr>82</ns3:hr>
            <ns3:cad>0</ns3:cad>
          </ns3:TrackPointExtension>
        </extensions>
      </trkpt>
      <trkpt lat="32.063780017197132110595703125" lon="118.81495342589914798736572265625">
        <ele>32.200000762939453125</ele>
        <time>2026-09-16T04:43:13.000Z</time>
        <extensions>
          <ns3:TrackPointExtension>
            <ns3:hr>82</ns3:hr>
            <ns3:cad>0</ns3:cad>
          </ns3:TrackPointExtension>
        </extensions>
      </trkpt>
      <trkpt lat="32.0638009719550609588623046875" lon="118.81494537927210330963134765625">
        <ele>32.200000762939453125</ele>
        <time>2026-09-16T04:43:22.000Z</time>
        <extensions>
          <ns3:TrackPointExtension>
            <ns3:hr>83</ns3:hr>
            <ns3:cad>0</ns3:cad>
          </ns3:TrackPointExtension>
        </extensions>
      </trkpt>
      <trkpt lat="32.06377959810197353363037109375" lon="118.81494068540632724761962890625">
        <ele>32.200000762939453125</ele>
        <time>2026-09-16T04:43:29.000Z</time>
        <extensions>
          <ns3:TrackPointExtension>
            <ns3:hr>86</ns3:hr>
            <ns3:cad>0</ns3:cad>
          </ns3:TrackPointExtension>
        </extensions>
      </trkpt>
      <trkpt lat="32.0637775026261806488037109375" lon="118.8149390928447246551513671875">
        <ele>32.200000762939453125</ele>
        <time>2026-09-16T04:43:30.000Z</time>
        <extensions>
          <ns3:TrackPointExtension>
            <ns3:hr>86</ns3:hr>
            <ns3:cad>0</ns3:cad>
          </ns3:TrackPointExtension>
        </extensions>
      </trkpt>
      <trkpt lat="32.06378328613936901092529296875" lon="118.8149397633969783782958984375">
        <ele>32.200000762939453125</ele>
        <time>2026-09-16T04:43:40.000Z</time>
        <extensions>
          <ns3:TrackPointExtension>
            <ns3:hr>83</ns3:hr>
            <ns3:cad>0</ns3:cad>
          </ns3:TrackPointExtension>
        </extensions>
      </trkpt>
      <trkpt lat="32.06378261558711528778076171875" lon="118.8149390928447246551513671875">
        <ele>32.200000762939453125</ele>
        <time>2026-09-16T04:43:42.000Z</time>
        <extensions>
          <ns3:TrackPointExtension>
            <ns3:hr>85</ns3:hr>
            <ns3:cad>0</ns3:cad>
          </ns3:TrackPointExtension>
        </extensions>
      </trkpt>
      <trkpt lat="32.0637748204171657562255859375" lon="118.814950995147228240966796875">
        <ele>32</ele>
        <time>2026-09-16T04:43:51.000Z</time>
        <extensions>
          <ns3:TrackPointExtension>
            <ns3:hr>83</ns3:hr>
            <ns3:cad>0</ns3:cad>
          </ns3:TrackPointExtension>
        </extensions>
      </trkpt>
      <trkpt lat="32.063781358301639556884765625" lon="118.81495007313787937164306640625">
        <ele>32.200000762939453125</ele>
        <time>2026-09-16T04:43:59.000Z</time>
        <extensions>
          <ns3:TrackPointExtension>
            <ns3:hr>86</ns3:hr>
            <ns3:cad>0</ns3:cad>
          </ns3:TrackPointExtension>
        </extensions>
      </trkpt>
      <trkpt lat="32.06377171911299228668212890625" lon="118.8149454630911350250244140625">
        <ele>32.200000762939453125</ele>
        <time>2026-09-16T04:44:03.000Z</time>
        <extensions>
          <ns3:TrackPointExtension>
            <ns3:hr>85</ns3:hr>
            <ns3:cad>0</ns3:cad>
          </ns3:TrackPointExtension>
        </extensions>
      </trkpt>
      <trkpt lat="32.06378580071032047271728515625" lon="118.8149457983672618865966796875">
        <ele>32.200000762939453125</ele>
        <time>2026-09-16T04:44:12.000Z</time>
        <extensions>
          <ns3:TrackPointExtension>
            <ns3:hr>88</ns3:hr>
            <ns3:cad>0</ns3:cad>
          </ns3:TrackPointExtension>
        </extensions>
      </trkpt>
      <trkpt lat="32.06378932110965251922607421875" lon="118.8149478100240230560302734375">
        <ele>32.200000762939453125</ele>
        <time>2026-09-16T04:44:13.000Z</time>
        <extensions>
          <ns3:TrackPointExtension>
            <ns3:hr>88</ns3:hr>
            <ns3:cad>0</ns3:cad>
          </ns3:TrackPointExtension>
        </extensions>
      </trkpt>
      <trkpt lat="32.06379887647926807403564453125" lon="118.81494370289146900177001953125">
        <ele>32.200000762939453125</ele>
        <time>2026-09-16T04:44:21.000Z</time>
        <extensions>
          <ns3:TrackPointExtension>
            <ns3:hr>91</ns3:hr>
            <ns3:cad>0</ns3:cad>
          </ns3:TrackPointExtension>
        </extensions>
      </trkpt>
      <trkpt lat="32.0637957751750946044921875" lon="118.81494521163403987884521484375">
        <ele>32.200000762939453125</ele>
        <time>2026-09-16T04:44:25.000Z</time>
        <extensions>
          <ns3:TrackPointExtension>
            <ns3:hr>91</ns3:hr>
            <ns3:cad>0</ns3:cad>
          </ns3:TrackPointExtension>
        </extensions>
      </trkpt>
      <trkpt lat="32.06380574963986873626708984375" lon="118.8149377517402172088623046875">
        <ele>32.40000152587890625</ele>
        <time>2026-09-16T04:44:31.000Z</time>
        <extensions>
          <ns3:TrackPointExtension>
            <ns3:hr>88</ns3:hr>
            <ns3:cad>0</ns3:cad>
          </ns3:TrackPointExtension>
        </extensions>
      </trkpt>
      <trkpt lat="32.063823603093624114990234375" lon="118.8149400986731052398681640625">
        <ele>32.40000152587890625</ele>
        <time>2026-09-16T04:44:34.000Z</time>
        <extensions>
          <ns3:TrackPointExtension>
            <ns3:hr>85</ns3:hr>
            <ns3:cad>0</ns3:cad>
          </ns3:TrackPointExtension>
        </extensions>
      </trkpt>
      <trkpt lat="32.06381832249462604522705078125" lon="118.81493867374956607818603515625">
        <ele>32.40000152587890625</ele>
        <time>2026-09-16T04:44:36.000Z</time>
        <extensions>
          <ns3:TrackPointExtension>
            <ns3:hr>85</ns3:hr>
            <ns3:cad>0</ns3:cad>
          </ns3:TrackPointExtension>
        </extensions>
      </trkpt>
      <trkpt lat="32.0638090185821056365966796875" lon="118.8149400986731052398681640625">
        <ele>32.59999847412109375</ele>
        <time>2026-09-16T04:44:49.000Z</time>
        <extensions>
          <ns3:TrackPointExtension>
            <ns3:hr>88</ns3:hr>
            <ns3:cad>0</ns3:cad>
          </ns3:TrackPointExtension>
        </extensions>
      </trkpt>
      <trkpt lat="32.0638019777834415435791015625" lon="118.8149513304233551025390625">
        <ele>32.59999847412109375</ele>
        <time>2026-09-16T04:44:55.000Z</time>
        <extensions>
          <ns3:TrackPointExtension>
            <ns3:hr>85</ns3:hr>
            <ns3:cad>0</ns3:cad>
          </ns3:TrackPointExtension>
        </extensions>
      </trkpt>
      <trkpt lat="32.0638003014028072357177734375" lon="118.8149595446884632110595703125">
        <ele>32.59999847412109375</ele>
        <time>2026-09-16T04:44:58.000Z</time>
        <extensions>
          <ns3:TrackPointExtension>
            <ns3:hr>82</ns3:hr>
            <ns3:cad>0</ns3:cad>
          </ns3:TrackPointExtension>
        </extensions>
      </trkpt>
      <trkpt lat="32.063805498182773590087890625" lon="118.81496264599263668060302734375">
        <ele>32.59999847412109375</ele>
        <time>2026-09-16T04:45:07.000Z</time>
        <extensions>
          <ns3:TrackPointExtension>
            <ns3:hr>85</ns3:hr>
            <ns3:cad>0</ns3:cad>
          </ns3:TrackPointExtension>
        </extensions>
      </trkpt>
      <trkpt lat="32.06380851566791534423828125" lon="118.81496164016425609588623046875">
        <ele>32.59999847412109375</ele>
        <time>2026-09-16T04:45:09.000Z</time>
        <extensions>
          <ns3:TrackPointExtension>
            <ns3:hr>86</ns3:hr>
            <ns3:cad>0</ns3:cad>
          </ns3:TrackPointExtension>
        </extensions>
      </trkpt>
      <trkpt lat="32.06381211988627910614013671875" lon="118.8149471394717693328857421875">
        <ele>32.799999237060546875</ele>
        <time>2026-09-16T04:45:21.000Z</time>
        <extensions>
          <ns3:TrackPointExtension>
            <ns3:hr>86</ns3:hr>
            <ns3:cad>0</ns3:cad>
          </ns3:TrackPointExtension>
        </extensions>
      </trkpt>
      <trkpt lat="32.06381061114370822906494140625" lon="118.8149501569569110870361328125">
        <ele>32.799999237060546875</ele>
        <time>2026-09-16T04:45:32.000Z</time>
        <extensions>
          <ns3:TrackPointExtension>
            <ns3:hr>87</ns3:hr>
            <ns3:cad>0</ns3:cad>
          </ns3:TrackPointExtension>
        </extensions>
      </trkpt>
      <trkpt lat="32.06379032693803310394287109375" lon="118.81494286470115184783935546875">
        <ele>33.200000762939453125</ele>
        <time>2026-09-16T04:45:39.000Z</time>
        <extensions>
          <ns3:TrackPointExtension>
            <ns3:hr>89</ns3:hr>
            <ns3:cad>0</ns3:cad>
          </ns3:TrackPointExtension>
        </extensions>
      </trkpt>
      <trkpt lat="32.06377507187426090240478515625" lon="118.81493951193988323211669921875">
        <ele>33.200000762939453125</ele>
        <time>2026-09-16T04:45:44.000Z</time>
        <extensions>
          <ns3:TrackPointExtension>
            <ns3:hr>91</ns3:hr>
            <ns3:cad>0</ns3:cad>
          </ns3:TrackPointExtension>
        </extensions>
      </trkpt>
      <trkpt lat="32.06376149319112300872802734375" lon="118.81494923494756221771240234375">
        <ele>33.40000152587890625</ele>
        <time>2026-09-16T04:45:53.000Z</time>
        <extensions>
          <ns3:TrackPointExtension>
            <ns3:hr>94</ns3:hr>
            <ns3:cad>0</ns3:cad>
          </ns3:TrackPointExtension>
        </extensions>
      </trkpt>
      <trkpt lat="32.06376492977142333984375" lon="118.814963400363922119140625">
        <ele>33</ele>
        <time>2026-09-16T04:46:00.000Z</time>
        <extensions>
          <ns3:TrackPointExtension>
            <ns3:hr>96</ns3:hr>
            <ns3:cad>0</ns3:cad>
          </ns3:TrackPointExtension>
        </extensions>
      </trkpt>
      <trkpt lat="32.0637768320739269256591796875" lon="118.8149699382483959197998046875">
        <ele>33.40000152587890625</ele>
        <time>2026-09-16T04:46:09.000Z</time>
        <extensions>
          <ns3:TrackPointExtension>
            <ns3:hr>91</ns3:hr>
            <ns3:cad>0</ns3:cad>
          </ns3:TrackPointExtension>
        </extensions>
      </trkpt>
      <trkpt lat="32.06378110684454441070556640625" lon="118.8149719499051570892333984375">
        <ele>33.40000152587890625</ele>
        <time>2026-09-16T04:46:10.000Z</time>
        <extensions>
          <ns3:TrackPointExtension>
            <ns3:hr>91</ns3:hr>
            <ns3:cad>0</ns3:cad>
          </ns3:TrackPointExtension>
        </extensions>
      </trkpt>
      <trkpt lat="32.0637912489473819732666015625" lon="118.81497345864772796630859375">
        <ele>33.40000152587890625</ele>
        <time>2026-09-16T04:46:24.000Z</time>
        <extensions>
          <ns3:TrackPointExtension>
            <ns3:hr>94</ns3:hr>
            <ns3:cad>0</ns3:cad>
          </ns3:TrackPointExtension>
        </extensions>
      </trkpt>
      <trkpt lat="32.06377901136875152587890625" lon="118.814965747296810150146484375">
        <ele>33.40000152587890625</ele>
        <time>2026-09-16T04:46:28.000Z</time>
        <extensions>
          <ns3:TrackPointExtension>
            <ns3:hr>94</ns3:hr>
            <ns3:cad>0</ns3:cad>
          </ns3:TrackPointExtension>
        </extensions>
      </trkpt>
      <trkpt lat="32.06377574242651462554931640625" lon="118.81496113725006580352783203125">
        <ele>33.40000152587890625</ele>
        <time>2026-09-16T04:46:40.000Z</time>
        <extensions>
          <ns3:TrackPointExtension>
            <ns3:hr>93</ns3:hr>
            <ns3:cad>0</ns3:cad>
          </ns3:TrackPointExtension>
        </extensions>
      </trkpt>
      <trkpt lat="32.063784711062908172607421875" lon="118.8149620592594146728515625">
        <ele>33.59999847412109375</ele>
        <time>2026-09-16T04:46:48.000Z</time>
        <extensions>
          <ns3:TrackPointExtension>
            <ns3:hr>91</ns3:hr>
            <ns3:cad>0</ns3:cad>
          </ns3:TrackPointExtension>
        </extensions>
      </trkpt>
      <trkpt lat="32.06378328613936901092529296875" lon="118.81495979614555835723876953125">
        <ele>33.59999847412109375</ele>
        <time>2026-09-16T04:46:55.000Z</time>
        <extensions>
          <ns3:TrackPointExtension>
            <ns3:hr>88</ns3:hr>
            <ns3:cad>0</ns3:cad>
          </ns3:TrackPointExtension>
        </extensions>
      </trkpt>
      <trkpt lat="32.06378169357776641845703125" lon="118.8149612210690975189208984375">
        <ele>33.59999847412109375</ele>
        <time>2026-09-16T04:46:57.000Z</time>
        <extensions>
          <ns3:TrackPointExtension>
            <ns3:hr>84</ns3:hr>
            <ns3:cad>0</ns3:cad>
          </ns3:TrackPointExtension>
        </extensions>
      </trkpt>
      <trkpt lat="32.06378077156841754913330078125" lon="118.81496381945908069610595703125">
        <ele>33.59999847412109375</ele>
        <time>2026-09-16T04:46:58.000Z</time>
        <extensions>
          <ns3:TrackPointExtension>
            <ns3:hr>81</ns3:hr>
            <ns3:cad>0</ns3:cad>
          </ns3:TrackPointExtension>
        </extensions>
      </trkpt>
      <trkpt lat="32.063780017197132110595703125" lon="118.81496599875390529632568359375">
        <ele>33.799999237060546875</ele>
        <time>2026-09-16T04:46:59.000Z</time>
        <extensions>
          <ns3:TrackPointExtension>
            <ns3:hr>81</ns3:hr>
            <ns3:cad>0</ns3:cad>
          </ns3:TrackPointExtension>
        </extensions>
      </trkpt>
      <trkpt lat="32.063774652779102325439453125" lon="118.8149682618677616119384765625">
        <ele>33.799999237060546875</ele>
        <time>2026-09-16T04:47:02.000Z</time>
        <extensions>
          <ns3:TrackPointExtension>
            <ns3:hr>81</ns3:hr>
            <ns3:cad>0</ns3:cad>
          </ns3:TrackPointExtension>
        </extensions>
      </trkpt>
      <trkpt lat="32.06376023590564727783203125" lon="118.81494923494756221771240234375">
        <ele>33.59999847412109375</ele>
        <time>2026-09-16T04:47:11.000Z</time>
        <extensions>
          <ns3:TrackPointExtension>
            <ns3:hr>80</ns3:hr>
            <ns3:cad>0</ns3:cad>
          </ns3:TrackPointExtension>
        </extensions>
      </trkpt>
      <trkpt lat="32.06375621259212493896484375" lon="118.81495392881333827972412109375">
        <ele>33.59999847412109375</ele>
        <time>2026-09-16T04:47:16.000Z</time>
        <extensions>
          <ns3:TrackPointExtension>
            <ns3:hr>83</ns3:hr>
            <ns3:cad>0</ns3:cad>
          </ns3:TrackPointExtension>
        </extensions>
      </trkpt>
      <trkpt lat="32.0637610740959644317626953125" lon="118.81495778448879718780517578125">
        <ele>33.799999237060546875</ele>
        <time>2026-09-16T04:47:18.000Z</time>
        <extensions>
          <ns3:TrackPointExtension>
            <ns3:hr>84</ns3:hr>
            <ns3:cad>0</ns3:cad>
          </ns3:TrackPointExtension>
        </extensions>
      </trkpt>
      <trkpt lat="32.063773311674594879150390625" lon="118.81497287191450595855712890625">
        <ele>33.200000762939453125</ele>
        <time>2026-09-16T04:47:23.000Z</time>
        <extensions>
          <ns3:TrackPointExtension>
            <ns3:hr>81</ns3:hr>
            <ns3:cad>0</ns3:cad>
          </ns3:TrackPointExtension>
        </extensions>
      </trkpt>
      <trkpt lat="32.063775323331356048583984375" lon="118.8149830140173435211181640625">
        <ele>33.40000152587890625</ele>
        <time>2026-09-16T04:47:29.000Z</time>
        <extensions>
          <ns3:TrackPointExtension>
            <ns3:hr>78</ns3:hr>
            <ns3:cad>0</ns3:cad>
          </ns3:TrackPointExtension>
        </extensions>
      </trkpt>
      <trkpt lat="32.0637731440365314483642578125" lon="118.81498276256024837493896484375">
        <ele>33.40000152587890625</ele>
        <time>2026-09-16T04:47:30.000Z</time>
        <extensions>
          <ns3:TrackPointExtension>
            <ns3:hr>78</ns3:hr>
            <ns3:cad>0</ns3:cad>
          </ns3:TrackPointExtension>
        </extensions>
      </trkpt>
      <trkpt lat="32.06377054564654827117919921875" lon="118.814959712326526641845703125">
        <ele>33.799999237060546875</ele>
        <time>2026-09-16T04:47:37.000Z</time>
        <extensions>
          <ns3:TrackPointExtension>
            <ns3:hr>76</ns3:hr>
            <ns3:cad>0</ns3:cad>
          </ns3:TrackPointExtension>
        </extensions>
      </trkpt>
      <trkpt lat="32.0637889020144939422607421875" lon="118.81495845504105091094970703125">
        <ele>33.799999237060546875</ele>
        <time>2026-09-16T04:47:46.000Z</time>
        <extensions>
          <ns3:TrackPointExtension>
            <ns3:hr>76</ns3:hr>
            <ns3:cad>0</ns3:cad>
          </ns3:TrackPointExtension>
        </extensions>
      </trkpt>
      <trkpt lat="32.0637909136712551116943359375" lon="118.81493984721601009368896484375">
        <ele>33.799999237060546875</ele>
        <time>2026-09-16T04:47:59.000Z</time>
        <extensions>
          <ns3:TrackPointExtension>
            <ns3:hr>76</ns3:hr>
            <ns3:cad>0</ns3:cad>
          </ns3:TrackPointExtension>
        </extensions>
      </trkpt>
      <trkpt lat="32.06376870162785053253173828125" lon="118.8149374164640903472900390625">
        <ele>34</ele>
        <time>2026-09-16T04:48:08.000Z</time>
        <extensions>
          <ns3:TrackPointExtension>
            <ns3:hr>79</ns3:hr>
            <ns3:cad>0</ns3:cad>
          </ns3:TrackPointExtension>
        </extensions>
      </trkpt>
      <trkpt lat="32.06376694142818450927734375" lon="118.81493565626442432403564453125">
        <ele>34</ele>
        <time>2026-09-16T04:48:10.000Z</time>
        <extensions>
          <ns3:TrackPointExtension>
            <ns3:hr>80</ns3:hr>
            <ns3:cad>0</ns3:cad>
          </ns3:TrackPointExtension>
        </extensions>
      </trkpt>
      <trkpt lat="32.063754536211490631103515625" lon="118.81494269706308841705322265625">
        <ele>34.200000762939453125</ele>
        <time>2026-09-16T04:48:13.000Z</time>
        <extensions>
          <ns3:TrackPointExtension>
            <ns3:hr>82</ns3:hr>
            <ns3:cad>0</ns3:cad>
          </ns3:TrackPointExtension>
        </extensions>
      </trkpt>
      <trkpt lat="32.0637516863644123077392578125" lon="118.81494118832051753997802734375">
        <ele>34.40000152587890625</ele>
        <time>2026-09-16T04:48:17.000Z</time>
        <extensions>
          <ns3:TrackPointExtension>
            <ns3:hr>81</ns3:hr>
            <ns3:cad>47</ns3:cad>
          </ns3:TrackPointExtension>
        </extensions>
      </trkpt>
      <trkpt lat="32.06380583345890045166015625" lon="118.8148794136941432952880859375">
        <ele>34.40000152587890625</ele>
        <time>2026-09-16T04:48:25.000Z</time>
        <extensions>
          <ns3:TrackPointExtension>
            <ns3:hr>81</ns3:hr>
            <ns3:cad>0</ns3:cad>
          </ns3:TrackPointExtension>
        </extensions>
      </trkpt>
      <trkpt lat="32.06385252065956592559814453125" lon="118.81482350639998912811279296875">
        <ele>34.799999237060546875</ele>
        <time>2026-09-16T04:48:32.000Z</time>
        <extensions>
          <ns3:TrackPointExtension>
            <ns3:hr>81</ns3:hr>
            <ns3:cad>53</ns3:cad>
          </ns3:TrackPointExtension>
        </extensions>
      </trkpt>
      <trkpt lat="32.063899375498294830322265625" lon="118.81476692855358123779296875">
        <ele>35</ele>
        <time>2026-09-16T04:48:38.000Z</time>
        <extensions>
          <ns3:TrackPointExtension>
            <ns3:hr>84</ns3:hr>
            <ns3:cad>54</ns3:cad>
          </ns3:TrackPointExtension>
        </extensions>
      </trkpt>
      <trkpt lat="32.06390683539211750030517578125" lon="118.8147624023258686065673828125">
        <ele>35</ele>
        <time>2026-09-16T04:48:39.000Z</time>
        <extensions>
          <ns3:TrackPointExtension>
            <ns3:hr>84</ns3:hr>
            <ns3:cad>55</ns3:cad>
          </ns3:TrackPointExtension>
        </extensions>
      </trkpt>
      <trkpt lat="32.06397053785622119903564453125" lon="118.81473432295024394989013671875">
        <ele>35</ele>
        <time>2026-09-16T04:48:45.000Z</time>
        <extensions>
          <ns3:TrackPointExtension>
            <ns3:hr>86</ns3:hr>
            <ns3:cad>55</ns3:cad>
          </ns3:TrackPointExtension>
        </extensions>
      </trkpt>
      <trkpt lat="32.0640222541987895965576171875" lon="118.814701549708843231201171875">
        <ele>34.40000152587890625</ele>
        <time>2026-09-16T04:48:51.000Z</time>
        <extensions>
          <ns3:TrackPointExtension>
            <ns3:hr>88</ns3:hr>
            <ns3:cad>105</ns3:cad>
          </ns3:TrackPointExtension>
        </extensions>
      </trkpt>
      <trkpt lat="32.064078412950038909912109375" lon="118.81466374732553958892822265625">
        <ele>33.200000762939453125</ele>
        <time>2026-09-16T04:48:56.000Z</time>
        <extensions>
          <ns3:TrackPointExtension>
            <ns3:hr>88</ns3:hr>
            <ns3:cad>120</ns3:cad>
          </ns3:TrackPointExtension>
        </extensions>
      </trkpt>
      <trkpt lat="32.0640926621854305267333984375" lon="118.81465561687946319580078125">
        <ele>32.799999237060546875</ele>
        <time>2026-09-16T04:48:58.000Z</time>
        <extensions>
          <ns3:TrackPointExtension>
            <ns3:hr>88</ns3:hr>
            <ns3:cad>118</ns3:cad>
          </ns3:TrackPointExtension>
        </extensions>
      </trkpt>
      <trkpt lat="32.06410917453467845916748046875" lon="118.8146430440247058868408203125">
        <ele>32</ele>
        <time>2026-09-16T04:49:01.000Z</time>
        <extensions>
          <ns3:TrackPointExtension>
            <ns3:hr>88</ns3:hr>
            <ns3:cad>118</ns3:cad>
          </ns3:TrackPointExtension>
        </extensions>
      </trkpt>
      <trkpt lat="32.06414236687123775482177734375" lon="118.8146021403372287750244140625">
        <ele>31</ele>
        <time>2026-09-16T04:49:06.000Z</time>
        <extensions>
          <ns3:TrackPointExtension>
            <ns3:hr>89</ns3:hr>
            <ns3:cad>0</ns3:cad>
          </ns3:TrackPointExtension>
        </extensions>
      </trkpt>
      <trkpt lat="32.06414647400379180908203125" lon="118.81459065712988376617431640625">
        <ele>30.799999237060546875</ele>
        <time>2026-09-16T04:49:07.000Z</time>
        <extensions>
          <ns3:TrackPointExtension>
            <ns3:hr>89</ns3:hr>
            <ns3:cad>59</ns3:cad>
          </ns3:TrackPointExtension>
        </extensions>
      </trkpt>
      <trkpt lat="32.06416659057140350341796875" lon="118.81449736654758453369140625">
        <ele>29.799999237060546875</ele>
        <time>2026-09-16T04:49:14.000Z</time>
        <extensions>
          <ns3:TrackPointExtension>
            <ns3:hr>88</ns3:hr>
            <ns3:cad>114</ns3:cad>
          </ns3:TrackPointExtension>
        </extensions>
      </trkpt>
      <trkpt lat="32.06417866051197052001953125" lon="118.8144318200647830963134765625">
        <ele>29.799999237060546875</ele>
        <time>2026-09-16T04:49:18.000Z</time>
        <extensions>
          <ns3:TrackPointExtension>
            <ns3:hr>87</ns3:hr>
            <ns3:cad>59</ns3:cad>
          </ns3:TrackPointExtension>
        </extensions>
      </trkpt>
      <trkpt lat="32.0641838572919368743896484375" lon="118.81440172903239727020263671875">
        <ele>29.3999996185302734375</ele>
        <time>2026-09-16T04:49:20.000Z</time>
        <extensions>
          <ns3:TrackPointExtension>
            <ns3:hr>89</ns3:hr>
            <ns3:cad>59</ns3:cad>
          </ns3:TrackPointExtension>
        </extensions>
      </trkpt>
      <trkpt lat="32.0641846954822540283203125" lon="118.81435059942305088043212890625">
        <ele>29</ele>
        <time>2026-09-16T04:49:25.000Z</time>
        <extensions>
          <ns3:TrackPointExtension>
            <ns3:hr>92</ns3:hr>
            <ns3:cad>58</ns3:cad>
          </ns3:TrackPointExtension>
        </extensions>
      </trkpt>
      <trkpt lat="32.0641855336725711822509765625" lon="118.8143386133015155792236328125">
        <ele>29.200000762939453125</ele>
        <time>2026-09-16T04:49:26.000Z</time>
        <extensions>
          <ns3:TrackPointExtension>
            <ns3:hr>93</ns3:hr>
            <ns3:cad>58</ns3:cad>
          </ns3:TrackPointExtension>
        </extensions>
      </trkpt>
      <trkpt lat="32.0642007887363433837890625" lon="118.814235515892505645751953125">
        <ele>29</ele>
        <time>2026-09-16T04:49:33.000Z</time>
        <extensions>
          <ns3:TrackPointExtension>
            <ns3:hr>92</ns3:hr>
            <ns3:cad>61</ns3:cad>
          </ns3:TrackPointExtension>
        </extensions>
      </trkpt>
      <trkpt lat="32.06423875875771045684814453125" lon="118.81418648175895214080810546875">
        <ele>29.200000762939453125</ele>
        <time>2026-09-16T04:49:38.000Z</time>
        <extensions>
          <ns3:TrackPointExtension>
            <ns3:hr>93</ns3:hr>
            <ns3:cad>55</ns3:cad>
          </ns3:TrackPointExtension>
        </extensions>
      </trkpt>
      <trkpt lat="32.06426239572465419769287109375" lon="118.81416301243007183074951171875">
        <ele>29.200000762939453125</ele>
        <time>2026-09-16T04:49:40.000Z</time>
        <extensions>
          <ns3:TrackPointExtension>
            <ns3:hr>92</ns3:hr>
            <ns3:cad>55</ns3:cad>
          </ns3:TrackPointExtension>
        </extensions>
      </trkpt>
      <trkpt lat="32.06433615647256374359130859375" lon="118.814101405441761016845703125">
        <ele>29</ele>
        <time>2026-09-16T04:49:47.000Z</time>
        <extensions>
          <ns3:TrackPointExtension>
            <ns3:hr>92</ns3:hr>
            <ns3:cad>60</ns3:cad>
          </ns3:TrackPointExtension>
        </extensions>
      </trkpt>
      <trkpt lat="32.0644098334014415740966796875" lon="118.8140608370304107666015625">
        <ele>28.799999237060546875</ele>
        <time>2026-09-16T04:49:54.000Z</time>
        <extensions>
          <ns3:TrackPointExtension>
            <ns3:hr>93</ns3:hr>
            <ns3:cad>57</ns3:cad>
          </ns3:TrackPointExtension>
        </extensions>
      </trkpt>
      <trkpt lat="32.06447043456137180328369140625" lon="118.81400224752724170684814453125">
        <ele>28.799999237060546875</ele>
        <time>2026-09-16T04:50:01.000Z</time>
        <extensions>
          <ns3:TrackPointExtension>
            <ns3:hr>92</ns3:hr>
            <ns3:cad>55</ns3:cad>
          </ns3:TrackPointExtension>
        </extensions>
      </trkpt>
      <trkpt lat="32.06447864882647991180419921875" lon="118.81399654783308506011962890625">
        <ele>28.6000003814697265625</ele>
        <time>2026-09-16T04:50:02.000Z</time>
        <extensions>
          <ns3:TrackPointExtension>
            <ns3:hr>92</ns3:hr>
            <ns3:cad>55</ns3:cad>
          </ns3:TrackPointExtension>
        </extensions>
      </trkpt>
      <trkpt lat="32.064548470079898834228515625" lon="118.8139413110911846160888671875">
        <ele>28.3999996185302734375</ele>
        <time>2026-09-16T04:50:08.000Z</time>
        <extensions>
          <ns3:TrackPointExtension>
            <ns3:hr>92</ns3:hr>
            <ns3:cad>57</ns3:cad>
          </ns3:TrackPointExtension>
        </extensions>
      </trkpt>
      <trkpt lat="32.06459767185151576995849609375" lon="118.8138878345489501953125">
        <ele>28.200000762939453125</ele>
        <time>2026-09-16T04:50:13.000Z</time>
        <extensions>
          <ns3:TrackPointExtension>
            <ns3:hr>89</ns3:hr>
            <ns3:cad>55</ns3:cad>
          </ns3:TrackPointExtension>
        </extensions>
      </trkpt>
      <trkpt lat="32.06462633796036243438720703125" lon="118.8138672150671482086181640625">
        <ele>28</ele>
        <time>2026-09-16T04:50:16.000Z</time>
        <extensions>
          <ns3:TrackPointExtension>
            <ns3:hr>87</ns3:hr>
            <ns3:cad>55</ns3:cad>
          </ns3:TrackPointExtension>
        </extensions>
      </trkpt>
      <trkpt lat="32.06464008428156375885009765625" lon="118.81385372020304203033447265625">
        <ele>27.799999237060546875</ele>
        <time>2026-09-16T04:50:21.000Z</time>
        <extensions>
          <ns3:TrackPointExtension>
            <ns3:hr>85</ns3:hr>
            <ns3:cad>55</ns3:cad>
          </ns3:TrackPointExtension>
        </extensions>
      </trkpt>
      <trkpt lat="32.0646696723997592926025390625" lon="118.813827820122241973876953125">
        <ele>27.799999237060546875</ele>
        <time>2026-09-16T04:50:24.000Z</time>
        <extensions>
          <ns3:TrackPointExtension>
            <ns3:hr>82</ns3:hr>
            <ns3:cad>53</ns3:cad>
          </ns3:TrackPointExtension>
        </extensions>
      </trkpt>
      <trkpt lat="32.0646864362061023712158203125" lon="118.8138155825436115264892578125">
        <ele>27.799999237060546875</ele>
        <time>2026-09-16T04:50:26.000Z</time>
        <extensions>
          <ns3:TrackPointExtension>
            <ns3:hr>82</ns3:hr>
            <ns3:cad>56</ns3:cad>
          </ns3:TrackPointExtension>
        </extensions>
      </trkpt>
      <trkpt lat="32.0647487975656986236572265625" lon="118.81375196389853954315185546875">
        <ele>27.799999237060546875</ele>
        <time>2026-09-16T04:50:33.000Z</time>
        <extensions>
          <ns3:TrackPointExtension>
            <ns3:hr>82</ns3:hr>
            <ns3:cad>55</ns3:cad>
          </ns3:TrackPointExtension>
        </extensions>
      </trkpt>
      <trkpt lat="32.06479682587087154388427734375" lon="118.813699744641780853271484375">
        <ele>27.6000003814697265625</ele>
        <time>2026-09-16T04:50:38.000Z</time>
        <extensions>
          <ns3:TrackPointExtension>
            <ns3:hr>83</ns3:hr>
            <ns3:cad>58</ns3:cad>
          </ns3:TrackPointExtension>
        </extensions>
      </trkpt>
      <trkpt lat="32.06483420915901660919189453125" lon="118.81366194225847721099853515625">
        <ele>27.3999996185302734375</ele>
        <time>2026-09-16T04:50:42.000Z</time>
        <extensions>
          <ns3:TrackPointExtension>
            <ns3:hr>84</ns3:hr>
            <ns3:cad>56</ns3:cad>
          </ns3:TrackPointExtension>
        </extensions>
      </trkpt>
      <trkpt lat="32.0648758672177791595458984375" lon="118.81361550651490688323974609375">
        <ele>27.3999996185302734375</ele>
        <time>2026-09-16T04:50:47.000Z</time>
        <extensions>
          <ns3:TrackPointExtension>
            <ns3:hr>88</ns3:hr>
            <ns3:cad>57</ns3:cad>
          </ns3:TrackPointExtension>
        </extensions>
      </trkpt>
      <trkpt lat="32.06490864045917987823486328125" lon="118.81358281709253787994384765625">
        <ele>27.200000762939453125</ele>
        <time>2026-09-16T04:50:51.000Z</time>
        <extensions>
          <ns3:TrackPointExtension>
            <ns3:hr>89</ns3:hr>
            <ns3:cad>56</ns3:cad>
          </ns3:TrackPointExtension>
        </extensions>
      </trkpt>
      <trkpt lat="32.06497284583747386932373046875" lon="118.813504613935947418212890625">
        <ele>26.799999237060546875</ele>
        <time>2026-09-16T04:50:58.000Z</time>
        <extensions>
          <ns3:TrackPointExtension>
            <ns3:hr>89</ns3:hr>
            <ns3:cad>57</ns3:cad>
          </ns3:TrackPointExtension>
        </extensions>
      </trkpt>
      <trkpt lat="32.0650250650942325592041015625" lon="118.81344116292893886566162109375">
        <ele>26.6000003814697265625</ele>
        <time>2026-09-16T04:51:05.000Z</time>
        <extensions>
          <ns3:TrackPointExtension>
            <ns3:hr>89</ns3:hr>
            <ns3:cad>56</ns3:cad>
          </ns3:TrackPointExtension>
        </extensions>
      </trkpt>
      <trkpt lat="32.06503294408321380615234375" lon="118.8134337030351161956787109375">
        <ele>26.6000003814697265625</ele>
        <time>2026-09-16T04:51:06.000Z</time>
        <extensions>
          <ns3:TrackPointExtension>
            <ns3:hr>89</ns3:hr>
            <ns3:cad>56</ns3:cad>
          </ns3:TrackPointExtension>
        </extensions>
      </trkpt>
      <trkpt lat="32.0651127398014068603515625" lon="118.81334745325148105621337890625">
        <ele>26.3999996185302734375</ele>
        <time>2026-09-16T04:51:14.000Z</time>
        <extensions>
          <ns3:TrackPointExtension>
            <ns3:hr>89</ns3:hr>
            <ns3:cad>57</ns3:cad>
          </ns3:TrackPointExtension>
        </extensions>
      </trkpt>
      <trkpt lat="32.0651851594448089599609375" lon="118.8132670708000659942626953125">
        <ele>26</ele>
        <time>2026-09-16T04:51:22.000Z</time>
        <extensions>
          <ns3:TrackPointExtension>
            <ns3:hr>87</ns3:hr>
            <ns3:cad>57</ns3:cad>
          </ns3:TrackPointExtension>
        </extensions>
      </trkpt>
      <trkpt lat="32.0652436651289463043212890625" lon="118.813202865421772003173828125">
        <ele>25.6000003814697265625</ele>
        <time>2026-09-16T04:51:29.000Z</time>
        <extensions>
          <ns3:TrackPointExtension>
            <ns3:hr>89</ns3:hr>
            <ns3:cad>53</ns3:cad>
          </ns3:TrackPointExtension>
        </extensions>
      </trkpt>
      <trkpt lat="32.0652520470321178436279296875" lon="118.81319356150925159454345703125">
        <ele>25.6000003814697265625</ele>
        <time>2026-09-16T04:51:30.000Z</time>
        <extensions>
          <ns3:TrackPointExtension>
            <ns3:hr>89</ns3:hr>
            <ns3:cad>55</ns3:cad>
          </ns3:TrackPointExtension>
        </extensions>
      </trkpt>
      <trkpt lat="32.06530116498470306396484375" lon="118.81313187070190906524658203125">
        <ele>25.6000003814697265625</ele>
        <time>2026-09-16T04:51:36.000Z</time>
        <extensions>
          <ns3:TrackPointExtension>
            <ns3:hr>89</ns3:hr>
            <ns3:cad>57</ns3:cad>
          </ns3:TrackPointExtension>
        </extensions>
      </trkpt>
      <trkpt lat="32.06537685357034206390380859375" lon="118.81304360926151275634765625">
        <ele>25.200000762939453125</ele>
        <time>2026-09-16T04:51:44.000Z</time>
        <extensions>
          <ns3:TrackPointExtension>
            <ns3:hr>89</ns3:hr>
            <ns3:cad>56</ns3:cad>
          </ns3:TrackPointExtension>
        </extensions>
      </trkpt>
      <trkpt lat="32.0653992332518100738525390625" lon="118.813021816313266754150390625">
        <ele>25</ele>
        <time>2026-09-16T04:51:47.000Z</time>
        <extensions>
          <ns3:TrackPointExtension>
            <ns3:hr>86</ns3:hr>
            <ns3:cad>57</ns3:cad>
          </ns3:TrackPointExtension>
        </extensions>
      </trkpt>
      <trkpt lat="32.0654438249766826629638671875" lon="118.812983930110931396484375">
        <ele>24.6000003814697265625</ele>
        <time>2026-09-16T04:51:51.000Z</time>
        <extensions>
          <ns3:TrackPointExtension>
            <ns3:hr>85</ns3:hr>
            <ns3:cad>57</ns3:cad>
          </ns3:TrackPointExtension>
        </extensions>
      </trkpt>
      <trkpt lat="32.06546771340072154998779296875" lon="118.8129653222858905792236328125">
        <ele>24.6000003814697265625</ele>
        <time>2026-09-16T04:51:53.000Z</time>
        <extensions>
          <ns3:TrackPointExtension>
            <ns3:hr>88</ns3:hr>
            <ns3:cad>57</ns3:cad>
          </ns3:TrackPointExtension>
        </extensions>
      </trkpt>
      <trkpt lat="32.0654957927763462066650390625" lon="118.8129358179867267608642578125">
        <ele>24.6000003814697265625</ele>
        <time>2026-09-16T04:51:56.000Z</time>
        <extensions>
          <ns3:TrackPointExtension>
            <ns3:hr>91</ns3:hr>
            <ns3:cad>57</ns3:cad>
          </ns3:TrackPointExtension>
        </extensions>
      </trkpt>
      <trkpt lat="32.06550627015531063079833984375" lon="118.81292215548455715179443359375">
        <ele>24.6000003814697265625</ele>
        <time>2026-09-16T04:51:57.000Z</time>
        <extensions>
          <ns3:TrackPointExtension>
            <ns3:hr>90</ns3:hr>
            <ns3:cad>56</ns3:cad>
          </ns3:TrackPointExtension>
        </extensions>
      </trkpt>
      <trkpt lat="32.06551716662943363189697265625" lon="118.8129086606204509735107421875">
        <ele>24.6000003814697265625</ele>
        <time>2026-09-16T04:51:58.000Z</time>
        <extensions>
          <ns3:TrackPointExtension>
            <ns3:hr>90</ns3:hr>
            <ns3:cad>57</ns3:cad>
          </ns3:TrackPointExtension>
        </extensions>
      </trkpt>
      <trkpt lat="32.06555555574595928192138671875" lon="118.8128784857690334320068359375">
        <ele>24.200000762939453125</ele>
        <time>2026-09-16T04:52:03.000Z</time>
        <extensions>
          <ns3:TrackPointExtension>
            <ns3:hr>91</ns3:hr>
            <ns3:cad>56</ns3:cad>
          </ns3:TrackPointExtension>
        </extensions>
      </trkpt>
      <trkpt lat="32.065601237118244171142578125" lon="118.8128238357603549957275390625">
        <ele>24.200000762939453125</ele>
        <time>2026-09-16T04:52:08.000Z</time>
        <extensions>
          <ns3:TrackPointExtension>
            <ns3:hr>88</ns3:hr>
            <ns3:cad>57</ns3:cad>
          </ns3:TrackPointExtension>
        </extensions>
      </trkpt>
      <trkpt lat="32.0656107924878597259521484375" lon="118.8128149509429931640625">
        <ele>24.200000762939453125</ele>
        <time>2026-09-16T04:52:09.000Z</time>
        <extensions>
          <ns3:TrackPointExtension>
            <ns3:hr>87</ns3:hr>
            <ns3:cad>57</ns3:cad>
          </ns3:TrackPointExtension>
        </extensions>
      </trkpt>
      <trkpt lat="32.065675668418407440185546875" lon="118.81274529732763767242431640625">
        <ele>23.6000003814697265625</ele>
        <time>2026-09-16T04:52:16.000Z</time>
        <extensions>
          <ns3:TrackPointExtension>
            <ns3:hr>86</ns3:hr>
            <ns3:cad>57</ns3:cad>
          </ns3:TrackPointExtension>
        </extensions>
      </trkpt>
      <trkpt lat="32.0657251216471195220947265625" lon="118.8126920722424983978271484375">
        <ele>23.3999996185302734375</ele>
        <time>2026-09-16T04:52:22.000Z</time>
        <extensions>
          <ns3:TrackPointExtension>
            <ns3:hr>84</ns3:hr>
            <ns3:cad>57</ns3:cad>
          </ns3:TrackPointExtension>
        </extensions>
      </trkpt>
      <trkpt lat="32.06573174335062503814697265625" lon="118.81268729455769062042236328125">
        <ele>23.200000762939453125</ele>
        <time>2026-09-16T04:52:23.000Z</time>
        <extensions>
          <ns3:TrackPointExtension>
            <ns3:hr>84</ns3:hr>
            <ns3:cad>55</ns3:cad>
          </ns3:TrackPointExtension>
        </extensions>
      </trkpt>
      <trkpt lat="32.06580131314694881439208984375" lon="118.8126270286738872528076171875">
        <ele>23</ele>
        <time>2026-09-16T04:52:30.000Z</time>
        <extensions>
          <ns3:TrackPointExtension>
            <ns3:hr>83</ns3:hr>
            <ns3:cad>57</ns3:cad>
          </ns3:TrackPointExtension>
        </extensions>
      </trkpt>
      <trkpt lat="32.0658753253519535064697265625" lon="118.8125287927687168121337890625">
        <ele>22.799999237060546875</ele>
        <time>2026-09-16T04:52:38.000Z</time>
        <extensions>
          <ns3:TrackPointExtension>
            <ns3:hr>82</ns3:hr>
            <ns3:cad>57</ns3:cad>
          </ns3:TrackPointExtension>
        </extensions>
      </trkpt>
      <trkpt lat="32.06592134200036525726318359375" lon="118.812494762241840362548828125">
        <ele>22.3999996185302734375</ele>
        <time>2026-09-16T04:52:44.000Z</time>
        <extensions>
          <ns3:TrackPointExtension>
            <ns3:hr>82</ns3:hr>
            <ns3:cad>56</ns3:cad>
          </ns3:TrackPointExtension>
        </extensions>
      </trkpt>
      <trkpt lat="32.0659373514354228973388671875" lon="118.8124781660735607147216796875">
        <ele>22.3999996185302734375</ele>
        <time>2026-09-16T04:52:46.000Z</time>
        <extensions>
          <ns3:TrackPointExtension>
            <ns3:hr>82</ns3:hr>
            <ns3:cad>56</ns3:cad>
          </ns3:TrackPointExtension>
        </extensions>
      </trkpt>
      <trkpt lat="32.0659692026674747467041015625" lon="118.81242728792130947113037109375">
        <ele>22.200000762939453125</ele>
        <time>2026-09-16T04:52:50.000Z</time>
        <extensions>
          <ns3:TrackPointExtension>
            <ns3:hr>82</ns3:hr>
            <ns3:cad>56</ns3:cad>
          </ns3:TrackPointExtension>
        </extensions>
      </trkpt>
      <trkpt lat="32.06605025567114353179931640625" lon="118.81233424879610538482666015625">
        <ele>22</ele>
        <time>2026-09-16T04:52:59.000Z</time>
        <extensions>
          <ns3:TrackPointExtension>
            <ns3:hr>80</ns3:hr>
            <ns3:cad>56</ns3:cad>
          </ns3:TrackPointExtension>
        </extensions>
      </trkpt>
      <trkpt lat="32.066094763576984405517578125" lon="118.812291920185089111328125">
        <ele>21.799999237060546875</ele>
        <time>2026-09-16T04:53:04.000Z</time>
        <extensions>
          <ns3:TrackPointExtension>
            <ns3:hr>79</ns3:hr>
            <ns3:cad>56</ns3:cad>
          </ns3:TrackPointExtension>
        </extensions>
      </trkpt>
      <trkpt lat="32.066161818802356719970703125" lon="118.81221455521881580352783203125">
        <ele>21.3999996185302734375</ele>
        <time>2026-09-16T04:53:11.000Z</time>
        <extensions>
          <ns3:TrackPointExtension>
            <ns3:hr>79</ns3:hr>
            <ns3:cad>57</ns3:cad>
          </ns3:TrackPointExtension>
        </extensions>
      </trkpt>
      <trkpt lat="32.06617279909551143646240234375" lon="118.812202401459217071533203125">
        <ele>21.3999996185302734375</ele>
        <time>2026-09-16T04:53:12.000Z</time>
        <extensions>
          <ns3:TrackPointExtension>
            <ns3:hr>79</ns3:hr>
            <ns3:cad>57</ns3:cad>
          </ns3:TrackPointExtension>
        </extensions>
      </trkpt>
      <trkpt lat="32.06621001474559307098388671875" lon="118.81216158159077167510986328125">
        <ele>21.200000762939453125</ele>
        <time>2026-09-16T04:53:17.000Z</time>
        <extensions>
          <ns3:TrackPointExtension>
            <ns3:hr>81</ns3:hr>
            <ns3:cad>56</ns3:cad>
          </ns3:TrackPointExtension>
        </extensions>
      </trkpt>
      <trkpt lat="32.06630372442305088043212890625" lon="118.81205412559211254119873046875">
        <ele>20.799999237060546875</ele>
        <time>2026-09-16T04:53:27.000Z</time>
        <extensions>
          <ns3:TrackPointExtension>
            <ns3:hr>81</ns3:hr>
            <ns3:cad>57</ns3:cad>
          </ns3:TrackPointExtension>
        </extensions>
      </trkpt>
      <trkpt lat="32.06635183654725551605224609375" lon="118.81199226714670658111572265625">
        <ele>20.799999237060546875</ele>
        <time>2026-09-16T04:53:33.000Z</time>
        <extensions>
          <ns3:TrackPointExtension>
            <ns3:hr>81</ns3:hr>
            <ns3:cad>57</ns3:cad>
          </ns3:TrackPointExtension>
        </extensions>
      </trkpt>
      <trkpt lat="32.0663745515048503875732421875" lon="118.8119821250438690185546875">
        <ele>20.3999996185302734375</ele>
        <time>2026-09-16T04:53:36.000Z</time>
        <extensions>
          <ns3:TrackPointExtension>
            <ns3:hr>80</ns3:hr>
            <ns3:cad>57</ns3:cad>
          </ns3:TrackPointExtension>
        </extensions>
      </trkpt>
      <trkpt lat="32.06641604192554950714111328125" lon="118.81194700486958026885986328125">
        <ele>20.200000762939453125</ele>
        <time>2026-09-16T04:53:40.000Z</time>
        <extensions>
          <ns3:TrackPointExtension>
            <ns3:hr>81</ns3:hr>
            <ns3:cad>56</ns3:cad>
          </ns3:TrackPointExtension>
        </extensions>
      </trkpt>
      <trkpt lat="32.06648142077028751373291015625" lon="118.8118533790111541748046875">
        <ele>20</ele>
        <time>2026-09-16T04:53:47.000Z</time>
        <extensions>
          <ns3:TrackPointExtension>
            <ns3:hr>80</ns3:hr>
            <ns3:cad>56</ns3:cad>
          </ns3:TrackPointExtension>
        </extensions>
      </trkpt>
      <trkpt lat="32.06653154455125331878662109375" lon="118.8118092902004718780517578125">
        <ele>19.799999237060546875</ele>
        <time>2026-09-16T04:53:53.000Z</time>
        <extensions>
          <ns3:TrackPointExtension>
            <ns3:hr>79</ns3:hr>
            <ns3:cad>57</ns3:cad>
          </ns3:TrackPointExtension>
        </extensions>
      </trkpt>
      <trkpt lat="32.0665763877332210540771484375" lon="118.8117432408034801483154296875">
        <ele>19.6000003814697265625</ele>
        <time>2026-09-16T04:53:58.000Z</time>
        <extensions>
          <ns3:TrackPointExtension>
            <ns3:hr>79</ns3:hr>
            <ns3:cad>55</ns3:cad>
          </ns3:TrackPointExtension>
        </extensions>
      </trkpt>
      <trkpt lat="32.06663162447512149810791015625" lon="118.81167300045490264892578125">
        <ele>19.3999996185302734375</ele>
        <time>2026-09-16T04:54:04.000Z</time>
        <extensions>
          <ns3:TrackPointExtension>
            <ns3:hr>81</ns3:hr>
            <ns3:cad>57</ns3:cad>
          </ns3:TrackPointExtension>
        </extensions>
      </trkpt>
      <trkpt lat="32.0666806586086750030517578125" lon="118.81161591969430446624755859375">
        <ele>19.6000003814697265625</ele>
        <time>2026-09-16T04:54:11.000Z</time>
        <extensions>
          <ns3:TrackPointExtension>
            <ns3:hr>82</ns3:hr>
            <ns3:cad>57</ns3:cad>
          </ns3:TrackPointExtension>
        </extensions>
      </trkpt>
      <trkpt lat="32.0667430199682712554931640625" lon="118.81158356554806232452392578125">
        <ele>19.6000003814697265625</ele>
        <time>2026-09-16T04:54:16.000Z</time>
        <extensions>
          <ns3:TrackPointExtension>
            <ns3:hr>82</ns3:hr>
            <ns3:cad>57</ns3:cad>
          </ns3:TrackPointExtension>
        </extensions>
      </trkpt>
      <trkpt lat="32.0667839236557483673095703125" lon="118.81157250143587589263916015625">
        <ele>19.3999996185302734375</ele>
        <time>2026-09-16T04:54:20.000Z</time>
        <extensions>
          <ns3:TrackPointExtension>
            <ns3:hr>83</ns3:hr>
            <ns3:cad>56</ns3:cad>
          </ns3:TrackPointExtension>
        </extensions>
      </trkpt>
      <trkpt lat="32.06680588424205780029296875" lon="118.81155204959213733673095703125">
        <ele>19.200000762939453125</ele>
        <time>2026-09-16T04:54:23.000Z</time>
        <extensions>
          <ns3:TrackPointExtension>
            <ns3:hr>83</ns3:hr>
            <ns3:cad>59</ns3:cad>
          </ns3:TrackPointExtension>
        </extensions>
      </trkpt>
      <trkpt lat="32.066863887012004852294921875" lon="118.81148834712803363800048828125">
        <ele>19.200000762939453125</ele>
        <time>2026-09-16T04:54:29.000Z</time>
        <extensions>
          <ns3:TrackPointExtension>
            <ns3:hr>83</ns3:hr>
            <ns3:cad>53</ns3:cad>
          </ns3:TrackPointExtension>
        </extensions>
      </trkpt>
      <trkpt lat="32.06690940074622631072998046875" lon="118.8114344514906406402587890625">
        <ele>18.799999237060546875</ele>
        <time>2026-09-16T04:54:35.000Z</time>
        <extensions>
          <ns3:TrackPointExtension>
            <ns3:hr>82</ns3:hr>
            <ns3:cad>57</ns3:cad>
          </ns3:TrackPointExtension>
        </extensions>
      </trkpt>
      <trkpt lat="32.0669505558907985687255859375" lon="118.81138340570032596588134765625">
        <ele>18.6000003814697265625</ele>
        <time>2026-09-16T04:54:40.000Z</time>
        <extensions>
          <ns3:TrackPointExtension>
            <ns3:hr>83</ns3:hr>
            <ns3:cad>55</ns3:cad>
          </ns3:TrackPointExtension>
        </extensions>
      </trkpt>
      <trkpt lat="32.06701836548745632171630859375" lon="118.8113811425864696502685546875">
        <ele>18.6000003814697265625</ele>
        <time>2026-09-16T04:54:46.000Z</time>
        <extensions>
          <ns3:TrackPointExtension>
            <ns3:hr>81</ns3:hr>
            <ns3:cad>53</ns3:cad>
          </ns3:TrackPointExtension>
        </extensions>
      </trkpt>
      <trkpt lat="32.0670742727816104888916015625" lon="118.81140067242085933685302734375">
        <ele>18.6000003814697265625</ele>
        <time>2026-09-16T04:54:53.000Z</time>
        <extensions>
          <ns3:TrackPointExtension>
            <ns3:hr>80</ns3:hr>
            <ns3:cad>0</ns3:cad>
          </ns3:TrackPointExtension>
        </extensions>
      </trkpt>
      <trkpt lat="32.0671114884316921234130859375" lon="118.811377622187137603759765625">
        <ele>18.6000003814697265625</ele>
        <time>2026-09-16T04:54:58.000Z</time>
        <extensions>
          <ns3:TrackPointExtension>
            <ns3:hr>79</ns3:hr>
            <ns3:cad>51</ns3:cad>
          </ns3:TrackPointExtension>
        </extensions>
      </trkpt>
      <trkpt lat="32.06715448759496212005615234375" lon="118.81134585477411746978759765625">
        <ele>18.3999996185302734375</ele>
        <time>2026-09-16T04:55:03.000Z</time>
        <extensions>
          <ns3:TrackPointExtension>
            <ns3:hr>78</ns3:hr>
            <ns3:cad>53</ns3:cad>
          </ns3:TrackPointExtension>
        </extensions>
      </trkpt>
      <trkpt lat="32.0671637915074825286865234375" lon="118.81134216673672199249267578125">
        <ele>18.3999996185302734375</ele>
        <time>2026-09-16T04:55:04.000Z</time>
        <extensions>
          <ns3:TrackPointExtension>
            <ns3:hr>78</ns3:hr>
            <ns3:cad>53</ns3:cad>
          </ns3:TrackPointExtension>
        </extensions>
      </trkpt>
      <trkpt lat="32.0672204531729221343994140625" lon="118.81130998022854328155517578125">
        <ele>18.200000762939453125</ele>
        <time>2026-09-16T04:55:09.000Z</time>
        <extensions>
          <ns3:TrackPointExtension>
            <ns3:hr>79</ns3:hr>
            <ns3:cad>55</ns3:cad>
          </ns3:TrackPointExtension>
        </extensions>
      </trkpt>
      <trkpt lat="32.06728893332183361053466796875" lon="118.8112914562225341796875">
        <ele>18</ele>
        <time>2026-09-16T04:55:15.000Z</time>
        <extensions>
          <ns3:TrackPointExtension>
            <ns3:hr>80</ns3:hr>
            <ns3:cad>54</ns3:cad>
          </ns3:TrackPointExtension>
        </extensions>
      </trkpt>
      <trkpt lat="32.06736353226006031036376953125" lon="118.8112718425691127777099609375">
        <ele>18.200000762939453125</ele>
        <time>2026-09-16T04:55:22.000Z</time>
        <extensions>
          <ns3:TrackPointExtension>
            <ns3:hr>82</ns3:hr>
            <ns3:cad>0</ns3:cad>
          </ns3:TrackPointExtension>
        </extensions>
      </trkpt>
      <trkpt lat="32.0674118958413600921630859375" lon="118.811259604990482330322265625">
        <ele>18.200000762939453125</ele>
        <time>2026-09-16T04:55:27.000Z</time>
        <extensions>
          <ns3:TrackPointExtension>
            <ns3:hr>79</ns3:hr>
            <ns3:cad>54</ns3:cad>
          </ns3:TrackPointExtension>
        </extensions>
      </trkpt>
      <trkpt lat="32.06743310205638408660888671875" lon="118.81125197745859622955322265625">
        <ele>18.200000762939453125</ele>
        <time>2026-09-16T04:55:29.000Z</time>
        <extensions>
          <ns3:TrackPointExtension>
            <ns3:hr>79</ns3:hr>
            <ns3:cad>54</ns3:cad>
          </ns3:TrackPointExtension>
        </extensions>
      </trkpt>
      <trkpt lat="32.06751692108809947967529296875" lon="118.8112225569784641265869140625">
        <ele>18.200000762939453125</ele>
        <time>2026-09-16T04:55:36.000Z</time>
        <extensions>
          <ns3:TrackPointExtension>
            <ns3:hr>77</ns3:hr>
            <ns3:cad>55</ns3:cad>
          </ns3:TrackPointExtension>
        </extensions>
      </trkpt>
      <trkpt lat="32.0675642788410186767578125" lon="118.8112215511500835418701171875">
        <ele>18</ele>
        <time>2026-09-16T04:55:42.000Z</time>
        <extensions>
          <ns3:TrackPointExtension>
            <ns3:hr>78</ns3:hr>
            <ns3:cad>54</ns3:cad>
          </ns3:TrackPointExtension>
        </extensions>
      </trkpt>
      <trkpt lat="32.06756670959293842315673828125" lon="118.8112081401050090789794921875">
        <ele>17.799999237060546875</ele>
        <time>2026-09-16T04:55:43.000Z</time>
        <extensions>
          <ns3:TrackPointExtension>
            <ns3:hr>79</ns3:hr>
            <ns3:cad>56</ns3:cad>
          </ns3:TrackPointExtension>
        </extensions>
      </trkpt>
      <trkpt lat="32.0675723254680633544921875" lon="118.81116430275142192840576171875">
        <ele>17.799999237060546875</ele>
        <time>2026-09-16T04:55:47.000Z</time>
        <extensions>
          <ns3:TrackPointExtension>
            <ns3:hr>79</ns3:hr>
            <ns3:cad>56</ns3:cad>
          </ns3:TrackPointExtension>
        </extensions>
      </trkpt>
      <trkpt lat="32.067577354609966278076171875" lon="118.811087273061275482177734375">
        <ele>17.799999237060546875</ele>
        <time>2026-09-16T04:55:54.000Z</time>
        <extensions>
          <ns3:TrackPointExtension>
            <ns3:hr>80</ns3:hr>
            <ns3:cad>53</ns3:cad>
          </ns3:TrackPointExtension>
        </extensions>
      </trkpt>
      <trkpt lat="32.0675637759268283843994140625" lon="118.8110264204442501068115234375">
        <ele>17.799999237060546875</ele>
        <time>2026-09-16T04:56:00.000Z</time>
        <extensions>
          <ns3:TrackPointExtension>
            <ns3:hr>81</ns3:hr>
            <ns3:cad>0</ns3:cad>
          </ns3:TrackPointExtension>
        </extensions>
      </trkpt>
      <trkpt lat="32.067533433437347412109375" lon="118.81098627112805843353271484375">
        <ele>17.799999237060546875</ele>
        <time>2026-09-16T04:56:04.000Z</time>
        <extensions>
          <ns3:TrackPointExtension>
            <ns3:hr>84</ns3:hr>
            <ns3:cad>55</ns3:cad>
          </ns3:TrackPointExtension>
        </extensions>
      </trkpt>
      <trkpt lat="32.06752496771514415740966796875" lon="118.81098090671002864837646484375">
        <ele>17.799999237060546875</ele>
        <time>2026-09-16T04:56:06.000Z</time>
        <extensions>
          <ns3:TrackPointExtension>
            <ns3:hr>85</ns3:hr>
            <ns3:cad>55</ns3:cad>
          </ns3:TrackPointExtension>
        </extensions>
      </trkpt>
      <trkpt lat="32.06747115589678287506103515625" lon="118.81095944903790950775146484375">
        <ele>17.799999237060546875</ele>
        <time>2026-09-16T04:56:12.000Z</time>
        <extensions>
          <ns3:TrackPointExtension>
            <ns3:hr>87</ns3:hr>
            <ns3:cad>52</ns3:cad>
          </ns3:TrackPointExtension>
        </extensions>
      </trkpt>
      <trkpt lat="32.067418433725833892822265625" lon="118.81094117648899555206298828125">
        <ele>17.3999996185302734375</ele>
        <time>2026-09-16T04:56:18.000Z</time>
        <extensions>
          <ns3:TrackPointExtension>
            <ns3:hr>87</ns3:hr>
            <ns3:cad>48</ns3:cad>
          </ns3:TrackPointExtension>
        </extensions>
      </trkpt>
      <trkpt lat="32.06737090833485126495361328125" lon="118.81091167218983173370361328125">
        <ele>17.6000003814697265625</ele>
        <time>2026-09-16T04:56:24.000Z</time>
        <extensions>
          <ns3:TrackPointExtension>
            <ns3:hr>87</ns3:hr>
            <ns3:cad>0</ns3:cad>
          </ns3:TrackPointExtension>
        </extensions>
      </trkpt>
      <trkpt lat="32.06732690334320068359375" lon="118.81088049151003360748291015625">
        <ele>17.3999996185302734375</ele>
        <time>2026-09-16T04:56:30.000Z</time>
        <extensions>
          <ns3:TrackPointExtension>
            <ns3:hr>88</ns3:hr>
            <ns3:cad>50</ns3:cad>
          </ns3:TrackPointExtension>
        </extensions>
      </trkpt>
      <trkpt lat="32.0672325231134891510009765625" lon="118.81080756895244121551513671875">
        <ele>17.799999237060546875</ele>
        <time>2026-09-16T04:56:40.000Z</time>
        <extensions>
          <ns3:TrackPointExtension>
            <ns3:hr>86</ns3:hr>
            <ns3:cad>53</ns3:cad>
          </ns3:TrackPointExtension>
        </extensions>
      </trkpt>
      <trkpt lat="32.06714375875890254974365234375" lon="118.810731880366802215576171875">
        <ele>17.3999996185302734375</ele>
        <time>2026-09-16T04:56:50.000Z</time>
        <extensions>
          <ns3:TrackPointExtension>
            <ns3:hr>85</ns3:hr>
            <ns3:cad>0</ns3:cad>
          </ns3:TrackPointExtension>
        </extensions>
      </trkpt>
      <trkpt lat="32.0671352930366992950439453125" lon="118.81068351678550243377685546875">
        <ele>17.200000762939453125</ele>
        <time>2026-09-16T04:56:55.000Z</time>
        <extensions>
          <ns3:TrackPointExtension>
            <ns3:hr>85</ns3:hr>
            <ns3:cad>0</ns3:cad>
          </ns3:TrackPointExtension>
        </extensions>
      </trkpt>
      <trkpt lat="32.06713504157960414886474609375" lon="118.81067714653909206390380859375">
        <ele>17.200000762939453125</ele>
        <time>2026-09-16T04:56:57.000Z</time>
        <extensions>
          <ns3:TrackPointExtension>
            <ns3:hr>81</ns3:hr>
            <ns3:cad>0</ns3:cad>
          </ns3:TrackPointExtension>
        </extensions>
      </trkpt>
      <trkpt lat="32.0671351253986358642578125" lon="118.810676895081996917724609375">
        <ele>17.200000762939453125</ele>
        <time>2026-09-16T04:56:58.000Z</time>
        <extensions>
          <ns3:TrackPointExtension>
            <ns3:hr>81</ns3:hr>
            <ns3:cad>0</ns3:cad>
          </ns3:TrackPointExtension>
        </extensions>
      </trkpt>
      <trkpt lat="32.06713638268411159515380859375" lon="118.8106753863394260406494140625">
        <ele>17</ele>
        <time>2026-09-16T04:57:00.000Z</time>
        <extensions>
          <ns3:TrackPointExtension>
            <ns3:hr>77</ns3:hr>
            <ns3:cad>0</ns3:cad>
          </ns3:TrackPointExtension>
        </extensions>
      </trkpt>
      <trkpt lat="32.067136801779270172119140625" lon="118.81067530252039432525634765625">
        <ele>17</ele>
        <time>2026-09-16T04:57:01.000Z</time>
        <extensions>
          <ns3:TrackPointExtension>
            <ns3:hr>74</ns3:hr>
            <ns3:cad>0</ns3:cad>
          </ns3:TrackPointExtension>
        </extensions>
      </trkpt>
      <trkpt lat="32.067136801779270172119140625" lon="118.81067530252039432525634765625">
        <ele>17</ele>
        <time>2026-09-16T04:57:02.000Z</time>
        <extensions>
          <ns3:TrackPointExtension>
            <ns3:hr>74</ns3:hr>
            <ns3:cad>0</ns3:cad>
          </ns3:TrackPointExtension>
        </extensions>
      </trkpt>
      <trkpt lat="32.067136801779270172119140625" lon="118.81067530252039432525634765625">
        <ele>17</ele>
        <time>2026-09-16T04:57:06.000Z</time>
        <extensions>
          <ns3:TrackPointExtension>
            <ns3:hr>73</ns3:hr>
            <ns3:cad>0</ns3:cad>
          </ns3:TrackPointExtension>
        </extensions>
      </trkpt>
      <trkpt lat="32.067151553928852081298828125" lon="118.8106214068830013275146484375">
        <ele>17</ele>
        <time>2026-09-16T04:57:12.000Z</time>
        <extensions>
          <ns3:TrackPointExtension>
            <ns3:hr>73</ns3:hr>
            <ns3:cad>0</ns3:cad>
          </ns3:TrackPointExtension>
        </extensions>
      </trkpt>
      <trkpt lat="32.06715381704270839691162109375" lon="118.81060724146664142608642578125">
        <ele>16.799999237060546875</ele>
        <time>2026-09-16T04:57:18.000Z</time>
        <extensions>
          <ns3:TrackPointExtension>
            <ns3:hr>73</ns3:hr>
            <ns3:cad>0</ns3:cad>
          </ns3:TrackPointExtension>
        </extensions>
      </trkpt>
      <trkpt lat="32.06715079955756664276123046875" lon="118.81061084568500518798828125">
        <ele>16.799999237060546875</ele>
        <time>2026-09-16T04:57:28.000Z</time>
        <extensions>
          <ns3:TrackPointExtension>
            <ns3:hr>76</ns3:hr>
            <ns3:cad>0</ns3:cad>
          </ns3:TrackPointExtension>
        </extensions>
      </trkpt>
      <trkpt lat="32.06715079955756664276123046875" lon="118.81061084568500518798828125">
        <ele>17</ele>
        <time>2026-09-16T04:57:31.000Z</time>
        <extensions>
          <ns3:TrackPointExtension>
            <ns3:hr>79</ns3:hr>
            <ns3:cad>0</ns3:cad>
          </ns3:TrackPointExtension>
        </extensions>
      </trkpt>
      <trkpt lat="32.0671574212610721588134765625" lon="118.8105996139347553253173828125">
        <ele>17</ele>
        <time>2026-09-16T04:57:33.000Z</time>
        <extensions>
          <ns3:TrackPointExtension>
            <ns3:hr>82</ns3:hr>
            <ns3:cad>0</ns3:cad>
          </ns3:TrackPointExtension>
        </extensions>
      </trkpt>
      <trkpt lat="32.067173682153224945068359375" lon="118.81056214682757854461669921875">
        <ele>17</ele>
        <time>2026-09-16T04:57:36.000Z</time>
        <extensions>
          <ns3:TrackPointExtension>
            <ns3:hr>83</ns3:hr>
            <ns3:cad>0</ns3:cad>
          </ns3:TrackPointExtension>
        </extensions>
      </trkpt>
      <trkpt lat="32.06721349619328975677490234375" lon="118.81044865585863590240478515625">
        <ele>17.200000762939453125</ele>
        <time>2026-09-16T04:57:45.000Z</time>
        <extensions>
          <ns3:TrackPointExtension>
            <ns3:hr>86</ns3:hr>
            <ns3:cad>56</ns3:cad>
          </ns3:TrackPointExtension>
        </extensions>
      </trkpt>
      <trkpt lat="32.06724987365305423736572265625" lon="118.810328207910060882568359375">
        <ele>17</ele>
        <time>2026-09-16T04:57:53.000Z</time>
        <extensions>
          <ns3:TrackPointExtension>
            <ns3:hr>88</ns3:hr>
            <ns3:cad>0</ns3:cad>
          </ns3:TrackPointExtension>
        </extensions>
      </trkpt>
      <trkpt lat="32.067282311618328094482421875" lon="118.81024145521223545074462890625">
        <ele>17</ele>
        <time>2026-09-16T04:58:00.000Z</time>
        <extensions>
          <ns3:TrackPointExtension>
            <ns3:hr>87</ns3:hr>
            <ns3:cad>0</ns3:cad>
          </ns3:TrackPointExtension>
        </extensions>
      </trkpt>
      <trkpt lat="32.06731039099395275115966796875" lon="118.81012243218719959259033203125">
        <ele>16.799999237060546875</ele>
        <time>2026-09-16T04:58:08.000Z</time>
        <extensions>
          <ns3:TrackPointExtension>
            <ns3:hr>86</ns3:hr>
            <ns3:cad>56</ns3:cad>
          </ns3:TrackPointExtension>
        </extensions>
      </trkpt>
      <trkpt lat="32.06733184866607189178466796875" lon="118.8099783472716808319091796875">
        <ele>16.6000003814697265625</ele>
        <time>2026-09-16T04:58:17.000Z</time>
        <extensions>
          <ns3:TrackPointExtension>
            <ns3:hr>86</ns3:hr>
            <ns3:cad>59</ns3:cad>
          </ns3:TrackPointExtension>
        </extensions>
      </trkpt>
      <trkpt lat="32.06737275235354900360107421875" lon="118.80986477248370647430419921875">
        <ele>16.799999237060546875</ele>
        <time>2026-09-16T04:58:27.000Z</time>
        <extensions>
          <ns3:TrackPointExtension>
            <ns3:hr>86</ns3:hr>
            <ns3:cad>0</ns3:cad>
          </ns3:TrackPointExtension>
        </extensions>
      </trkpt>
      <trkpt lat="32.06741382367908954620361328125" lon="118.8098355196416378021240234375">
        <ele>16.799999237060546875</ele>
        <time>2026-09-16T04:58:35.000Z</time>
        <extensions>
          <ns3:TrackPointExtension>
            <ns3:hr>84</ns3:hr>
            <ns3:cad>0</ns3:cad>
          </ns3:TrackPointExtension>
        </extensions>
      </trkpt>
      <trkpt lat="32.06743712536990642547607421875" lon="118.80978547967970371246337890625">
        <ele>16.799999237060546875</ele>
        <time>2026-09-16T04:58:42.000Z</time>
        <extensions>
          <ns3:TrackPointExtension>
            <ns3:hr>85</ns3:hr>
            <ns3:cad>52</ns3:cad>
          </ns3:TrackPointExtension>
        </extensions>
      </trkpt>
      <trkpt lat="32.06744064576923847198486328125" lon="118.809756897389888763427734375">
        <ele>16.6000003814697265625</ele>
        <time>2026-09-16T04:58:45.000Z</time>
        <extensions>
          <ns3:TrackPointExtension>
            <ns3:hr>87</ns3:hr>
            <ns3:cad>51</ns3:cad>
          </ns3:TrackPointExtension>
        </extensions>
      </trkpt>
      <trkpt lat="32.06749227829277515411376953125" lon="118.809709958732128143310546875">
        <ele>16.6000003814697265625</ele>
        <time>2026-09-16T04:58:54.000Z</time>
        <extensions>
          <ns3:TrackPointExtension>
            <ns3:hr>88</ns3:hr>
            <ns3:cad>47</ns3:cad>
          </ns3:TrackPointExtension>
        </extensions>
      </trkpt>
      <trkpt lat="32.0675382949411869049072265625" lon="118.8097007386386394500732421875">
        <ele>16.6000003814697265625</ele>
        <time>2026-09-16T04:58:59.000Z</time>
        <extensions>
          <ns3:TrackPointExtension>
            <ns3:hr>85</ns3:hr>
            <ns3:cad>52</ns3:cad>
          </ns3:TrackPointExtension>
        </extensions>
      </trkpt>
      <trkpt lat="32.06757836043834686279296875" lon="118.80969344638288021087646484375">
        <ele>16.6000003814697265625</ele>
        <time>2026-09-16T04:59:02.000Z</time>
        <extensions>
          <ns3:TrackPointExtension>
            <ns3:hr>85</ns3:hr>
            <ns3:cad>50</ns3:cad>
          </ns3:TrackPointExtension>
        </extensions>
      </trkpt>
      <trkpt lat="32.0676271431148052215576171875" lon="118.80967936478555202484130859375">
        <ele>16.6000003814697265625</ele>
        <time>2026-09-16T04:59:08.000Z</time>
        <extensions>
          <ns3:TrackPointExtension>
            <ns3:hr>84</ns3:hr>
            <ns3:cad>53</ns3:cad>
          </ns3:TrackPointExtension>
        </extensions>
      </trkpt>
      <trkpt lat="32.0676259696483612060546875" lon="118.80965975113213062286376953125">
        <ele>16.3999996185302734375</ele>
        <time>2026-09-16T04:59:10.000Z</time>
        <extensions>
          <ns3:TrackPointExtension>
            <ns3:hr>84</ns3:hr>
            <ns3:cad>53</ns3:cad>
          </ns3:TrackPointExtension>
        </extensions>
      </trkpt>
      <trkpt lat="32.06761582754552364349365234375" lon="118.80960023961961269378662109375">
        <ele>16.200000762939453125</ele>
        <time>2026-09-16T04:59:15.000Z</time>
        <extensions>
          <ns3:TrackPointExtension>
            <ns3:hr>84</ns3:hr>
            <ns3:cad>55</ns3:cad>
          </ns3:TrackPointExtension>
        </extensions>
      </trkpt>
      <trkpt lat="32.06760677509009838104248046875" lon="118.80954441614449024200439453125">
        <ele>16.3999996185302734375</ele>
        <time>2026-09-16T04:59:19.000Z</time>
        <extensions>
          <ns3:TrackPointExtension>
            <ns3:hr>84</ns3:hr>
            <ns3:cad>55</ns3:cad>
          </ns3:TrackPointExtension>
        </extensions>
      </trkpt>
      <trkpt lat="32.06756302155554294586181640625" lon="118.8094710744917392730712890625">
        <ele>16</ele>
        <time>2026-09-16T04:59:27.000Z</time>
        <extensions>
          <ns3:TrackPointExtension>
            <ns3:hr>81</ns3:hr>
            <ns3:cad>55</ns3:cad>
          </ns3:TrackPointExtension>
        </extensions>
      </trkpt>
      <trkpt lat="32.0675574056804180145263671875" lon="118.80946562625467777252197265625">
        <ele>16</ele>
        <time>2026-09-16T04:59:28.000Z</time>
        <extensions>
          <ns3:TrackPointExtension>
            <ns3:hr>80</ns3:hr>
            <ns3:cad>55</ns3:cad>
          </ns3:TrackPointExtension>
        </extensions>
      </trkpt>
      <trkpt lat="32.06749781034886837005615234375" lon="118.80944852717220783233642578125">
        <ele>15.3999996185302734375</ele>
        <time>2026-09-16T04:59:36.000Z</time>
        <extensions>
          <ns3:TrackPointExtension>
            <ns3:hr>76</ns3:hr>
            <ns3:cad>56</ns3:cad>
          </ns3:TrackPointExtension>
        </extensions>
      </trkpt>
      <trkpt lat="32.06748842261731624603271484375" lon="118.80945221520960330963134765625">
        <ele>15.3999996185302734375</ele>
        <time>2026-09-16T04:59:37.000Z</time>
        <extensions>
          <ns3:TrackPointExtension>
            <ns3:hr>72</ns3:hr>
            <ns3:cad>56</ns3:cad>
          </ns3:TrackPointExtension>
        </extensions>
      </trkpt>
      <trkpt lat="32.0674786157906055450439453125" lon="118.8094566576182842254638671875">
        <ele>15.19999980926513671875</ele>
        <time>2026-09-16T04:59:38.000Z</time>
        <extensions>
          <ns3:TrackPointExtension>
            <ns3:hr>69</ns3:hr>
            <ns3:cad>56</ns3:cad>
          </ns3:TrackPointExtension>
        </extensions>
      </trkpt>
      <trkpt lat="32.0674004964530467987060546875" lon="118.8094727508723735809326171875">
        <ele>15.19999980926513671875</ele>
        <time>2026-09-16T04:59:45.000Z</time>
        <extensions>
          <ns3:TrackPointExtension>
            <ns3:hr>67</ns3:hr>
            <ns3:cad>55</ns3:cad>
          </ns3:TrackPointExtension>
        </extensions>
      </trkpt>
      <trkpt lat="32.0673049427568912506103515625" lon="118.809486664831638336181640625">
        <ele>15</ele>
        <time>2026-09-16T04:59:53.000Z</time>
        <extensions>
          <ns3:TrackPointExtension>
            <ns3:hr>66</ns3:hr>
            <ns3:cad>55</ns3:cad>
          </ns3:TrackPointExtension>
        </extensions>
      </trkpt>
      <trkpt lat="32.06722271628677845001220703125" lon="118.80948574282228946685791015625">
        <ele>15</ele>
        <time>2026-09-16T05:00:00.000Z</time>
        <extensions>
          <ns3:TrackPointExtension>
            <ns3:hr>67</ns3:hr>
            <ns3:cad>55</ns3:cad>
          </ns3:TrackPointExtension>
        </extensions>
      </trkpt>
      <trkpt lat="32.06715591251850128173828125" lon="118.809464536607265472412109375">
        <ele>15.19999980926513671875</ele>
        <time>2026-09-16T05:00:05.000Z</time>
        <extensions>
          <ns3:TrackPointExtension>
            <ns3:hr>70</ns3:hr>
            <ns3:cad>56</ns3:cad>
          </ns3:TrackPointExtension>
        </extensions>
      </trkpt>
      <trkpt lat="32.06713437102735042572021484375" lon="118.80945959128439426422119140625">
        <ele>15</ele>
        <time>2026-09-16T05:00:07.000Z</time>
        <extensions>
          <ns3:TrackPointExtension>
            <ns3:hr>71</ns3:hr>
            <ns3:cad>57</ns3:cad>
          </ns3:TrackPointExtension>
        </extensions>
      </trkpt>
      <trkpt lat="32.06635468639433383941650390625" lon="118.8092796318233013153076171875">
        <ele>17.3999996185302734375</ele>
        <time>2026-09-16T05:06:06.000Z</time>
        <extensions>
          <ns3:TrackPointExtension>
            <ns3:hr>80</ns3:hr>
            <ns3:cad>0</ns3:cad>
          </ns3:TrackPointExtension>
        </extensions>
      </trkpt>
      <trkpt lat="32.06635384820401668548583984375" lon="118.80928038619458675384521484375">
        <ele>17.3999996185302734375</ele>
        <time>2026-09-16T05:06:07.000Z</time>
        <extensions>
          <ns3:TrackPointExtension>
            <ns3:hr>79</ns3:hr>
            <ns3:cad>0</ns3:cad>
          </ns3:TrackPointExtension>
        </extensions>
      </trkpt>
      <trkpt lat="32.0663572847843170166015625" lon="118.8092521391808986663818359375">
        <ele>17.3999996185302734375</ele>
        <time>2026-09-16T05:06:12.000Z</time>
        <extensions>
          <ns3:TrackPointExtension>
            <ns3:hr>76</ns3:hr>
            <ns3:cad>0</ns3:cad>
          </ns3:TrackPointExtension>
        </extensions>
      </trkpt>
      <trkpt lat="32.066375724971294403076171875" lon="118.80923629738390445709228515625">
        <ele>17.200000762939453125</ele>
        <time>2026-09-16T05:06:16.000Z</time>
        <extensions>
          <ns3:TrackPointExtension>
            <ns3:hr>75</ns3:hr>
            <ns3:cad>0</ns3:cad>
          </ns3:TrackPointExtension>
        </extensions>
      </trkpt>
      <trkpt lat="32.0663832686841487884521484375" lon="118.80923043005168437957763671875">
        <ele>17</ele>
        <time>2026-09-16T05:06:24.000Z</time>
        <extensions>
          <ns3:TrackPointExtension>
            <ns3:hr>78</ns3:hr>
            <ns3:cad>0</ns3:cad>
          </ns3:TrackPointExtension>
        </extensions>
      </trkpt>
      <trkpt lat="32.06638955511152744293212890625" lon="118.80924417637288570404052734375">
        <ele>17.200000762939453125</ele>
        <time>2026-09-16T05:06:29.000Z</time>
        <extensions>
          <ns3:TrackPointExtension>
            <ns3:hr>80</ns3:hr>
            <ns3:cad>0</ns3:cad>
          </ns3:TrackPointExtension>
        </extensions>
      </trkpt>
      <trkpt lat="32.06639139913022518157958984375" lon="118.80927686579525470733642578125">
        <ele>17.200000762939453125</ele>
        <time>2026-09-16T05:06:37.000Z</time>
        <extensions>
          <ns3:TrackPointExtension>
            <ns3:hr>80</ns3:hr>
            <ns3:cad>0</ns3:cad>
          </ns3:TrackPointExtension>
        </extensions>
      </trkpt>
      <trkpt lat="32.066385783255100250244140625" lon="118.809278793632984161376953125">
        <ele>17.200000762939453125</ele>
        <time>2026-09-16T05:06:39.000Z</time>
        <extensions>
          <ns3:TrackPointExtension>
            <ns3:hr>77</ns3:hr>
            <ns3:cad>0</ns3:cad>
          </ns3:TrackPointExtension>
        </extensions>
      </trkpt>
      <trkpt lat="32.066388465464115142822265625" lon="118.80929077975451946258544921875">
        <ele>17.200000762939453125</ele>
        <time>2026-09-16T05:06:42.000Z</time>
        <extensions>
          <ns3:TrackPointExtension>
            <ns3:hr>74</ns3:hr>
            <ns3:cad>0</ns3:cad>
          </ns3:TrackPointExtension>
        </extensions>
      </trkpt>
      <trkpt lat="32.06639190204441547393798828125" lon="118.80929932929575443267822265625">
        <ele>17.200000762939453125</ele>
        <time>2026-09-16T05:06:45.000Z</time>
        <extensions>
          <ns3:TrackPointExtension>
            <ns3:hr>74</ns3:hr>
            <ns3:cad>0</ns3:cad>
          </ns3:TrackPointExtension>
        </extensions>
      </trkpt>
      <trkpt lat="32.0664104260504245758056640625" lon="118.80932095460593700408935546875">
        <ele>17.3999996185302734375</ele>
        <time>2026-09-16T05:06:55.000Z</time>
        <extensions>
          <ns3:TrackPointExtension>
            <ns3:hr>76</ns3:hr>
            <ns3:cad>0</ns3:cad>
          </ns3:TrackPointExtension>
        </extensions>
      </trkpt>
      <trkpt lat="32.06640413962304592132568359375" lon="118.80931667983531951904296875">
        <ele>17.3999996185302734375</ele>
        <time>2026-09-16T05:07:03.000Z</time>
        <extensions>
          <ns3:TrackPointExtension>
            <ns3:hr>77</ns3:hr>
            <ns3:cad>0</ns3:cad>
          </ns3:TrackPointExtension>
        </extensions>
      </trkpt>
      <trkpt lat="32.0663841068744659423828125" lon="118.8093088008463382720947265625">
        <ele>17.3999996185302734375</ele>
        <time>2026-09-16T05:07:15.000Z</time>
        <extensions>
          <ns3:TrackPointExtension>
            <ns3:hr>78</ns3:hr>
            <ns3:cad>0</ns3:cad>
          </ns3:TrackPointExtension>
        </extensions>
      </trkpt>
      <trkpt lat="32.06641453318297863006591796875" lon="118.80929748527705669403076171875">
        <ele>17.3999996185302734375</ele>
        <time>2026-09-16T05:07:27.000Z</time>
        <extensions>
          <ns3:TrackPointExtension>
            <ns3:hr>78</ns3:hr>
            <ns3:cad>0</ns3:cad>
          </ns3:TrackPointExtension>
        </extensions>
      </trkpt>
      <trkpt lat="32.06639659591019153594970703125" lon="118.80926060490310192108154296875">
        <ele>17.3999996185302734375</ele>
        <time>2026-09-16T05:07:35.000Z</time>
        <extensions>
          <ns3:TrackPointExtension>
            <ns3:hr>78</ns3:hr>
            <ns3:cad>0</ns3:cad>
          </ns3:TrackPointExtension>
        </extensions>
      </trkpt>
      <trkpt lat="32.066389136016368865966796875" lon="118.80924568511545658111572265625">
        <ele>17.6000003814697265625</ele>
        <time>2026-09-16T05:07:44.000Z</time>
        <extensions>
          <ns3:TrackPointExtension>
            <ns3:hr>76</ns3:hr>
            <ns3:cad>0</ns3:cad>
          </ns3:TrackPointExtension>
        </extensions>
      </trkpt>
      <trkpt lat="32.06636692397296428680419921875" lon="118.8092628680169582366943359375">
        <ele>17.6000003814697265625</ele>
        <time>2026-09-16T05:07:54.000Z</time>
        <extensions>
          <ns3:TrackPointExtension>
            <ns3:hr>76</ns3:hr>
            <ns3:cad>0</ns3:cad>
          </ns3:TrackPointExtension>
        </extensions>
      </trkpt>
      <trkpt lat="32.0663574524223804473876953125" lon="118.8092645443975925445556640625">
        <ele>17.799999237060546875</ele>
        <time>2026-09-16T05:08:04.000Z</time>
        <extensions>
          <ns3:TrackPointExtension>
            <ns3:hr>75</ns3:hr>
            <ns3:cad>0</ns3:cad>
          </ns3:TrackPointExtension>
        </extensions>
      </trkpt>
      <trkpt lat="32.06639760173857212066650390625" lon="118.80920696072280406951904296875">
        <ele>17.799999237060546875</ele>
        <time>2026-09-16T05:08:13.000Z</time>
        <extensions>
          <ns3:TrackPointExtension>
            <ns3:hr>75</ns3:hr>
            <ns3:cad>0</ns3:cad>
          </ns3:TrackPointExtension>
        </extensions>
      </trkpt>
      <trkpt lat="32.06641989760100841522216796875" lon="118.8091683201491832733154296875">
        <ele>17.799999237060546875</ele>
        <time>2026-09-16T05:08:21.000Z</time>
        <extensions>
          <ns3:TrackPointExtension>
            <ns3:hr>74</ns3:hr>
            <ns3:cad>0</ns3:cad>
          </ns3:TrackPointExtension>
        </extensions>
      </trkpt>
      <trkpt lat="32.06639458425343036651611328125" lon="118.8091523945331573486328125">
        <ele>17.799999237060546875</ele>
        <time>2026-09-16T05:08:33.000Z</time>
        <extensions>
          <ns3:TrackPointExtension>
            <ns3:hr>76</ns3:hr>
            <ns3:cad>0</ns3:cad>
          </ns3:TrackPointExtension>
        </extensions>
      </trkpt>
      <trkpt lat="32.06637530587613582611083984375" lon="118.80924685858190059661865234375">
        <ele>17.799999237060546875</ele>
        <time>2026-09-16T05:08:45.000Z</time>
        <extensions>
          <ns3:TrackPointExtension>
            <ns3:hr>75</ns3:hr>
            <ns3:cad>0</ns3:cad>
          </ns3:TrackPointExtension>
        </extensions>
      </trkpt>
      <trkpt lat="32.06639776937663555145263671875" lon="118.8092766143381595611572265625">
        <ele>17.799999237060546875</ele>
        <time>2026-09-16T05:08:57.000Z</time>
        <extensions>
          <ns3:TrackPointExtension>
            <ns3:hr>77</ns3:hr>
            <ns3:cad>0</ns3:cad>
          </ns3:TrackPointExtension>
        </extensions>
      </trkpt>
      <trkpt lat="32.06644512712955474853515625" lon="118.80925138480961322784423828125">
        <ele>17.799999237060546875</ele>
        <time>2026-09-16T05:09:06.000Z</time>
        <extensions>
          <ns3:TrackPointExtension>
            <ns3:hr>80</ns3:hr>
            <ns3:cad>0</ns3:cad>
          </ns3:TrackPointExtension>
        </extensions>
      </trkpt>
      <trkpt lat="32.0664486475288867950439453125" lon="118.80924887023866176605224609375">
        <ele>17.799999237060546875</ele>
        <time>2026-09-16T05:09:07.000Z</time>
        <extensions>
          <ns3:TrackPointExtension>
            <ns3:hr>81</ns3:hr>
            <ns3:cad>0</ns3:cad>
          </ns3:TrackPointExtension>
        </extensions>
      </trkpt>
      <trkpt lat="32.0664114318788051605224609375" lon="118.8092564977705478668212890625">
        <ele>17.799999237060546875</ele>
        <time>2026-09-16T05:09:17.000Z</time>
        <extensions>
          <ns3:TrackPointExtension>
            <ns3:hr>82</ns3:hr>
            <ns3:cad>0</ns3:cad>
          </ns3:TrackPointExtension>
        </extensions>
      </trkpt>
      <trkpt lat="32.06637631170451641082763671875" lon="118.8092685677111148834228515625">
        <ele>18</ele>
        <time>2026-09-16T05:09:26.000Z</time>
        <extensions>
          <ns3:TrackPointExtension>
            <ns3:hr>84</ns3:hr>
            <ns3:cad>0</ns3:cad>
          </ns3:TrackPointExtension>
        </extensions>
      </trkpt>
      <trkpt lat="32.06637497060000896453857421875" lon="118.80926563404500484466552734375">
        <ele>18</ele>
        <time>2026-09-16T05:09:31.000Z</time>
        <extensions>
          <ns3:TrackPointExtension>
            <ns3:hr>81</ns3:hr>
            <ns3:cad>0</ns3:cad>
          </ns3:TrackPointExtension>
        </extensions>
      </trkpt>
      <trkpt lat="32.066373713314533233642578125" lon="118.80926571786403656005859375">
        <ele>18</ele>
        <time>2026-09-16T05:09:32.000Z</time>
        <extensions>
          <ns3:TrackPointExtension>
            <ns3:hr>77</ns3:hr>
            <ns3:cad>0</ns3:cad>
          </ns3:TrackPointExtension>
        </extensions>
      </trkpt>
      <trkpt lat="32.06637228839099407196044921875" lon="118.8092655502259731292724609375">
        <ele>18</ele>
        <time>2026-09-16T05:09:33.000Z</time>
        <extensions>
          <ns3:TrackPointExtension>
            <ns3:hr>77</ns3:hr>
            <ns3:cad>0</ns3:cad>
          </ns3:TrackPointExtension>
        </extensions>
      </trkpt>
      <trkpt lat="32.0663752220571041107177734375" lon="118.80926596932113170623779296875">
        <ele>18</ele>
        <time>2026-09-16T05:09:38.000Z</time>
        <extensions>
          <ns3:TrackPointExtension>
            <ns3:hr>79</ns3:hr>
            <ns3:cad>0</ns3:cad>
          </ns3:TrackPointExtension>
        </extensions>
      </trkpt>
      <trkpt lat="32.0663886331021785736083984375" lon="118.80925834178924560546875">
        <ele>18</ele>
        <time>2026-09-16T05:09:46.000Z</time>
        <extensions>
          <ns3:TrackPointExtension>
            <ns3:hr>80</ns3:hr>
            <ns3:cad>0</ns3:cad>
          </ns3:TrackPointExtension>
        </extensions>
      </trkpt>
      <trkpt lat="32.06639039330184459686279296875" lon="118.80924551747739315032958984375">
        <ele>18</ele>
        <time>2026-09-16T05:09:54.000Z</time>
        <extensions>
          <ns3:TrackPointExtension>
            <ns3:hr>82</ns3:hr>
            <ns3:cad>0</ns3:cad>
          </ns3:TrackPointExtension>
        </extensions>
      </trkpt>
      <trkpt lat="32.06637983210384845733642578125" lon="118.8092222996056079864501953125">
        <ele>18</ele>
        <time>2026-09-16T05:10:01.000Z</time>
        <extensions>
          <ns3:TrackPointExtension>
            <ns3:hr>82</ns3:hr>
            <ns3:cad>0</ns3:cad>
          </ns3:TrackPointExtension>
        </extensions>
      </trkpt>
      <trkpt lat="32.06638268195092678070068359375" lon="118.8092145882546901702880859375">
        <ele>18.200000762939453125</ele>
        <time>2026-09-16T05:10:10.000Z</time>
        <extensions>
          <ns3:TrackPointExtension>
            <ns3:hr>79</ns3:hr>
            <ns3:cad>0</ns3:cad>
          </ns3:TrackPointExtension>
        </extensions>
      </trkpt>
      <trkpt lat="32.0663825981318950653076171875" lon="118.80921685136854648590087890625">
        <ele>18.200000762939453125</ele>
        <time>2026-09-16T05:10:11.000Z</time>
        <extensions>
          <ns3:TrackPointExtension>
            <ns3:hr>79</ns3:hr>
            <ns3:cad>0</ns3:cad>
          </ns3:TrackPointExtension>
        </extensions>
      </trkpt>
      <trkpt lat="32.0663715340197086334228515625" lon="118.80923596210777759552001953125">
        <ele>18</ele>
        <time>2026-09-16T05:10:21.000Z</time>
        <extensions>
          <ns3:TrackPointExtension>
            <ns3:hr>79</ns3:hr>
            <ns3:cad>0</ns3:cad>
          </ns3:TrackPointExtension>
        </extensions>
      </trkpt>
      <trkpt lat="32.06635057926177978515625" lon="118.809241913259029388427734375">
        <ele>18.200000762939453125</ele>
        <time>2026-09-16T05:10:32.000Z</time>
        <extensions>
          <ns3:TrackPointExtension>
            <ns3:hr>78</ns3:hr>
            <ns3:cad>0</ns3:cad>
          </ns3:TrackPointExtension>
        </extensions>
      </trkpt>
      <trkpt lat="32.066338844597339630126953125" lon="118.80923562683165073394775390625">
        <ele>18.200000762939453125</ele>
        <time>2026-09-16T05:10:43.000Z</time>
        <extensions>
          <ns3:TrackPointExtension>
            <ns3:hr>78</ns3:hr>
            <ns3:cad>0</ns3:cad>
          </ns3:TrackPointExtension>
        </extensions>
      </trkpt>
      <trkpt lat="32.06632333807647228240966796875" lon="118.8092269934713840484619140625">
        <ele>18.200000762939453125</ele>
        <time>2026-09-16T05:10:53.000Z</time>
        <extensions>
          <ns3:TrackPointExtension>
            <ns3:hr>77</ns3:hr>
            <ns3:cad>0</ns3:cad>
          </ns3:TrackPointExtension>
        </extensions>
      </trkpt>
      <trkpt lat="32.06631931476294994354248046875" lon="118.80925959907472133636474609375">
        <ele>18.200000762939453125</ele>
        <time>2026-09-16T05:11:05.000Z</time>
        <extensions>
          <ns3:TrackPointExtension>
            <ns3:hr>75</ns3:hr>
            <ns3:cad>0</ns3:cad>
          </ns3:TrackPointExtension>
        </extensions>
      </trkpt>
      <trkpt lat="32.06633205525577068328857421875" lon="118.80929027684032917022705078125">
        <ele>18.200000762939453125</ele>
        <time>2026-09-16T05:11:14.000Z</time>
        <extensions>
          <ns3:TrackPointExtension>
            <ns3:hr>78</ns3:hr>
            <ns3:cad>0</ns3:cad>
          </ns3:TrackPointExtension>
        </extensions>
      </trkpt>
      <trkpt lat="32.0663353241980075836181640625" lon="118.80929178558290004730224609375">
        <ele>18.200000762939453125</ele>
        <time>2026-09-16T05:11:15.000Z</time>
        <extensions>
          <ns3:TrackPointExtension>
            <ns3:hr>78</ns3:hr>
            <ns3:cad>0</ns3:cad>
          </ns3:TrackPointExtension>
        </extensions>
      </trkpt>
      <trkpt lat="32.066369019448757171630859375" lon="118.80930972285568714141845703125">
        <ele>18.200000762939453125</ele>
        <time>2026-09-16T05:11:24.000Z</time>
        <extensions>
          <ns3:TrackPointExtension>
            <ns3:hr>78</ns3:hr>
            <ns3:cad>0</ns3:cad>
          </ns3:TrackPointExtension>
        </extensions>
      </trkpt>
      <trkpt lat="32.0663614757359027862548828125" lon="118.80931609310209751129150390625">
        <ele>18.200000762939453125</ele>
        <time>2026-09-16T05:11:34.000Z</time>
        <extensions>
          <ns3:TrackPointExtension>
            <ns3:hr>78</ns3:hr>
            <ns3:cad>0</ns3:cad>
          </ns3:TrackPointExtension>
        </extensions>
      </trkpt>
      <trkpt lat="32.06633909605443477630615234375" lon="118.809288181364536285400390625">
        <ele>18.200000762939453125</ele>
        <time>2026-09-16T05:11:43.000Z</time>
        <extensions>
          <ns3:TrackPointExtension>
            <ns3:hr>76</ns3:hr>
            <ns3:cad>0</ns3:cad>
          </ns3:TrackPointExtension>
        </extensions>
      </trkpt>
      <trkpt lat="32.06636927090585231781005859375" lon="118.80930016748607158660888671875">
        <ele>18.6000003814697265625</ele>
        <time>2026-09-16T05:11:50.000Z</time>
        <extensions>
          <ns3:TrackPointExtension>
            <ns3:hr>75</ns3:hr>
            <ns3:cad>0</ns3:cad>
          </ns3:TrackPointExtension>
        </extensions>
      </trkpt>
      <trkpt lat="32.0663752220571041107177734375" lon="118.8093004189431667327880859375">
        <ele>18.6000003814697265625</ele>
        <time>2026-09-16T05:11:53.000Z</time>
        <extensions>
          <ns3:TrackPointExtension>
            <ns3:hr>75</ns3:hr>
            <ns3:cad>0</ns3:cad>
          </ns3:TrackPointExtension>
        </extensions>
      </trkpt>
      <trkpt lat="32.06636541523039340972900390625" lon="118.809309639036655426025390625">
        <ele>18.6000003814697265625</ele>
        <time>2026-09-16T05:11:58.000Z</time>
        <extensions>
          <ns3:TrackPointExtension>
            <ns3:hr>76</ns3:hr>
            <ns3:cad>0</ns3:cad>
          </ns3:TrackPointExtension>
        </extensions>
      </trkpt>
      <trkpt lat="32.0663519203662872314453125" lon="118.8093423284590244293212890625">
        <ele>18.799999237060546875</ele>
        <time>2026-09-16T05:12:04.000Z</time>
        <extensions>
          <ns3:TrackPointExtension>
            <ns3:hr>76</ns3:hr>
            <ns3:cad>0</ns3:cad>
          </ns3:TrackPointExtension>
        </extensions>
      </trkpt>
      <trkpt lat="32.066333480179309844970703125" lon="118.8093674741685390472412109375">
        <ele>18.799999237060546875</ele>
        <time>2026-09-16T05:12:13.000Z</time>
        <extensions>
          <ns3:TrackPointExtension>
            <ns3:hr>76</ns3:hr>
            <ns3:cad>0</ns3:cad>
          </ns3:TrackPointExtension>
        </extensions>
      </trkpt>
      <trkpt lat="32.06632702611386775970458984375" lon="118.80933319218456745147705078125">
        <ele>18.6000003814697265625</ele>
        <time>2026-09-16T05:12:20.000Z</time>
        <extensions>
          <ns3:TrackPointExtension>
            <ns3:hr>75</ns3:hr>
            <ns3:cad>0</ns3:cad>
          </ns3:TrackPointExtension>
        </extensions>
      </trkpt>
      <trkpt lat="32.06635518930852413177490234375" lon="118.80924291908740997314453125">
        <ele>18.3999996185302734375</ele>
        <time>2026-09-16T05:12:32.000Z</time>
        <extensions>
          <ns3:TrackPointExtension>
            <ns3:hr>76</ns3:hr>
            <ns3:cad>0</ns3:cad>
          </ns3:TrackPointExtension>
        </extensions>
      </trkpt>
      <trkpt lat="32.06636792980134487152099609375" lon="118.80925037898123264312744140625">
        <ele>18.6000003814697265625</ele>
        <time>2026-09-16T05:12:35.000Z</time>
        <extensions>
          <ns3:TrackPointExtension>
            <ns3:hr>79</ns3:hr>
            <ns3:cad>0</ns3:cad>
          </ns3:TrackPointExtension>
        </extensions>
      </trkpt>
      <trkpt lat="32.06637396477162837982177734375" lon="118.80925591103732585906982421875">
        <ele>18.6000003814697265625</ele>
        <time>2026-09-16T05:12:36.000Z</time>
        <extensions>
          <ns3:TrackPointExtension>
            <ns3:hr>82</ns3:hr>
            <ns3:cad>0</ns3:cad>
          </ns3:TrackPointExtension>
        </extensions>
      </trkpt>
      <trkpt lat="32.0663933269679546356201171875" lon="118.809251300990581512451171875">
        <ele>18.3999996185302734375</ele>
        <time>2026-09-16T05:12:40.000Z</time>
        <extensions>
          <ns3:TrackPointExtension>
            <ns3:hr>84</ns3:hr>
            <ns3:cad>0</ns3:cad>
          </ns3:TrackPointExtension>
        </extensions>
      </trkpt>
      <trkpt lat="32.066409923136234283447265625" lon="118.80921685136854648590087890625">
        <ele>18.200000762939453125</ele>
        <time>2026-09-16T05:12:49.000Z</time>
        <extensions>
          <ns3:TrackPointExtension>
            <ns3:hr>84</ns3:hr>
            <ns3:cad>0</ns3:cad>
          </ns3:TrackPointExtension>
        </extensions>
      </trkpt>
      <trkpt lat="32.0664157904684543609619140625" lon="118.80920209921896457672119140625">
        <ele>18.200000762939453125</ele>
        <time>2026-09-16T05:12:52.000Z</time>
        <extensions>
          <ns3:TrackPointExtension>
            <ns3:hr>81</ns3:hr>
            <ns3:cad>0</ns3:cad>
          </ns3:TrackPointExtension>
        </extensions>
      </trkpt>
      <trkpt lat="32.066416628658771514892578125" lon="118.80919707007706165313720703125">
        <ele>18</ele>
        <time>2026-09-16T05:12:56.000Z</time>
        <extensions>
          <ns3:TrackPointExtension>
            <ns3:hr>78</ns3:hr>
            <ns3:cad>0</ns3:cad>
          </ns3:TrackPointExtension>
        </extensions>
      </trkpt>
      <trkpt lat="32.0664184726774692535400390625" lon="118.809196650981903076171875">
        <ele>18</ele>
        <time>2026-09-16T05:13:00.000Z</time>
        <extensions>
          <ns3:TrackPointExtension>
            <ns3:hr>75</ns3:hr>
            <ns3:cad>0</ns3:cad>
          </ns3:TrackPointExtension>
        </extensions>
      </trkpt>
      <trkpt lat="32.06643062643706798553466796875" lon="118.8091995008289813995361328125">
        <ele>18</ele>
        <time>2026-09-16T05:13:10.000Z</time>
        <extensions>
          <ns3:TrackPointExtension>
            <ns3:hr>76</ns3:hr>
            <ns3:cad>0</ns3:cad>
          </ns3:TrackPointExtension>
        </extensions>
      </trkpt>
      <trkpt lat="32.06640380434691905975341796875" lon="118.80920897237956523895263671875">
        <ele>18</ele>
        <time>2026-09-16T05:13:20.000Z</time>
        <extensions>
          <ns3:TrackPointExtension>
            <ns3:hr>76</ns3:hr>
            <ns3:cad>0</ns3:cad>
          </ns3:TrackPointExtension>
        </extensions>
      </trkpt>
      <trkpt lat="32.06637136638164520263671875" lon="118.8092087209224700927734375">
        <ele>18</ele>
        <time>2026-09-16T05:13:27.000Z</time>
        <extensions>
          <ns3:TrackPointExtension>
            <ns3:hr>79</ns3:hr>
            <ns3:cad>0</ns3:cad>
          </ns3:TrackPointExtension>
        </extensions>
      </trkpt>
      <trkpt lat="32.066337168216705322265625" lon="118.809230513870716094970703125">
        <ele>17.799999237060546875</ele>
        <time>2026-09-16T05:13:31.000Z</time>
        <extensions>
          <ns3:TrackPointExtension>
            <ns3:hr>79</ns3:hr>
            <ns3:cad>0</ns3:cad>
          </ns3:TrackPointExtension>
        </extensions>
      </trkpt>
      <trkpt lat="32.066305316984653472900390625" lon="118.80923110060393810272216796875">
        <ele>18</ele>
        <time>2026-09-16T05:13:38.000Z</time>
        <extensions>
          <ns3:TrackPointExtension>
            <ns3:hr>76</ns3:hr>
            <ns3:cad>0</ns3:cad>
          </ns3:TrackPointExtension>
        </extensions>
      </trkpt>
      <trkpt lat="32.06629048101603984832763671875" lon="118.80923621356487274169921875">
        <ele>17.799999237060546875</ele>
        <time>2026-09-16T05:13:43.000Z</time>
        <extensions>
          <ns3:TrackPointExtension>
            <ns3:hr>74</ns3:hr>
            <ns3:cad>0</ns3:cad>
          </ns3:TrackPointExtension>
        </extensions>
      </trkpt>
      <trkpt lat="32.06629467196762561798095703125" lon="118.80922607146203517913818359375">
        <ele>17.799999237060546875</ele>
        <time>2026-09-16T05:13:49.000Z</time>
        <extensions>
          <ns3:TrackPointExtension>
            <ns3:hr>77</ns3:hr>
            <ns3:cad>0</ns3:cad>
          </ns3:TrackPointExtension>
        </extensions>
      </trkpt>
      <trkpt lat="32.066303305327892303466796875" lon="118.80922280251979827880859375">
        <ele>18</ele>
        <time>2026-09-16T05:13:53.000Z</time>
        <extensions>
          <ns3:TrackPointExtension>
            <ns3:hr>79</ns3:hr>
            <ns3:cad>0</ns3:cad>
          </ns3:TrackPointExtension>
        </extensions>
      </trkpt>
      <trkpt lat="32.06631864421069622039794921875" lon="118.80922690965235233306884765625">
        <ele>18</ele>
        <time>2026-09-16T05:14:04.000Z</time>
        <extensions>
          <ns3:TrackPointExtension>
            <ns3:hr>78</ns3:hr>
            <ns3:cad>0</ns3:cad>
          </ns3:TrackPointExtension>
        </extensions>
      </trkpt>
      <trkpt lat="32.0663363300263881683349609375" lon="118.80923545919358730316162109375">
        <ele>17.799999237060546875</ele>
        <time>2026-09-16T05:14:11.000Z</time>
        <extensions>
          <ns3:TrackPointExtension>
            <ns3:hr>77</ns3:hr>
            <ns3:cad>0</ns3:cad>
          </ns3:TrackPointExtension>
        </extensions>
      </trkpt>
      <trkpt lat="32.06637765280902385711669921875" lon="118.8092417456209659576416015625">
        <ele>17.799999237060546875</ele>
        <time>2026-09-16T05:14:19.000Z</time>
        <extensions>
          <ns3:TrackPointExtension>
            <ns3:hr>78</ns3:hr>
            <ns3:cad>0</ns3:cad>
          </ns3:TrackPointExtension>
        </extensions>
      </trkpt>
      <trkpt lat="32.06637346185743808746337890625" lon="118.809230513870716094970703125">
        <ele>17.799999237060546875</ele>
        <time>2026-09-16T05:14:28.000Z</time>
        <extensions>
          <ns3:TrackPointExtension>
            <ns3:hr>78</ns3:hr>
            <ns3:cad>0</ns3:cad>
          </ns3:TrackPointExtension>
        </extensions>
      </trkpt>
      <trkpt lat="32.06635317765176296234130859375" lon="118.809222467243671417236328125">
        <ele>17.799999237060546875</ele>
        <time>2026-09-16T05:14:37.000Z</time>
        <extensions>
          <ns3:TrackPointExtension>
            <ns3:hr>78</ns3:hr>
            <ns3:cad>0</ns3:cad>
          </ns3:TrackPointExtension>
        </extensions>
      </trkpt>
      <trkpt lat="32.066338174045085906982421875" lon="118.80922816693782806396484375">
        <ele>17.799999237060546875</ele>
        <time>2026-09-16T05:14:40.000Z</time>
        <extensions>
          <ns3:TrackPointExtension>
            <ns3:hr>81</ns3:hr>
            <ns3:cad>0</ns3:cad>
          </ns3:TrackPointExtension>
        </extensions>
      </trkpt>
      <trkpt lat="32.066318057477474212646484375" lon="118.80923445336520671844482421875">
        <ele>17.799999237060546875</ele>
        <time>2026-09-16T05:14:44.000Z</time>
        <extensions>
          <ns3:TrackPointExtension>
            <ns3:hr>82</ns3:hr>
            <ns3:cad>0</ns3:cad>
          </ns3:TrackPointExtension>
        </extensions>
      </trkpt>
      <trkpt lat="32.06630942411720752716064453125" lon="118.80924534983932971954345703125">
        <ele>17.799999237060546875</ele>
        <time>2026-09-16T05:14:48.000Z</time>
        <extensions>
          <ns3:TrackPointExtension>
            <ns3:hr>79</ns3:hr>
            <ns3:cad>0</ns3:cad>
          </ns3:TrackPointExtension>
        </extensions>
      </trkpt>
      <trkpt lat="32.066310681402683258056640625" lon="118.809250295162200927734375">
        <ele>17.799999237060546875</ele>
        <time>2026-09-16T05:14:50.000Z</time>
        <extensions>
          <ns3:TrackPointExtension>
            <ns3:hr>79</ns3:hr>
            <ns3:cad>0</ns3:cad>
          </ns3:TrackPointExtension>
        </extensions>
      </trkpt>
      <trkpt lat="32.0663212426006793975830078125" lon="118.80925557576119899749755859375">
        <ele>17.799999237060546875</ele>
        <time>2026-09-16T05:14:57.000Z</time>
        <extensions>
          <ns3:TrackPointExtension>
            <ns3:hr>78</ns3:hr>
            <ns3:cad>0</ns3:cad>
          </ns3:TrackPointExtension>
        </extensions>
      </trkpt>
      <trkpt lat="32.06633574329316616058349609375" lon="118.80924786441028118133544921875">
        <ele>17.799999237060546875</ele>
        <time>2026-09-16T05:15:06.000Z</time>
        <extensions>
          <ns3:TrackPointExtension>
            <ns3:hr>78</ns3:hr>
            <ns3:cad>0</ns3:cad>
          </ns3:TrackPointExtension>
        </extensions>
      </trkpt>
      <trkpt lat="32.06635217182338237762451171875" lon="118.80923596210777759552001953125">
        <ele>17.799999237060546875</ele>
        <time>2026-09-16T05:15:17.000Z</time>
        <extensions>
          <ns3:TrackPointExtension>
            <ns3:hr>77</ns3:hr>
            <ns3:cad>0</ns3:cad>
          </ns3:TrackPointExtension>
        </extensions>
      </trkpt>
      <trkpt lat="32.06635133363306522369384765625" lon="118.8092323578894138336181640625">
        <ele>17.799999237060546875</ele>
        <time>2026-09-16T05:15:19.000Z</time>
        <extensions>
          <ns3:TrackPointExtension>
            <ns3:hr>83</ns3:hr>
            <ns3:cad>0</ns3:cad>
          </ns3:TrackPointExtension>
        </extensions>
      </trkpt>
      <trkpt lat="32.06635468639433383941650390625" lon="118.80923663266003131866455078125">
        <ele>17.799999237060546875</ele>
        <time>2026-09-16T05:15:24.000Z</time>
        <extensions>
          <ns3:TrackPointExtension>
            <ns3:hr>81</ns3:hr>
            <ns3:cad>0</ns3:cad>
          </ns3:TrackPointExtension>
        </extensions>
      </trkpt>
      <trkpt lat="32.0663668401539325714111328125" lon="118.8092514686286449432373046875">
        <ele>17.799999237060546875</ele>
        <time>2026-09-16T05:15:33.000Z</time>
        <extensions>
          <ns3:TrackPointExtension>
            <ns3:hr>81</ns3:hr>
            <ns3:cad>0</ns3:cad>
          </ns3:TrackPointExtension>
        </extensions>
      </trkpt>
      <trkpt lat="32.066373713314533233642578125" lon="118.80925959907472133636474609375">
        <ele>17.799999237060546875</ele>
        <time>2026-09-16T05:15:39.000Z</time>
        <extensions>
          <ns3:TrackPointExtension>
            <ns3:hr>78</ns3:hr>
            <ns3:cad>0</ns3:cad>
          </ns3:TrackPointExtension>
        </extensions>
      </trkpt>
      <trkpt lat="32.06637413240969181060791015625" lon="118.8092581741511821746826171875">
        <ele>17.799999237060546875</ele>
        <time>2026-09-16T05:15:40.000Z</time>
        <extensions>
          <ns3:TrackPointExtension>
            <ns3:hr>77</ns3:hr>
            <ns3:cad>0</ns3:cad>
          </ns3:TrackPointExtension>
        </extensions>
      </trkpt>
      <trkpt lat="32.06637195311486721038818359375" lon="118.80924032069742679595947265625">
        <ele>17.799999237060546875</ele>
        <time>2026-09-16T05:15:47.000Z</time>
        <extensions>
          <ns3:TrackPointExtension>
            <ns3:hr>77</ns3:hr>
            <ns3:cad>0</ns3:cad>
          </ns3:TrackPointExtension>
        </extensions>
      </trkpt>
      <trkpt lat="32.06637111492455005645751953125" lon="118.809219114482402801513671875">
        <ele>17.799999237060546875</ele>
        <time>2026-09-16T05:15:55.000Z</time>
        <extensions>
          <ns3:TrackPointExtension>
            <ns3:hr>78</ns3:hr>
            <ns3:cad>0</ns3:cad>
          </ns3:TrackPointExtension>
        </extensions>
      </trkpt>
      <trkpt lat="32.0663876272737979888916015625" lon="118.80920595489442348480224609375">
        <ele>17.799999237060546875</ele>
        <time>2026-09-16T05:16:04.000Z</time>
        <extensions>
          <ns3:TrackPointExtension>
            <ns3:hr>78</ns3:hr>
            <ns3:cad>0</ns3:cad>
          </ns3:TrackPointExtension>
        </extensions>
      </trkpt>
      <trkpt lat="32.06643800251185894012451171875" lon="118.80923009477555751800537109375">
        <ele>17.799999237060546875</ele>
        <time>2026-09-16T05:16:16.000Z</time>
        <extensions>
          <ns3:TrackPointExtension>
            <ns3:hr>77</ns3:hr>
            <ns3:cad>0</ns3:cad>
          </ns3:TrackPointExtension>
        </extensions>
      </trkpt>
      <trkpt lat="32.06646197475492954254150390625" lon="118.80924333818256855010986328125">
        <ele>17.799999237060546875</ele>
        <time>2026-09-16T05:16:26.000Z</time>
        <extensions>
          <ns3:TrackPointExtension>
            <ns3:hr>79</ns3:hr>
            <ns3:cad>0</ns3:cad>
          </ns3:TrackPointExtension>
        </extensions>
      </trkpt>
      <trkpt lat="32.06648360006511211395263671875" lon="118.8092477805912494659423828125">
        <ele>17.799999237060546875</ele>
        <time>2026-09-16T05:16:36.000Z</time>
        <extensions>
          <ns3:TrackPointExtension>
            <ns3:hr>82</ns3:hr>
            <ns3:cad>0</ns3:cad>
          </ns3:TrackPointExtension>
        </extensions>
      </trkpt>
      <trkpt lat="32.066485024988651275634765625" lon="118.80924719385802745819091796875">
        <ele>17.799999237060546875</ele>
        <time>2026-09-16T05:16:37.000Z</time>
        <extensions>
          <ns3:TrackPointExtension>
            <ns3:hr>85</ns3:hr>
            <ns3:cad>0</ns3:cad>
          </ns3:TrackPointExtension>
        </extensions>
      </trkpt>
      <trkpt lat="32.066483683884143829345703125" lon="118.80924987606704235076904296875">
        <ele>17.799999237060546875</ele>
        <time>2026-09-16T05:16:38.000Z</time>
        <extensions>
          <ns3:TrackPointExtension>
            <ns3:hr>85</ns3:hr>
            <ns3:cad>0</ns3:cad>
          </ns3:TrackPointExtension>
        </extensions>
      </trkpt>
      <trkpt lat="32.06646549515426158905029296875" lon="118.80926848389208316802978515625">
        <ele>17.799999237060546875</ele>
        <time>2026-09-16T05:16:44.000Z</time>
        <extensions>
          <ns3:TrackPointExtension>
            <ns3:hr>85</ns3:hr>
            <ns3:cad>0</ns3:cad>
          </ns3:TrackPointExtension>
        </extensions>
      </trkpt>
      <trkpt lat="32.0663564465939998626708984375" lon="118.80929329432547092437744140625">
        <ele>17.799999237060546875</ele>
        <time>2026-09-16T05:16:56.000Z</time>
        <extensions>
          <ns3:TrackPointExtension>
            <ns3:hr>87</ns3:hr>
            <ns3:cad>0</ns3:cad>
          </ns3:TrackPointExtension>
        </extensions>
      </trkpt>
      <trkpt lat="32.06630590371787548065185546875" lon="118.8093121536076068878173828125">
        <ele>17.799999237060546875</ele>
        <time>2026-09-16T05:17:08.000Z</time>
        <extensions>
          <ns3:TrackPointExtension>
            <ns3:hr>87</ns3:hr>
            <ns3:cad>0</ns3:cad>
          </ns3:TrackPointExtension>
        </extensions>
      </trkpt>
      <trkpt lat="32.06630431115627288818359375" lon="118.80930921994149684906005859375">
        <ele>17.799999237060546875</ele>
        <time>2026-09-16T05:17:14.000Z</time>
        <extensions>
          <ns3:TrackPointExtension>
            <ns3:hr>84</ns3:hr>
            <ns3:cad>0</ns3:cad>
          </ns3:TrackPointExtension>
        </extensions>
      </trkpt>
      <trkpt lat="32.06631369888782501220703125" lon="118.8093007542192935943603515625">
        <ele>17.799999237060546875</ele>
        <time>2026-09-16T05:17:17.000Z</time>
        <extensions>
          <ns3:TrackPointExtension>
            <ns3:hr>81</ns3:hr>
            <ns3:cad>0</ns3:cad>
          </ns3:TrackPointExtension>
        </extensions>
      </trkpt>
      <trkpt lat="32.06631596200168132781982421875" lon="118.80929748527705669403076171875">
        <ele>18</ele>
        <time>2026-09-16T05:17:18.000Z</time>
        <extensions>
          <ns3:TrackPointExtension>
            <ns3:hr>81</ns3:hr>
            <ns3:cad>0</ns3:cad>
          </ns3:TrackPointExtension>
        </extensions>
      </trkpt>
      <trkpt lat="32.0663789100944995880126953125" lon="118.80925364792346954345703125">
        <ele>18</ele>
        <time>2026-09-16T05:17:28.000Z</time>
        <extensions>
          <ns3:TrackPointExtension>
            <ns3:hr>81</ns3:hr>
            <ns3:cad>0</ns3:cad>
          </ns3:TrackPointExtension>
        </extensions>
      </trkpt>
      <trkpt lat="32.0664070732891559600830078125" lon="118.80924333818256855010986328125">
        <ele>18</ele>
        <time>2026-09-16T05:17:40.000Z</time>
        <extensions>
          <ns3:TrackPointExtension>
            <ns3:hr>82</ns3:hr>
            <ns3:cad>0</ns3:cad>
          </ns3:TrackPointExtension>
        </extensions>
      </trkpt>
      <trkpt lat="32.0664162933826446533203125" lon="118.80921383388340473175048828125">
        <ele>18</ele>
        <time>2026-09-16T05:17:49.000Z</time>
        <extensions>
          <ns3:TrackPointExtension>
            <ns3:hr>85</ns3:hr>
            <ns3:cad>0</ns3:cad>
          </ns3:TrackPointExtension>
        </extensions>
      </trkpt>
      <trkpt lat="32.06636977382004261016845703125" lon="118.8093750178813934326171875">
        <ele>18</ele>
        <time>2026-09-16T05:17:52.000Z</time>
        <extensions>
          <ns3:TrackPointExtension>
            <ns3:hr>87</ns3:hr>
            <ns3:cad>0</ns3:cad>
          </ns3:TrackPointExtension>
        </extensions>
      </trkpt>
      <trkpt lat="32.06640631891787052154541015625" lon="118.8092829845845699310302734375">
        <ele>18</ele>
        <time>2026-09-16T05:18:04.000Z</time>
        <extensions>
          <ns3:TrackPointExtension>
            <ns3:hr>87</ns3:hr>
            <ns3:cad>0</ns3:cad>
          </ns3:TrackPointExtension>
        </extensions>
      </trkpt>
    </trkseg>
  </trk>
</gpx>
