<?xml version="1.0" encoding="UTF-8"?>
<gpx creator="Garmin Connect" version="1.1"
  xsi:schemaLocation="http://www.topografix.com/GPX/1/1 http://www.topografix.com/GPX/11.xsd"
  xmlns:ns3="http://www.garmin.com/xmlschemas/TrackPointExtension/v1"
  xmlns="http://www.topografix.com/GPX/1/1"
  xmlns:xsi="http://www.w3.org/2001/XMLSchema-instance" xmlns:ns2="http://www.garmin.com/xmlschemas/GpxExtensions/v3">
  <metadata>
    <link href="connect.garmin.com">
      <text>Garmin Connect</text>
    </link>
    <time>2026-09-20T04:35:03.000Z</time>
  </metadata>
  <trk>
    <name>Chuzhou Hiking</name>
    <type>hiking</type>
    <trkseg>
      <trkpt lat="32.28674442507326602935791015625" lon="118.285130895674228668212890625">
        <ele>60.40000152587890625</ele>
        <time>2026-09-20T04:35:22.000Z</time>
        <extensions>
          <ns3:TrackPointExtension>
            <ns3:hr>107</ns3:hr>
            <ns3:cad>49</ns3:cad>
          </ns3:TrackPointExtension>
        </extensions>
      </trkpt>
      <trkpt lat="32.28673118166625499725341796875" lon="118.28511555679142475128173828125">
        <ele>60.40000152587890625</ele>
        <time>2026-09-20T04:35:24.000Z</time>
        <extensions>
          <ns3:TrackPointExtension>
            <ns3:hr>106</ns3:hr>
            <ns3:cad>0</ns3:cad>
          </ns3:TrackPointExtension>
        </extensions>
      </trkpt>
      <trkpt lat="32.286693714559078216552734375" lon="118.28508605249226093292236328125">
        <ele>60.40000152587890625</ele>
        <time>2026-09-20T04:35:29.000Z</time>
        <extensions>
          <ns3:TrackPointExtension>
            <ns3:hr>104</ns3:hr>
            <ns3:cad>0</ns3:cad>
          </ns3:TrackPointExtension>
        </extensions>
      </trkpt>
      <trkpt lat="32.28664635680615901947021484375" lon="118.28504179604351520538330078125">
        <ele>60.59999847412109375</ele>
        <time>2026-09-20T04:35:36.000Z</time>
        <extensions>
          <ns3:TrackPointExtension>
            <ns3:hr>103</ns3:hr>
            <ns3:cad>0</ns3:cad>
          </ns3:TrackPointExtension>
        </extensions>
      </trkpt>
      <trkpt lat="32.28659606538712978363037109375" lon="118.28502100892364978790283203125">
        <ele>60.799999237060546875</ele>
        <time>2026-09-20T04:35:42.000Z</time>
        <extensions>
          <ns3:TrackPointExtension>
            <ns3:hr>104</ns3:hr>
            <ns3:cad>41</ns3:cad>
          </ns3:TrackPointExtension>
        </extensions>
      </trkpt>
      <trkpt lat="32.28658550418913364410400390625" lon="118.285017907619476318359375">
        <ele>61</ele>
        <time>2026-09-20T04:35:43.000Z</time>
        <extensions>
          <ns3:TrackPointExtension>
            <ns3:hr>104</ns3:hr>
            <ns3:cad>0</ns3:cad>
          </ns3:TrackPointExtension>
        </extensions>
      </trkpt>
      <trkpt lat="32.28651769459247589111328125" lon="118.28502771444618701934814453125">
        <ele>61.200000762939453125</ele>
        <time>2026-09-20T04:35:51.000Z</time>
        <extensions>
          <ns3:TrackPointExtension>
            <ns3:hr>103</ns3:hr>
            <ns3:cad>45</ns3:cad>
          </ns3:TrackPointExtension>
        </extensions>
      </trkpt>
      <trkpt lat="32.2864687442779541015625" lon="118.2850219309329986572265625">
        <ele>61</ele>
        <time>2026-09-20T04:35:57.000Z</time>
        <extensions>
          <ns3:TrackPointExtension>
            <ns3:hr>104</ns3:hr>
            <ns3:cad>45</ns3:cad>
          </ns3:TrackPointExtension>
        </extensions>
      </trkpt>
      <trkpt lat="32.2864083945751190185546875" lon="118.2849966175854206085205078125">
        <ele>61.200000762939453125</ele>
        <time>2026-09-20T04:36:05.000Z</time>
        <extensions>
          <ns3:TrackPointExtension>
            <ns3:hr>104</ns3:hr>
            <ns3:cad>45</ns3:cad>
          </ns3:TrackPointExtension>
        </extensions>
      </trkpt>
      <trkpt lat="32.2863582707941532135009765625" lon="118.2849734835326671600341796875">
        <ele>61.200000762939453125</ele>
        <time>2026-09-20T04:36:12.000Z</time>
        <extensions>
          <ns3:TrackPointExtension>
            <ns3:hr>104</ns3:hr>
            <ns3:cad>45</ns3:cad>
          </ns3:TrackPointExtension>
        </extensions>
      </trkpt>
      <trkpt lat="32.28633572347462177276611328125" lon="118.28496065922081470489501953125">
        <ele>61.40000152587890625</ele>
        <time>2026-09-20T04:36:19.000Z</time>
        <extensions>
          <ns3:TrackPointExtension>
            <ns3:hr>103</ns3:hr>
            <ns3:cad>0</ns3:cad>
          </ns3:TrackPointExtension>
        </extensions>
      </trkpt>
      <trkpt lat="32.286343686282634735107421875" lon="118.28492067754268646240234375">
        <ele>61.59999847412109375</ele>
        <time>2026-09-20T04:36:30.000Z</time>
        <extensions>
          <ns3:TrackPointExtension>
            <ns3:hr>102</ns3:hr>
            <ns3:cad>0</ns3:cad>
          </ns3:TrackPointExtension>
        </extensions>
      </trkpt>
      <trkpt lat="32.2863425128161907196044921875" lon="118.2849389500916004180908203125">
        <ele>61.40000152587890625</ele>
        <time>2026-09-20T04:36:38.000Z</time>
        <extensions>
          <ns3:TrackPointExtension>
            <ns3:hr>99</ns3:hr>
            <ns3:cad>0</ns3:cad>
          </ns3:TrackPointExtension>
        </extensions>
      </trkpt>
      <trkpt lat="32.2863428480923175811767578125" lon="118.28493920154869556427001953125">
        <ele>61.200000762939453125</ele>
        <time>2026-09-20T04:36:39.000Z</time>
        <extensions>
          <ns3:TrackPointExtension>
            <ns3:hr>99</ns3:hr>
            <ns3:cad>0</ns3:cad>
          </ns3:TrackPointExtension>
        </extensions>
      </trkpt>
      <trkpt lat="32.2863612882792949676513671875" lon="118.28496753238141536712646484375">
        <ele>61</ele>
        <time>2026-09-20T04:36:43.000Z</time>
        <extensions>
          <ns3:TrackPointExtension>
            <ns3:hr>96</ns3:hr>
            <ns3:cad>0</ns3:cad>
          </ns3:TrackPointExtension>
        </extensions>
      </trkpt>
      <trkpt lat="32.28636212646961212158203125" lon="118.284986726939678192138671875">
        <ele>61.200000762939453125</ele>
        <time>2026-09-20T04:36:45.000Z</time>
        <extensions>
          <ns3:TrackPointExtension>
            <ns3:hr>96</ns3:hr>
            <ns3:cad>0</ns3:cad>
          </ns3:TrackPointExtension>
        </extensions>
      </trkpt>
      <trkpt lat="32.2863622941076755523681640625" lon="118.2850096933543682098388671875">
        <ele>62</ele>
        <time>2026-09-20T04:36:49.000Z</time>
        <extensions>
          <ns3:TrackPointExtension>
            <ns3:hr>95</ns3:hr>
            <ns3:cad>0</ns3:cad>
          </ns3:TrackPointExtension>
        </extensions>
      </trkpt>
      <trkpt lat="32.2863576002418994903564453125" lon="118.2850174047052860260009765625">
        <ele>62.40000152587890625</ele>
        <time>2026-09-20T04:36:51.000Z</time>
        <extensions>
          <ns3:TrackPointExtension>
            <ns3:hr>94</ns3:hr>
            <ns3:cad>46</ns3:cad>
          </ns3:TrackPointExtension>
        </extensions>
      </trkpt>
      <trkpt lat="32.28633672930300235748291015625" lon="118.28503274358808994293212890625">
        <ele>63</ele>
        <time>2026-09-20T04:36:54.000Z</time>
        <extensions>
          <ns3:TrackPointExtension>
            <ns3:hr>94</ns3:hr>
            <ns3:cad>44</ns3:cad>
          </ns3:TrackPointExtension>
        </extensions>
      </trkpt>
      <trkpt lat="32.2863106615841388702392578125" lon="118.285040371119976043701171875">
        <ele>63.59999847412109375</ele>
        <time>2026-09-20T04:36:58.000Z</time>
        <extensions>
          <ns3:TrackPointExtension>
            <ns3:hr>95</ns3:hr>
            <ns3:cad>44</ns3:cad>
          </ns3:TrackPointExtension>
        </extensions>
      </trkpt>
      <trkpt lat="32.2863032855093479156494140625" lon="118.28504062257707118988037109375">
        <ele>64.1999969482421875</ele>
        <time>2026-09-20T04:37:02.000Z</time>
        <extensions>
          <ns3:TrackPointExtension>
            <ns3:hr>96</ns3:hr>
            <ns3:cad>0</ns3:cad>
          </ns3:TrackPointExtension>
        </extensions>
      </trkpt>
      <trkpt lat="32.2863012738525867462158203125" lon="118.285031653940677642822265625">
        <ele>64.40000152587890625</ele>
        <time>2026-09-20T04:37:05.000Z</time>
        <extensions>
          <ns3:TrackPointExtension>
            <ns3:hr>97</ns3:hr>
            <ns3:cad>0</ns3:cad>
          </ns3:TrackPointExtension>
        </extensions>
      </trkpt>
      <trkpt lat="32.28629951365292072296142578125" lon="118.284996785223484039306640625">
        <ele>64</ele>
        <time>2026-09-20T04:37:15.000Z</time>
        <extensions>
          <ns3:TrackPointExtension>
            <ns3:hr>95</ns3:hr>
            <ns3:cad>0</ns3:cad>
          </ns3:TrackPointExtension>
        </extensions>
      </trkpt>
      <trkpt lat="32.28625307790935039520263671875" lon="118.2850085198879241943359375">
        <ele>64.40000152587890625</ele>
        <time>2026-09-20T04:37:22.000Z</time>
        <extensions>
          <ns3:TrackPointExtension>
            <ns3:hr>93</ns3:hr>
            <ns3:cad>0</ns3:cad>
          </ns3:TrackPointExtension>
        </extensions>
      </trkpt>
      <trkpt lat="32.28623949922621250152587890625" lon="118.28503240831196308135986328125">
        <ele>65.1999969482421875</ele>
        <time>2026-09-20T04:37:27.000Z</time>
        <extensions>
          <ns3:TrackPointExtension>
            <ns3:hr>93</ns3:hr>
            <ns3:cad>73</ns3:cad>
          </ns3:TrackPointExtension>
        </extensions>
      </trkpt>
      <trkpt lat="32.28623463772237300872802734375" lon="118.2850402034819126129150390625">
        <ele>65.40000152587890625</ele>
        <time>2026-09-20T04:37:28.000Z</time>
        <extensions>
          <ns3:TrackPointExtension>
            <ns3:hr>92</ns3:hr>
            <ns3:cad>73</ns3:cad>
          </ns3:TrackPointExtension>
        </extensions>
      </trkpt>
      <trkpt lat="32.28622776456177234649658203125" lon="118.28505453653633594512939453125">
        <ele>66.1999969482421875</ele>
        <time>2026-09-20T04:37:32.000Z</time>
        <extensions>
          <ns3:TrackPointExtension>
            <ns3:hr>94</ns3:hr>
            <ns3:cad>19</ns3:cad>
          </ns3:TrackPointExtension>
        </extensions>
      </trkpt>
      <trkpt lat="32.28622131049633026123046875" lon="118.28505923040211200714111328125">
        <ele>66.8000030517578125</ele>
        <time>2026-09-20T04:37:34.000Z</time>
        <extensions>
          <ns3:TrackPointExtension>
            <ns3:hr>95</ns3:hr>
            <ns3:cad>19</ns3:cad>
          </ns3:TrackPointExtension>
        </extensions>
      </trkpt>
      <trkpt lat="32.286218963563442230224609375" lon="118.2850821129977703094482421875">
        <ele>67.40000152587890625</ele>
        <time>2026-09-20T04:37:37.000Z</time>
        <extensions>
          <ns3:TrackPointExtension>
            <ns3:hr>96</ns3:hr>
            <ns3:cad>41</ns3:cad>
          </ns3:TrackPointExtension>
        </extensions>
      </trkpt>
      <trkpt lat="32.2862144373357295989990234375" lon="118.2850901596248149871826171875">
        <ele>67.59999847412109375</ele>
        <time>2026-09-20T04:37:38.000Z</time>
        <extensions>
          <ns3:TrackPointExtension>
            <ns3:hr>97</ns3:hr>
            <ns3:cad>41</ns3:cad>
          </ns3:TrackPointExtension>
        </extensions>
      </trkpt>
      <trkpt lat="32.2862023673951625823974609375" lon="118.2851082645356655120849609375">
        <ele>67.8000030517578125</ele>
        <time>2026-09-20T04:37:40.000Z</time>
        <extensions>
          <ns3:TrackPointExtension>
            <ns3:hr>100</ns3:hr>
            <ns3:cad>41</ns3:cad>
          </ns3:TrackPointExtension>
        </extensions>
      </trkpt>
      <trkpt lat="32.2861866094172000885009765625" lon="118.2851280458271503448486328125">
        <ele>67.8000030517578125</ele>
        <time>2026-09-20T04:37:42.000Z</time>
        <extensions>
          <ns3:TrackPointExtension>
            <ns3:hr>103</ns3:hr>
            <ns3:cad>0</ns3:cad>
          </ns3:TrackPointExtension>
        </extensions>
      </trkpt>
      <trkpt lat="32.28617479093372821807861328125" lon="118.2851354219019412994384765625">
        <ele>68</ele>
        <time>2026-09-20T04:37:44.000Z</time>
        <extensions>
          <ns3:TrackPointExtension>
            <ns3:hr>105</ns3:hr>
            <ns3:cad>0</ns3:cad>
          </ns3:TrackPointExtension>
        </extensions>
      </trkpt>
      <trkpt lat="32.2861634753644466400146484375" lon="118.2851431332528591156005859375">
        <ele>68.1999969482421875</ele>
        <time>2026-09-20T04:37:47.000Z</time>
        <extensions>
          <ns3:TrackPointExtension>
            <ns3:hr>108</ns3:hr>
            <ns3:cad>0</ns3:cad>
          </ns3:TrackPointExtension>
        </extensions>
      </trkpt>
      <trkpt lat="32.28616121225059032440185546875" lon="118.28515537083148956298828125">
        <ele>68.1999969482421875</ele>
        <time>2026-09-20T04:37:48.000Z</time>
        <extensions>
          <ns3:TrackPointExtension>
            <ns3:hr>108</ns3:hr>
            <ns3:cad>0</ns3:cad>
          </ns3:TrackPointExtension>
        </extensions>
      </trkpt>
      <trkpt lat="32.28615668602287769317626953125" lon="118.28516618348658084869384765625">
        <ele>68.1999969482421875</ele>
        <time>2026-09-20T04:37:49.000Z</time>
        <extensions>
          <ns3:TrackPointExtension>
            <ns3:hr>108</ns3:hr>
            <ns3:cad>0</ns3:cad>
          </ns3:TrackPointExtension>
        </extensions>
      </trkpt>
      <trkpt lat="32.28615400381386280059814453125" lon="118.2851709611713886260986328125">
        <ele>68.40000152587890625</ele>
        <time>2026-09-20T04:37:50.000Z</time>
        <extensions>
          <ns3:TrackPointExtension>
            <ns3:hr>109</ns3:hr>
            <ns3:cad>0</ns3:cad>
          </ns3:TrackPointExtension>
        </extensions>
      </trkpt>
      <trkpt lat="32.2861296124756336212158203125" lon="118.28519828617572784423828125">
        <ele>69.1999969482421875</ele>
        <time>2026-09-20T04:37:54.000Z</time>
        <extensions>
          <ns3:TrackPointExtension>
            <ns3:hr>111</ns3:hr>
            <ns3:cad>0</ns3:cad>
          </ns3:TrackPointExtension>
        </extensions>
      </trkpt>
      <trkpt lat="32.28611913509666919708251953125" lon="118.285195268690586090087890625">
        <ele>69.40000152587890625</ele>
        <time>2026-09-20T04:37:55.000Z</time>
        <extensions>
          <ns3:TrackPointExtension>
            <ns3:hr>111</ns3:hr>
            <ns3:cad>0</ns3:cad>
          </ns3:TrackPointExtension>
        </extensions>
      </trkpt>
      <trkpt lat="32.28608946315944194793701171875" lon="118.28517640940845012664794921875">
        <ele>70</ele>
        <time>2026-09-20T04:37:59.000Z</time>
        <extensions>
          <ns3:TrackPointExtension>
            <ns3:hr>113</ns3:hr>
            <ns3:cad>41</ns3:cad>
          </ns3:TrackPointExtension>
        </extensions>
      </trkpt>
      <trkpt lat="32.286081500351428985595703125" lon="118.2851709611713886260986328125">
        <ele>70</ele>
        <time>2026-09-20T04:38:00.000Z</time>
        <extensions>
          <ns3:TrackPointExtension>
            <ns3:hr>113</ns3:hr>
            <ns3:cad>41</ns3:cad>
          </ns3:TrackPointExtension>
        </extensions>
      </trkpt>
      <trkpt lat="32.28605945594608783721923828125" lon="118.2851538620889186859130859375">
        <ele>70.1999969482421875</ele>
        <time>2026-09-20T04:38:03.000Z</time>
        <extensions>
          <ns3:TrackPointExtension>
            <ns3:hr>116</ns3:hr>
            <ns3:cad>0</ns3:cad>
          </ns3:TrackPointExtension>
        </extensions>
      </trkpt>
      <trkpt lat="32.28601939044892787933349609375" lon="118.28513684682548046112060546875">
        <ele>70.1999969482421875</ele>
        <time>2026-09-20T04:38:06.000Z</time>
        <extensions>
          <ns3:TrackPointExtension>
            <ns3:hr>116</ns3:hr>
            <ns3:cad>47</ns3:cad>
          </ns3:TrackPointExtension>
        </extensions>
      </trkpt>
      <trkpt lat="32.28596457280218601226806640625" lon="118.28511513769626617431640625">
        <ele>70</ele>
        <time>2026-09-20T04:38:13.000Z</time>
        <extensions>
          <ns3:TrackPointExtension>
            <ns3:hr>115</ns3:hr>
            <ns3:cad>0</ns3:cad>
          </ns3:TrackPointExtension>
        </extensions>
      </trkpt>
      <trkpt lat="32.28591595776379108428955078125" lon="118.2850863039493560791015625">
        <ele>69</ele>
        <time>2026-09-20T04:38:21.000Z</time>
        <extensions>
          <ns3:TrackPointExtension>
            <ns3:hr>112</ns3:hr>
            <ns3:cad>53</ns3:cad>
          </ns3:TrackPointExtension>
        </extensions>
      </trkpt>
      <trkpt lat="32.2858935780823230743408203125" lon="118.28507180325686931610107421875">
        <ele>68.40000152587890625</ele>
        <time>2026-09-20T04:38:24.000Z</time>
        <extensions>
          <ns3:TrackPointExtension>
            <ns3:hr>111</ns3:hr>
            <ns3:cad>48</ns3:cad>
          </ns3:TrackPointExtension>
        </extensions>
      </trkpt>
      <trkpt lat="32.28586449287831783294677734375" lon="118.28504598699510097503662109375">
        <ele>67.59999847412109375</ele>
        <time>2026-09-20T04:38:29.000Z</time>
        <extensions>
          <ns3:TrackPointExtension>
            <ns3:hr>111</ns3:hr>
            <ns3:cad>48</ns3:cad>
          </ns3:TrackPointExtension>
        </extensions>
      </trkpt>
      <trkpt lat="32.28585225529968738555908203125" lon="118.2850375212728977203369140625">
        <ele>67.1999969482421875</ele>
        <time>2026-09-20T04:38:31.000Z</time>
        <extensions>
          <ns3:TrackPointExtension>
            <ns3:hr>111</ns3:hr>
            <ns3:cad>50</ns3:cad>
          </ns3:TrackPointExtension>
        </extensions>
      </trkpt>
      <trkpt lat="32.28582778014242649078369140625" lon="118.28503064811229705810546875">
        <ele>66.59999847412109375</ele>
        <time>2026-09-20T04:38:38.000Z</time>
        <extensions>
          <ns3:TrackPointExtension>
            <ns3:hr>110</ns3:hr>
            <ns3:cad>0</ns3:cad>
          </ns3:TrackPointExtension>
        </extensions>
      </trkpt>
      <trkpt lat="32.2857997007668018341064453125" lon="118.28500944189727306365966796875">
        <ele>66.1999969482421875</ele>
        <time>2026-09-20T04:38:43.000Z</time>
        <extensions>
          <ns3:TrackPointExtension>
            <ns3:hr>109</ns3:hr>
            <ns3:cad>0</ns3:cad>
          </ns3:TrackPointExtension>
        </extensions>
      </trkpt>
      <trkpt lat="32.28578788228332996368408203125" lon="118.284996114671230316162109375">
        <ele>65.8000030517578125</ele>
        <time>2026-09-20T04:38:45.000Z</time>
        <extensions>
          <ns3:TrackPointExtension>
            <ns3:hr>108</ns3:hr>
            <ns3:cad>0</ns3:cad>
          </ns3:TrackPointExtension>
        </extensions>
      </trkpt>
      <trkpt lat="32.28574924170970916748046875" lon="118.28495328314602375030517578125">
        <ele>65.1999969482421875</ele>
        <time>2026-09-20T04:38:52.000Z</time>
        <extensions>
          <ns3:TrackPointExtension>
            <ns3:hr>106</ns3:hr>
            <ns3:cad>49</ns3:cad>
          </ns3:TrackPointExtension>
        </extensions>
      </trkpt>
      <trkpt lat="32.28574077598750591278076171875" lon="118.28494842164218425750732421875">
        <ele>65</ele>
        <time>2026-09-20T04:38:53.000Z</time>
        <extensions>
          <ns3:TrackPointExtension>
            <ns3:hr>106</ns3:hr>
            <ns3:cad>49</ns3:cad>
          </ns3:TrackPointExtension>
        </extensions>
      </trkpt>
      <trkpt lat="32.2857024706900119781494140625" lon="118.28492025844752788543701171875">
        <ele>64.59999847412109375</ele>
        <time>2026-09-20T04:38:59.000Z</time>
        <extensions>
          <ns3:TrackPointExtension>
            <ns3:hr>105</ns3:hr>
            <ns3:cad>0</ns3:cad>
          </ns3:TrackPointExtension>
        </extensions>
      </trkpt>
      <trkpt lat="32.28565142489969730377197265625" lon="118.2848918437957763671875">
        <ele>65</ele>
        <time>2026-09-20T04:39:06.000Z</time>
        <extensions>
          <ns3:TrackPointExtension>
            <ns3:hr>104</ns3:hr>
            <ns3:cad>0</ns3:cad>
          </ns3:TrackPointExtension>
        </extensions>
      </trkpt>
      <trkpt lat="32.28564186953008174896240234375" lon="118.28487516380846500396728515625">
        <ele>64.8000030517578125</ele>
        <time>2026-09-20T04:39:08.000Z</time>
        <extensions>
          <ns3:TrackPointExtension>
            <ns3:hr>103</ns3:hr>
            <ns3:cad>0</ns3:cad>
          </ns3:TrackPointExtension>
        </extensions>
      </trkpt>
      <trkpt lat="32.2856223396956920623779296875" lon="118.28484113328158855438232421875">
        <ele>64.8000030517578125</ele>
        <time>2026-09-20T04:39:12.000Z</time>
        <extensions>
          <ns3:TrackPointExtension>
            <ns3:hr>101</ns3:hr>
            <ns3:cad>51</ns3:cad>
          </ns3:TrackPointExtension>
        </extensions>
      </trkpt>
      <trkpt lat="32.28556944988667964935302734375" lon="118.2848001457750797271728515625">
        <ele>65</ele>
        <time>2026-09-20T04:39:18.000Z</time>
        <extensions>
          <ns3:TrackPointExtension>
            <ns3:hr>99</ns3:hr>
            <ns3:cad>50</ns3:cad>
          </ns3:TrackPointExtension>
        </extensions>
      </trkpt>
      <trkpt lat="32.2855083458125591278076171875" lon="118.28474591486155986785888671875">
        <ele>65.8000030517578125</ele>
        <time>2026-09-20T04:39:25.000Z</time>
        <extensions>
          <ns3:TrackPointExtension>
            <ns3:hr>100</ns3:hr>
            <ns3:cad>49</ns3:cad>
          </ns3:TrackPointExtension>
        </extensions>
      </trkpt>
      <trkpt lat="32.2854895703494548797607421875" lon="118.284725882112979888916015625">
        <ele>66.1999969482421875</ele>
        <time>2026-09-20T04:39:28.000Z</time>
        <extensions>
          <ns3:TrackPointExtension>
            <ns3:hr>99</ns3:hr>
            <ns3:cad>47</ns3:cad>
          </ns3:TrackPointExtension>
        </extensions>
      </trkpt>
      <trkpt lat="32.28546266444027423858642578125" lon="118.2846831344068050384521484375">
        <ele>66.1999969482421875</ele>
        <time>2026-09-20T04:39:32.000Z</time>
        <extensions>
          <ns3:TrackPointExtension>
            <ns3:hr>98</ns3:hr>
            <ns3:cad>48</ns3:cad>
          </ns3:TrackPointExtension>
        </extensions>
      </trkpt>
      <trkpt lat="32.28544489480555057525634765625" lon="118.28459068201482295989990234375">
        <ele>65.8000030517578125</ele>
        <time>2026-09-20T04:39:39.000Z</time>
        <extensions>
          <ns3:TrackPointExtension>
            <ns3:hr>96</ns3:hr>
            <ns3:cad>51</ns3:cad>
          </ns3:TrackPointExtension>
        </extensions>
      </trkpt>
      <trkpt lat="32.28545344434678554534912109375" lon="118.28451558016240596771240234375">
        <ele>65.1999969482421875</ele>
        <time>2026-09-20T04:39:46.000Z</time>
        <extensions>
          <ns3:TrackPointExtension>
            <ns3:hr>97</ns3:hr>
            <ns3:cad>53</ns3:cad>
          </ns3:TrackPointExtension>
        </extensions>
      </trkpt>
      <trkpt lat="32.2854771651327610015869140625" lon="118.28445263206958770751953125">
        <ele>64.8000030517578125</ele>
        <time>2026-09-20T04:39:51.000Z</time>
        <extensions>
          <ns3:TrackPointExtension>
            <ns3:hr>97</ns3:hr>
            <ns3:cad>53</ns3:cad>
          </ns3:TrackPointExtension>
        </extensions>
      </trkpt>
      <trkpt lat="32.285547740757465362548828125" lon="118.2844011671841144561767578125">
        <ele>64.59999847412109375</ele>
        <time>2026-09-20T04:39:59.000Z</time>
        <extensions>
          <ns3:TrackPointExtension>
            <ns3:hr>97</ns3:hr>
            <ns3:cad>0</ns3:cad>
          </ns3:TrackPointExtension>
        </extensions>
      </trkpt>
      <trkpt lat="32.28557330556213855743408203125" lon="118.28442237339913845062255859375">
        <ele>64.8000030517578125</ele>
        <time>2026-09-20T04:40:06.000Z</time>
        <extensions>
          <ns3:TrackPointExtension>
            <ns3:hr>95</ns3:hr>
            <ns3:cad>0</ns3:cad>
          </ns3:TrackPointExtension>
        </extensions>
      </trkpt>
      <trkpt lat="32.28558990173041820526123046875" lon="118.28443276695907115936279296875">
        <ele>64</ele>
        <time>2026-09-20T04:40:12.000Z</time>
        <extensions>
          <ns3:TrackPointExtension>
            <ns3:hr>94</ns3:hr>
            <ns3:cad>0</ns3:cad>
          </ns3:TrackPointExtension>
        </extensions>
      </trkpt>
      <trkpt lat="32.28562611155211925506591796875" lon="118.2844380475580692291259765625">
        <ele>63.799999237060546875</ele>
        <time>2026-09-20T04:40:15.000Z</time>
        <extensions>
          <ns3:TrackPointExtension>
            <ns3:hr>94</ns3:hr>
            <ns3:cad>0</ns3:cad>
          </ns3:TrackPointExtension>
        </extensions>
      </trkpt>
      <trkpt lat="32.2856548614799976348876953125" lon="118.284436874091625213623046875">
        <ele>63.799999237060546875</ele>
        <time>2026-09-20T04:40:20.000Z</time>
        <extensions>
          <ns3:TrackPointExtension>
            <ns3:hr>90</ns3:hr>
            <ns3:cad>0</ns3:cad>
          </ns3:TrackPointExtension>
        </extensions>
      </trkpt>
      <trkpt lat="32.2856736369431018829345703125" lon="118.28444349579513072967529296875">
        <ele>63.799999237060546875</ele>
        <time>2026-09-20T04:40:21.000Z</time>
        <extensions>
          <ns3:TrackPointExtension>
            <ns3:hr>88</ns3:hr>
            <ns3:cad>0</ns3:cad>
          </ns3:TrackPointExtension>
        </extensions>
      </trkpt>
      <trkpt lat="32.28572283871471881866455078125" lon="118.284447602927684783935546875">
        <ele>63.799999237060546875</ele>
        <time>2026-09-20T04:40:25.000Z</time>
        <extensions>
          <ns3:TrackPointExtension>
            <ns3:hr>85</ns3:hr>
            <ns3:cad>0</ns3:cad>
          </ns3:TrackPointExtension>
        </extensions>
      </trkpt>
      <trkpt lat="32.28574815206229686737060546875" lon="118.28444634564220905303955078125">
        <ele>64</ele>
        <time>2026-09-20T04:40:28.000Z</time>
        <extensions>
          <ns3:TrackPointExtension>
            <ns3:hr>85</ns3:hr>
            <ns3:cad>0</ns3:cad>
          </ns3:TrackPointExtension>
        </extensions>
      </trkpt>
      <trkpt lat="32.28577346540987491607666015625" lon="118.28445254825055599212646484375">
        <ele>63.799999237060546875</ele>
        <time>2026-09-20T04:40:34.000Z</time>
        <extensions>
          <ns3:TrackPointExtension>
            <ns3:hr>85</ns3:hr>
            <ns3:cad>0</ns3:cad>
          </ns3:TrackPointExtension>
        </extensions>
      </trkpt>
      <trkpt lat="32.28576600551605224609375" lon="118.28449831344187259674072265625">
        <ele>63.59999847412109375</ele>
        <time>2026-09-20T04:40:42.000Z</time>
        <extensions>
          <ns3:TrackPointExtension>
            <ns3:hr>85</ns3:hr>
            <ns3:cad>0</ns3:cad>
          </ns3:TrackPointExtension>
        </extensions>
      </trkpt>
      <trkpt lat="32.285744212567806243896484375" lon="118.28454139642417430877685546875">
        <ele>63.59999847412109375</ele>
        <time>2026-09-20T04:40:46.000Z</time>
        <extensions>
          <ns3:TrackPointExtension>
            <ns3:hr>87</ns3:hr>
            <ns3:cad>0</ns3:cad>
          </ns3:TrackPointExtension>
        </extensions>
      </trkpt>
      <trkpt lat="32.28570632636547088623046875" lon="118.2845486886799335479736328125">
        <ele>63.40000152587890625</ele>
        <time>2026-09-20T04:40:50.000Z</time>
        <extensions>
          <ns3:TrackPointExtension>
            <ns3:hr>86</ns3:hr>
            <ns3:cad>0</ns3:cad>
          </ns3:TrackPointExtension>
        </extensions>
      </trkpt>
      <trkpt lat="32.28567413985729217529296875" lon="118.2845701463520526885986328125">
        <ele>63.799999237060546875</ele>
        <time>2026-09-20T04:40:56.000Z</time>
        <extensions>
          <ns3:TrackPointExtension>
            <ns3:hr>84</ns3:hr>
            <ns3:cad>0</ns3:cad>
          </ns3:TrackPointExtension>
        </extensions>
      </trkpt>
      <trkpt lat="32.28568981401622295379638671875" lon="118.28458464704453945159912109375">
        <ele>63.59999847412109375</ele>
        <time>2026-09-20T04:41:05.000Z</time>
        <extensions>
          <ns3:TrackPointExtension>
            <ns3:hr>88</ns3:hr>
            <ns3:cad>0</ns3:cad>
          </ns3:TrackPointExtension>
        </extensions>
      </trkpt>
      <trkpt lat="32.28569484315812587738037109375" lon="118.28458942472934722900390625">
        <ele>63.59999847412109375</ele>
        <time>2026-09-20T04:41:06.000Z</time>
        <extensions>
          <ns3:TrackPointExtension>
            <ns3:hr>95</ns3:hr>
            <ns3:cad>0</ns3:cad>
          </ns3:TrackPointExtension>
        </extensions>
      </trkpt>
      <trkpt lat="32.2856984473764896392822265625" lon="118.28459537588059902191162109375">
        <ele>63.59999847412109375</ele>
        <time>2026-09-20T04:41:07.000Z</time>
        <extensions>
          <ns3:TrackPointExtension>
            <ns3:hr>98</ns3:hr>
            <ns3:cad>0</ns3:cad>
          </ns3:TrackPointExtension>
        </extensions>
      </trkpt>
      <trkpt lat="32.285698950290679931640625" lon="118.28461415134370326995849609375">
        <ele>63.200000762939453125</ele>
        <time>2026-09-20T04:41:16.000Z</time>
        <extensions>
          <ns3:TrackPointExtension>
            <ns3:hr>99</ns3:hr>
            <ns3:cad>0</ns3:cad>
          </ns3:TrackPointExtension>
        </extensions>
      </trkpt>
      <trkpt lat="32.28567925281822681427001953125" lon="118.28461197204887866973876953125">
        <ele>63.40000152587890625</ele>
        <time>2026-09-20T04:41:20.000Z</time>
        <extensions>
          <ns3:TrackPointExtension>
            <ns3:hr>96</ns3:hr>
            <ns3:cad>0</ns3:cad>
          </ns3:TrackPointExtension>
        </extensions>
      </trkpt>
      <trkpt lat="32.28570138104259967803955078125" lon="118.284559585154056549072265625">
        <ele>63.59999847412109375</ele>
        <time>2026-09-20T04:41:23.000Z</time>
        <extensions>
          <ns3:TrackPointExtension>
            <ns3:hr>92</ns3:hr>
            <ns3:cad>0</ns3:cad>
          </ns3:TrackPointExtension>
        </extensions>
      </trkpt>
      <trkpt lat="32.28570909239351749420166015625" lon="118.28450652770698070526123046875">
        <ele>63.40000152587890625</ele>
        <time>2026-09-20T04:41:25.000Z</time>
        <extensions>
          <ns3:TrackPointExtension>
            <ns3:hr>89</ns3:hr>
            <ns3:cad>0</ns3:cad>
          </ns3:TrackPointExtension>
        </extensions>
      </trkpt>
      <trkpt lat="32.2857058234512805938720703125" lon="118.28444114886224269866943359375">
        <ele>63.799999237060546875</ele>
        <time>2026-09-20T04:41:29.000Z</time>
        <extensions>
          <ns3:TrackPointExtension>
            <ns3:hr>90</ns3:hr>
            <ns3:cad>0</ns3:cad>
          </ns3:TrackPointExtension>
        </extensions>
      </trkpt>
      <trkpt lat="32.285701967775821685791015625" lon="118.28442455269396305084228515625">
        <ele>63.799999237060546875</ele>
        <time>2026-09-20T04:41:30.000Z</time>
        <extensions>
          <ns3:TrackPointExtension>
            <ns3:hr>91</ns3:hr>
            <ns3:cad>0</ns3:cad>
          </ns3:TrackPointExtension>
        </extensions>
      </trkpt>
      <trkpt lat="32.28571814484894275665283203125" lon="118.28439722768962383270263671875">
        <ele>64</ele>
        <time>2026-09-20T04:41:33.000Z</time>
        <extensions>
          <ns3:TrackPointExtension>
            <ns3:hr>90</ns3:hr>
            <ns3:cad>0</ns3:cad>
          </ns3:TrackPointExtension>
        </extensions>
      </trkpt>
      <trkpt lat="32.28573046624660491943359375" lon="118.28437794931232929229736328125">
        <ele>63.799999237060546875</ele>
        <time>2026-09-20T04:41:37.000Z</time>
        <extensions>
          <ns3:TrackPointExtension>
            <ns3:hr>90</ns3:hr>
            <ns3:cad>0</ns3:cad>
          </ns3:TrackPointExtension>
        </extensions>
      </trkpt>
      <trkpt lat="32.285719402134418487548828125" lon="118.2843780331313610076904296875">
        <ele>63.799999237060546875</ele>
        <time>2026-09-20T04:41:45.000Z</time>
        <extensions>
          <ns3:TrackPointExtension>
            <ns3:hr>90</ns3:hr>
            <ns3:cad>0</ns3:cad>
          </ns3:TrackPointExtension>
        </extensions>
      </trkpt>
      <trkpt lat="32.28573306463658809661865234375" lon="118.2843931205570697784423828125">
        <ele>63.799999237060546875</ele>
        <time>2026-09-20T04:41:52.000Z</time>
        <extensions>
          <ns3:TrackPointExtension>
            <ns3:hr>89</ns3:hr>
            <ns3:cad>0</ns3:cad>
          </ns3:TrackPointExtension>
        </extensions>
      </trkpt>
      <trkpt lat="32.28578050620853900909423828125" lon="118.28441441059112548828125">
        <ele>64</ele>
        <time>2026-09-20T04:41:59.000Z</time>
        <extensions>
          <ns3:TrackPointExtension>
            <ns3:hr>88</ns3:hr>
            <ns3:cad>0</ns3:cad>
          </ns3:TrackPointExtension>
        </extensions>
      </trkpt>
      <trkpt lat="32.2857655026018619537353515625" lon="118.28444056212902069091796875">
        <ele>64</ele>
        <time>2026-09-20T04:42:07.000Z</time>
        <extensions>
          <ns3:TrackPointExtension>
            <ns3:hr>88</ns3:hr>
            <ns3:cad>0</ns3:cad>
          </ns3:TrackPointExtension>
        </extensions>
      </trkpt>
      <trkpt lat="32.2858090884983539581298828125" lon="118.284427821636199951171875">
        <ele>64</ele>
        <time>2026-09-20T04:42:17.000Z</time>
        <extensions>
          <ns3:TrackPointExtension>
            <ns3:hr>90</ns3:hr>
            <ns3:cad>0</ns3:cad>
          </ns3:TrackPointExtension>
        </extensions>
      </trkpt>
      <trkpt lat="32.28579425252974033355712890625" lon="118.28445271588861942291259765625">
        <ele>64</ele>
        <time>2026-09-20T04:42:24.000Z</time>
        <extensions>
          <ns3:TrackPointExtension>
            <ns3:hr>90</ns3:hr>
            <ns3:cad>0</ns3:cad>
          </ns3:TrackPointExtension>
        </extensions>
      </trkpt>
      <trkpt lat="32.285807244479656219482421875" lon="118.28445070423185825347900390625">
        <ele>63.799999237060546875</ele>
        <time>2026-09-20T04:42:31.000Z</time>
        <extensions>
          <ns3:TrackPointExtension>
            <ns3:hr>89</ns3:hr>
            <ns3:cad>0</ns3:cad>
          </ns3:TrackPointExtension>
        </extensions>
      </trkpt>
      <trkpt lat="32.28587203659117221832275390625" lon="118.2844189368188381195068359375">
        <ele>64</ele>
        <time>2026-09-20T04:42:39.000Z</time>
        <extensions>
          <ns3:TrackPointExtension>
            <ns3:hr>90</ns3:hr>
            <ns3:cad>0</ns3:cad>
          </ns3:TrackPointExtension>
        </extensions>
      </trkpt>
      <trkpt lat="32.285858206450939178466796875" lon="118.28442907892167568206787109375">
        <ele>63.799999237060546875</ele>
        <time>2026-09-20T04:42:48.000Z</time>
        <extensions>
          <ns3:TrackPointExtension>
            <ns3:hr>89</ns3:hr>
            <ns3:cad>0</ns3:cad>
          </ns3:TrackPointExtension>
        </extensions>
      </trkpt>
      <trkpt lat="32.2858278639614582061767578125" lon="118.28446428291499614715576171875">
        <ele>64</ele>
        <time>2026-09-20T04:42:59.000Z</time>
        <extensions>
          <ns3:TrackPointExtension>
            <ns3:hr>90</ns3:hr>
            <ns3:cad>0</ns3:cad>
          </ns3:TrackPointExtension>
        </extensions>
      </trkpt>
      <trkpt lat="32.2858543507754802703857421875" lon="118.28447165898978710174560546875">
        <ele>63.799999237060546875</ele>
        <time>2026-09-20T04:43:06.000Z</time>
        <extensions>
          <ns3:TrackPointExtension>
            <ns3:hr>91</ns3:hr>
            <ns3:cad>0</ns3:cad>
          </ns3:TrackPointExtension>
        </extensions>
      </trkpt>
      <trkpt lat="32.2858530096709728240966796875" lon="118.2844812981784343719482421875">
        <ele>63.59999847412109375</ele>
        <time>2026-09-20T04:43:08.000Z</time>
        <extensions>
          <ns3:TrackPointExtension>
            <ns3:hr>94</ns3:hr>
            <ns3:cad>0</ns3:cad>
          </ns3:TrackPointExtension>
        </extensions>
      </trkpt>
      <trkpt lat="32.28585577569901943206787109375" lon="118.2844910211861133575439453125">
        <ele>63.40000152587890625</ele>
        <time>2026-09-20T04:43:13.000Z</time>
        <extensions>
          <ns3:TrackPointExtension>
            <ns3:hr>95</ns3:hr>
            <ns3:cad>0</ns3:cad>
          </ns3:TrackPointExtension>
        </extensions>
      </trkpt>
      <trkpt lat="32.2858395986258983612060546875" lon="118.28450216911733150482177734375">
        <ele>63.59999847412109375</ele>
        <time>2026-09-20T04:43:24.000Z</time>
        <extensions>
          <ns3:TrackPointExtension>
            <ns3:hr>95</ns3:hr>
            <ns3:cad>0</ns3:cad>
          </ns3:TrackPointExtension>
        </extensions>
      </trkpt>
      <trkpt lat="32.285838425159454345703125" lon="118.28450384549796581268310546875">
        <ele>63.59999847412109375</ele>
        <time>2026-09-20T04:43:27.000Z</time>
        <extensions>
          <ns3:TrackPointExtension>
            <ns3:hr>98</ns3:hr>
            <ns3:cad>0</ns3:cad>
          </ns3:TrackPointExtension>
        </extensions>
      </trkpt>
      <trkpt lat="32.28583415038883686065673828125" lon="118.28450493514537811279296875">
        <ele>63.59999847412109375</ele>
        <time>2026-09-20T04:43:35.000Z</time>
        <extensions>
          <ns3:TrackPointExtension>
            <ns3:hr>95</ns3:hr>
            <ns3:cad>0</ns3:cad>
          </ns3:TrackPointExtension>
        </extensions>
      </trkpt>
      <trkpt lat="32.285833396017551422119140625" lon="118.28449730761349201202392578125">
        <ele>63.59999847412109375</ele>
        <time>2026-09-20T04:43:36.000Z</time>
        <extensions>
          <ns3:TrackPointExtension>
            <ns3:hr>95</ns3:hr>
            <ns3:cad>0</ns3:cad>
          </ns3:TrackPointExtension>
        </extensions>
      </trkpt>
      <trkpt lat="32.285811267793178558349609375" lon="118.28444466926157474517822265625">
        <ele>63.59999847412109375</ele>
        <time>2026-09-20T04:43:43.000Z</time>
        <extensions>
          <ns3:TrackPointExtension>
            <ns3:hr>97</ns3:hr>
            <ns3:cad>0</ns3:cad>
          </ns3:TrackPointExtension>
        </extensions>
      </trkpt>
      <trkpt lat="32.285786457359790802001953125" lon="118.284437544643878936767578125">
        <ele>63.799999237060546875</ele>
        <time>2026-09-20T04:43:51.000Z</time>
        <extensions>
          <ns3:TrackPointExtension>
            <ns3:hr>99</ns3:hr>
            <ns3:cad>0</ns3:cad>
          </ns3:TrackPointExtension>
        </extensions>
      </trkpt>
      <trkpt lat="32.28579106740653514862060546875" lon="118.28445439226925373077392578125">
        <ele>63.59999847412109375</ele>
        <time>2026-09-20T04:44:00.000Z</time>
        <extensions>
          <ns3:TrackPointExtension>
            <ns3:hr>98</ns3:hr>
            <ns3:cad>0</ns3:cad>
          </ns3:TrackPointExtension>
        </extensions>
      </trkpt>
      <trkpt lat="32.28581403382122516632080078125" lon="118.28446277417242527008056640625">
        <ele>63.799999237060546875</ele>
        <time>2026-09-20T04:44:07.000Z</time>
        <extensions>
          <ns3:TrackPointExtension>
            <ns3:hr>97</ns3:hr>
            <ns3:cad>0</ns3:cad>
          </ns3:TrackPointExtension>
        </extensions>
      </trkpt>
      <trkpt lat="32.2858208231627941131591796875" lon="118.28447149135172367095947265625">
        <ele>63.799999237060546875</ele>
        <time>2026-09-20T04:44:15.000Z</time>
        <extensions>
          <ns3:TrackPointExtension>
            <ns3:hr>100</ns3:hr>
            <ns3:cad>0</ns3:cad>
          </ns3:TrackPointExtension>
        </extensions>
      </trkpt>
      <trkpt lat="32.28581906296312808990478515625" lon="118.28447953797876834869384765625">
        <ele>63.799999237060546875</ele>
        <time>2026-09-20T04:44:16.000Z</time>
        <extensions>
          <ns3:TrackPointExtension>
            <ns3:hr>100</ns3:hr>
            <ns3:cad>0</ns3:cad>
          </ns3:TrackPointExtension>
        </extensions>
      </trkpt>
      <trkpt lat="32.2858121059834957122802734375" lon="118.28452773392200469970703125">
        <ele>63.59999847412109375</ele>
        <time>2026-09-20T04:44:23.000Z</time>
        <extensions>
          <ns3:TrackPointExtension>
            <ns3:hr>100</ns3:hr>
            <ns3:cad>0</ns3:cad>
          </ns3:TrackPointExtension>
        </extensions>
      </trkpt>
      <trkpt lat="32.2857946716248989105224609375" lon="118.2844970561563968658447265625">
        <ele>63.799999237060546875</ele>
        <time>2026-09-20T04:44:34.000Z</time>
        <extensions>
          <ns3:TrackPointExtension>
            <ns3:hr>99</ns3:hr>
            <ns3:cad>0</ns3:cad>
          </ns3:TrackPointExtension>
        </extensions>
      </trkpt>
      <trkpt lat="32.28580950759351253509521484375" lon="118.2844454236328601837158203125">
        <ele>63.59999847412109375</ele>
        <time>2026-09-20T04:44:42.000Z</time>
        <extensions>
          <ns3:TrackPointExtension>
            <ns3:hr>100</ns3:hr>
            <ns3:cad>0</ns3:cad>
          </ns3:TrackPointExtension>
        </extensions>
      </trkpt>
      <trkpt lat="32.28581763803958892822265625" lon="118.2844122312963008880615234375">
        <ele>63.799999237060546875</ele>
        <time>2026-09-20T04:44:51.000Z</time>
        <extensions>
          <ns3:TrackPointExtension>
            <ns3:hr>100</ns3:hr>
            <ns3:cad>0</ns3:cad>
          </ns3:TrackPointExtension>
        </extensions>
      </trkpt>
      <trkpt lat="32.2858097590506076812744140625" lon="118.28441667370498180389404296875">
        <ele>63.59999847412109375</ele>
        <time>2026-09-20T04:44:55.000Z</time>
        <extensions>
          <ns3:TrackPointExtension>
            <ns3:hr>97</ns3:hr>
            <ns3:cad>0</ns3:cad>
          </ns3:TrackPointExtension>
        </extensions>
      </trkpt>
      <trkpt lat="32.2857946716248989105224609375" lon="118.28443410806357860565185546875">
        <ele>63.799999237060546875</ele>
        <time>2026-09-20T04:45:00.000Z</time>
        <extensions>
          <ns3:TrackPointExtension>
            <ns3:hr>96</ns3:hr>
            <ns3:cad>0</ns3:cad>
          </ns3:TrackPointExtension>
        </extensions>
      </trkpt>
      <trkpt lat="32.28580581955611705780029296875" lon="118.28445942141115665435791015625">
        <ele>63.799999237060546875</ele>
        <time>2026-09-20T04:45:08.000Z</time>
        <extensions>
          <ns3:TrackPointExtension>
            <ns3:hr>96</ns3:hr>
            <ns3:cad>0</ns3:cad>
          </ns3:TrackPointExtension>
        </extensions>
      </trkpt>
      <trkpt lat="32.28577463887631893157958984375" lon="118.28450216911733150482177734375">
        <ele>63.59999847412109375</ele>
        <time>2026-09-20T04:45:13.000Z</time>
        <extensions>
          <ns3:TrackPointExtension>
            <ns3:hr>96</ns3:hr>
            <ns3:cad>0</ns3:cad>
          </ns3:TrackPointExtension>
        </extensions>
      </trkpt>
      <trkpt lat="32.285621166229248046875" lon="118.28449127264320850372314453125">
        <ele>63.59999847412109375</ele>
        <time>2026-09-20T04:45:19.000Z</time>
        <extensions>
          <ns3:TrackPointExtension>
            <ns3:hr>95</ns3:hr>
            <ns3:cad>0</ns3:cad>
          </ns3:TrackPointExtension>
        </extensions>
      </trkpt>
      <trkpt lat="32.285591326653957366943359375" lon="118.2844863273203372955322265625">
        <ele>63.59999847412109375</ele>
        <time>2026-09-20T04:45:20.000Z</time>
        <extensions>
          <ns3:TrackPointExtension>
            <ns3:hr>95</ns3:hr>
            <ns3:cad>0</ns3:cad>
          </ns3:TrackPointExtension>
        </extensions>
      </trkpt>
      <trkpt lat="32.28557229973375797271728515625" lon="118.28446336090564727783203125">
        <ele>63.799999237060546875</ele>
        <time>2026-09-20T04:45:24.000Z</time>
        <extensions>
          <ns3:TrackPointExtension>
            <ns3:hr>97</ns3:hr>
            <ns3:cad>0</ns3:cad>
          </ns3:TrackPointExtension>
        </extensions>
      </trkpt>
      <trkpt lat="32.2855264507234096527099609375" lon="118.28443377278745174407958984375">
        <ele>64.1999969482421875</ele>
        <time>2026-09-20T04:45:27.000Z</time>
        <extensions>
          <ns3:TrackPointExtension>
            <ns3:hr>100</ns3:hr>
            <ns3:cad>0</ns3:cad>
          </ns3:TrackPointExtension>
        </extensions>
      </trkpt>
      <trkpt lat="32.2855152189731597900390625" lon="118.28443427570164203643798828125">
        <ele>64.40000152587890625</ele>
        <time>2026-09-20T04:45:28.000Z</time>
        <extensions>
          <ns3:TrackPointExtension>
            <ns3:hr>100</ns3:hr>
            <ns3:cad>0</ns3:cad>
          </ns3:TrackPointExtension>
        </extensions>
      </trkpt>
      <trkpt lat="32.2855013050138950347900390625" lon="118.28444366343319416046142578125">
        <ele>64.59999847412109375</ele>
        <time>2026-09-20T04:45:30.000Z</time>
        <extensions>
          <ns3:TrackPointExtension>
            <ns3:hr>101</ns3:hr>
            <ns3:cad>51</ns3:cad>
          </ns3:TrackPointExtension>
        </extensions>
      </trkpt>
      <trkpt lat="32.2855013050138950347900390625" lon="118.2844541408121585845947265625">
        <ele>64.8000030517578125</ele>
        <time>2026-09-20T04:45:31.000Z</time>
        <extensions>
          <ns3:TrackPointExtension>
            <ns3:hr>101</ns3:hr>
            <ns3:cad>51</ns3:cad>
          </ns3:TrackPointExtension>
        </extensions>
      </trkpt>
      <trkpt lat="32.28544875048100948333740234375" lon="118.2844846509397029876708984375">
        <ele>65</ele>
        <time>2026-09-20T04:45:36.000Z</time>
        <extensions>
          <ns3:TrackPointExtension>
            <ns3:hr>99</ns3:hr>
            <ns3:cad>0</ns3:cad>
          </ns3:TrackPointExtension>
        </extensions>
      </trkpt>
      <trkpt lat="32.28543818928301334381103515625" lon="118.28448691405355930328369140625">
        <ele>65</ele>
        <time>2026-09-20T04:45:37.000Z</time>
        <extensions>
          <ns3:TrackPointExtension>
            <ns3:hr>99</ns3:hr>
            <ns3:cad>55</ns3:cad>
          </ns3:TrackPointExtension>
        </extensions>
      </trkpt>
      <trkpt lat="32.28541396558284759521484375" lon="118.284459672868251800537109375">
        <ele>65.1999969482421875</ele>
        <time>2026-09-20T04:45:41.000Z</time>
        <extensions>
          <ns3:TrackPointExtension>
            <ns3:hr>95</ns3:hr>
            <ns3:cad>55</ns3:cad>
          </ns3:TrackPointExtension>
        </extensions>
      </trkpt>
      <trkpt lat="32.2854000516235828399658203125" lon="118.28443243168294429779052734375">
        <ele>65.1999969482421875</ele>
        <time>2026-09-20T04:45:43.000Z</time>
        <extensions>
          <ns3:TrackPointExtension>
            <ns3:hr>95</ns3:hr>
            <ns3:cad>55</ns3:cad>
          </ns3:TrackPointExtension>
        </extensions>
      </trkpt>
      <trkpt lat="32.28537700138986110687255859375" lon="118.28436286188662052154541015625">
        <ele>65.1999969482421875</ele>
        <time>2026-09-20T04:45:48.000Z</time>
        <extensions>
          <ns3:TrackPointExtension>
            <ns3:hr>98</ns3:hr>
            <ns3:cad>52</ns3:cad>
          </ns3:TrackPointExtension>
        </extensions>
      </trkpt>
      <trkpt lat="32.28537348099052906036376953125" lon="118.28435112722218036651611328125">
        <ele>65.40000152587890625</ele>
        <time>2026-09-20T04:45:49.000Z</time>
        <extensions>
          <ns3:TrackPointExtension>
            <ns3:hr>98</ns3:hr>
            <ns3:cad>52</ns3:cad>
          </ns3:TrackPointExtension>
        </extensions>
      </trkpt>
      <trkpt lat="32.2853571362793445587158203125" lon="118.2842979021370410919189453125">
        <ele>65.1999969482421875</ele>
        <time>2026-09-20T04:45:54.000Z</time>
        <extensions>
          <ns3:TrackPointExtension>
            <ns3:hr>101</ns3:hr>
            <ns3:cad>52</ns3:cad>
          </ns3:TrackPointExtension>
        </extensions>
      </trkpt>
      <trkpt lat="32.28534515015780925750732421875" lon="118.2842526398599147796630859375">
        <ele>65</ele>
        <time>2026-09-20T04:45:58.000Z</time>
        <extensions>
          <ns3:TrackPointExtension>
            <ns3:hr>102</ns3:hr>
            <ns3:cad>54</ns3:cad>
          </ns3:TrackPointExtension>
        </extensions>
      </trkpt>
      <trkpt lat="32.285329140722751617431640625" lon="118.28419036231935024261474609375">
        <ele>65.40000152587890625</ele>
        <time>2026-09-20T04:46:02.000Z</time>
        <extensions>
          <ns3:TrackPointExtension>
            <ns3:hr>105</ns3:hr>
            <ns3:cad>53</ns3:cad>
          </ns3:TrackPointExtension>
        </extensions>
      </trkpt>
      <trkpt lat="32.2853247821331024169921875" lon="118.284174688160419464111328125">
        <ele>65.59999847412109375</ele>
        <time>2026-09-20T04:46:03.000Z</time>
        <extensions>
          <ns3:TrackPointExtension>
            <ns3:hr>105</ns3:hr>
            <ns3:cad>53</ns3:cad>
          </ns3:TrackPointExtension>
        </extensions>
      </trkpt>
      <trkpt lat="32.2853011451661586761474609375" lon="118.28410134650766849517822265625">
        <ele>65.1999969482421875</ele>
        <time>2026-09-20T04:46:10.000Z</time>
        <extensions>
          <ns3:TrackPointExtension>
            <ns3:hr>105</ns3:hr>
            <ns3:cad>54</ns3:cad>
          </ns3:TrackPointExtension>
        </extensions>
      </trkpt>
      <trkpt lat="32.28527273051440715789794921875" lon="118.28401417471468448638916015625">
        <ele>65.1999969482421875</ele>
        <time>2026-09-20T04:46:16.000Z</time>
        <extensions>
          <ns3:TrackPointExtension>
            <ns3:hr>105</ns3:hr>
            <ns3:cad>53</ns3:cad>
          </ns3:TrackPointExtension>
        </extensions>
      </trkpt>
      <trkpt lat="32.28523585014045238494873046875" lon="118.2839249074459075927734375">
        <ele>65.59999847412109375</ele>
        <time>2026-09-20T04:46:23.000Z</time>
        <extensions>
          <ns3:TrackPointExtension>
            <ns3:hr>106</ns3:hr>
            <ns3:cad>53</ns3:cad>
          </ns3:TrackPointExtension>
        </extensions>
      </trkpt>
      <trkpt lat="32.28521523065865039825439453125" lon="118.28388609923422336578369140625">
        <ele>65.59999847412109375</ele>
        <time>2026-09-20T04:46:28.000Z</time>
        <extensions>
          <ns3:TrackPointExtension>
            <ns3:hr>105</ns3:hr>
            <ns3:cad>0</ns3:cad>
          </ns3:TrackPointExtension>
        </extensions>
      </trkpt>
      <trkpt lat="32.285201065242290496826171875" lon="118.28381217084825038909912109375">
        <ele>66</ele>
        <time>2026-09-20T04:46:33.000Z</time>
        <extensions>
          <ns3:TrackPointExtension>
            <ns3:hr>105</ns3:hr>
            <ns3:cad>53</ns3:cad>
          </ns3:TrackPointExtension>
        </extensions>
      </trkpt>
      <trkpt lat="32.28519276715815067291259765625" lon="118.28379037790000438690185546875">
        <ele>66</ele>
        <time>2026-09-20T04:46:35.000Z</time>
        <extensions>
          <ns3:TrackPointExtension>
            <ns3:hr>104</ns3:hr>
            <ns3:cad>54</ns3:cad>
          </ns3:TrackPointExtension>
        </extensions>
      </trkpt>
      <trkpt lat="32.28517432697117328643798828125" lon="118.28370789997279644012451171875">
        <ele>66.59999847412109375</ele>
        <time>2026-09-20T04:46:41.000Z</time>
        <extensions>
          <ns3:TrackPointExtension>
            <ns3:hr>103</ns3:hr>
            <ns3:cad>55</ns3:cad>
          </ns3:TrackPointExtension>
        </extensions>
      </trkpt>
      <trkpt lat="32.2851754166185855865478515625" lon="118.283626846969127655029296875">
        <ele>66.8000030517578125</ele>
        <time>2026-09-20T04:46:47.000Z</time>
        <extensions>
          <ns3:TrackPointExtension>
            <ns3:hr>106</ns3:hr>
            <ns3:cad>49</ns3:cad>
          </ns3:TrackPointExtension>
        </extensions>
      </trkpt>
      <trkpt lat="32.2851767577230930328369140625" lon="118.2836164534091949462890625">
        <ele>66.8000030517578125</ele>
        <time>2026-09-20T04:46:48.000Z</time>
        <extensions>
          <ns3:TrackPointExtension>
            <ns3:hr>106</ns3:hr>
            <ns3:cad>49</ns3:cad>
          </ns3:TrackPointExtension>
        </extensions>
      </trkpt>
      <trkpt lat="32.2851680405437946319580078125" lon="118.28358686529099941253662109375">
        <ele>67</ele>
        <time>2026-09-20T04:46:54.000Z</time>
        <extensions>
          <ns3:TrackPointExtension>
            <ns3:hr>102</ns3:hr>
            <ns3:cad>0</ns3:cad>
          </ns3:TrackPointExtension>
        </extensions>
      </trkpt>
      <trkpt lat="32.2851770929992198944091796875" lon="118.28355769626796245574951171875">
        <ele>67</ele>
        <time>2026-09-20T04:46:56.000Z</time>
        <extensions>
          <ns3:TrackPointExtension>
            <ns3:hr>99</ns3:hr>
            <ns3:cad>0</ns3:cad>
          </ns3:TrackPointExtension>
        </extensions>
      </trkpt>
      <trkpt lat="32.28517868556082248687744140625" lon="118.2835250906646251678466796875">
        <ele>67</ele>
        <time>2026-09-20T04:46:59.000Z</time>
        <extensions>
          <ns3:TrackPointExtension>
            <ns3:hr>96</ns3:hr>
            <ns3:cad>0</ns3:cad>
          </ns3:TrackPointExtension>
        </extensions>
      </trkpt>
      <trkpt lat="32.2851794399321079254150390625" lon="118.28351897187530994415283203125">
        <ele>67</ele>
        <time>2026-09-20T04:47:00.000Z</time>
        <extensions>
          <ns3:TrackPointExtension>
            <ns3:hr>95</ns3:hr>
            <ns3:cad>0</ns3:cad>
          </ns3:TrackPointExtension>
        </extensions>
      </trkpt>
      <trkpt lat="32.28517231531441211700439453125" lon="118.28344789333641529083251953125">
        <ele>67.40000152587890625</ele>
        <time>2026-09-20T04:47:05.000Z</time>
        <extensions>
          <ns3:TrackPointExtension>
            <ns3:hr>95</ns3:hr>
            <ns3:cad>53</ns3:cad>
          </ns3:TrackPointExtension>
        </extensions>
      </trkpt>
      <trkpt lat="32.28518706746399402618408203125" lon="118.2833571173250675201416015625">
        <ele>67.8000030517578125</ele>
        <time>2026-09-20T04:47:12.000Z</time>
        <extensions>
          <ns3:TrackPointExtension>
            <ns3:hr>96</ns3:hr>
            <ns3:cad>52</ns3:cad>
          </ns3:TrackPointExtension>
        </extensions>
      </trkpt>
      <trkpt lat="32.28521154262125492095947265625" lon="118.2833071611821651458740234375">
        <ele>67.8000030517578125</ele>
        <time>2026-09-20T04:47:17.000Z</time>
        <extensions>
          <ns3:TrackPointExtension>
            <ns3:hr>99</ns3:hr>
            <ns3:cad>0</ns3:cad>
          </ns3:TrackPointExtension>
        </extensions>
      </trkpt>
      <trkpt lat="32.2852079384028911590576171875" lon="118.2832883857190608978271484375">
        <ele>67.8000030517578125</ele>
        <time>2026-09-20T04:47:19.000Z</time>
        <extensions>
          <ns3:TrackPointExtension>
            <ns3:hr>99</ns3:hr>
            <ns3:cad>0</ns3:cad>
          </ns3:TrackPointExtension>
        </extensions>
      </trkpt>
      <trkpt lat="32.2851791046559810638427734375" lon="118.28324488364160060882568359375">
        <ele>68</ele>
        <time>2026-09-20T04:47:25.000Z</time>
        <extensions>
          <ns3:TrackPointExtension>
            <ns3:hr>100</ns3:hr>
            <ns3:cad>47</ns3:cad>
          </ns3:TrackPointExtension>
        </extensions>
      </trkpt>
      <trkpt lat="32.2851194255053997039794921875" lon="118.28316223807632923126220703125">
        <ele>68.1999969482421875</ele>
        <time>2026-09-20T04:47:33.000Z</time>
        <extensions>
          <ns3:TrackPointExtension>
            <ns3:hr>100</ns3:hr>
            <ns3:cad>0</ns3:cad>
          </ns3:TrackPointExtension>
        </extensions>
      </trkpt>
      <trkpt lat="32.285129316151142120361328125" lon="118.283097110688686370849609375">
        <ele>68.40000152587890625</ele>
        <time>2026-09-20T04:47:40.000Z</time>
        <extensions>
          <ns3:TrackPointExtension>
            <ns3:hr>99</ns3:hr>
            <ns3:cad>51</ns3:cad>
          </ns3:TrackPointExtension>
        </extensions>
      </trkpt>
      <trkpt lat="32.28514079935848712921142578125" lon="118.283086381852626800537109375">
        <ele>68.40000152587890625</ele>
        <time>2026-09-20T04:47:41.000Z</time>
        <extensions>
          <ns3:TrackPointExtension>
            <ns3:hr>99</ns3:hr>
            <ns3:cad>51</ns3:cad>
          </ns3:TrackPointExtension>
        </extensions>
      </trkpt>
      <trkpt lat="32.285190336406230926513671875" lon="118.283027373254299163818359375">
        <ele>68.40000152587890625</ele>
        <time>2026-09-20T04:47:46.000Z</time>
        <extensions>
          <ns3:TrackPointExtension>
            <ns3:hr>99</ns3:hr>
            <ns3:cad>0</ns3:cad>
          </ns3:TrackPointExtension>
        </extensions>
      </trkpt>
      <trkpt lat="32.2852257080376148223876953125" lon="118.2830037362873554229736328125">
        <ele>68.8000030517578125</ele>
        <time>2026-09-20T04:47:52.000Z</time>
        <extensions>
          <ns3:TrackPointExtension>
            <ns3:hr>99</ns3:hr>
            <ns3:cad>0</ns3:cad>
          </ns3:TrackPointExtension>
        </extensions>
      </trkpt>
      <trkpt lat="32.2852434776723384857177734375" lon="118.28300683759152889251708984375">
        <ele>69.1999969482421875</ele>
        <time>2026-09-20T04:47:55.000Z</time>
        <extensions>
          <ns3:TrackPointExtension>
            <ns3:hr>100</ns3:hr>
            <ns3:cad>0</ns3:cad>
          </ns3:TrackPointExtension>
        </extensions>
      </trkpt>
      <trkpt lat="32.28523425757884979248046875" lon="118.2830077596008777618408203125">
        <ele>69</ele>
        <time>2026-09-20T04:47:59.000Z</time>
        <extensions>
          <ns3:TrackPointExtension>
            <ns3:hr>101</ns3:hr>
            <ns3:cad>0</ns3:cad>
          </ns3:TrackPointExtension>
        </extensions>
      </trkpt>
      <trkpt lat="32.2851965390145778656005859375" lon="118.28295704908668994903564453125">
        <ele>68.8000030517578125</ele>
        <time>2026-09-20T04:48:04.000Z</time>
        <extensions>
          <ns3:TrackPointExtension>
            <ns3:hr>102</ns3:hr>
            <ns3:cad>47</ns3:cad>
          </ns3:TrackPointExtension>
        </extensions>
      </trkpt>
      <trkpt lat="32.28516720235347747802734375" lon="118.28288647346198558807373046875">
        <ele>69</ele>
        <time>2026-09-20T04:48:10.000Z</time>
        <extensions>
          <ns3:TrackPointExtension>
            <ns3:hr>105</ns3:hr>
            <ns3:cad>0</ns3:cad>
          </ns3:TrackPointExtension>
        </extensions>
      </trkpt>
      <trkpt lat="32.285173237323760986328125" lon="118.28287842683494091033935546875">
        <ele>69.1999969482421875</ele>
        <time>2026-09-20T04:48:11.000Z</time>
        <extensions>
          <ns3:TrackPointExtension>
            <ns3:hr>105</ns3:hr>
            <ns3:cad>0</ns3:cad>
          </ns3:TrackPointExtension>
        </extensions>
      </trkpt>
      <trkpt lat="32.2852032445371150970458984375" lon="118.28284422867000102996826171875">
        <ele>69.40000152587890625</ele>
        <time>2026-09-20T04:48:16.000Z</time>
        <extensions>
          <ns3:TrackPointExtension>
            <ns3:hr>104</ns3:hr>
            <ns3:cad>0</ns3:cad>
          </ns3:TrackPointExtension>
        </extensions>
      </trkpt>
      <trkpt lat="32.28524993173778057098388671875" lon="118.28281916677951812744140625">
        <ele>69.40000152587890625</ele>
        <time>2026-09-20T04:48:22.000Z</time>
        <extensions>
          <ns3:TrackPointExtension>
            <ns3:hr>103</ns3:hr>
            <ns3:cad>0</ns3:cad>
          </ns3:TrackPointExtension>
        </extensions>
      </trkpt>
      <trkpt lat="32.28530089370906352996826171875" lon="118.28280843794345855712890625">
        <ele>70.1999969482421875</ele>
        <time>2026-09-20T04:48:28.000Z</time>
        <extensions>
          <ns3:TrackPointExtension>
            <ns3:hr>102</ns3:hr>
            <ns3:cad>0</ns3:cad>
          </ns3:TrackPointExtension>
        </extensions>
      </trkpt>
      <trkpt lat="32.28529787622392177581787109375" lon="118.28280843794345855712890625">
        <ele>70.1999969482421875</ele>
        <time>2026-09-20T04:48:29.000Z</time>
        <extensions>
          <ns3:TrackPointExtension>
            <ns3:hr>102</ns3:hr>
            <ns3:cad>0</ns3:cad>
          </ns3:TrackPointExtension>
        </extensions>
      </trkpt>
      <trkpt lat="32.28528815321624279022216796875" lon="118.28282729722559452056884765625">
        <ele>70</ele>
        <time>2026-09-20T04:48:39.000Z</time>
        <extensions>
          <ns3:TrackPointExtension>
            <ns3:hr>102</ns3:hr>
            <ns3:cad>0</ns3:cad>
          </ns3:TrackPointExtension>
        </extensions>
      </trkpt>
      <trkpt lat="32.28527985513210296630859375" lon="118.28283886425197124481201171875">
        <ele>69.59999847412109375</ele>
        <time>2026-09-20T04:48:44.000Z</time>
        <extensions>
          <ns3:TrackPointExtension>
            <ns3:hr>99</ns3:hr>
            <ns3:cad>0</ns3:cad>
          </ns3:TrackPointExtension>
        </extensions>
      </trkpt>
      <trkpt lat="32.285237610340118408203125" lon="118.28284724615514278411865234375">
        <ele>69.1999969482421875</ele>
        <time>2026-09-20T04:48:48.000Z</time>
        <extensions>
          <ns3:TrackPointExtension>
            <ns3:hr>98</ns3:hr>
            <ns3:cad>0</ns3:cad>
          </ns3:TrackPointExtension>
        </extensions>
      </trkpt>
      <trkpt lat="32.2852156497538089752197265625" lon="118.28284598886966705322265625">
        <ele>69.1999969482421875</ele>
        <time>2026-09-20T04:48:50.000Z</time>
        <extensions>
          <ns3:TrackPointExtension>
            <ns3:hr>97</ns3:hr>
            <ns3:cad>0</ns3:cad>
          </ns3:TrackPointExtension>
        </extensions>
      </trkpt>
      <trkpt lat="32.2851506061851978302001953125" lon="118.28280416317284107208251953125">
        <ele>69.40000152587890625</ele>
        <time>2026-09-20T04:48:58.000Z</time>
        <extensions>
          <ns3:TrackPointExtension>
            <ns3:hr>97</ns3:hr>
            <ns3:cad>50</ns3:cad>
          </ns3:TrackPointExtension>
        </extensions>
      </trkpt>
      <trkpt lat="32.285111211240291595458984375" lon="118.2827244512736797332763671875">
        <ele>69.8000030517578125</ele>
        <time>2026-09-20T04:49:05.000Z</time>
        <extensions>
          <ns3:TrackPointExtension>
            <ns3:hr>95</ns3:hr>
            <ns3:cad>52</ns3:cad>
          </ns3:TrackPointExtension>
        </extensions>
      </trkpt>
      <trkpt lat="32.28505714796483516693115234375" lon="118.28265286982059478759765625">
        <ele>70.1999969482421875</ele>
        <time>2026-09-20T04:49:12.000Z</time>
        <extensions>
          <ns3:TrackPointExtension>
            <ns3:hr>94</ns3:hr>
            <ns3:cad>51</ns3:cad>
          </ns3:TrackPointExtension>
        </extensions>
      </trkpt>
      <trkpt lat="32.28501825593411922454833984375" lon="118.282582797110080718994140625">
        <ele>70.1999969482421875</ele>
        <time>2026-09-20T04:49:17.000Z</time>
        <extensions>
          <ns3:TrackPointExtension>
            <ns3:hr>94</ns3:hr>
            <ns3:cad>51</ns3:cad>
          </ns3:TrackPointExtension>
        </extensions>
      </trkpt>
      <trkpt lat="32.2850050963461399078369140625" lon="118.28256008215248584747314453125">
        <ele>70.40000152587890625</ele>
        <time>2026-09-20T04:49:19.000Z</time>
        <extensions>
          <ns3:TrackPointExtension>
            <ns3:hr>95</ns3:hr>
            <ns3:cad>54</ns3:cad>
          </ns3:TrackPointExtension>
        </extensions>
      </trkpt>
      <trkpt lat="32.2849819622933864593505859375" lon="118.28251473605632781982421875">
        <ele>70.40000152587890625</ele>
        <time>2026-09-20T04:49:23.000Z</time>
        <extensions>
          <ns3:TrackPointExtension>
            <ns3:hr>98</ns3:hr>
            <ns3:cad>53</ns3:cad>
          </ns3:TrackPointExtension>
        </extensions>
      </trkpt>
      <trkpt lat="32.28497919626533985137939453125" lon="118.2824951224029064178466796875">
        <ele>70.40000152587890625</ele>
        <time>2026-09-20T04:49:25.000Z</time>
        <extensions>
          <ns3:TrackPointExtension>
            <ns3:hr>98</ns3:hr>
            <ns3:cad>53</ns3:cad>
          </ns3:TrackPointExtension>
        </extensions>
      </trkpt>
      <trkpt lat="32.284952290356159210205078125" lon="118.28243753872811794281005859375">
        <ele>70.8000030517578125</ele>
        <time>2026-09-20T04:49:31.000Z</time>
        <extensions>
          <ns3:TrackPointExtension>
            <ns3:hr>99</ns3:hr>
            <ns3:cad>52</ns3:cad>
          </ns3:TrackPointExtension>
        </extensions>
      </trkpt>
      <trkpt lat="32.28491415269672870635986328125" lon="118.28235422261059284210205078125">
        <ele>71</ele>
        <time>2026-09-20T04:49:38.000Z</time>
        <extensions>
          <ns3:TrackPointExtension>
            <ns3:hr>101</ns3:hr>
            <ns3:cad>52</ns3:cad>
          </ns3:TrackPointExtension>
        </extensions>
      </trkpt>
      <trkpt lat="32.28486302308738231658935546875" lon="118.282288424670696258544921875">
        <ele>71.1999969482421875</ele>
        <time>2026-09-20T04:49:44.000Z</time>
        <extensions>
          <ns3:TrackPointExtension>
            <ns3:hr>102</ns3:hr>
            <ns3:cad>52</ns3:cad>
          </ns3:TrackPointExtension>
        </extensions>
      </trkpt>
      <trkpt lat="32.2848408110439777374267578125" lon="118.28225783072412014007568359375">
        <ele>71.1999969482421875</ele>
        <time>2026-09-20T04:49:48.000Z</time>
        <extensions>
          <ns3:TrackPointExtension>
            <ns3:hr>103</ns3:hr>
            <ns3:cad>52</ns3:cad>
          </ns3:TrackPointExtension>
        </extensions>
      </trkpt>
      <trkpt lat="32.28483058512210845947265625" lon="118.28222329728305339813232421875">
        <ele>71.40000152587890625</ele>
        <time>2026-09-20T04:49:50.000Z</time>
        <extensions>
          <ns3:TrackPointExtension>
            <ns3:hr>103</ns3:hr>
            <ns3:cad>51</ns3:cad>
          </ns3:TrackPointExtension>
        </extensions>
      </trkpt>
      <trkpt lat="32.28481356985867023468017578125" lon="118.28217409551143646240234375">
        <ele>71.40000152587890625</ele>
        <time>2026-09-20T04:49:55.000Z</time>
        <extensions>
          <ns3:TrackPointExtension>
            <ns3:hr>102</ns3:hr>
            <ns3:cad>51</ns3:cad>
          </ns3:TrackPointExtension>
        </extensions>
      </trkpt>
      <trkpt lat="32.2847804613411426544189453125" lon="118.282138220965862274169921875">
        <ele>71.40000152587890625</ele>
        <time>2026-09-20T04:50:00.000Z</time>
        <extensions>
          <ns3:TrackPointExtension>
            <ns3:hr>101</ns3:hr>
            <ns3:cad>51</ns3:cad>
          </ns3:TrackPointExtension>
        </extensions>
      </trkpt>
      <trkpt lat="32.2847603447735309600830078125" lon="118.28210058622062206268310546875">
        <ele>71.59999847412109375</ele>
        <time>2026-09-20T04:50:06.000Z</time>
        <extensions>
          <ns3:TrackPointExtension>
            <ns3:hr>101</ns3:hr>
            <ns3:cad>50</ns3:cad>
          </ns3:TrackPointExtension>
        </extensions>
      </trkpt>
      <trkpt lat="32.2847318463027477264404296875" lon="118.28200771473348140716552734375">
        <ele>71.59999847412109375</ele>
        <time>2026-09-20T04:50:14.000Z</time>
        <extensions>
          <ns3:TrackPointExtension>
            <ns3:hr>101</ns3:hr>
            <ns3:cad>0</ns3:cad>
          </ns3:TrackPointExtension>
        </extensions>
      </trkpt>
      <trkpt lat="32.2846969775855541229248046875" lon="118.28193563036620616912841796875">
        <ele>71.8000030517578125</ele>
        <time>2026-09-20T04:50:21.000Z</time>
        <extensions>
          <ns3:TrackPointExtension>
            <ns3:hr>101</ns3:hr>
            <ns3:cad>0</ns3:cad>
          </ns3:TrackPointExtension>
        </extensions>
      </trkpt>
      <trkpt lat="32.28465020656585693359375" lon="118.28182716853916645050048828125">
        <ele>72</ele>
        <time>2026-09-20T04:50:29.000Z</time>
        <extensions>
          <ns3:TrackPointExtension>
            <ns3:hr>101</ns3:hr>
            <ns3:cad>51</ns3:cad>
          </ns3:TrackPointExtension>
        </extensions>
      </trkpt>
      <trkpt lat="32.2846661321818828582763671875" lon="118.281705044209957122802734375">
        <ele>72</ele>
        <time>2026-09-20T04:50:36.000Z</time>
        <extensions>
          <ns3:TrackPointExtension>
            <ns3:hr>101</ns3:hr>
            <ns3:cad>50</ns3:cad>
          </ns3:TrackPointExtension>
        </extensions>
      </trkpt>
      <trkpt lat="32.28464358486235141754150390625" lon="118.281650729477405548095703125">
        <ele>72.1999969482421875</ele>
        <time>2026-09-20T04:50:42.000Z</time>
        <extensions>
          <ns3:TrackPointExtension>
            <ns3:hr>101</ns3:hr>
            <ns3:cad>50</ns3:cad>
          </ns3:TrackPointExtension>
        </extensions>
      </trkpt>
      <trkpt lat="32.284618355333805084228515625" lon="118.28157596290111541748046875">
        <ele>72.1999969482421875</ele>
        <time>2026-09-20T04:50:49.000Z</time>
        <extensions>
          <ns3:TrackPointExtension>
            <ns3:hr>101</ns3:hr>
            <ns3:cad>0</ns3:cad>
          </ns3:TrackPointExtension>
        </extensions>
      </trkpt>
      <trkpt lat="32.2846208699047565460205078125" lon="118.28157185576856136322021484375">
        <ele>72.40000152587890625</ele>
        <time>2026-09-20T04:50:50.000Z</time>
        <extensions>
          <ns3:TrackPointExtension>
            <ns3:hr>102</ns3:hr>
            <ns3:cad>0</ns3:cad>
          </ns3:TrackPointExtension>
        </extensions>
      </trkpt>
      <trkpt lat="32.28461332619190216064453125" lon="118.28157068230211734771728515625">
        <ele>72.8000030517578125</ele>
        <time>2026-09-20T04:50:54.000Z</time>
        <extensions>
          <ns3:TrackPointExtension>
            <ns3:hr>102</ns3:hr>
            <ns3:cad>0</ns3:cad>
          </ns3:TrackPointExtension>
        </extensions>
      </trkpt>
      <trkpt lat="32.2846300899982452392578125" lon="118.28155458904802799224853515625">
        <ele>72.8000030517578125</ele>
        <time>2026-09-20T04:51:04.000Z</time>
        <extensions>
          <ns3:TrackPointExtension>
            <ns3:hr>104</ns3:hr>
            <ns3:cad>0</ns3:cad>
          </ns3:TrackPointExtension>
        </extensions>
      </trkpt>
      <trkpt lat="32.28460729122161865234375" lon="118.2815457880496978759765625">
        <ele>72.40000152587890625</ele>
        <time>2026-09-20T04:51:19.000Z</time>
        <extensions>
          <ns3:TrackPointExtension>
            <ns3:hr>104</ns3:hr>
            <ns3:cad>0</ns3:cad>
          </ns3:TrackPointExtension>
        </extensions>
      </trkpt>
      <trkpt lat="32.28459991514682769775390625" lon="118.28151033259928226470947265625">
        <ele>72</ele>
        <time>2026-09-20T04:51:30.000Z</time>
        <extensions>
          <ns3:TrackPointExtension>
            <ns3:hr>103</ns3:hr>
            <ns3:cad>0</ns3:cad>
          </ns3:TrackPointExtension>
        </extensions>
      </trkpt>
      <trkpt lat="32.28453545831143856048583984375" lon="118.28148032538592815399169921875">
        <ele>71.8000030517578125</ele>
        <time>2026-09-20T04:51:36.000Z</time>
        <extensions>
          <ns3:TrackPointExtension>
            <ns3:hr>103</ns3:hr>
            <ns3:cad>52</ns3:cad>
          </ns3:TrackPointExtension>
        </extensions>
      </trkpt>
      <trkpt lat="32.28446588851511478424072265625" lon="118.2814225740730762481689453125">
        <ele>72</ele>
        <time>2026-09-20T04:51:43.000Z</time>
        <extensions>
          <ns3:TrackPointExtension>
            <ns3:hr>103</ns3:hr>
            <ns3:cad>53</ns3:cad>
          </ns3:TrackPointExtension>
        </extensions>
      </trkpt>
      <trkpt lat="32.284437306225299835205078125" lon="118.2813525013625621795654296875">
        <ele>72.1999969482421875</ele>
        <time>2026-09-20T04:51:49.000Z</time>
        <extensions>
          <ns3:TrackPointExtension>
            <ns3:hr>103</ns3:hr>
            <ns3:cad>53</ns3:cad>
          </ns3:TrackPointExtension>
        </extensions>
      </trkpt>
      <trkpt lat="32.284416519105434417724609375" lon="118.28123532235622406005859375">
        <ele>72.40000152587890625</ele>
        <time>2026-09-20T04:51:56.000Z</time>
        <extensions>
          <ns3:TrackPointExtension>
            <ns3:hr>103</ns3:hr>
            <ns3:cad>52</ns3:cad>
          </ns3:TrackPointExtension>
        </extensions>
      </trkpt>
      <trkpt lat="32.28439916856586933135986328125" lon="118.28116826713085174560546875">
        <ele>72.59999847412109375</ele>
        <time>2026-09-20T04:52:02.000Z</time>
        <extensions>
          <ns3:TrackPointExtension>
            <ns3:hr>104</ns3:hr>
            <ns3:cad>52</ns3:cad>
          </ns3:TrackPointExtension>
        </extensions>
      </trkpt>
      <trkpt lat="32.284368574619293212890625" lon="118.28107816167175769805908203125">
        <ele>73</ele>
        <time>2026-09-20T04:52:10.000Z</time>
        <extensions>
          <ns3:TrackPointExtension>
            <ns3:hr>105</ns3:hr>
            <ns3:cad>52</ns3:cad>
          </ns3:TrackPointExtension>
        </extensions>
      </trkpt>
      <trkpt lat="32.284336723387241363525390625" lon="118.28101043589413166046142578125">
        <ele>73.1999969482421875</ele>
        <time>2026-09-20T04:52:17.000Z</time>
        <extensions>
          <ns3:TrackPointExtension>
            <ns3:hr>106</ns3:hr>
            <ns3:cad>53</ns3:cad>
          </ns3:TrackPointExtension>
        </extensions>
      </trkpt>
      <trkpt lat="32.28433144278824329376220703125" lon="118.2809986174106597900390625">
        <ele>73.40000152587890625</ele>
        <time>2026-09-20T04:52:18.000Z</time>
        <extensions>
          <ns3:TrackPointExtension>
            <ns3:hr>106</ns3:hr>
            <ns3:cad>53</ns3:cad>
          </ns3:TrackPointExtension>
        </extensions>
      </trkpt>
      <trkpt lat="32.2843006812036037445068359375" lon="118.28093432821333408355712890625">
        <ele>73.40000152587890625</ele>
        <time>2026-09-20T04:52:24.000Z</time>
        <extensions>
          <ns3:TrackPointExtension>
            <ns3:hr>107</ns3:hr>
            <ns3:cad>0</ns3:cad>
          </ns3:TrackPointExtension>
        </extensions>
      </trkpt>
      <trkpt lat="32.2842825762927532196044921875" lon="118.28092041425406932830810546875">
        <ele>73.59999847412109375</ele>
        <time>2026-09-20T04:52:33.000Z</time>
        <extensions>
          <ns3:TrackPointExtension>
            <ns3:hr>105</ns3:hr>
            <ns3:cad>0</ns3:cad>
          </ns3:TrackPointExtension>
        </extensions>
      </trkpt>
      <trkpt lat="32.2842510603368282318115234375" lon="118.2808821089565753936767578125">
        <ele>73.8000030517578125</ele>
        <time>2026-09-20T04:52:40.000Z</time>
        <extensions>
          <ns3:TrackPointExtension>
            <ns3:hr>105</ns3:hr>
            <ns3:cad>0</ns3:cad>
          </ns3:TrackPointExtension>
        </extensions>
      </trkpt>
      <trkpt lat="32.28428903035819530487060546875" lon="118.28088956885039806365966796875">
        <ele>73.8000030517578125</ele>
        <time>2026-09-20T04:52:48.000Z</time>
        <extensions>
          <ns3:TrackPointExtension>
            <ns3:hr>103</ns3:hr>
            <ns3:cad>0</ns3:cad>
          </ns3:TrackPointExtension>
        </extensions>
      </trkpt>
      <trkpt lat="32.2842812351882457733154296875" lon="118.28086945228278636932373046875">
        <ele>73.8000030517578125</ele>
        <time>2026-09-20T04:52:59.000Z</time>
        <extensions>
          <ns3:TrackPointExtension>
            <ns3:hr>102</ns3:hr>
            <ns3:cad>0</ns3:cad>
          </ns3:TrackPointExtension>
        </extensions>
      </trkpt>
      <trkpt lat="32.2842812351882457733154296875" lon="118.28086710534989833831787109375">
        <ele>73.8000030517578125</ele>
        <time>2026-09-20T04:53:00.000Z</time>
        <extensions>
          <ns3:TrackPointExtension>
            <ns3:hr>99</ns3:hr>
            <ns3:cad>0</ns3:cad>
          </ns3:TrackPointExtension>
        </extensions>
      </trkpt>
      <trkpt lat="32.28428182192146778106689453125" lon="118.28086517751216888427734375">
        <ele>73.8000030517578125</ele>
        <time>2026-09-20T04:53:01.000Z</time>
        <extensions>
          <ns3:TrackPointExtension>
            <ns3:hr>93</ns3:hr>
            <ns3:cad>0</ns3:cad>
          </ns3:TrackPointExtension>
        </extensions>
      </trkpt>
      <trkpt lat="32.28428182192146778106689453125" lon="118.2808650098741054534912109375">
        <ele>73.8000030517578125</ele>
        <time>2026-09-20T04:53:02.000Z</time>
        <extensions>
          <ns3:TrackPointExtension>
            <ns3:hr>87</ns3:hr>
            <ns3:cad>0</ns3:cad>
          </ns3:TrackPointExtension>
        </extensions>
      </trkpt>
      <trkpt lat="32.28428182192146778106689453125" lon="118.28086492605507373809814453125">
        <ele>73.8000030517578125</ele>
        <time>2026-09-20T04:53:03.000Z</time>
        <extensions>
          <ns3:TrackPointExtension>
            <ns3:hr>84</ns3:hr>
            <ns3:cad>0</ns3:cad>
          </ns3:TrackPointExtension>
        </extensions>
      </trkpt>
      <trkpt lat="32.28426220826804637908935546875" lon="118.28086274676024913787841796875">
        <ele>73.8000030517578125</ele>
        <time>2026-09-20T04:53:12.000Z</time>
        <extensions>
          <ns3:TrackPointExtension>
            <ns3:hr>84</ns3:hr>
            <ns3:cad>0</ns3:cad>
          </ns3:TrackPointExtension>
        </extensions>
      </trkpt>
      <trkpt lat="32.28426455520093441009521484375" lon="118.28085101209580898284912109375">
        <ele>73.8000030517578125</ele>
        <time>2026-09-20T04:53:23.000Z</time>
        <extensions>
          <ns3:TrackPointExtension>
            <ns3:hr>83</ns3:hr>
            <ns3:cad>0</ns3:cad>
          </ns3:TrackPointExtension>
        </extensions>
      </trkpt>
      <trkpt lat="32.28426237590610980987548828125" lon="118.28084480948746204376220703125">
        <ele>73.8000030517578125</ele>
        <time>2026-09-20T04:53:29.000Z</time>
        <extensions>
          <ns3:TrackPointExtension>
            <ns3:hr>86</ns3:hr>
            <ns3:cad>0</ns3:cad>
          </ns3:TrackPointExtension>
        </extensions>
      </trkpt>
      <trkpt lat="32.284257598221302032470703125" lon="118.28084631823003292083740234375">
        <ele>73.8000030517578125</ele>
        <time>2026-09-20T04:53:41.000Z</time>
        <extensions>
          <ns3:TrackPointExtension>
            <ns3:hr>84</ns3:hr>
            <ns3:cad>0</ns3:cad>
          </ns3:TrackPointExtension>
        </extensions>
      </trkpt>
      <trkpt lat="32.28427193127572536468505859375" lon="118.28090046532452106475830078125">
        <ele>73.59999847412109375</ele>
        <time>2026-09-20T04:53:51.000Z</time>
        <extensions>
          <ns3:TrackPointExtension>
            <ns3:hr>85</ns3:hr>
            <ns3:cad>0</ns3:cad>
          </ns3:TrackPointExtension>
        </extensions>
      </trkpt>
      <trkpt lat="32.28426941670477390289306640625" lon="118.2808861322700977325439453125">
        <ele>73.59999847412109375</ele>
        <time>2026-09-20T04:54:02.000Z</time>
        <extensions>
          <ns3:TrackPointExtension>
            <ns3:hr>88</ns3:hr>
            <ns3:cad>0</ns3:cad>
          </ns3:TrackPointExtension>
        </extensions>
      </trkpt>
      <trkpt lat="32.28427226655185222625732421875" lon="118.28087464906275272369384765625">
        <ele>73.59999847412109375</ele>
        <time>2026-09-20T04:54:14.000Z</time>
        <extensions>
          <ns3:TrackPointExtension>
            <ns3:hr>89</ns3:hr>
            <ns3:cad>0</ns3:cad>
          </ns3:TrackPointExtension>
        </extensions>
      </trkpt>
      <trkpt lat="32.28426539339125156402587890625" lon="118.28086744062602519989013671875">
        <ele>73.59999847412109375</ele>
        <time>2026-09-20T04:54:18.000Z</time>
        <extensions>
          <ns3:TrackPointExtension>
            <ns3:hr>86</ns3:hr>
            <ns3:cad>0</ns3:cad>
          </ns3:TrackPointExtension>
        </extensions>
      </trkpt>
      <trkpt lat="32.2842560894787311553955078125" lon="118.2808666862547397613525390625">
        <ele>73.59999847412109375</ele>
        <time>2026-09-20T04:54:21.000Z</time>
        <extensions>
          <ns3:TrackPointExtension>
            <ns3:hr>83</ns3:hr>
            <ns3:cad>0</ns3:cad>
          </ns3:TrackPointExtension>
        </extensions>
      </trkpt>
      <trkpt lat="32.28424494154751300811767578125" lon="118.28086794354021549224853515625">
        <ele>73.59999847412109375</ele>
        <time>2026-09-20T04:54:23.000Z</time>
        <extensions>
          <ns3:TrackPointExtension>
            <ns3:hr>78</ns3:hr>
            <ns3:cad>0</ns3:cad>
          </ns3:TrackPointExtension>
        </extensions>
      </trkpt>
      <trkpt lat="32.28419515304267406463623046875" lon="118.28086878173053264617919921875">
        <ele>74.1999969482421875</ele>
        <time>2026-09-20T04:54:34.000Z</time>
        <extensions>
          <ns3:TrackPointExtension>
            <ns3:hr>78</ns3:hr>
            <ns3:cad>0</ns3:cad>
          </ns3:TrackPointExtension>
        </extensions>
      </trkpt>
      <trkpt lat="32.28414796292781829833984375" lon="118.28079602681100368499755859375">
        <ele>74.59999847412109375</ele>
        <time>2026-09-20T04:54:42.000Z</time>
        <extensions>
          <ns3:TrackPointExtension>
            <ns3:hr>78</ns3:hr>
            <ns3:cad>47</ns3:cad>
          </ns3:TrackPointExtension>
        </extensions>
      </trkpt>
      <trkpt lat="32.28414670564234256744384765625" lon="118.28078647144138813018798828125">
        <ele>74.8000030517578125</ele>
        <time>2026-09-20T04:54:43.000Z</time>
        <extensions>
          <ns3:TrackPointExtension>
            <ns3:hr>79</ns3:hr>
            <ns3:cad>47</ns3:cad>
          </ns3:TrackPointExtension>
        </extensions>
      </trkpt>
      <trkpt lat="32.28412994183599948883056640625" lon="118.2808073423802852630615234375">
        <ele>74.40000152587890625</ele>
        <time>2026-09-20T04:54:50.000Z</time>
        <extensions>
          <ns3:TrackPointExtension>
            <ns3:hr>80</ns3:hr>
            <ns3:cad>0</ns3:cad>
          </ns3:TrackPointExtension>
        </extensions>
      </trkpt>
      <trkpt lat="32.28406590409576892852783203125" lon="118.28076216392219066619873046875">
        <ele>75.1999969482421875</ele>
        <time>2026-09-20T04:54:57.000Z</time>
        <extensions>
          <ns3:TrackPointExtension>
            <ns3:hr>82</ns3:hr>
            <ns3:cad>51</ns3:cad>
          </ns3:TrackPointExtension>
        </extensions>
      </trkpt>
      <trkpt lat="32.283989377319812774658203125" lon="118.28071488998830318450927734375">
        <ele>75.1999969482421875</ele>
        <time>2026-09-20T04:55:03.000Z</time>
        <extensions>
          <ns3:TrackPointExtension>
            <ns3:hr>83</ns3:hr>
            <ns3:cad>0</ns3:cad>
          </ns3:TrackPointExtension>
        </extensions>
      </trkpt>
      <trkpt lat="32.283952496945858001708984375" lon="118.2806903310120105743408203125">
        <ele>75.59999847412109375</ele>
        <time>2026-09-20T04:55:08.000Z</time>
        <extensions>
          <ns3:TrackPointExtension>
            <ns3:hr>84</ns3:hr>
            <ns3:cad>52</ns3:cad>
          </ns3:TrackPointExtension>
        </extensions>
      </trkpt>
      <trkpt lat="32.28393472731113433837890625" lon="118.28067666850984096527099609375">
        <ele>75.59999847412109375</ele>
        <time>2026-09-20T04:55:10.000Z</time>
        <extensions>
          <ns3:TrackPointExtension>
            <ns3:hr>84</ns3:hr>
            <ns3:cad>52</ns3:cad>
          </ns3:TrackPointExtension>
        </extensions>
      </trkpt>
      <trkpt lat="32.28385736234486103057861328125" lon="118.2806189171969890594482421875">
        <ele>76</ele>
        <time>2026-09-20T04:55:18.000Z</time>
        <extensions>
          <ns3:TrackPointExtension>
            <ns3:hr>87</ns3:hr>
            <ns3:cad>51</ns3:cad>
          </ns3:TrackPointExtension>
        </extensions>
      </trkpt>
      <trkpt lat="32.28384680114686489105224609375" lon="118.2806075178086757659912109375">
        <ele>76.1999969482421875</ele>
        <time>2026-09-20T04:55:19.000Z</time>
        <extensions>
          <ns3:TrackPointExtension>
            <ns3:hr>87</ns3:hr>
            <ns3:cad>51</ns3:cad>
          </ns3:TrackPointExtension>
        </extensions>
      </trkpt>
      <trkpt lat="32.2837883792817592620849609375" lon="118.28056284226477146148681640625">
        <ele>76.40000152587890625</ele>
        <time>2026-09-20T04:55:25.000Z</time>
        <extensions>
          <ns3:TrackPointExtension>
            <ns3:hr>89</ns3:hr>
            <ns3:cad>51</ns3:cad>
          </ns3:TrackPointExtension>
        </extensions>
      </trkpt>
      <trkpt lat="32.2837732918560504913330078125" lon="118.2805518619716167449951171875">
        <ele>76.59999847412109375</ele>
        <time>2026-09-20T04:55:27.000Z</time>
        <extensions>
          <ns3:TrackPointExtension>
            <ns3:hr>94</ns3:hr>
            <ns3:cad>51</ns3:cad>
          </ns3:TrackPointExtension>
        </extensions>
      </trkpt>
      <trkpt lat="32.2837650775909423828125" lon="118.28054943121969699859619140625">
        <ele>76.59999847412109375</ele>
        <time>2026-09-20T04:55:28.000Z</time>
        <extensions>
          <ns3:TrackPointExtension>
            <ns3:hr>99</ns3:hr>
            <ns3:cad>51</ns3:cad>
          </ns3:TrackPointExtension>
        </extensions>
      </trkpt>
      <trkpt lat="32.283752672374248504638671875" lon="118.2805511914193630218505859375">
        <ele>76.59999847412109375</ele>
        <time>2026-09-20T04:55:29.000Z</time>
        <extensions>
          <ns3:TrackPointExtension>
            <ns3:hr>105</ns3:hr>
            <ns3:cad>51</ns3:cad>
          </ns3:TrackPointExtension>
        </extensions>
      </trkpt>
      <trkpt lat="32.283739931881427764892578125" lon="118.28055672347545623779296875">
        <ele>76.59999847412109375</ele>
        <time>2026-09-20T04:55:30.000Z</time>
        <extensions>
          <ns3:TrackPointExtension>
            <ns3:hr>105</ns3:hr>
            <ns3:cad>51</ns3:cad>
          </ns3:TrackPointExtension>
        </extensions>
      </trkpt>
      <trkpt lat="32.28373029269278049468994140625" lon="118.28056150116026401519775390625">
        <ele>76.8000030517578125</ele>
        <time>2026-09-20T04:55:31.000Z</time>
        <extensions>
          <ns3:TrackPointExtension>
            <ns3:hr>105</ns3:hr>
            <ns3:cad>51</ns3:cad>
          </ns3:TrackPointExtension>
        </extensions>
      </trkpt>
      <trkpt lat="32.2836901433765888214111328125" lon="118.28061279840767383575439453125">
        <ele>77</ele>
        <time>2026-09-20T04:55:36.000Z</time>
        <extensions>
          <ns3:TrackPointExtension>
            <ns3:hr>104</ns3:hr>
            <ns3:cad>52</ns3:cad>
          </ns3:TrackPointExtension>
        </extensions>
      </trkpt>
      <trkpt lat="32.283639349043369293212890625" lon="118.28064565546810626983642578125">
        <ele>77.40000152587890625</ele>
        <time>2026-09-20T04:55:41.000Z</time>
        <extensions>
          <ns3:TrackPointExtension>
            <ns3:hr>103</ns3:hr>
            <ns3:cad>52</ns3:cad>
          </ns3:TrackPointExtension>
        </extensions>
      </trkpt>
      <trkpt lat="32.2835882194340229034423828125" lon="118.2806568033993244171142578125">
        <ele>77.59999847412109375</ele>
        <time>2026-09-20T04:55:45.000Z</time>
        <extensions>
          <ns3:TrackPointExtension>
            <ns3:hr>102</ns3:hr>
            <ns3:cad>52</ns3:cad>
          </ns3:TrackPointExtension>
        </extensions>
      </trkpt>
      <trkpt lat="32.2835759818553924560546875" lon="118.28065596520900726318359375">
        <ele>77.59999847412109375</ele>
        <time>2026-09-20T04:55:46.000Z</time>
        <extensions>
          <ns3:TrackPointExtension>
            <ns3:hr>102</ns3:hr>
            <ns3:cad>52</ns3:cad>
          </ns3:TrackPointExtension>
        </extensions>
      </trkpt>
      <trkpt lat="32.28352493606507778167724609375" lon="118.28065856359899044036865234375">
        <ele>77.8000030517578125</ele>
        <time>2026-09-20T04:55:51.000Z</time>
        <extensions>
          <ns3:TrackPointExtension>
            <ns3:hr>102</ns3:hr>
            <ns3:cad>51</ns3:cad>
          </ns3:TrackPointExtension>
        </extensions>
      </trkpt>
      <trkpt lat="32.2834631614387035369873046875" lon="118.2806393690407276153564453125">
        <ele>78</ele>
        <time>2026-09-20T04:55:57.000Z</time>
        <extensions>
          <ns3:TrackPointExtension>
            <ns3:hr>101</ns3:hr>
            <ns3:cad>52</ns3:cad>
          </ns3:TrackPointExtension>
        </extensions>
      </trkpt>
      <trkpt lat="32.2833917476236820220947265625" lon="118.2806202583014965057373046875">
        <ele>78.40000152587890625</ele>
        <time>2026-09-20T04:56:04.000Z</time>
        <extensions>
          <ns3:TrackPointExtension>
            <ns3:hr>100</ns3:hr>
            <ns3:cad>53</ns3:cad>
          </ns3:TrackPointExtension>
        </extensions>
      </trkpt>
      <trkpt lat="32.2833330743014812469482421875" lon="118.2806038297712802886962890625">
        <ele>78.40000152587890625</ele>
        <time>2026-09-20T04:56:08.000Z</time>
        <extensions>
          <ns3:TrackPointExtension>
            <ns3:hr>99</ns3:hr>
            <ns3:cad>53</ns3:cad>
          </ns3:TrackPointExtension>
        </extensions>
      </trkpt>
      <trkpt lat="32.2833104431629180908203125" lon="118.28059771098196506500244140625">
        <ele>78.59999847412109375</ele>
        <time>2026-09-20T04:56:10.000Z</time>
        <extensions>
          <ns3:TrackPointExtension>
            <ns3:hr>99</ns3:hr>
            <ns3:cad>53</ns3:cad>
          </ns3:TrackPointExtension>
        </extensions>
      </trkpt>
      <trkpt lat="32.2832683660089969635009765625" lon="118.28058798797428607940673828125">
        <ele>78.8000030517578125</ele>
        <time>2026-09-20T04:56:14.000Z</time>
        <extensions>
          <ns3:TrackPointExtension>
            <ns3:hr>96</ns3:hr>
            <ns3:cad>52</ns3:cad>
          </ns3:TrackPointExtension>
        </extensions>
      </trkpt>
      <trkpt lat="32.28325612843036651611328125" lon="118.28058622777462005615234375">
        <ele>79</ele>
        <time>2026-09-20T04:56:15.000Z</time>
        <extensions>
          <ns3:TrackPointExtension>
            <ns3:hr>95</ns3:hr>
            <ns3:cad>51</ns3:cad>
          </ns3:TrackPointExtension>
        </extensions>
      </trkpt>
      <trkpt lat="32.28323643095791339874267578125" lon="118.280583210289478302001953125">
        <ele>79.40000152587890625</ele>
        <time>2026-09-20T04:56:17.000Z</time>
        <extensions>
          <ns3:TrackPointExtension>
            <ns3:hr>92</ns3:hr>
            <ns3:cad>51</ns3:cad>
          </ns3:TrackPointExtension>
        </extensions>
      </trkpt>
      <trkpt lat="32.28322201408445835113525390625" lon="118.28057826496660709381103515625">
        <ele>79.8000030517578125</ele>
        <time>2026-09-20T04:56:19.000Z</time>
        <extensions>
          <ns3:TrackPointExtension>
            <ns3:hr>92</ns3:hr>
            <ns3:cad>52</ns3:cad>
          </ns3:TrackPointExtension>
        </extensions>
      </trkpt>
      <trkpt lat="32.28318245150148868560791015625" lon="118.2805682905018329620361328125">
        <ele>80</ele>
        <time>2026-09-20T04:56:22.000Z</time>
        <extensions>
          <ns3:TrackPointExtension>
            <ns3:hr>92</ns3:hr>
            <ns3:cad>52</ns3:cad>
          </ns3:TrackPointExtension>
        </extensions>
      </trkpt>
      <trkpt lat="32.2831548750400543212890625" lon="118.2805515266954898834228515625">
        <ele>79.8000030517578125</ele>
        <time>2026-09-20T04:56:25.000Z</time>
        <extensions>
          <ns3:TrackPointExtension>
            <ns3:hr>93</ns3:hr>
            <ns3:cad>51</ns3:cad>
          </ns3:TrackPointExtension>
        </extensions>
      </trkpt>
      <trkpt lat="32.28312394581735134124755859375" lon="118.28054867684841156005859375">
        <ele>80</ele>
        <time>2026-09-20T04:56:28.000Z</time>
        <extensions>
          <ns3:TrackPointExtension>
            <ns3:hr>94</ns3:hr>
            <ns3:cad>51</ns3:cad>
          </ns3:TrackPointExtension>
        </extensions>
      </trkpt>
      <trkpt lat="32.283057309687137603759765625" lon="118.28055110760033130645751953125">
        <ele>80.8000030517578125</ele>
        <time>2026-09-20T04:56:34.000Z</time>
        <extensions>
          <ns3:TrackPointExtension>
            <ns3:hr>94</ns3:hr>
            <ns3:cad>51</ns3:cad>
          </ns3:TrackPointExtension>
        </extensions>
      </trkpt>
      <trkpt lat="32.2830474190413951873779296875" lon="118.28054624609649181365966796875">
        <ele>81</ele>
        <time>2026-09-20T04:56:35.000Z</time>
        <extensions>
          <ns3:TrackPointExtension>
            <ns3:hr>95</ns3:hr>
            <ns3:cad>51</ns3:cad>
          </ns3:TrackPointExtension>
        </extensions>
      </trkpt>
      <trkpt lat="32.2830061800777912139892578125" lon="118.28053082339465618133544921875">
        <ele>81.1999969482421875</ele>
        <time>2026-09-20T04:56:39.000Z</time>
        <extensions>
          <ns3:TrackPointExtension>
            <ns3:hr>98</ns3:hr>
            <ns3:cad>52</ns3:cad>
          </ns3:TrackPointExtension>
        </extensions>
      </trkpt>
      <trkpt lat="32.282979190349578857421875" lon="118.28052051365375518798828125">
        <ele>81.1999969482421875</ele>
        <time>2026-09-20T04:56:42.000Z</time>
        <extensions>
          <ns3:TrackPointExtension>
            <ns3:hr>101</ns3:hr>
            <ns3:cad>51</ns3:cad>
          </ns3:TrackPointExtension>
        </extensions>
      </trkpt>
      <trkpt lat="32.2829672880470752716064453125" lon="118.2805210165679454803466796875">
        <ele>81.1999969482421875</ele>
        <time>2026-09-20T04:56:43.000Z</time>
        <extensions>
          <ns3:TrackPointExtension>
            <ns3:hr>102</ns3:hr>
            <ns3:cad>51</ns3:cad>
          </ns3:TrackPointExtension>
        </extensions>
      </trkpt>
      <trkpt lat="32.28292311541736125946044921875" lon="118.28051473014056682586669921875">
        <ele>81.8000030517578125</ele>
        <time>2026-09-20T04:56:48.000Z</time>
        <extensions>
          <ns3:TrackPointExtension>
            <ns3:hr>105</ns3:hr>
            <ns3:cad>50</ns3:cad>
          </ns3:TrackPointExtension>
        </extensions>
      </trkpt>
      <trkpt lat="32.2829180024564266204833984375" lon="118.28051288612186908721923828125">
        <ele>81.8000030517578125</ele>
        <time>2026-09-20T04:56:49.000Z</time>
        <extensions>
          <ns3:TrackPointExtension>
            <ns3:hr>105</ns3:hr>
            <ns3:cad>50</ns3:cad>
          </ns3:TrackPointExtension>
        </extensions>
      </trkpt>
      <trkpt lat="32.28290886618196964263916015625" lon="118.28051908873021602630615234375">
        <ele>82.40000152587890625</ele>
        <time>2026-09-20T04:56:56.000Z</time>
        <extensions>
          <ns3:TrackPointExtension>
            <ns3:hr>105</ns3:hr>
            <ns3:cad>0</ns3:cad>
          </ns3:TrackPointExtension>
        </extensions>
      </trkpt>
      <trkpt lat="32.28288791142404079437255859375" lon="118.28050232492387294769287109375">
        <ele>82.40000152587890625</ele>
        <time>2026-09-20T04:57:04.000Z</time>
        <extensions>
          <ns3:TrackPointExtension>
            <ns3:hr>102</ns3:hr>
            <ns3:cad>0</ns3:cad>
          </ns3:TrackPointExtension>
        </extensions>
      </trkpt>
      <trkpt lat="32.28287617675960063934326171875" lon="118.28049846924841403961181640625">
        <ele>82.40000152587890625</ele>
        <time>2026-09-20T04:57:06.000Z</time>
        <extensions>
          <ns3:TrackPointExtension>
            <ns3:hr>100</ns3:hr>
            <ns3:cad>0</ns3:cad>
          </ns3:TrackPointExtension>
        </extensions>
      </trkpt>
      <trkpt lat="32.282870225608348846435546875" lon="118.28049511648714542388916015625">
        <ele>82.59999847412109375</ele>
        <time>2026-09-20T04:57:14.000Z</time>
        <extensions>
          <ns3:TrackPointExtension>
            <ns3:hr>101</ns3:hr>
            <ns3:cad>0</ns3:cad>
          </ns3:TrackPointExtension>
        </extensions>
      </trkpt>
      <trkpt lat="32.28281557559967041015625" lon="118.280506432056427001953125">
        <ele>82.8000030517578125</ele>
        <time>2026-09-20T04:57:25.000Z</time>
        <extensions>
          <ns3:TrackPointExtension>
            <ns3:hr>101</ns3:hr>
            <ns3:cad>0</ns3:cad>
          </ns3:TrackPointExtension>
        </extensions>
      </trkpt>
      <trkpt lat="32.282810546457767486572265625" lon="118.2805131375789642333984375">
        <ele>83</ele>
        <time>2026-09-20T04:57:27.000Z</time>
        <extensions>
          <ns3:TrackPointExtension>
            <ns3:hr>100</ns3:hr>
            <ns3:cad>0</ns3:cad>
          </ns3:TrackPointExtension>
        </extensions>
      </trkpt>
      <trkpt lat="32.2828110493719577789306640625" lon="118.2805109582841396331787109375">
        <ele>83</ele>
        <time>2026-09-20T04:57:31.000Z</time>
        <extensions>
          <ns3:TrackPointExtension>
            <ns3:hr>100</ns3:hr>
            <ns3:cad>0</ns3:cad>
          </ns3:TrackPointExtension>
        </extensions>
      </trkpt>
      <trkpt lat="32.28278129361569881439208984375" lon="118.28049344010651111602783203125">
        <ele>83.1999969482421875</ele>
        <time>2026-09-20T04:57:37.000Z</time>
        <extensions>
          <ns3:TrackPointExtension>
            <ns3:hr>99</ns3:hr>
            <ns3:cad>0</ns3:cad>
          </ns3:TrackPointExtension>
        </extensions>
      </trkpt>
      <trkpt lat="32.28274122811853885650634765625" lon="118.28045840375125408172607421875">
        <ele>83.8000030517578125</ele>
        <time>2026-09-20T04:57:44.000Z</time>
        <extensions>
          <ns3:TrackPointExtension>
            <ns3:hr>100</ns3:hr>
            <ns3:cad>44</ns3:cad>
          </ns3:TrackPointExtension>
        </extensions>
      </trkpt>
      <trkpt lat="32.28269194252789020538330078125" lon="118.2804281450808048248291015625">
        <ele>84</ele>
        <time>2026-09-20T04:57:51.000Z</time>
        <extensions>
          <ns3:TrackPointExtension>
            <ns3:hr>99</ns3:hr>
            <ns3:cad>0</ns3:cad>
          </ns3:TrackPointExtension>
        </extensions>
      </trkpt>
      <trkpt lat="32.282654978334903717041015625" lon="118.280389420688152313232421875">
        <ele>84</ele>
        <time>2026-09-20T04:57:57.000Z</time>
        <extensions>
          <ns3:TrackPointExtension>
            <ns3:hr>99</ns3:hr>
            <ns3:cad>47</ns3:cad>
          </ns3:TrackPointExtension>
        </extensions>
      </trkpt>
      <trkpt lat="32.28264399804174900054931640625" lon="118.2803788594901561737060546875">
        <ele>84.1999969482421875</ele>
        <time>2026-09-20T04:57:59.000Z</time>
        <extensions>
          <ns3:TrackPointExtension>
            <ns3:hr>99</ns3:hr>
            <ns3:cad>47</ns3:cad>
          </ns3:TrackPointExtension>
        </extensions>
      </trkpt>
      <trkpt lat="32.282573841512203216552734375" lon="118.2803456671535968780517578125">
        <ele>84.8000030517578125</ele>
        <time>2026-09-20T04:58:07.000Z</time>
        <extensions>
          <ns3:TrackPointExtension>
            <ns3:hr>100</ns3:hr>
            <ns3:cad>49</ns3:cad>
          </ns3:TrackPointExtension>
        </extensions>
      </trkpt>
      <trkpt lat="32.28253486566245555877685546875" lon="118.28033200465142726898193359375">
        <ele>85</ele>
        <time>2026-09-20T04:58:11.000Z</time>
        <extensions>
          <ns3:TrackPointExtension>
            <ns3:hr>100</ns3:hr>
            <ns3:cad>50</ns3:cad>
          </ns3:TrackPointExtension>
        </extensions>
      </trkpt>
      <trkpt lat="32.28251315653324127197265625" lon="118.2803319208323955535888671875">
        <ele>85.40000152587890625</ele>
        <time>2026-09-20T04:58:14.000Z</time>
        <extensions>
          <ns3:TrackPointExtension>
            <ns3:hr>103</ns3:hr>
            <ns3:cad>50</ns3:cad>
          </ns3:TrackPointExtension>
        </extensions>
      </trkpt>
      <trkpt lat="32.28246713988482952117919921875" lon="118.28033049590885639190673828125">
        <ele>86.1999969482421875</ele>
        <time>2026-09-20T04:58:19.000Z</time>
        <extensions>
          <ns3:TrackPointExtension>
            <ns3:hr>105</ns3:hr>
            <ns3:cad>48</ns3:cad>
          </ns3:TrackPointExtension>
        </extensions>
      </trkpt>
      <trkpt lat="32.28245875798165798187255859375" lon="118.28033116646111011505126953125">
        <ele>86.40000152587890625</ele>
        <time>2026-09-20T04:58:20.000Z</time>
        <extensions>
          <ns3:TrackPointExtension>
            <ns3:hr>106</ns3:hr>
            <ns3:cad>48</ns3:cad>
          </ns3:TrackPointExtension>
        </extensions>
      </trkpt>
      <trkpt lat="32.2824154235422611236572265625" lon="118.2803379558026790618896484375">
        <ele>87.1999969482421875</ele>
        <time>2026-09-20T04:58:28.000Z</time>
        <extensions>
          <ns3:TrackPointExtension>
            <ns3:hr>109</ns3:hr>
            <ns3:cad>0</ns3:cad>
          </ns3:TrackPointExtension>
        </extensions>
      </trkpt>
      <trkpt lat="32.2824003361165523529052734375" lon="118.2803309150040149688720703125">
        <ele>87.1999969482421875</ele>
        <time>2026-09-20T04:58:30.000Z</time>
        <extensions>
          <ns3:TrackPointExtension>
            <ns3:hr>110</ns3:hr>
            <ns3:cad>0</ns3:cad>
          </ns3:TrackPointExtension>
        </extensions>
      </trkpt>
      <trkpt lat="32.2823772020637989044189453125" lon="118.28032328747212886810302734375">
        <ele>87.1999969482421875</ele>
        <time>2026-09-20T04:58:32.000Z</time>
        <extensions>
          <ns3:TrackPointExtension>
            <ns3:hr>111</ns3:hr>
            <ns3:cad>0</ns3:cad>
          </ns3:TrackPointExtension>
        </extensions>
      </trkpt>
      <trkpt lat="32.2823614440858364105224609375" lon="118.28030568547546863555908203125">
        <ele>87.40000152587890625</ele>
        <time>2026-09-20T04:58:35.000Z</time>
        <extensions>
          <ns3:TrackPointExtension>
            <ns3:hr>111</ns3:hr>
            <ns3:cad>42</ns3:cad>
          </ns3:TrackPointExtension>
        </extensions>
      </trkpt>
      <trkpt lat="32.282303608953952789306640625" lon="118.28027115203440189361572265625">
        <ele>87.8000030517578125</ele>
        <time>2026-09-20T04:58:42.000Z</time>
        <extensions>
          <ns3:TrackPointExtension>
            <ns3:hr>111</ns3:hr>
            <ns3:cad>45</ns3:cad>
          </ns3:TrackPointExtension>
        </extensions>
      </trkpt>
      <trkpt lat="32.2822306863963603973388671875" lon="118.28023678623139858245849609375">
        <ele>88.40000152587890625</ele>
        <time>2026-09-20T04:58:49.000Z</time>
        <extensions>
          <ns3:TrackPointExtension>
            <ns3:hr>112</ns3:hr>
            <ns3:cad>48</ns3:cad>
          </ns3:TrackPointExtension>
        </extensions>
      </trkpt>
      <trkpt lat="32.2822112403810024261474609375" lon="118.28022010624408721923828125">
        <ele>88.40000152587890625</ele>
        <time>2026-09-20T04:58:51.000Z</time>
        <extensions>
          <ns3:TrackPointExtension>
            <ns3:hr>112</ns3:hr>
            <ns3:cad>50</ns3:cad>
          </ns3:TrackPointExtension>
        </extensions>
      </trkpt>
      <trkpt lat="32.28214376606047153472900390625" lon="118.2801927812397480010986328125">
        <ele>89.40000152587890625</ele>
        <time>2026-09-20T04:59:01.000Z</time>
        <extensions>
          <ns3:TrackPointExtension>
            <ns3:hr>111</ns3:hr>
            <ns3:cad>78</ns3:cad>
          </ns3:TrackPointExtension>
        </extensions>
      </trkpt>
      <trkpt lat="32.282127253711223602294921875" lon="118.2801907695829868316650390625">
        <ele>90</ele>
        <time>2026-09-20T04:59:04.000Z</time>
        <extensions>
          <ns3:TrackPointExtension>
            <ns3:hr>108</ns3:hr>
            <ns3:cad>79</ns3:cad>
          </ns3:TrackPointExtension>
        </extensions>
      </trkpt>
      <trkpt lat="32.28211308829486370086669921875" lon="118.2801914401352405548095703125">
        <ele>90.40000152587890625</ele>
        <time>2026-09-20T04:59:06.000Z</time>
        <extensions>
          <ns3:TrackPointExtension>
            <ns3:hr>106</ns3:hr>
            <ns3:cad>79</ns3:cad>
          </ns3:TrackPointExtension>
        </extensions>
      </trkpt>
      <trkpt lat="32.28210420347750186920166015625" lon="118.280187584459781646728515625">
        <ele>90.59999847412109375</ele>
        <time>2026-09-20T04:59:07.000Z</time>
        <extensions>
          <ns3:TrackPointExtension>
            <ns3:hr>106</ns3:hr>
            <ns3:cad>79</ns3:cad>
          </ns3:TrackPointExtension>
        </extensions>
      </trkpt>
      <trkpt lat="32.28206246159970760345458984375" lon="118.28020174987614154815673828125">
        <ele>91.59999847412109375</ele>
        <time>2026-09-20T04:59:13.000Z</time>
        <extensions>
          <ns3:TrackPointExtension>
            <ns3:hr>107</ns3:hr>
            <ns3:cad>47</ns3:cad>
          </ns3:TrackPointExtension>
        </extensions>
      </trkpt>
      <trkpt lat="32.28200496174395084381103515625" lon="118.2802115567028522491455078125">
        <ele>92.59999847412109375</ele>
        <time>2026-09-20T04:59:21.000Z</time>
        <extensions>
          <ns3:TrackPointExtension>
            <ns3:hr>108</ns3:hr>
            <ns3:cad>47</ns3:cad>
          </ns3:TrackPointExtension>
        </extensions>
      </trkpt>
      <trkpt lat="32.28199356235563755035400390625" lon="118.2802159152925014495849609375">
        <ele>92.59999847412109375</ele>
        <time>2026-09-20T04:59:22.000Z</time>
        <extensions>
          <ns3:TrackPointExtension>
            <ns3:hr>108</ns3:hr>
            <ns3:cad>45</ns3:cad>
          </ns3:TrackPointExtension>
        </extensions>
      </trkpt>
      <trkpt lat="32.28196154348552227020263671875" lon="118.28022270463407039642333984375">
        <ele>93.40000152587890625</ele>
        <time>2026-09-20T04:59:27.000Z</time>
        <extensions>
          <ns3:TrackPointExtension>
            <ns3:hr>109</ns3:hr>
            <ns3:cad>47</ns3:cad>
          </ns3:TrackPointExtension>
        </extensions>
      </trkpt>
      <trkpt lat="32.28194712661206722259521484375" lon="118.280222453176975250244140625">
        <ele>93.59999847412109375</ele>
        <time>2026-09-20T04:59:28.000Z</time>
        <extensions>
          <ns3:TrackPointExtension>
            <ns3:hr>108</ns3:hr>
            <ns3:cad>47</ns3:cad>
          </ns3:TrackPointExtension>
        </extensions>
      </trkpt>
      <trkpt lat="32.28189490735530853271484375" lon="118.2802266441285610198974609375">
        <ele>94.40000152587890625</ele>
        <time>2026-09-20T04:59:34.000Z</time>
        <extensions>
          <ns3:TrackPointExtension>
            <ns3:hr>109</ns3:hr>
            <ns3:cad>0</ns3:cad>
          </ns3:TrackPointExtension>
        </extensions>
      </trkpt>
      <trkpt lat="32.28187671862542629241943359375" lon="118.2802444137632846832275390625">
        <ele>94.8000030517578125</ele>
        <time>2026-09-20T04:59:38.000Z</time>
        <extensions>
          <ns3:TrackPointExtension>
            <ns3:hr>109</ns3:hr>
            <ns3:cad>45</ns3:cad>
          </ns3:TrackPointExtension>
        </extensions>
      </trkpt>
      <trkpt lat="32.281877808272838592529296875" lon="118.28025254420936107635498046875">
        <ele>95.1999969482421875</ele>
        <time>2026-09-20T04:59:40.000Z</time>
        <extensions>
          <ns3:TrackPointExtension>
            <ns3:hr>108</ns3:hr>
            <ns3:cad>46</ns3:cad>
          </ns3:TrackPointExtension>
        </extensions>
      </trkpt>
      <trkpt lat="32.28186674416065216064453125" lon="118.2802608422935009002685546875">
        <ele>95.8000030517578125</ele>
        <time>2026-09-20T04:59:44.000Z</time>
        <extensions>
          <ns3:TrackPointExtension>
            <ns3:hr>106</ns3:hr>
            <ns3:cad>48</ns3:cad>
          </ns3:TrackPointExtension>
        </extensions>
      </trkpt>
      <trkpt lat="32.28185308165848255157470703125" lon="118.28027106821537017822265625">
        <ele>96.8000030517578125</ele>
        <time>2026-09-20T04:59:48.000Z</time>
        <extensions>
          <ns3:TrackPointExtension>
            <ns3:hr>107</ns3:hr>
            <ns3:cad>47</ns3:cad>
          </ns3:TrackPointExtension>
        </extensions>
      </trkpt>
      <trkpt lat="32.28184956125915050506591796875" lon="118.2802745886147022247314453125">
        <ele>97</ele>
        <time>2026-09-20T04:59:49.000Z</time>
        <extensions>
          <ns3:TrackPointExtension>
            <ns3:hr>107</ns3:hr>
            <ns3:cad>47</ns3:cad>
          </ns3:TrackPointExtension>
        </extensions>
      </trkpt>
      <trkpt lat="32.2818471305072307586669921875" lon="118.28029897995293140411376953125">
        <ele>98</ele>
        <time>2026-09-20T04:59:53.000Z</time>
        <extensions>
          <ns3:TrackPointExtension>
            <ns3:hr>107</ns3:hr>
            <ns3:cad>45</ns3:cad>
          </ns3:TrackPointExtension>
        </extensions>
      </trkpt>
      <trkpt lat="32.28184394538402557373046875" lon="118.28031490556895732879638671875">
        <ele>98.59999847412109375</ele>
        <time>2026-09-20T04:59:55.000Z</time>
        <extensions>
          <ns3:TrackPointExtension>
            <ns3:hr>107</ns3:hr>
            <ns3:cad>45</ns3:cad>
          </ns3:TrackPointExtension>
        </extensions>
      </trkpt>
      <trkpt lat="32.28183900006115436553955078125" lon="118.28032814897596836090087890625">
        <ele>99</ele>
        <time>2026-09-20T04:59:57.000Z</time>
        <extensions>
          <ns3:TrackPointExtension>
            <ns3:hr>106</ns3:hr>
            <ns3:cad>46</ns3:cad>
          </ns3:TrackPointExtension>
        </extensions>
      </trkpt>
      <trkpt lat="32.28182592429220676422119140625" lon="118.280351199209690093994140625">
        <ele>100.40000152587890625</ele>
        <time>2026-09-20T05:00:02.000Z</time>
        <extensions>
          <ns3:TrackPointExtension>
            <ns3:hr>107</ns3:hr>
            <ns3:cad>45</ns3:cad>
          </ns3:TrackPointExtension>
        </extensions>
      </trkpt>
      <trkpt lat="32.2818233259022235870361328125" lon="118.28035446815192699432373046875">
        <ele>100.59999847412109375</ele>
        <time>2026-09-20T05:00:03.000Z</time>
        <extensions>
          <ns3:TrackPointExtension>
            <ns3:hr>107</ns3:hr>
            <ns3:cad>45</ns3:cad>
          </ns3:TrackPointExtension>
        </extensions>
      </trkpt>
      <trkpt lat="32.281813435256481170654296875" lon="118.28037089668214321136474609375">
        <ele>101.40000152587890625</ele>
        <time>2026-09-20T05:00:06.000Z</time>
        <extensions>
          <ns3:TrackPointExtension>
            <ns3:hr>108</ns3:hr>
            <ns3:cad>47</ns3:cad>
          </ns3:TrackPointExtension>
        </extensions>
      </trkpt>
      <trkpt lat="32.28179524652659893035888671875" lon="118.280381374061107635498046875">
        <ele>102.59999847412109375</ele>
        <time>2026-09-20T05:00:11.000Z</time>
        <extensions>
          <ns3:TrackPointExtension>
            <ns3:hr>110</ns3:hr>
            <ns3:cad>48</ns3:cad>
          </ns3:TrackPointExtension>
        </extensions>
      </trkpt>
      <trkpt lat="32.28175249882042407989501953125" lon="118.28037324361503124237060546875">
        <ele>102.8000030517578125</ele>
        <time>2026-09-20T05:00:16.000Z</time>
        <extensions>
          <ns3:TrackPointExtension>
            <ns3:hr>113</ns3:hr>
            <ns3:cad>0</ns3:cad>
          </ns3:TrackPointExtension>
        </extensions>
      </trkpt>
      <trkpt lat="32.28174604475498199462890625" lon="118.2803711481392383575439453125">
        <ele>102.8000030517578125</ele>
        <time>2026-09-20T05:00:17.000Z</time>
        <extensions>
          <ns3:TrackPointExtension>
            <ns3:hr>113</ns3:hr>
            <ns3:cad>0</ns3:cad>
          </ns3:TrackPointExtension>
        </extensions>
      </trkpt>
      <trkpt lat="32.28172131814062595367431640625" lon="118.28038229607045650482177734375">
        <ele>103.8000030517578125</ele>
        <time>2026-09-20T05:00:23.000Z</time>
        <extensions>
          <ns3:TrackPointExtension>
            <ns3:hr>114</ns3:hr>
            <ns3:cad>48</ns3:cad>
          </ns3:TrackPointExtension>
        </extensions>
      </trkpt>
      <trkpt lat="32.2817173786461353302001953125" lon="118.280386738479137420654296875">
        <ele>104</ele>
        <time>2026-09-20T05:00:24.000Z</time>
        <extensions>
          <ns3:TrackPointExtension>
            <ns3:hr>114</ns3:hr>
            <ns3:cad>47</ns3:cad>
          </ns3:TrackPointExtension>
        </extensions>
      </trkpt>
      <trkpt lat="32.28172165341675281524658203125" lon="118.2804177515208721160888671875">
        <ele>104.8000030517578125</ele>
        <time>2026-09-20T05:00:28.000Z</time>
        <extensions>
          <ns3:TrackPointExtension>
            <ns3:hr>114</ns3:hr>
            <ns3:cad>0</ns3:cad>
          </ns3:TrackPointExtension>
        </extensions>
      </trkpt>
      <trkpt lat="32.28173037059605121612548828125" lon="118.2804254628717899322509765625">
        <ele>105.1999969482421875</ele>
        <time>2026-09-20T05:00:30.000Z</time>
        <extensions>
          <ns3:TrackPointExtension>
            <ns3:hr>114</ns3:hr>
            <ns3:cad>45</ns3:cad>
          </ns3:TrackPointExtension>
        </extensions>
      </trkpt>
      <trkpt lat="32.28173908777534961700439453125" lon="118.280452787876129150390625">
        <ele>106</ele>
        <time>2026-09-20T05:00:34.000Z</time>
        <extensions>
          <ns3:TrackPointExtension>
            <ns3:hr>114</ns3:hr>
            <ns3:cad>51</ns3:cad>
          </ns3:TrackPointExtension>
        </extensions>
      </trkpt>
      <trkpt lat="32.28174176998436450958251953125" lon="118.28045555390417575836181640625">
        <ele>106.1999969482421875</ele>
        <time>2026-09-20T05:00:35.000Z</time>
        <extensions>
          <ns3:TrackPointExtension>
            <ns3:hr>114</ns3:hr>
            <ns3:cad>0</ns3:cad>
          </ns3:TrackPointExtension>
        </extensions>
      </trkpt>
      <trkpt lat="32.28174109943211078643798828125" lon="118.2804863154888153076171875">
        <ele>107.1999969482421875</ele>
        <time>2026-09-20T05:00:39.000Z</time>
        <extensions>
          <ns3:TrackPointExtension>
            <ns3:hr>113</ns3:hr>
            <ns3:cad>45</ns3:cad>
          </ns3:TrackPointExtension>
        </extensions>
      </trkpt>
      <trkpt lat="32.28174126707017421722412109375" lon="118.28048589639365673065185546875">
        <ele>107.40000152587890625</ele>
        <time>2026-09-20T05:00:40.000Z</time>
        <extensions>
          <ns3:TrackPointExtension>
            <ns3:hr>114</ns3:hr>
            <ns3:cad>48</ns3:cad>
          </ns3:TrackPointExtension>
        </extensions>
      </trkpt>
      <trkpt lat="32.281734645366668701171875" lon="118.28049746342003345489501953125">
        <ele>108.1999969482421875</ele>
        <time>2026-09-20T05:00:43.000Z</time>
        <extensions>
          <ns3:TrackPointExtension>
            <ns3:hr>115</ns3:hr>
            <ns3:cad>48</ns3:cad>
          </ns3:TrackPointExtension>
        </extensions>
      </trkpt>
      <trkpt lat="32.28172064758837223052978515625" lon="118.28050618059933185577392578125">
        <ele>109.1999969482421875</ele>
        <time>2026-09-20T05:00:47.000Z</time>
        <extensions>
          <ns3:TrackPointExtension>
            <ns3:hr>114</ns3:hr>
            <ns3:cad>48</ns3:cad>
          </ns3:TrackPointExtension>
        </extensions>
      </trkpt>
      <trkpt lat="32.2817064821720123291015625" lon="118.28052512370049953460693359375">
        <ele>110.40000152587890625</ele>
        <time>2026-09-20T05:00:52.000Z</time>
        <extensions>
          <ns3:TrackPointExtension>
            <ns3:hr>115</ns3:hr>
            <ns3:cad>47</ns3:cad>
          </ns3:TrackPointExtension>
        </extensions>
      </trkpt>
      <trkpt lat="32.2816903889179229736328125" lon="118.28054507263004779815673828125">
        <ele>111.40000152587890625</ele>
        <time>2026-09-20T05:00:56.000Z</time>
        <extensions>
          <ns3:TrackPointExtension>
            <ns3:hr>115</ns3:hr>
            <ns3:cad>47</ns3:cad>
          </ns3:TrackPointExtension>
        </extensions>
      </trkpt>
      <trkpt lat="32.28168762288987636566162109375" lon="118.28055110760033130645751953125">
        <ele>111.59999847412109375</ele>
        <time>2026-09-20T05:00:57.000Z</time>
        <extensions>
          <ns3:TrackPointExtension>
            <ns3:hr>116</ns3:hr>
            <ns3:cad>46</ns3:cad>
          </ns3:TrackPointExtension>
        </extensions>
      </trkpt>
      <trkpt lat="32.281659543514251708984375" lon="118.28060097992420196533203125">
        <ele>112.40000152587890625</ele>
        <time>2026-09-20T05:01:03.000Z</time>
        <extensions>
          <ns3:TrackPointExtension>
            <ns3:hr>116</ns3:hr>
            <ns3:cad>0</ns3:cad>
          </ns3:TrackPointExtension>
        </extensions>
      </trkpt>
      <trkpt lat="32.281635738909244537353515625" lon="118.280615396797657012939453125">
        <ele>112.40000152587890625</ele>
        <time>2026-09-20T05:01:08.000Z</time>
        <extensions>
          <ns3:TrackPointExtension>
            <ns3:hr>117</ns3:hr>
            <ns3:cad>0</ns3:cad>
          </ns3:TrackPointExtension>
        </extensions>
      </trkpt>
      <trkpt lat="32.2816322185099124908447265625" lon="118.280627466738224029541015625">
        <ele>112.59999847412109375</ele>
        <time>2026-09-20T05:01:17.000Z</time>
        <extensions>
          <ns3:TrackPointExtension>
            <ns3:hr>118</ns3:hr>
            <ns3:cad>0</ns3:cad>
          </ns3:TrackPointExtension>
        </extensions>
      </trkpt>
      <trkpt lat="32.2816528379917144775390625" lon="118.2806433923542499542236328125">
        <ele>112.40000152587890625</ele>
        <time>2026-09-20T05:01:24.000Z</time>
        <extensions>
          <ns3:TrackPointExtension>
            <ns3:hr>115</ns3:hr>
            <ns3:cad>0</ns3:cad>
          </ns3:TrackPointExtension>
        </extensions>
      </trkpt>
      <trkpt lat="32.2816486470401287078857421875" lon="118.28065018169581890106201171875">
        <ele>112.40000152587890625</ele>
        <time>2026-09-20T05:01:25.000Z</time>
        <extensions>
          <ns3:TrackPointExtension>
            <ns3:hr>115</ns3:hr>
            <ns3:cad>0</ns3:cad>
          </ns3:TrackPointExtension>
        </extensions>
      </trkpt>
      <trkpt lat="32.281637080013751983642578125" lon="118.280701227486133575439453125">
        <ele>112.59999847412109375</ele>
        <time>2026-09-20T05:01:32.000Z</time>
        <extensions>
          <ns3:TrackPointExtension>
            <ns3:hr>113</ns3:hr>
            <ns3:cad>49</ns3:cad>
          </ns3:TrackPointExtension>
        </extensions>
      </trkpt>
      <trkpt lat="32.28163330815732479095458984375" lon="118.2807104475796222686767578125">
        <ele>112.59999847412109375</ele>
        <time>2026-09-20T05:01:33.000Z</time>
        <extensions>
          <ns3:TrackPointExtension>
            <ns3:hr>113</ns3:hr>
            <ns3:cad>49</ns3:cad>
          </ns3:TrackPointExtension>
        </extensions>
      </trkpt>
      <trkpt lat="32.28160933591425418853759765625" lon="118.280705250799655914306640625">
        <ele>113</ele>
        <time>2026-09-20T05:01:38.000Z</time>
        <extensions>
          <ns3:TrackPointExtension>
            <ns3:hr>110</ns3:hr>
            <ns3:cad>0</ns3:cad>
          </ns3:TrackPointExtension>
        </extensions>
      </trkpt>
      <trkpt lat="32.2815906442701816558837890625" lon="118.28067549504339694976806640625">
        <ele>113</ele>
        <time>2026-09-20T05:01:50.000Z</time>
        <extensions>
          <ns3:TrackPointExtension>
            <ns3:hr>110</ns3:hr>
            <ns3:cad>0</ns3:cad>
          </ns3:TrackPointExtension>
        </extensions>
      </trkpt>
      <trkpt lat="32.28157983161509037017822265625" lon="118.28067180700600147247314453125">
        <ele>113</ele>
        <time>2026-09-20T05:01:56.000Z</time>
        <extensions>
          <ns3:TrackPointExtension>
            <ns3:hr>107</ns3:hr>
            <ns3:cad>0</ns3:cad>
          </ns3:TrackPointExtension>
        </extensions>
      </trkpt>
      <trkpt lat="32.28156575001776218414306640625" lon="118.28067800961434841156005859375">
        <ele>113</ele>
        <time>2026-09-20T05:02:05.000Z</time>
        <extensions>
          <ns3:TrackPointExtension>
            <ns3:hr>105</ns3:hr>
            <ns3:cad>0</ns3:cad>
          </ns3:TrackPointExtension>
        </extensions>
      </trkpt>
      <trkpt lat="32.28158083744347095489501953125" lon="118.280683793127536773681640625">
        <ele>112.8000030517578125</ele>
        <time>2026-09-20T05:02:18.000Z</time>
        <extensions>
          <ns3:TrackPointExtension>
            <ns3:hr>102</ns3:hr>
            <ns3:cad>0</ns3:cad>
          </ns3:TrackPointExtension>
        </extensions>
      </trkpt>
      <trkpt lat="32.2815884649753570556640625" lon="118.2806772552430629730224609375">
        <ele>112.8000030517578125</ele>
        <time>2026-09-20T05:02:23.000Z</time>
        <extensions>
          <ns3:TrackPointExtension>
            <ns3:hr>100</ns3:hr>
            <ns3:cad>0</ns3:cad>
          </ns3:TrackPointExtension>
        </extensions>
      </trkpt>
      <trkpt lat="32.28159776888787746429443359375" lon="118.28067113645374774932861328125">
        <ele>112.8000030517578125</ele>
        <time>2026-09-20T05:02:33.000Z</time>
        <extensions>
          <ns3:TrackPointExtension>
            <ns3:hr>98</ns3:hr>
            <ns3:cad>0</ns3:cad>
          </ns3:TrackPointExtension>
        </extensions>
      </trkpt>
      <trkpt lat="32.28157949633896350860595703125" lon="118.280697204172611236572265625">
        <ele>113</ele>
        <time>2026-09-20T05:02:38.000Z</time>
        <extensions>
          <ns3:TrackPointExtension>
            <ns3:hr>95</ns3:hr>
            <ns3:cad>0</ns3:cad>
          </ns3:TrackPointExtension>
        </extensions>
      </trkpt>
      <trkpt lat="32.28157396428287029266357421875" lon="118.28070583753287792205810546875">
        <ele>113.1999969482421875</ele>
        <time>2026-09-20T05:02:41.000Z</time>
        <extensions>
          <ns3:TrackPointExtension>
            <ns3:hr>99</ns3:hr>
            <ns3:cad>0</ns3:cad>
          </ns3:TrackPointExtension>
        </extensions>
      </trkpt>
      <trkpt lat="32.28163884021341800689697265625" lon="118.2807355932891368865966796875">
        <ele>112.59999847412109375</ele>
        <time>2026-09-20T05:02:50.000Z</time>
        <extensions>
          <ns3:TrackPointExtension>
            <ns3:hr>100</ns3:hr>
            <ns3:cad>0</ns3:cad>
          </ns3:TrackPointExtension>
        </extensions>
      </trkpt>
      <trkpt lat="32.28163967840373516082763671875" lon="118.28084413893520832061767578125">
        <ele>112.40000152587890625</ele>
        <time>2026-09-20T05:02:57.000Z</time>
        <extensions>
          <ns3:TrackPointExtension>
            <ns3:hr>98</ns3:hr>
            <ns3:cad>0</ns3:cad>
          </ns3:TrackPointExtension>
        </extensions>
      </trkpt>
      <trkpt lat="32.28162710554897785186767578125" lon="118.28092376701533794403076171875">
        <ele>111.59999847412109375</ele>
        <time>2026-09-20T05:03:03.000Z</time>
        <extensions>
          <ns3:TrackPointExtension>
            <ns3:hr>98</ns3:hr>
            <ns3:cad>53</ns3:cad>
          </ns3:TrackPointExtension>
        </extensions>
      </trkpt>
      <trkpt lat="32.281620986759662628173828125" lon="118.28093650750815868377685546875">
        <ele>111.40000152587890625</ele>
        <time>2026-09-20T05:03:05.000Z</time>
        <extensions>
          <ns3:TrackPointExtension>
            <ns3:hr>99</ns3:hr>
            <ns3:cad>0</ns3:cad>
          </ns3:TrackPointExtension>
        </extensions>
      </trkpt>
      <trkpt lat="32.28161595761775970458984375" lon="118.28099886886775493621826171875">
        <ele>110.59999847412109375</ele>
        <time>2026-09-20T05:03:13.000Z</time>
        <extensions>
          <ns3:TrackPointExtension>
            <ns3:hr>100</ns3:hr>
            <ns3:cad>0</ns3:cad>
          </ns3:TrackPointExtension>
        </extensions>
      </trkpt>
      <trkpt lat="32.28161654435098171234130859375" lon="118.28100741840898990631103515625">
        <ele>110.59999847412109375</ele>
        <time>2026-09-20T05:03:14.000Z</time>
        <extensions>
          <ns3:TrackPointExtension>
            <ns3:hr>99</ns3:hr>
            <ns3:cad>0</ns3:cad>
          </ns3:TrackPointExtension>
        </extensions>
      </trkpt>
      <trkpt lat="32.281606234610080718994140625" lon="118.28109207563102245330810546875">
        <ele>110.59999847412109375</ele>
        <time>2026-09-20T05:03:22.000Z</time>
        <extensions>
          <ns3:TrackPointExtension>
            <ns3:hr>99</ns3:hr>
            <ns3:cad>0</ns3:cad>
          </ns3:TrackPointExtension>
        </extensions>
      </trkpt>
      <trkpt lat="32.2816340625286102294921875" lon="118.2811429537832736968994140625">
        <ele>110.59999847412109375</ele>
        <time>2026-09-20T05:03:28.000Z</time>
        <extensions>
          <ns3:TrackPointExtension>
            <ns3:hr>97</ns3:hr>
            <ns3:cad>0</ns3:cad>
          </ns3:TrackPointExtension>
        </extensions>
      </trkpt>
      <trkpt lat="32.281630374491214752197265625" lon="118.281183354556560516357421875">
        <ele>109.8000030517578125</ele>
        <time>2026-09-20T05:03:35.000Z</time>
        <extensions>
          <ns3:TrackPointExtension>
            <ns3:hr>96</ns3:hr>
            <ns3:cad>48</ns3:cad>
          </ns3:TrackPointExtension>
        </extensions>
      </trkpt>
      <trkpt lat="32.2816126048564910888671875" lon="118.28119668178260326385498046875">
        <ele>109.8000030517578125</ele>
        <time>2026-09-20T05:03:40.000Z</time>
        <extensions>
          <ns3:TrackPointExtension>
            <ns3:hr>95</ns3:hr>
            <ns3:cad>0</ns3:cad>
          </ns3:TrackPointExtension>
        </extensions>
      </trkpt>
      <trkpt lat="32.28158519603312015533447265625" lon="118.2812026329338550567626953125">
        <ele>109.59999847412109375</ele>
        <time>2026-09-20T05:03:44.000Z</time>
        <extensions>
          <ns3:TrackPointExtension>
            <ns3:hr>92</ns3:hr>
            <ns3:cad>48</ns3:cad>
          </ns3:TrackPointExtension>
        </extensions>
      </trkpt>
      <trkpt lat="32.281578741967678070068359375" lon="118.28120204620063304901123046875">
        <ele>109.40000152587890625</ele>
        <time>2026-09-20T05:03:45.000Z</time>
        <extensions>
          <ns3:TrackPointExtension>
            <ns3:hr>92</ns3:hr>
            <ns3:cad>48</ns3:cad>
          </ns3:TrackPointExtension>
        </extensions>
      </trkpt>
      <trkpt lat="32.28156390599906444549560546875" lon="118.28120539896190166473388671875">
        <ele>108.8000030517578125</ele>
        <time>2026-09-20T05:03:47.000Z</time>
        <extensions>
          <ns3:TrackPointExtension>
            <ns3:hr>91</ns3:hr>
            <ns3:cad>45</ns3:cad>
          </ns3:TrackPointExtension>
        </extensions>
      </trkpt>
      <trkpt lat="32.2815463878214359283447265625" lon="118.2812116853892803192138671875">
        <ele>108.1999969482421875</ele>
        <time>2026-09-20T05:03:49.000Z</time>
        <extensions>
          <ns3:TrackPointExtension>
            <ns3:hr>90</ns3:hr>
            <ns3:cad>47</ns3:cad>
          </ns3:TrackPointExtension>
        </extensions>
      </trkpt>
      <trkpt lat="32.281554602086544036865234375" lon="118.281241357326507568359375">
        <ele>107.59999847412109375</ele>
        <time>2026-09-20T05:03:53.000Z</time>
        <extensions>
          <ns3:TrackPointExtension>
            <ns3:hr>89</ns3:hr>
            <ns3:cad>48</ns3:cad>
          </ns3:TrackPointExtension>
        </extensions>
      </trkpt>
      <trkpt lat="32.28156625293195247650146484375" lon="118.28126239590346813201904296875">
        <ele>107.59999847412109375</ele>
        <time>2026-09-20T05:03:56.000Z</time>
        <extensions>
          <ns3:TrackPointExtension>
            <ns3:hr>89</ns3:hr>
            <ns3:cad>0</ns3:cad>
          </ns3:TrackPointExtension>
        </extensions>
      </trkpt>
      <trkpt lat="32.28156566619873046875" lon="118.28126423992216587066650390625">
        <ele>107.59999847412109375</ele>
        <time>2026-09-20T05:04:00.000Z</time>
        <extensions>
          <ns3:TrackPointExtension>
            <ns3:hr>87</ns3:hr>
            <ns3:cad>0</ns3:cad>
          </ns3:TrackPointExtension>
        </extensions>
      </trkpt>
      <trkpt lat="32.281555943191051483154296875" lon="118.281296007335186004638671875">
        <ele>107.59999847412109375</ele>
        <time>2026-09-20T05:04:09.000Z</time>
        <extensions>
          <ns3:TrackPointExtension>
            <ns3:hr>86</ns3:hr>
            <ns3:cad>0</ns3:cad>
          </ns3:TrackPointExtension>
        </extensions>
      </trkpt>
      <trkpt lat="32.2815470583736896514892578125" lon="118.2813312113285064697265625">
        <ele>107.40000152587890625</ele>
        <time>2026-09-20T05:04:14.000Z</time>
        <extensions>
          <ns3:TrackPointExtension>
            <ns3:hr>87</ns3:hr>
            <ns3:cad>0</ns3:cad>
          </ns3:TrackPointExtension>
        </extensions>
      </trkpt>
      <trkpt lat="32.28154093958437442779541015625" lon="118.2813451252877712249755859375">
        <ele>107.1999969482421875</ele>
        <time>2026-09-20T05:04:18.000Z</time>
        <extensions>
          <ns3:TrackPointExtension>
            <ns3:hr>89</ns3:hr>
            <ns3:cad>0</ns3:cad>
          </ns3:TrackPointExtension>
        </extensions>
      </trkpt>
      <trkpt lat="32.281529791653156280517578125" lon="118.2813769765198230743408203125">
        <ele>106.8000030517578125</ele>
        <time>2026-09-20T05:04:21.000Z</time>
        <extensions>
          <ns3:TrackPointExtension>
            <ns3:hr>89</ns3:hr>
            <ns3:cad>56</ns3:cad>
          </ns3:TrackPointExtension>
        </extensions>
      </trkpt>
      <trkpt lat="32.2815199010074138641357421875" lon="118.28140757046639919281005859375">
        <ele>106</ele>
        <time>2026-09-20T05:04:25.000Z</time>
        <extensions>
          <ns3:TrackPointExtension>
            <ns3:hr>89</ns3:hr>
            <ns3:cad>54</ns3:cad>
          </ns3:TrackPointExtension>
        </extensions>
      </trkpt>
      <trkpt lat="32.2815054841339588165283203125" lon="118.28143590129911899566650390625">
        <ele>105.1999969482421875</ele>
        <time>2026-09-20T05:04:30.000Z</time>
        <extensions>
          <ns3:TrackPointExtension>
            <ns3:hr>89</ns3:hr>
            <ns3:cad>54</ns3:cad>
          </ns3:TrackPointExtension>
        </extensions>
      </trkpt>
      <trkpt lat="32.281496264040470123291015625" lon="118.28145853243768215179443359375">
        <ele>104.8000030517578125</ele>
        <time>2026-09-20T05:04:32.000Z</time>
        <extensions>
          <ns3:TrackPointExtension>
            <ns3:hr>89</ns3:hr>
            <ns3:cad>56</ns3:cad>
          </ns3:TrackPointExtension>
        </extensions>
      </trkpt>
      <trkpt lat="32.281492240726947784423828125" lon="118.28149574808776378631591796875">
        <ele>104.1999969482421875</ele>
        <time>2026-09-20T05:04:36.000Z</time>
        <extensions>
          <ns3:TrackPointExtension>
            <ns3:hr>88</ns3:hr>
            <ns3:cad>52</ns3:cad>
          </ns3:TrackPointExtension>
        </extensions>
      </trkpt>
      <trkpt lat="32.28149265982210636138916015625" lon="118.2815198041498661041259765625">
        <ele>103.8000030517578125</ele>
        <time>2026-09-20T05:04:39.000Z</time>
        <extensions>
          <ns3:TrackPointExtension>
            <ns3:hr>88</ns3:hr>
            <ns3:cad>52</ns3:cad>
          </ns3:TrackPointExtension>
        </extensions>
      </trkpt>
      <trkpt lat="32.281486876308917999267578125" lon="118.2815781421959400177001953125">
        <ele>103.40000152587890625</ele>
        <time>2026-09-20T05:04:43.000Z</time>
        <extensions>
          <ns3:TrackPointExtension>
            <ns3:hr>87</ns3:hr>
            <ns3:cad>53</ns3:cad>
          </ns3:TrackPointExtension>
        </extensions>
      </trkpt>
      <trkpt lat="32.28148519992828369140625" lon="118.281640000641345977783203125">
        <ele>103</ele>
        <time>2026-09-20T05:04:49.000Z</time>
        <extensions>
          <ns3:TrackPointExtension>
            <ns3:hr>87</ns3:hr>
            <ns3:cad>54</ns3:cad>
          </ns3:TrackPointExtension>
        </extensions>
      </trkpt>
      <trkpt lat="32.2814722917973995208740234375" lon="118.28173379413783550262451171875">
        <ele>102.8000030517578125</ele>
        <time>2026-09-20T05:04:55.000Z</time>
        <extensions>
          <ns3:TrackPointExtension>
            <ns3:hr>86</ns3:hr>
            <ns3:cad>0</ns3:cad>
          </ns3:TrackPointExtension>
        </extensions>
      </trkpt>
      <trkpt lat="32.28146835230290889739990234375" lon="118.2817487977445125579833984375">
        <ele>102.8000030517578125</ele>
        <time>2026-09-20T05:04:57.000Z</time>
        <extensions>
          <ns3:TrackPointExtension>
            <ns3:hr>85</ns3:hr>
            <ns3:cad>53</ns3:cad>
          </ns3:TrackPointExtension>
        </extensions>
      </trkpt>
      <trkpt lat="32.2814624011516571044921875" lon="118.28179665841162204742431640625">
        <ele>102.59999847412109375</ele>
        <time>2026-09-20T05:05:01.000Z</time>
        <extensions>
          <ns3:TrackPointExtension>
            <ns3:hr>84</ns3:hr>
            <ns3:cad>54</ns3:cad>
          </ns3:TrackPointExtension>
        </extensions>
      </trkpt>
      <trkpt lat="32.281434573233127593994140625" lon="118.28188617713749408721923828125">
        <ele>102.40000152587890625</ele>
        <time>2026-09-20T05:05:08.000Z</time>
        <extensions>
          <ns3:TrackPointExtension>
            <ns3:hr>83</ns3:hr>
            <ns3:cad>54</ns3:cad>
          </ns3:TrackPointExtension>
        </extensions>
      </trkpt>
      <trkpt lat="32.2814028896391391754150390625" lon="118.281958512961864471435546875">
        <ele>102.1999969482421875</ele>
        <time>2026-09-20T05:05:14.000Z</time>
        <extensions>
          <ns3:TrackPointExtension>
            <ns3:hr>83</ns3:hr>
            <ns3:cad>53</ns3:cad>
          </ns3:TrackPointExtension>
        </extensions>
      </trkpt>
      <trkpt lat="32.2813953459262847900390625" lon="118.2819932140409946441650390625">
        <ele>102</ele>
        <time>2026-09-20T05:05:19.000Z</time>
        <extensions>
          <ns3:TrackPointExtension>
            <ns3:hr>82</ns3:hr>
            <ns3:cad>0</ns3:cad>
          </ns3:TrackPointExtension>
        </extensions>
      </trkpt>
      <trkpt lat="32.281395010650157928466796875" lon="118.2820015959441661834716796875">
        <ele>101.8000030517578125</ele>
        <time>2026-09-20T05:05:21.000Z</time>
        <extensions>
          <ns3:TrackPointExtension>
            <ns3:hr>82</ns3:hr>
            <ns3:cad>0</ns3:cad>
          </ns3:TrackPointExtension>
        </extensions>
      </trkpt>
      <trkpt lat="32.28139140643179416656494140625" lon="118.28200553543865680694580078125">
        <ele>102</ele>
        <time>2026-09-20T05:05:28.000Z</time>
        <extensions>
          <ns3:TrackPointExtension>
            <ns3:hr>84</ns3:hr>
            <ns3:cad>0</ns3:cad>
          </ns3:TrackPointExtension>
        </extensions>
      </trkpt>
      <trkpt lat="32.28137548081576824188232421875" lon="118.28206722624599933624267578125">
        <ele>101.8000030517578125</ele>
        <time>2026-09-20T05:05:36.000Z</time>
        <extensions>
          <ns3:TrackPointExtension>
            <ns3:hr>86</ns3:hr>
            <ns3:cad>50</ns3:cad>
          </ns3:TrackPointExtension>
        </extensions>
      </trkpt>
      <trkpt lat="32.28132820688188076019287109375" lon="118.2821233011782169342041015625">
        <ele>101</ele>
        <time>2026-09-20T05:05:43.000Z</time>
        <extensions>
          <ns3:TrackPointExtension>
            <ns3:hr>86</ns3:hr>
            <ns3:cad>53</ns3:cad>
          </ns3:TrackPointExtension>
        </extensions>
      </trkpt>
      <trkpt lat="32.281304486095905303955078125" lon="118.282168395817279815673828125">
        <ele>100.59999847412109375</ele>
        <time>2026-09-20T05:05:47.000Z</time>
        <extensions>
          <ns3:TrackPointExtension>
            <ns3:hr>86</ns3:hr>
            <ns3:cad>55</ns3:cad>
          </ns3:TrackPointExtension>
        </extensions>
      </trkpt>
      <trkpt lat="32.28129249997437000274658203125" lon="118.282198570668697357177734375">
        <ele>100.1999969482421875</ele>
        <time>2026-09-20T05:05:50.000Z</time>
        <extensions>
          <ns3:TrackPointExtension>
            <ns3:hr>86</ns3:hr>
            <ns3:cad>55</ns3:cad>
          </ns3:TrackPointExtension>
        </extensions>
      </trkpt>
      <trkpt lat="32.28126031346619129180908203125" lon="118.28225380741059780120849609375">
        <ele>99.8000030517578125</ele>
        <time>2026-09-20T05:05:56.000Z</time>
        <extensions>
          <ns3:TrackPointExtension>
            <ns3:hr>85</ns3:hr>
            <ns3:cad>54</ns3:cad>
          </ns3:TrackPointExtension>
        </extensions>
      </trkpt>
      <trkpt lat="32.281254194676876068115234375" lon="118.282277025282382965087890625">
        <ele>99.59999847412109375</ele>
        <time>2026-09-20T05:05:58.000Z</time>
        <extensions>
          <ns3:TrackPointExtension>
            <ns3:hr>85</ns3:hr>
            <ns3:cad>0</ns3:cad>
          </ns3:TrackPointExtension>
        </extensions>
      </trkpt>
      <trkpt lat="32.2812439687550067901611328125" lon="118.28231331892311573028564453125">
        <ele>98.40000152587890625</ele>
        <time>2026-09-20T05:06:03.000Z</time>
        <extensions>
          <ns3:TrackPointExtension>
            <ns3:hr>85</ns3:hr>
            <ns3:cad>0</ns3:cad>
          </ns3:TrackPointExtension>
        </extensions>
      </trkpt>
      <trkpt lat="32.28124438785016536712646484375" lon="118.28232019208371639251708984375">
        <ele>98.1999969482421875</ele>
        <time>2026-09-20T05:06:04.000Z</time>
        <extensions>
          <ns3:TrackPointExtension>
            <ns3:hr>85</ns3:hr>
            <ns3:cad>55</ns3:cad>
          </ns3:TrackPointExtension>
        </extensions>
      </trkpt>
      <trkpt lat="32.2812432982027530670166015625" lon="118.28240501694381237030029296875">
        <ele>97.40000152587890625</ele>
        <time>2026-09-20T05:06:11.000Z</time>
        <extensions>
          <ns3:TrackPointExtension>
            <ns3:hr>85</ns3:hr>
            <ns3:cad>53</ns3:cad>
          </ns3:TrackPointExtension>
        </extensions>
      </trkpt>
      <trkpt lat="32.28124237619340419769287109375" lon="118.2824156619608402252197265625">
        <ele>97.1999969482421875</ele>
        <time>2026-09-20T05:06:12.000Z</time>
        <extensions>
          <ns3:TrackPointExtension>
            <ns3:hr>85</ns3:hr>
            <ns3:cad>53</ns3:cad>
          </ns3:TrackPointExtension>
        </extensions>
      </trkpt>
      <trkpt lat="32.28124874643981456756591796875" lon="118.2824944518506526947021484375">
        <ele>96.40000152587890625</ele>
        <time>2026-09-20T05:06:19.000Z</time>
        <extensions>
          <ns3:TrackPointExtension>
            <ns3:hr>82</ns3:hr>
            <ns3:cad>53</ns3:cad>
          </ns3:TrackPointExtension>
        </extensions>
      </trkpt>
      <trkpt lat="32.281252183020114898681640625" lon="118.28250534832477569580078125">
        <ele>96.1999969482421875</ele>
        <time>2026-09-20T05:06:20.000Z</time>
        <extensions>
          <ns3:TrackPointExtension>
            <ns3:hr>82</ns3:hr>
            <ns3:cad>53</ns3:cad>
          </ns3:TrackPointExtension>
        </extensions>
      </trkpt>
      <trkpt lat="32.28124321438372135162353515625" lon="118.282543234527111053466796875">
        <ele>96</ele>
        <time>2026-09-20T05:06:24.000Z</time>
        <extensions>
          <ns3:TrackPointExtension>
            <ns3:hr>81</ns3:hr>
            <ns3:cad>55</ns3:cad>
          </ns3:TrackPointExtension>
        </extensions>
      </trkpt>
      <trkpt lat="32.28122435510158538818359375" lon="118.28257868997752666473388671875">
        <ele>96</ele>
        <time>2026-09-20T05:06:27.000Z</time>
        <extensions>
          <ns3:TrackPointExtension>
            <ns3:hr>81</ns3:hr>
            <ns3:cad>0</ns3:cad>
          </ns3:TrackPointExtension>
        </extensions>
      </trkpt>
      <trkpt lat="32.28118554688990116119384765625" lon="118.28262831084430217742919921875">
        <ele>95.59999847412109375</ele>
        <time>2026-09-20T05:06:33.000Z</time>
        <extensions>
          <ns3:TrackPointExtension>
            <ns3:hr>81</ns3:hr>
            <ns3:cad>53</ns3:cad>
          </ns3:TrackPointExtension>
        </extensions>
      </trkpt>
      <trkpt lat="32.281171046197414398193359375" lon="118.2826570607721805572509765625">
        <ele>95.1999969482421875</ele>
        <time>2026-09-20T05:06:36.000Z</time>
        <extensions>
          <ns3:TrackPointExtension>
            <ns3:hr>82</ns3:hr>
            <ns3:cad>53</ns3:cad>
          </ns3:TrackPointExtension>
        </extensions>
      </trkpt>
      <trkpt lat="32.281146235764026641845703125" lon="118.28269436024129390716552734375">
        <ele>94.8000030517578125</ele>
        <time>2026-09-20T05:06:40.000Z</time>
        <extensions>
          <ns3:TrackPointExtension>
            <ns3:hr>82</ns3:hr>
            <ns3:cad>52</ns3:cad>
          </ns3:TrackPointExtension>
        </extensions>
      </trkpt>
      <trkpt lat="32.2811242751777172088623046875" lon="118.282712884247303009033203125">
        <ele>94.1999969482421875</ele>
        <time>2026-09-20T05:06:43.000Z</time>
        <extensions>
          <ns3:TrackPointExtension>
            <ns3:hr>84</ns3:hr>
            <ns3:cad>56</ns3:cad>
          </ns3:TrackPointExtension>
        </extensions>
      </trkpt>
      <trkpt lat="32.28111128322780132293701171875" lon="118.28272989951074123382568359375">
        <ele>93.8000030517578125</ele>
        <time>2026-09-20T05:06:45.000Z</time>
        <extensions>
          <ns3:TrackPointExtension>
            <ns3:hr>86</ns3:hr>
            <ns3:cad>56</ns3:cad>
          </ns3:TrackPointExtension>
        </extensions>
      </trkpt>
      <trkpt lat="32.28106719441711902618408203125" lon="118.2827710546553134918212890625">
        <ele>93.1999969482421875</ele>
        <time>2026-09-20T05:06:51.000Z</time>
        <extensions>
          <ns3:TrackPointExtension>
            <ns3:hr>87</ns3:hr>
            <ns3:cad>53</ns3:cad>
          </ns3:TrackPointExtension>
        </extensions>
      </trkpt>
      <trkpt lat="32.2810520231723785400390625" lon="118.28279293142259120941162109375">
        <ele>93.1999969482421875</ele>
        <time>2026-09-20T05:06:53.000Z</time>
        <extensions>
          <ns3:TrackPointExtension>
            <ns3:hr>88</ns3:hr>
            <ns3:cad>55</ns3:cad>
          </ns3:TrackPointExtension>
        </extensions>
      </trkpt>
      <trkpt lat="32.28102226741611957550048828125" lon="118.282829225063323974609375">
        <ele>92.8000030517578125</ele>
        <time>2026-09-20T05:06:57.000Z</time>
        <extensions>
          <ns3:TrackPointExtension>
            <ns3:hr>87</ns3:hr>
            <ns3:cad>54</ns3:cad>
          </ns3:TrackPointExtension>
        </extensions>
      </trkpt>
      <trkpt lat="32.28096309117972850799560546875" lon="118.28290105797350406646728515625">
        <ele>92</ele>
        <time>2026-09-20T05:07:05.000Z</time>
        <extensions>
          <ns3:TrackPointExtension>
            <ns3:hr>86</ns3:hr>
            <ns3:cad>53</ns3:cad>
          </ns3:TrackPointExtension>
        </extensions>
      </trkpt>
      <trkpt lat="32.28092587552964687347412109375" lon="118.28293927945196628570556640625">
        <ele>91.40000152587890625</ele>
        <time>2026-09-20T05:07:11.000Z</time>
        <extensions>
          <ns3:TrackPointExtension>
            <ns3:hr>86</ns3:hr>
            <ns3:cad>54</ns3:cad>
          </ns3:TrackPointExtension>
        </extensions>
      </trkpt>
      <trkpt lat="32.28091883473098278045654296875" lon="118.28295595943927764892578125">
        <ele>91</ele>
        <time>2026-09-20T05:07:13.000Z</time>
        <extensions>
          <ns3:TrackPointExtension>
            <ns3:hr>85</ns3:hr>
            <ns3:cad>54</ns3:cad>
          </ns3:TrackPointExtension>
        </extensions>
      </trkpt>
      <trkpt lat="32.2809039987623691558837890625" lon="118.283008597791194915771484375">
        <ele>90.8000030517578125</ele>
        <time>2026-09-20T05:07:17.000Z</time>
        <extensions>
          <ns3:TrackPointExtension>
            <ns3:hr>85</ns3:hr>
            <ns3:cad>0</ns3:cad>
          </ns3:TrackPointExtension>
        </extensions>
      </trkpt>
      <trkpt lat="32.28088103234767913818359375" lon="118.28309300355613231658935546875">
        <ele>90.40000152587890625</ele>
        <time>2026-09-20T05:07:24.000Z</time>
        <extensions>
          <ns3:TrackPointExtension>
            <ns3:hr>84</ns3:hr>
            <ns3:cad>55</ns3:cad>
          </ns3:TrackPointExtension>
        </extensions>
      </trkpt>
      <trkpt lat="32.28084591217339038848876953125" lon="118.28315653838217258453369140625">
        <ele>90.1999969482421875</ele>
        <time>2026-09-20T05:07:30.000Z</time>
        <extensions>
          <ns3:TrackPointExtension>
            <ns3:hr>85</ns3:hr>
            <ns3:cad>53</ns3:cad>
          </ns3:TrackPointExtension>
        </extensions>
      </trkpt>
      <trkpt lat="32.28078589774668216705322265625" lon="118.283231891691684722900390625">
        <ele>90</ele>
        <time>2026-09-20T05:07:37.000Z</time>
        <extensions>
          <ns3:TrackPointExtension>
            <ns3:hr>85</ns3:hr>
            <ns3:cad>53</ns3:cad>
          </ns3:TrackPointExtension>
        </extensions>
      </trkpt>
      <trkpt lat="32.280715405941009521484375" lon="118.28329115174710750579833984375">
        <ele>89.1999969482421875</ele>
        <time>2026-09-20T05:07:45.000Z</time>
        <extensions>
          <ns3:TrackPointExtension>
            <ns3:hr>84</ns3:hr>
            <ns3:cad>54</ns3:cad>
          </ns3:TrackPointExtension>
        </extensions>
      </trkpt>
      <trkpt lat="32.28068925440311431884765625" lon="118.28331881202757358551025390625">
        <ele>89</ele>
        <time>2026-09-20T05:07:48.000Z</time>
        <extensions>
          <ns3:TrackPointExtension>
            <ns3:hr>85</ns3:hr>
            <ns3:cad>55</ns3:cad>
          </ns3:TrackPointExtension>
        </extensions>
      </trkpt>
      <trkpt lat="32.28063200600445270538330078125" lon="118.28336524777114391326904296875">
        <ele>88.40000152587890625</ele>
        <time>2026-09-20T05:07:54.000Z</time>
        <extensions>
          <ns3:TrackPointExtension>
            <ns3:hr>86</ns3:hr>
            <ns3:cad>55</ns3:cad>
          </ns3:TrackPointExtension>
        </extensions>
      </trkpt>
      <trkpt lat="32.2805774398148059844970703125" lon="118.283420987427234649658203125">
        <ele>88</ele>
        <time>2026-09-20T05:08:01.000Z</time>
        <extensions>
          <ns3:TrackPointExtension>
            <ns3:hr>85</ns3:hr>
            <ns3:cad>0</ns3:cad>
          </ns3:TrackPointExtension>
        </extensions>
      </trkpt>
      <trkpt lat="32.28057048283517360687255859375" lon="118.28342492692172527313232421875">
        <ele>87.8000030517578125</ele>
        <time>2026-09-20T05:08:02.000Z</time>
        <extensions>
          <ns3:TrackPointExtension>
            <ns3:hr>85</ns3:hr>
            <ns3:cad>0</ns3:cad>
          </ns3:TrackPointExtension>
        </extensions>
      </trkpt>
      <trkpt lat="32.28052622638642787933349609375" lon="118.28348024748265743255615234375">
        <ele>87.59999847412109375</ele>
        <time>2026-09-20T05:08:08.000Z</time>
        <extensions>
          <ns3:TrackPointExtension>
            <ns3:hr>85</ns3:hr>
            <ns3:cad>53</ns3:cad>
          </ns3:TrackPointExtension>
        </extensions>
      </trkpt>
      <trkpt lat="32.28049605153501033782958984375" lon="118.283506147563457489013671875">
        <ele>87.40000152587890625</ele>
        <time>2026-09-20T05:08:14.000Z</time>
        <extensions>
          <ns3:TrackPointExtension>
            <ns3:hr>83</ns3:hr>
            <ns3:cad>52</ns3:cad>
          </ns3:TrackPointExtension>
        </extensions>
      </trkpt>
      <trkpt lat="32.28044978342950344085693359375" lon="118.28357261605560779571533203125">
        <ele>87.40000152587890625</ele>
        <time>2026-09-20T05:08:20.000Z</time>
        <extensions>
          <ns3:TrackPointExtension>
            <ns3:hr>81</ns3:hr>
            <ns3:cad>0</ns3:cad>
          </ns3:TrackPointExtension>
        </extensions>
      </trkpt>
      <trkpt lat="32.280418016016483306884765625" lon="118.2836434431374073028564453125">
        <ele>87.8000030517578125</ele>
        <time>2026-09-20T05:08:26.000Z</time>
        <extensions>
          <ns3:TrackPointExtension>
            <ns3:hr>80</ns3:hr>
            <ns3:cad>48</ns3:cad>
          </ns3:TrackPointExtension>
        </extensions>
      </trkpt>
      <trkpt lat="32.28038390167057514190673828125" lon="118.2837001048028469085693359375">
        <ele>88.1999969482421875</ele>
        <time>2026-09-20T05:08:32.000Z</time>
        <extensions>
          <ns3:TrackPointExtension>
            <ns3:hr>81</ns3:hr>
            <ns3:cad>49</ns3:cad>
          </ns3:TrackPointExtension>
        </extensions>
      </trkpt>
      <trkpt lat="32.280355654656887054443359375" lon="118.28374980948865413665771484375">
        <ele>88.40000152587890625</ele>
        <time>2026-09-20T05:08:38.000Z</time>
        <extensions>
          <ns3:TrackPointExtension>
            <ns3:hr>82</ns3:hr>
            <ns3:cad>50</ns3:cad>
          </ns3:TrackPointExtension>
        </extensions>
      </trkpt>
      <trkpt lat="32.28033796884119510650634765625" lon="118.2838256657123565673828125">
        <ele>88.1999969482421875</ele>
        <time>2026-09-20T05:08:45.000Z</time>
        <extensions>
          <ns3:TrackPointExtension>
            <ns3:hr>83</ns3:hr>
            <ns3:cad>52</ns3:cad>
          </ns3:TrackPointExtension>
        </extensions>
      </trkpt>
      <trkpt lat="32.2803172655403614044189453125" lon="118.28388492576777935028076171875">
        <ele>88.1999969482421875</ele>
        <time>2026-09-20T05:08:52.000Z</time>
        <extensions>
          <ns3:TrackPointExtension>
            <ns3:hr>82</ns3:hr>
            <ns3:cad>0</ns3:cad>
          </ns3:TrackPointExtension>
        </extensions>
      </trkpt>
      <trkpt lat="32.2802777029573917388916015625" lon="118.28394460491836071014404296875">
        <ele>88</ele>
        <time>2026-09-20T05:09:00.000Z</time>
        <extensions>
          <ns3:TrackPointExtension>
            <ns3:hr>82</ns3:hr>
            <ns3:cad>0</ns3:cad>
          </ns3:TrackPointExtension>
        </extensions>
      </trkpt>
      <trkpt lat="32.28024006821215152740478515625" lon="118.28396120108664035797119140625">
        <ele>86.8000030517578125</ele>
        <time>2026-09-20T05:09:05.000Z</time>
        <extensions>
          <ns3:TrackPointExtension>
            <ns3:hr>82</ns3:hr>
            <ns3:cad>48</ns3:cad>
          </ns3:TrackPointExtension>
        </extensions>
      </trkpt>
      <trkpt lat="32.2802166827023029327392578125" lon="118.28396539203822612762451171875">
        <ele>86.1999969482421875</ele>
        <time>2026-09-20T05:09:09.000Z</time>
        <extensions>
          <ns3:TrackPointExtension>
            <ns3:hr>83</ns3:hr>
            <ns3:cad>48</ns3:cad>
          </ns3:TrackPointExtension>
        </extensions>
      </trkpt>
      <trkpt lat="32.2801684029400348663330078125" lon="118.28394141979515552520751953125">
        <ele>86.1999969482421875</ele>
        <time>2026-09-20T05:09:16.000Z</time>
        <extensions>
          <ns3:TrackPointExtension>
            <ns3:hr>84</ns3:hr>
            <ns3:cad>0</ns3:cad>
          </ns3:TrackPointExtension>
        </extensions>
      </trkpt>
      <trkpt lat="32.28014049120247364044189453125" lon="118.28389096073806285858154296875">
        <ele>86.1999969482421875</ele>
        <time>2026-09-20T05:09:22.000Z</time>
        <extensions>
          <ns3:TrackPointExtension>
            <ns3:hr>87</ns3:hr>
            <ns3:cad>0</ns3:cad>
          </ns3:TrackPointExtension>
        </extensions>
      </trkpt>
      <trkpt lat="32.28014401160180568695068359375" lon="118.2838865183293819427490234375">
        <ele>86.8000030517578125</ele>
        <time>2026-09-20T05:09:28.000Z</time>
        <extensions>
          <ns3:TrackPointExtension>
            <ns3:hr>88</ns3:hr>
            <ns3:cad>0</ns3:cad>
          </ns3:TrackPointExtension>
        </extensions>
      </trkpt>
      <trkpt lat="32.280122302472591400146484375" lon="118.28389548696577548980712890625">
        <ele>86.40000152587890625</ele>
        <time>2026-09-20T05:09:34.000Z</time>
        <extensions>
          <ns3:TrackPointExtension>
            <ns3:hr>90</ns3:hr>
            <ns3:cad>0</ns3:cad>
          </ns3:TrackPointExtension>
        </extensions>
      </trkpt>
      <trkpt lat="32.280112914741039276123046875" lon="118.28388668596744537353515625">
        <ele>86.40000152587890625</ele>
        <time>2026-09-20T05:09:44.000Z</time>
        <extensions>
          <ns3:TrackPointExtension>
            <ns3:hr>91</ns3:hr>
            <ns3:cad>0</ns3:cad>
          </ns3:TrackPointExtension>
        </extensions>
      </trkpt>
      <trkpt lat="32.28008919395506381988525390625" lon="118.28386296518146991729736328125">
        <ele>85.8000030517578125</ele>
        <time>2026-09-20T05:09:48.000Z</time>
        <extensions>
          <ns3:TrackPointExtension>
            <ns3:hr>90</ns3:hr>
            <ns3:cad>0</ns3:cad>
          </ns3:TrackPointExtension>
        </extensions>
      </trkpt>
      <trkpt lat="32.2800735197961330413818359375" lon="118.2838643901050090789794921875">
        <ele>85.59999847412109375</ele>
        <time>2026-09-20T05:09:50.000Z</time>
        <extensions>
          <ns3:TrackPointExtension>
            <ns3:hr>91</ns3:hr>
            <ns3:cad>0</ns3:cad>
          </ns3:TrackPointExtension>
        </extensions>
      </trkpt>
      <trkpt lat="32.2800101526081562042236328125" lon="118.283824659883975982666015625">
        <ele>85.59999847412109375</ele>
        <time>2026-09-20T05:09:57.000Z</time>
        <extensions>
          <ns3:TrackPointExtension>
            <ns3:hr>90</ns3:hr>
            <ns3:cad>0</ns3:cad>
          </ns3:TrackPointExtension>
        </extensions>
      </trkpt>
      <trkpt lat="32.279960028827190399169921875" lon="118.28379909507930278778076171875">
        <ele>85.40000152587890625</ele>
        <time>2026-09-20T05:10:04.000Z</time>
        <extensions>
          <ns3:TrackPointExtension>
            <ns3:hr>90</ns3:hr>
            <ns3:cad>51</ns3:cad>
          </ns3:TrackPointExtension>
        </extensions>
      </trkpt>
      <trkpt lat="32.27989406324923038482666015625" lon="118.28375098295509815216064453125">
        <ele>85.59999847412109375</ele>
        <time>2026-09-20T05:10:12.000Z</time>
        <extensions>
          <ns3:TrackPointExtension>
            <ns3:hr>90</ns3:hr>
            <ns3:cad>52</ns3:cad>
          </ns3:TrackPointExtension>
        </extensions>
      </trkpt>
      <trkpt lat="32.27985634468495845794677734375" lon="118.2837331295013427734375">
        <ele>85.59999847412109375</ele>
        <time>2026-09-20T05:10:19.000Z</time>
        <extensions>
          <ns3:TrackPointExtension>
            <ns3:hr>88</ns3:hr>
            <ns3:cad>0</ns3:cad>
          </ns3:TrackPointExtension>
        </extensions>
      </trkpt>
      <trkpt lat="32.279830276966094970703125" lon="118.28371812589466571807861328125">
        <ele>85.8000030517578125</ele>
        <time>2026-09-20T05:10:29.000Z</time>
        <extensions>
          <ns3:TrackPointExtension>
            <ns3:hr>86</ns3:hr>
            <ns3:cad>0</ns3:cad>
          </ns3:TrackPointExtension>
        </extensions>
      </trkpt>
      <trkpt lat="32.27980471216142177581787109375" lon="118.2837433554232120513916015625">
        <ele>85.40000152587890625</ele>
        <time>2026-09-20T05:10:36.000Z</time>
        <extensions>
          <ns3:TrackPointExtension>
            <ns3:hr>87</ns3:hr>
            <ns3:cad>0</ns3:cad>
          </ns3:TrackPointExtension>
        </extensions>
      </trkpt>
      <trkpt lat="32.279805801808834075927734375" lon="118.283734805881977081298828125">
        <ele>85.40000152587890625</ele>
        <time>2026-09-20T05:10:39.000Z</time>
        <extensions>
          <ns3:TrackPointExtension>
            <ns3:hr>90</ns3:hr>
            <ns3:cad>0</ns3:cad>
          </ns3:TrackPointExtension>
        </extensions>
      </trkpt>
      <trkpt lat="32.27981644682586193084716796875" lon="118.28371510840952396392822265625">
        <ele>85.40000152587890625</ele>
        <time>2026-09-20T05:10:45.000Z</time>
        <extensions>
          <ns3:TrackPointExtension>
            <ns3:hr>89</ns3:hr>
            <ns3:cad>0</ns3:cad>
          </ns3:TrackPointExtension>
        </extensions>
      </trkpt>
      <trkpt lat="32.2798369824886322021484375" lon="118.2837183773517608642578125">
        <ele>85</ele>
        <time>2026-09-20T05:10:52.000Z</time>
        <extensions>
          <ns3:TrackPointExtension>
            <ns3:hr>87</ns3:hr>
            <ns3:cad>0</ns3:cad>
          </ns3:TrackPointExtension>
        </extensions>
      </trkpt>
      <trkpt lat="32.27986640296876430511474609375" lon="118.28371544368565082550048828125">
        <ele>85</ele>
        <time>2026-09-20T05:10:56.000Z</time>
        <extensions>
          <ns3:TrackPointExtension>
            <ns3:hr>86</ns3:hr>
            <ns3:cad>0</ns3:cad>
          </ns3:TrackPointExtension>
        </extensions>
      </trkpt>
      <trkpt lat="32.27987344376742839813232421875" lon="118.2837275974452495574951171875">
        <ele>84.8000030517578125</ele>
        <time>2026-09-20T05:11:04.000Z</time>
        <extensions>
          <ns3:TrackPointExtension>
            <ns3:hr>86</ns3:hr>
            <ns3:cad>0</ns3:cad>
          </ns3:TrackPointExtension>
        </extensions>
      </trkpt>
      <trkpt lat="32.2798736952245235443115234375" lon="118.283729441463947296142578125">
        <ele>84.8000030517578125</ele>
        <time>2026-09-20T05:11:05.000Z</time>
        <extensions>
          <ns3:TrackPointExtension>
            <ns3:hr>87</ns3:hr>
            <ns3:cad>0</ns3:cad>
          </ns3:TrackPointExtension>
        </extensions>
      </trkpt>
      <trkpt lat="32.27987562306225299835205078125" lon="118.28373849391937255859375">
        <ele>84.40000152587890625</ele>
        <time>2026-09-20T05:11:16.000Z</time>
        <extensions>
          <ns3:TrackPointExtension>
            <ns3:hr>87</ns3:hr>
            <ns3:cad>0</ns3:cad>
          </ns3:TrackPointExtension>
        </extensions>
      </trkpt>
      <trkpt lat="32.27988400496542453765869140625" lon="118.2837229035794734954833984375">
        <ele>84.1999969482421875</ele>
        <time>2026-09-20T05:11:25.000Z</time>
        <extensions>
          <ns3:TrackPointExtension>
            <ns3:hr>86</ns3:hr>
            <ns3:cad>0</ns3:cad>
          </ns3:TrackPointExtension>
        </extensions>
      </trkpt>
      <trkpt lat="32.2798864357173442840576171875" lon="118.28370605595409870147705078125">
        <ele>84.1999969482421875</ele>
        <time>2026-09-20T05:11:33.000Z</time>
        <extensions>
          <ns3:TrackPointExtension>
            <ns3:hr>86</ns3:hr>
            <ns3:cad>0</ns3:cad>
          </ns3:TrackPointExtension>
        </extensions>
      </trkpt>
      <trkpt lat="32.279889620840549468994140625" lon="118.28370018862187862396240234375">
        <ele>84.1999969482421875</ele>
        <time>2026-09-20T05:11:37.000Z</time>
        <extensions>
          <ns3:TrackPointExtension>
            <ns3:hr>82</ns3:hr>
            <ns3:cad>0</ns3:cad>
          </ns3:TrackPointExtension>
        </extensions>
      </trkpt>
      <trkpt lat="32.27988651953637599945068359375" lon="118.28370052389800548553466796875">
        <ele>84.1999969482421875</ele>
        <time>2026-09-20T05:11:38.000Z</time>
        <extensions>
          <ns3:TrackPointExtension>
            <ns3:hr>78</ns3:hr>
            <ns3:cad>0</ns3:cad>
          </ns3:TrackPointExtension>
        </extensions>
      </trkpt>
      <trkpt lat="32.27988182567059993743896484375" lon="118.2837034575641155242919921875">
        <ele>84.1999969482421875</ele>
        <time>2026-09-20T05:11:39.000Z</time>
        <extensions>
          <ns3:TrackPointExtension>
            <ns3:hr>78</ns3:hr>
            <ns3:cad>0</ns3:cad>
          </ns3:TrackPointExtension>
        </extensions>
      </trkpt>
      <trkpt lat="32.27987520396709442138671875" lon="118.28371292911469936370849609375">
        <ele>84.1999969482421875</ele>
        <time>2026-09-20T05:11:41.000Z</time>
        <extensions>
          <ns3:TrackPointExtension>
            <ns3:hr>79</ns3:hr>
            <ns3:cad>0</ns3:cad>
          </ns3:TrackPointExtension>
        </extensions>
      </trkpt>
      <trkpt lat="32.279860787093639373779296875" lon="118.2837182097136974334716796875">
        <ele>84</ele>
        <time>2026-09-20T05:11:50.000Z</time>
        <extensions>
          <ns3:TrackPointExtension>
            <ns3:hr>78</ns3:hr>
            <ns3:cad>0</ns3:cad>
          </ns3:TrackPointExtension>
        </extensions>
      </trkpt>
      <trkpt lat="32.2798505611717700958251953125" lon="118.2837336324155330657958984375">
        <ele>84</ele>
        <time>2026-09-20T05:11:57.000Z</time>
        <extensions>
          <ns3:TrackPointExtension>
            <ns3:hr>78</ns3:hr>
            <ns3:cad>0</ns3:cad>
          </ns3:TrackPointExtension>
        </extensions>
      </trkpt>
      <trkpt lat="32.27985885925590991973876953125" lon="118.2837286032736301422119140625">
        <ele>84</ele>
        <time>2026-09-20T05:12:03.000Z</time>
        <extensions>
          <ns3:TrackPointExtension>
            <ns3:hr>75</ns3:hr>
            <ns3:cad>0</ns3:cad>
          </ns3:TrackPointExtension>
        </extensions>
      </trkpt>
      <trkpt lat="32.27986690588295459747314453125" lon="118.2837259210646152496337890625">
        <ele>83.8000030517578125</ele>
        <time>2026-09-20T05:12:06.000Z</time>
        <extensions>
          <ns3:TrackPointExtension>
            <ns3:hr>72</ns3:hr>
            <ns3:cad>0</ns3:cad>
          </ns3:TrackPointExtension>
        </extensions>
      </trkpt>
      <trkpt lat="32.27988350205123424530029296875" lon="118.2837218977510929107666015625">
        <ele>83.8000030517578125</ele>
        <time>2026-09-20T05:12:10.000Z</time>
        <extensions>
          <ns3:TrackPointExtension>
            <ns3:hr>72</ns3:hr>
            <ns3:cad>0</ns3:cad>
          </ns3:TrackPointExtension>
        </extensions>
      </trkpt>
      <trkpt lat="32.27988752536475658416748046875" lon="118.28372164629399776458740234375">
        <ele>83.8000030517578125</ele>
        <time>2026-09-20T05:12:18.000Z</time>
        <extensions>
          <ns3:TrackPointExtension>
            <ns3:hr>74</ns3:hr>
            <ns3:cad>0</ns3:cad>
          </ns3:TrackPointExtension>
        </extensions>
      </trkpt>
      <trkpt lat="32.2798827476799488067626953125" lon="118.28372248448431491851806640625">
        <ele>83.59999847412109375</ele>
        <time>2026-09-20T05:12:23.000Z</time>
        <extensions>
          <ns3:TrackPointExtension>
            <ns3:hr>71</ns3:hr>
            <ns3:cad>0</ns3:cad>
          </ns3:TrackPointExtension>
        </extensions>
      </trkpt>
      <trkpt lat="32.279879562556743621826171875" lon="118.28372801654040813446044921875">
        <ele>83.59999847412109375</ele>
        <time>2026-09-20T05:12:27.000Z</time>
        <extensions>
          <ns3:TrackPointExtension>
            <ns3:hr>70</ns3:hr>
            <ns3:cad>0</ns3:cad>
          </ns3:TrackPointExtension>
        </extensions>
      </trkpt>
      <trkpt lat="32.2798686660826206207275390625" lon="118.28374343924224376678466796875">
        <ele>83.59999847412109375</ele>
        <time>2026-09-20T05:12:36.000Z</time>
        <extensions>
          <ns3:TrackPointExtension>
            <ns3:hr>70</ns3:hr>
            <ns3:cad>0</ns3:cad>
          </ns3:TrackPointExtension>
        </extensions>
      </trkpt>
      <trkpt lat="32.27986137382686138153076171875" lon="118.283716030418872833251953125">
        <ele>83.8000030517578125</ele>
        <time>2026-09-20T05:12:47.000Z</time>
        <extensions>
          <ns3:TrackPointExtension>
            <ns3:hr>68</ns3:hr>
            <ns3:cad>0</ns3:cad>
          </ns3:TrackPointExtension>
        </extensions>
      </trkpt>
      <trkpt lat="32.27987042628228664398193359375" lon="118.28372701071202754974365234375">
        <ele>83.59999847412109375</ele>
        <time>2026-09-20T05:12:54.000Z</time>
        <extensions>
          <ns3:TrackPointExtension>
            <ns3:hr>67</ns3:hr>
            <ns3:cad>0</ns3:cad>
          </ns3:TrackPointExtension>
        </extensions>
      </trkpt>
      <trkpt lat="32.2798726893961429595947265625" lon="118.28373824246227741241455078125">
        <ele>83.8000030517578125</ele>
        <time>2026-09-20T05:13:03.000Z</time>
        <extensions>
          <ns3:TrackPointExtension>
            <ns3:hr>67</ns3:hr>
            <ns3:cad>0</ns3:cad>
          </ns3:TrackPointExtension>
        </extensions>
      </trkpt>
      <trkpt lat="32.2798747010529041290283203125" lon="118.2837299443781375885009765625">
        <ele>83.40000152587890625</ele>
        <time>2026-09-20T05:13:13.000Z</time>
        <extensions>
          <ns3:TrackPointExtension>
            <ns3:hr>69</ns3:hr>
            <ns3:cad>0</ns3:cad>
          </ns3:TrackPointExtension>
        </extensions>
      </trkpt>
      <trkpt lat="32.2798797301948070526123046875" lon="118.28372935764491558074951171875">
        <ele>83.1999969482421875</ele>
        <time>2026-09-20T05:13:21.000Z</time>
        <extensions>
          <ns3:TrackPointExtension>
            <ns3:hr>69</ns3:hr>
            <ns3:cad>0</ns3:cad>
          </ns3:TrackPointExtension>
        </extensions>
      </trkpt>
      <trkpt lat="32.279872186481952667236328125" lon="118.28372667543590068817138671875">
        <ele>83</ele>
        <time>2026-09-20T05:13:29.000Z</time>
        <extensions>
          <ns3:TrackPointExtension>
            <ns3:hr>70</ns3:hr>
            <ns3:cad>0</ns3:cad>
          </ns3:TrackPointExtension>
        </extensions>
      </trkpt>
      <trkpt lat="32.27985751815140247344970703125" lon="118.28373254276812076568603515625">
        <ele>83</ele>
        <time>2026-09-20T05:13:39.000Z</time>
        <extensions>
          <ns3:TrackPointExtension>
            <ns3:hr>72</ns3:hr>
            <ns3:cad>0</ns3:cad>
          </ns3:TrackPointExtension>
        </extensions>
      </trkpt>
      <trkpt lat="32.2798612900078296661376953125" lon="118.28373111784458160400390625">
        <ele>83</ele>
        <time>2026-09-20T05:13:42.000Z</time>
        <extensions>
          <ns3:TrackPointExtension>
            <ns3:hr>75</ns3:hr>
            <ns3:cad>0</ns3:cad>
          </ns3:TrackPointExtension>
        </extensions>
      </trkpt>
      <trkpt lat="32.2798629663884639739990234375" lon="118.28372986055910587310791015625">
        <ele>83</ele>
        <time>2026-09-20T05:13:45.000Z</time>
        <extensions>
          <ns3:TrackPointExtension>
            <ns3:hr>78</ns3:hr>
            <ns3:cad>0</ns3:cad>
          </ns3:TrackPointExtension>
        </extensions>
      </trkpt>
      <trkpt lat="32.27986388839781284332275390625" lon="118.283729441463947296142578125">
        <ele>82.8000030517578125</ele>
        <time>2026-09-20T05:13:48.000Z</time>
        <extensions>
          <ns3:TrackPointExtension>
            <ns3:hr>79</ns3:hr>
            <ns3:cad>0</ns3:cad>
          </ns3:TrackPointExtension>
        </extensions>
      </trkpt>
      <trkpt lat="32.279859445989131927490234375" lon="118.28373287804424762725830078125">
        <ele>82.8000030517578125</ele>
        <time>2026-09-20T05:13:58.000Z</time>
        <extensions>
          <ns3:TrackPointExtension>
            <ns3:hr>78</ns3:hr>
            <ns3:cad>0</ns3:cad>
          </ns3:TrackPointExtension>
        </extensions>
      </trkpt>
      <trkpt lat="32.2798713482916355133056640625" lon="118.2837326265871524810791015625">
        <ele>83</ele>
        <time>2026-09-20T05:14:01.000Z</time>
        <extensions>
          <ns3:TrackPointExtension>
            <ns3:hr>78</ns3:hr>
            <ns3:cad>0</ns3:cad>
          </ns3:TrackPointExtension>
        </extensions>
      </trkpt>
      <trkpt lat="32.27989423088729381561279296875" lon="118.28374377451837062835693359375">
        <ele>83.40000152587890625</ele>
        <time>2026-09-20T05:14:07.000Z</time>
        <extensions>
          <ns3:TrackPointExtension>
            <ns3:hr>78</ns3:hr>
            <ns3:cad>48</ns3:cad>
          </ns3:TrackPointExtension>
        </extensions>
      </trkpt>
      <trkpt lat="32.27987512014806270599365234375" lon="118.2837312854826450347900390625">
        <ele>83.1999969482421875</ele>
        <time>2026-09-20T05:14:13.000Z</time>
        <extensions>
          <ns3:TrackPointExtension>
            <ns3:hr>75</ns3:hr>
            <ns3:cad>0</ns3:cad>
          </ns3:TrackPointExtension>
        </extensions>
      </trkpt>
      <trkpt lat="32.27987696416676044464111328125" lon="118.2837316207587718963623046875">
        <ele>83.1999969482421875</ele>
        <time>2026-09-20T05:14:14.000Z</time>
        <extensions>
          <ns3:TrackPointExtension>
            <ns3:hr>74</ns3:hr>
            <ns3:cad>0</ns3:cad>
          </ns3:TrackPointExtension>
        </extensions>
      </trkpt>
      <trkpt lat="32.279876209795475006103515625" lon="118.28373187221586704254150390625">
        <ele>83</ele>
        <time>2026-09-20T05:14:21.000Z</time>
        <extensions>
          <ns3:TrackPointExtension>
            <ns3:hr>77</ns3:hr>
            <ns3:cad>0</ns3:cad>
          </ns3:TrackPointExtension>
        </extensions>
      </trkpt>
      <trkpt lat="32.2798770479857921600341796875" lon="118.28373002819716930389404296875">
        <ele>83</ele>
        <time>2026-09-20T05:14:31.000Z</time>
        <extensions>
          <ns3:TrackPointExtension>
            <ns3:hr>77</ns3:hr>
            <ns3:cad>0</ns3:cad>
          </ns3:TrackPointExtension>
        </extensions>
      </trkpt>
      <trkpt lat="32.27988802827894687652587890625" lon="118.28373304568231105804443359375">
        <ele>82.8000030517578125</ele>
        <time>2026-09-20T05:14:38.000Z</time>
        <extensions>
          <ns3:TrackPointExtension>
            <ns3:hr>80</ns3:hr>
            <ns3:cad>0</ns3:cad>
          </ns3:TrackPointExtension>
        </extensions>
      </trkpt>
      <trkpt lat="32.27988501079380512237548828125" lon="118.283731453120708465576171875">
        <ele>82.8000030517578125</ele>
        <time>2026-09-20T05:14:40.000Z</time>
        <extensions>
          <ns3:TrackPointExtension>
            <ns3:hr>83</ns3:hr>
            <ns3:cad>0</ns3:cad>
          </ns3:TrackPointExtension>
        </extensions>
      </trkpt>
      <trkpt lat="32.27987813763320446014404296875" lon="118.2837188802659511566162109375">
        <ele>82.8000030517578125</ele>
        <time>2026-09-20T05:14:44.000Z</time>
        <extensions>
          <ns3:TrackPointExtension>
            <ns3:hr>87</ns3:hr>
            <ns3:cad>0</ns3:cad>
          </ns3:TrackPointExtension>
        </extensions>
      </trkpt>
      <trkpt lat="32.27987243793904781341552734375" lon="118.28371242620050907135009765625">
        <ele>82.8000030517578125</ele>
        <time>2026-09-20T05:14:45.000Z</time>
        <extensions>
          <ns3:TrackPointExtension>
            <ns3:hr>92</ns3:hr>
            <ns3:cad>0</ns3:cad>
          </ns3:TrackPointExtension>
        </extensions>
      </trkpt>
      <trkpt lat="32.27987587451934814453125" lon="118.28371091745793819427490234375">
        <ele>82.8000030517578125</ele>
        <time>2026-09-20T05:14:47.000Z</time>
        <extensions>
          <ns3:TrackPointExtension>
            <ns3:hr>95</ns3:hr>
            <ns3:cad>0</ns3:cad>
          </ns3:TrackPointExtension>
        </extensions>
      </trkpt>
      <trkpt lat="32.27987009100615978240966796875" lon="118.28371007926762104034423828125">
        <ele>82.8000030517578125</ele>
        <time>2026-09-20T05:14:49.000Z</time>
        <extensions>
          <ns3:TrackPointExtension>
            <ns3:hr>97</ns3:hr>
            <ns3:cad>0</ns3:cad>
          </ns3:TrackPointExtension>
        </extensions>
      </trkpt>
      <trkpt lat="32.27986891753971576690673828125" lon="118.283708989620208740234375">
        <ele>82.8000030517578125</ele>
        <time>2026-09-20T05:14:52.000Z</time>
        <extensions>
          <ns3:TrackPointExtension>
            <ns3:hr>100</ns3:hr>
            <ns3:cad>0</ns3:cad>
          </ns3:TrackPointExtension>
        </extensions>
      </trkpt>
      <trkpt lat="32.27986824698746204376220703125" lon="118.28371745534241199493408203125">
        <ele>82.8000030517578125</ele>
        <time>2026-09-20T05:14:59.000Z</time>
        <extensions>
          <ns3:TrackPointExtension>
            <ns3:hr>99</ns3:hr>
            <ns3:cad>0</ns3:cad>
          </ns3:TrackPointExtension>
        </extensions>
      </trkpt>
      <trkpt lat="32.27987210266292095184326171875" lon="118.28372776508331298828125">
        <ele>82.59999847412109375</ele>
        <time>2026-09-20T05:15:07.000Z</time>
        <extensions>
          <ns3:TrackPointExtension>
            <ns3:hr>96</ns3:hr>
            <ns3:cad>0</ns3:cad>
          </ns3:TrackPointExtension>
        </extensions>
      </trkpt>
      <trkpt lat="32.27986992336809635162353515625" lon="118.2837272621691226959228515625">
        <ele>82.59999847412109375</ele>
        <time>2026-09-20T05:15:08.000Z</time>
        <extensions>
          <ns3:TrackPointExtension>
            <ns3:hr>96</ns3:hr>
            <ns3:cad>0</ns3:cad>
          </ns3:TrackPointExtension>
        </extensions>
      </trkpt>
      <trkpt lat="32.27987118065357208251953125" lon="118.283736146986484527587890625">
        <ele>82.59999847412109375</ele>
        <time>2026-09-20T05:15:15.000Z</time>
        <extensions>
          <ns3:TrackPointExtension>
            <ns3:hr>91</ns3:hr>
            <ns3:cad>0</ns3:cad>
          </ns3:TrackPointExtension>
        </extensions>
      </trkpt>
      <trkpt lat="32.2798679955303668975830078125" lon="118.28373606316745281219482421875">
        <ele>82.59999847412109375</ele>
        <time>2026-09-20T05:15:17.000Z</time>
        <extensions>
          <ns3:TrackPointExtension>
            <ns3:hr>85</ns3:hr>
            <ns3:cad>0</ns3:cad>
          </ns3:TrackPointExtension>
        </extensions>
      </trkpt>
      <trkpt lat="32.2798691689968109130859375" lon="118.28373690135776996612548828125">
        <ele>82.59999847412109375</ele>
        <time>2026-09-20T05:15:18.000Z</time>
        <extensions>
          <ns3:TrackPointExtension>
            <ns3:hr>81</ns3:hr>
            <ns3:cad>0</ns3:cad>
          </ns3:TrackPointExtension>
        </extensions>
      </trkpt>
      <trkpt lat="32.2798726893961429595947265625" lon="118.283737488090991973876953125">
        <ele>82.40000152587890625</ele>
        <time>2026-09-20T05:15:19.000Z</time>
        <extensions>
          <ns3:TrackPointExtension>
            <ns3:hr>81</ns3:hr>
            <ns3:cad>0</ns3:cad>
          </ns3:TrackPointExtension>
        </extensions>
      </trkpt>
      <trkpt lat="32.27987042628228664398193359375" lon="118.28373220749199390411376953125">
        <ele>82.59999847412109375</ele>
        <time>2026-09-20T05:15:22.000Z</time>
        <extensions>
          <ns3:TrackPointExtension>
            <ns3:hr>78</ns3:hr>
            <ns3:cad>0</ns3:cad>
          </ns3:TrackPointExtension>
        </extensions>
      </trkpt>
      <trkpt lat="32.2798720188438892364501953125" lon="118.283728770911693572998046875">
        <ele>82.59999847412109375</ele>
        <time>2026-09-20T05:15:24.000Z</time>
        <extensions>
          <ns3:TrackPointExtension>
            <ns3:hr>78</ns3:hr>
            <ns3:cad>0</ns3:cad>
          </ns3:TrackPointExtension>
        </extensions>
      </trkpt>
      <trkpt lat="32.279871515929698944091796875" lon="118.28372583724558353424072265625">
        <ele>82.40000152587890625</ele>
        <time>2026-09-20T05:15:33.000Z</time>
        <extensions>
          <ns3:TrackPointExtension>
            <ns3:hr>79</ns3:hr>
            <ns3:cad>0</ns3:cad>
          </ns3:TrackPointExtension>
        </extensions>
      </trkpt>
      <trkpt lat="32.279865480959415435791015625" lon="118.28371770679950714111328125">
        <ele>82.1999969482421875</ele>
        <time>2026-09-20T05:15:44.000Z</time>
        <extensions>
          <ns3:TrackPointExtension>
            <ns3:hr>81</ns3:hr>
            <ns3:cad>0</ns3:cad>
          </ns3:TrackPointExtension>
        </extensions>
      </trkpt>
      <trkpt lat="32.27986539714038372039794921875" lon="118.283717371523380279541015625">
        <ele>82.1999969482421875</ele>
        <time>2026-09-20T05:15:46.000Z</time>
        <extensions>
          <ns3:TrackPointExtension>
            <ns3:hr>84</ns3:hr>
            <ns3:cad>0</ns3:cad>
          </ns3:TrackPointExtension>
        </extensions>
      </trkpt>
      <trkpt lat="32.27986539714038372039794921875" lon="118.283717371523380279541015625">
        <ele>82.1999969482421875</ele>
        <time>2026-09-20T05:15:53.000Z</time>
        <extensions>
          <ns3:TrackPointExtension>
            <ns3:hr>84</ns3:hr>
            <ns3:cad>0</ns3:cad>
          </ns3:TrackPointExtension>
        </extensions>
      </trkpt>
      <trkpt lat="32.27986539714038372039794921875" lon="118.283717371523380279541015625">
        <ele>82</ele>
        <time>2026-09-20T05:16:12.000Z</time>
        <extensions>
          <ns3:TrackPointExtension>
            <ns3:hr>83</ns3:hr>
            <ns3:cad>0</ns3:cad>
          </ns3:TrackPointExtension>
        </extensions>
      </trkpt>
      <trkpt lat="32.2798703424632549285888671875" lon="118.28371862880885601043701171875">
        <ele>81.8000030517578125</ele>
        <time>2026-09-20T05:16:31.000Z</time>
        <extensions>
          <ns3:TrackPointExtension>
            <ns3:hr>82</ns3:hr>
            <ns3:cad>0</ns3:cad>
          </ns3:TrackPointExtension>
        </extensions>
      </trkpt>
      <trkpt lat="32.27987042628228664398193359375" lon="118.28371829353272914886474609375">
        <ele>81.59999847412109375</ele>
        <time>2026-09-20T05:16:33.000Z</time>
        <extensions>
          <ns3:TrackPointExtension>
            <ns3:hr>81</ns3:hr>
            <ns3:cad>0</ns3:cad>
          </ns3:TrackPointExtension>
        </extensions>
      </trkpt>
      <trkpt lat="32.279880233108997344970703125" lon="118.2837182097136974334716796875">
        <ele>81.8000030517578125</ele>
        <time>2026-09-20T05:16:38.000Z</time>
        <extensions>
          <ns3:TrackPointExtension>
            <ns3:hr>76</ns3:hr>
            <ns3:cad>0</ns3:cad>
          </ns3:TrackPointExtension>
        </extensions>
      </trkpt>
      <trkpt lat="32.2798954881727695465087890625" lon="118.28371234238147735595703125">
        <ele>81.40000152587890625</ele>
        <time>2026-09-20T05:16:43.000Z</time>
        <extensions>
          <ns3:TrackPointExtension>
            <ns3:hr>73</ns3:hr>
            <ns3:cad>0</ns3:cad>
          </ns3:TrackPointExtension>
        </extensions>
      </trkpt>
      <trkpt lat="32.27987294085323810577392578125" lon="118.28372147865593433380126953125">
        <ele>81.8000030517578125</ele>
        <time>2026-09-20T05:16:46.000Z</time>
        <extensions>
          <ns3:TrackPointExtension>
            <ns3:hr>70</ns3:hr>
            <ns3:cad>0</ns3:cad>
          </ns3:TrackPointExtension>
        </extensions>
      </trkpt>
      <trkpt lat="32.27987528778612613677978515625" lon="118.283719718456268310546875">
        <ele>81.59999847412109375</ele>
        <time>2026-09-20T05:16:50.000Z</time>
        <extensions>
          <ns3:TrackPointExtension>
            <ns3:hr>69</ns3:hr>
            <ns3:cad>0</ns3:cad>
          </ns3:TrackPointExtension>
        </extensions>
      </trkpt>
      <trkpt lat="32.27986539714038372039794921875" lon="118.283717371523380279541015625">
        <ele>81.59999847412109375</ele>
        <time>2026-09-20T05:17:02.000Z</time>
        <extensions>
          <ns3:TrackPointExtension>
            <ns3:hr>73</ns3:hr>
            <ns3:cad>0</ns3:cad>
          </ns3:TrackPointExtension>
        </extensions>
      </trkpt>
      <trkpt lat="32.27986539714038372039794921875" lon="118.283717371523380279541015625">
        <ele>81.59999847412109375</ele>
        <time>2026-09-20T05:17:03.000Z</time>
        <extensions>
          <ns3:TrackPointExtension>
            <ns3:hr>76</ns3:hr>
            <ns3:cad>0</ns3:cad>
          </ns3:TrackPointExtension>
        </extensions>
      </trkpt>
      <trkpt lat="32.27986539714038372039794921875" lon="118.283717371523380279541015625">
        <ele>81.40000152587890625</ele>
        <time>2026-09-20T05:17:04.000Z</time>
        <extensions>
          <ns3:TrackPointExtension>
            <ns3:hr>79</ns3:hr>
            <ns3:cad>0</ns3:cad>
          </ns3:TrackPointExtension>
        </extensions>
      </trkpt>
      <trkpt lat="32.27986539714038372039794921875" lon="118.283717371523380279541015625">
        <ele>81.40000152587890625</ele>
        <time>2026-09-20T05:17:27.000Z</time>
        <extensions>
          <ns3:TrackPointExtension>
            <ns3:hr>81</ns3:hr>
            <ns3:cad>0</ns3:cad>
          </ns3:TrackPointExtension>
        </extensions>
      </trkpt>
      <trkpt lat="32.27986539714038372039794921875" lon="118.283717371523380279541015625">
        <ele>81</ele>
        <time>2026-09-20T05:17:43.000Z</time>
        <extensions>
          <ns3:TrackPointExtension>
            <ns3:hr>81</ns3:hr>
            <ns3:cad>0</ns3:cad>
          </ns3:TrackPointExtension>
        </extensions>
      </trkpt>
      <trkpt lat="32.2798790596425533294677734375" lon="118.2837198860943317413330078125">
        <ele>81</ele>
        <time>2026-09-20T05:17:47.000Z</time>
        <extensions>
          <ns3:TrackPointExtension>
            <ns3:hr>76</ns3:hr>
            <ns3:cad>0</ns3:cad>
          </ns3:TrackPointExtension>
        </extensions>
      </trkpt>
      <trkpt lat="32.2798825800418853759765625" lon="118.2837151922285556793212890625">
        <ele>81.1999969482421875</ele>
        <time>2026-09-20T05:17:51.000Z</time>
        <extensions>
          <ns3:TrackPointExtension>
            <ns3:hr>75</ns3:hr>
            <ns3:cad>0</ns3:cad>
          </ns3:TrackPointExtension>
        </extensions>
      </trkpt>
      <trkpt lat="32.2798787243664264678955078125" lon="118.283710666000843048095703125">
        <ele>81.1999969482421875</ele>
        <time>2026-09-20T05:17:56.000Z</time>
        <extensions>
          <ns3:TrackPointExtension>
            <ns3:hr>77</ns3:hr>
            <ns3:cad>0</ns3:cad>
          </ns3:TrackPointExtension>
        </extensions>
      </trkpt>
      <trkpt lat="32.279878556728363037109375" lon="118.28371024690568447113037109375">
        <ele>81</ele>
        <time>2026-09-20T05:17:59.000Z</time>
        <extensions>
          <ns3:TrackPointExtension>
            <ns3:hr>80</ns3:hr>
            <ns3:cad>0</ns3:cad>
          </ns3:TrackPointExtension>
        </extensions>
      </trkpt>
      <trkpt lat="32.27987143211066722869873046875" lon="118.28370890580117702484130859375">
        <ele>80.8000030517578125</ele>
        <time>2026-09-20T05:18:08.000Z</time>
        <extensions>
          <ns3:TrackPointExtension>
            <ns3:hr>84</ns3:hr>
            <ns3:cad>0</ns3:cad>
          </ns3:TrackPointExtension>
        </extensions>
      </trkpt>
      <trkpt lat="32.2798643074929714202880859375" lon="118.2837309502065181732177734375">
        <ele>80.8000030517578125</ele>
        <time>2026-09-20T05:18:18.000Z</time>
        <extensions>
          <ns3:TrackPointExtension>
            <ns3:hr>85</ns3:hr>
            <ns3:cad>0</ns3:cad>
          </ns3:TrackPointExtension>
        </extensions>
      </trkpt>
      <trkpt lat="32.279865480959415435791015625" lon="118.2837269268929958343505859375">
        <ele>80.8000030517578125</ele>
        <time>2026-09-20T05:18:20.000Z</time>
        <extensions>
          <ns3:TrackPointExtension>
            <ns3:hr>81</ns3:hr>
            <ns3:cad>0</ns3:cad>
          </ns3:TrackPointExtension>
        </extensions>
      </trkpt>
      <trkpt lat="32.27986640296876430511474609375" lon="118.28372575342655181884765625">
        <ele>80.8000030517578125</ele>
        <time>2026-09-20T05:18:21.000Z</time>
        <extensions>
          <ns3:TrackPointExtension>
            <ns3:hr>78</ns3:hr>
            <ns3:cad>0</ns3:cad>
          </ns3:TrackPointExtension>
        </extensions>
      </trkpt>
      <trkpt lat="32.27986673824489116668701171875" lon="118.28372466377913951873779296875">
        <ele>80.59999847412109375</ele>
        <time>2026-09-20T05:18:22.000Z</time>
        <extensions>
          <ns3:TrackPointExtension>
            <ns3:hr>77</ns3:hr>
            <ns3:cad>0</ns3:cad>
          </ns3:TrackPointExtension>
        </extensions>
      </trkpt>
      <trkpt lat="32.27986522950232028961181640625" lon="118.28372701071202754974365234375">
        <ele>80.8000030517578125</ele>
        <time>2026-09-20T05:18:25.000Z</time>
        <extensions>
          <ns3:TrackPointExtension>
            <ns3:hr>76</ns3:hr>
            <ns3:cad>0</ns3:cad>
          </ns3:TrackPointExtension>
        </extensions>
      </trkpt>
      <trkpt lat="32.27987176738679409027099609375" lon="118.28372550196945667266845703125">
        <ele>80.40000152587890625</ele>
        <time>2026-09-20T05:18:37.000Z</time>
        <extensions>
          <ns3:TrackPointExtension>
            <ns3:hr>76</ns3:hr>
            <ns3:cad>0</ns3:cad>
          </ns3:TrackPointExtension>
        </extensions>
      </trkpt>
      <trkpt lat="32.27988182567059993743896484375" lon="118.2837413437664508819580078125">
        <ele>81</ele>
        <time>2026-09-20T05:18:47.000Z</time>
        <extensions>
          <ns3:TrackPointExtension>
            <ns3:hr>76</ns3:hr>
            <ns3:cad>0</ns3:cad>
          </ns3:TrackPointExtension>
        </extensions>
      </trkpt>
      <trkpt lat="32.27988014928996562957763671875" lon="118.28373639844357967376708984375">
        <ele>81.1999969482421875</ele>
        <time>2026-09-20T05:18:52.000Z</time>
        <extensions>
          <ns3:TrackPointExtension>
            <ns3:hr>76</ns3:hr>
            <ns3:cad>0</ns3:cad>
          </ns3:TrackPointExtension>
        </extensions>
      </trkpt>
      <trkpt lat="32.2798706777393817901611328125" lon="118.2837319560348987579345703125">
        <ele>81</ele>
        <time>2026-09-20T05:18:59.000Z</time>
        <extensions>
          <ns3:TrackPointExtension>
            <ns3:hr>77</ns3:hr>
            <ns3:cad>0</ns3:cad>
          </ns3:TrackPointExtension>
        </extensions>
      </trkpt>
      <trkpt lat="32.27990202605724334716796875" lon="118.2837426848709583282470703125">
        <ele>81</ele>
        <time>2026-09-20T05:19:03.000Z</time>
        <extensions>
          <ns3:TrackPointExtension>
            <ns3:hr>80</ns3:hr>
            <ns3:cad>0</ns3:cad>
          </ns3:TrackPointExtension>
        </extensions>
      </trkpt>
      <trkpt lat="32.27990060113370418548583984375" lon="118.2837433554232120513916015625">
        <ele>81</ele>
        <time>2026-09-20T05:19:04.000Z</time>
        <extensions>
          <ns3:TrackPointExtension>
            <ns3:hr>84</ns3:hr>
            <ns3:cad>0</ns3:cad>
          </ns3:TrackPointExtension>
        </extensions>
      </trkpt>
      <trkpt lat="32.27989221923053264617919921875" lon="118.2837473787367343902587890625">
        <ele>81</ele>
        <time>2026-09-20T05:19:05.000Z</time>
        <extensions>
          <ns3:TrackPointExtension>
            <ns3:hr>87</ns3:hr>
            <ns3:cad>45</ns3:cad>
          </ns3:TrackPointExtension>
        </extensions>
      </trkpt>
      <trkpt lat="32.27988660335540771484375" lon="118.28374830074608325958251953125">
        <ele>81</ele>
        <time>2026-09-20T05:19:06.000Z</time>
        <extensions>
          <ns3:TrackPointExtension>
            <ns3:hr>88</ns3:hr>
            <ns3:cad>45</ns3:cad>
          </ns3:TrackPointExtension>
        </extensions>
      </trkpt>
      <trkpt lat="32.27986925281584262847900390625" lon="118.2837478816509246826171875">
        <ele>81.1999969482421875</ele>
        <time>2026-09-20T05:19:11.000Z</time>
        <extensions>
          <ns3:TrackPointExtension>
            <ns3:hr>88</ns3:hr>
            <ns3:cad>0</ns3:cad>
          </ns3:TrackPointExtension>
        </extensions>
      </trkpt>
      <trkpt lat="32.27984972298145294189453125" lon="118.28374193049967288970947265625">
        <ele>81.1999969482421875</ele>
        <time>2026-09-20T05:19:21.000Z</time>
        <extensions>
          <ns3:TrackPointExtension>
            <ns3:hr>89</ns3:hr>
            <ns3:cad>0</ns3:cad>
          </ns3:TrackPointExtension>
        </extensions>
      </trkpt>
      <trkpt lat="32.27987327612936496734619140625" lon="118.2837049663066864013671875">
        <ele>81.40000152587890625</ele>
        <time>2026-09-20T05:19:28.000Z</time>
        <extensions>
          <ns3:TrackPointExtension>
            <ns3:hr>88</ns3:hr>
            <ns3:cad>0</ns3:cad>
          </ns3:TrackPointExtension>
        </extensions>
      </trkpt>
      <trkpt lat="32.27986908517777919769287109375" lon="118.28364972956478595733642578125">
        <ele>81.1999969482421875</ele>
        <time>2026-09-20T05:19:35.000Z</time>
        <extensions>
          <ns3:TrackPointExtension>
            <ns3:hr>88</ns3:hr>
            <ns3:cad>0</ns3:cad>
          </ns3:TrackPointExtension>
        </extensions>
      </trkpt>
      <trkpt lat="32.279870845377445220947265625" lon="118.2836578600108623504638671875">
        <ele>81.8000030517578125</ele>
        <time>2026-09-20T05:19:38.000Z</time>
        <extensions>
          <ns3:TrackPointExtension>
            <ns3:hr>87</ns3:hr>
            <ns3:cad>0</ns3:cad>
          </ns3:TrackPointExtension>
        </extensions>
      </trkpt>
      <trkpt lat="32.2798622958362102508544921875" lon="118.28364486806094646453857421875">
        <ele>82.1999969482421875</ele>
        <time>2026-09-20T05:19:42.000Z</time>
        <extensions>
          <ns3:TrackPointExtension>
            <ns3:hr>88</ns3:hr>
            <ns3:cad>0</ns3:cad>
          </ns3:TrackPointExtension>
        </extensions>
      </trkpt>
      <trkpt lat="32.27987780235707759857177734375" lon="118.28364620916545391082763671875">
        <ele>82.1999969482421875</ele>
        <time>2026-09-20T05:19:53.000Z</time>
        <extensions>
          <ns3:TrackPointExtension>
            <ns3:hr>88</ns3:hr>
            <ns3:cad>0</ns3:cad>
          </ns3:TrackPointExtension>
        </extensions>
      </trkpt>
      <trkpt lat="32.27987998165190219879150390625" lon="118.2836245000362396240234375">
        <ele>82.8000030517578125</ele>
        <time>2026-09-20T05:19:56.000Z</time>
        <extensions>
          <ns3:TrackPointExtension>
            <ns3:hr>88</ns3:hr>
            <ns3:cad>0</ns3:cad>
          </ns3:TrackPointExtension>
        </extensions>
      </trkpt>
      <trkpt lat="32.279881574213504791259765625" lon="118.28361838124692440032958984375">
        <ele>83</ele>
        <time>2026-09-20T05:19:57.000Z</time>
        <extensions>
          <ns3:TrackPointExtension>
            <ns3:hr>85</ns3:hr>
            <ns3:cad>0</ns3:cad>
          </ns3:TrackPointExtension>
        </extensions>
      </trkpt>
      <trkpt lat="32.27988132275640964508056640625" lon="118.283607065677642822265625">
        <ele>83</ele>
        <time>2026-09-20T05:19:59.000Z</time>
        <extensions>
          <ns3:TrackPointExtension>
            <ns3:hr>81</ns3:hr>
            <ns3:cad>41</ns3:cad>
          </ns3:TrackPointExtension>
        </extensions>
      </trkpt>
      <trkpt lat="32.279881574213504791259765625" lon="118.28359826467931270599365234375">
        <ele>82.59999847412109375</ele>
        <time>2026-09-20T05:20:01.000Z</time>
        <extensions>
          <ns3:TrackPointExtension>
            <ns3:hr>80</ns3:hr>
            <ns3:cad>0</ns3:cad>
          </ns3:TrackPointExtension>
        </extensions>
      </trkpt>
      <trkpt lat="32.27987126447260379791259765625" lon="118.28358225524425506591796875">
        <ele>81.59999847412109375</ele>
        <time>2026-09-20T05:20:05.000Z</time>
        <extensions>
          <ns3:TrackPointExtension>
            <ns3:hr>79</ns3:hr>
            <ns3:cad>0</ns3:cad>
          </ns3:TrackPointExtension>
        </extensions>
      </trkpt>
      <trkpt lat="32.27986506186425685882568359375" lon="118.28353472985327243804931640625">
        <ele>81.1999969482421875</ele>
        <time>2026-09-20T05:20:10.000Z</time>
        <extensions>
          <ns3:TrackPointExtension>
            <ns3:hr>80</ns3:hr>
            <ns3:cad>53</ns3:cad>
          </ns3:TrackPointExtension>
        </extensions>
      </trkpt>
      <trkpt lat="32.279865480959415435791015625" lon="118.28346826136112213134765625">
        <ele>81.40000152587890625</ele>
        <time>2026-09-20T05:20:16.000Z</time>
        <extensions>
          <ns3:TrackPointExtension>
            <ns3:hr>79</ns3:hr>
            <ns3:cad>53</ns3:cad>
          </ns3:TrackPointExtension>
        </extensions>
      </trkpt>
      <trkpt lat="32.27987143211066722869873046875" lon="118.2834421098232269287109375">
        <ele>81.8000030517578125</ele>
        <time>2026-09-20T05:20:19.000Z</time>
        <extensions>
          <ns3:TrackPointExtension>
            <ns3:hr>76</ns3:hr>
            <ns3:cad>49</ns3:cad>
          </ns3:TrackPointExtension>
        </extensions>
      </trkpt>
      <trkpt lat="32.279865480959415435791015625" lon="118.283412270247936248779296875">
        <ele>82.59999847412109375</ele>
        <time>2026-09-20T05:20:23.000Z</time>
        <extensions>
          <ns3:TrackPointExtension>
            <ns3:hr>73</ns3:hr>
            <ns3:cad>71</ns3:cad>
          </ns3:TrackPointExtension>
        </extensions>
      </trkpt>
      <trkpt lat="32.27986120618879795074462890625" lon="118.2834064029157161712646484375">
        <ele>82.8000030517578125</ele>
        <time>2026-09-20T05:20:24.000Z</time>
        <extensions>
          <ns3:TrackPointExtension>
            <ns3:hr>74</ns3:hr>
            <ns3:cad>71</ns3:cad>
          </ns3:TrackPointExtension>
        </extensions>
      </trkpt>
      <trkpt lat="32.27984838187694549560546875" lon="118.2834131084382534027099609375">
        <ele>82.8000030517578125</ele>
        <time>2026-09-20T05:20:28.000Z</time>
        <extensions>
          <ns3:TrackPointExtension>
            <ns3:hr>77</ns3:hr>
            <ns3:cad>0</ns3:cad>
          </ns3:TrackPointExtension>
        </extensions>
      </trkpt>
      <trkpt lat="32.27982030250132083892822265625" lon="118.28341453336179256439208984375">
        <ele>83</ele>
        <time>2026-09-20T05:20:31.000Z</time>
        <extensions>
          <ns3:TrackPointExtension>
            <ns3:hr>78</ns3:hr>
            <ns3:cad>0</ns3:cad>
          </ns3:TrackPointExtension>
        </extensions>
      </trkpt>
      <trkpt lat="32.2797620482742786407470703125" lon="118.2834018766880035400390625">
        <ele>83.40000152587890625</ele>
        <time>2026-09-20T05:20:39.000Z</time>
        <extensions>
          <ns3:TrackPointExtension>
            <ns3:hr>80</ns3:hr>
            <ns3:cad>45</ns3:cad>
          </ns3:TrackPointExtension>
        </extensions>
      </trkpt>
      <trkpt lat="32.2797258384525775909423828125" lon="118.2833842746913433074951171875">
        <ele>83.59999847412109375</ele>
        <time>2026-09-20T05:20:43.000Z</time>
        <extensions>
          <ns3:TrackPointExtension>
            <ns3:hr>83</ns3:hr>
            <ns3:cad>0</ns3:cad>
          </ns3:TrackPointExtension>
        </extensions>
      </trkpt>
      <trkpt lat="32.27969289757311344146728515625" lon="118.28336709178984165191650390625">
        <ele>83.59999847412109375</ele>
        <time>2026-09-20T05:20:47.000Z</time>
        <extensions>
          <ns3:TrackPointExtension>
            <ns3:hr>84</ns3:hr>
            <ns3:cad>0</ns3:cad>
          </ns3:TrackPointExtension>
        </extensions>
      </trkpt>
      <trkpt lat="32.27963103912770748138427734375" lon="118.28337396495044231414794921875">
        <ele>83</ele>
        <time>2026-09-20T05:20:56.000Z</time>
        <extensions>
          <ns3:TrackPointExtension>
            <ns3:hr>84</ns3:hr>
            <ns3:cad>0</ns3:cad>
          </ns3:TrackPointExtension>
        </extensions>
      </trkpt>
      <trkpt lat="32.27955778129398822784423828125" lon="118.283345215022563934326171875">
        <ele>82.8000030517578125</ele>
        <time>2026-09-20T05:21:04.000Z</time>
        <extensions>
          <ns3:TrackPointExtension>
            <ns3:hr>83</ns3:hr>
            <ns3:cad>52</ns3:cad>
          </ns3:TrackPointExtension>
        </extensions>
      </trkpt>
      <trkpt lat="32.27949298918247222900390625" lon="118.28331529162824153900146484375">
        <ele>82</ele>
        <time>2026-09-20T05:21:13.000Z</time>
        <extensions>
          <ns3:TrackPointExtension>
            <ns3:hr>81</ns3:hr>
            <ns3:cad>54</ns3:cad>
          </ns3:TrackPointExtension>
        </extensions>
      </trkpt>
      <trkpt lat="32.2794686816632747650146484375" lon="118.2833215780556201934814453125">
        <ele>81.59999847412109375</ele>
        <time>2026-09-20T05:21:16.000Z</time>
        <extensions>
          <ns3:TrackPointExtension>
            <ns3:hr>82</ns3:hr>
            <ns3:cad>54</ns3:cad>
          </ns3:TrackPointExtension>
        </extensions>
      </trkpt>
      <trkpt lat="32.279446385800838470458984375" lon="118.2833323068916797637939453125">
        <ele>81.40000152587890625</ele>
        <time>2026-09-20T05:21:21.000Z</time>
        <extensions>
          <ns3:TrackPointExtension>
            <ns3:hr>82</ns3:hr>
            <ns3:cad>0</ns3:cad>
          </ns3:TrackPointExtension>
        </extensions>
      </trkpt>
      <trkpt lat="32.27943154983222484588623046875" lon="118.28337840735912322998046875">
        <ele>81.59999847412109375</ele>
        <time>2026-09-20T05:21:29.000Z</time>
        <extensions>
          <ns3:TrackPointExtension>
            <ns3:hr>82</ns3:hr>
            <ns3:cad>0</ns3:cad>
          </ns3:TrackPointExtension>
        </extensions>
      </trkpt>
      <trkpt lat="32.2794653289020061492919921875" lon="118.2834181375801563262939453125">
        <ele>81.59999847412109375</ele>
        <time>2026-09-20T05:21:35.000Z</time>
        <extensions>
          <ns3:TrackPointExtension>
            <ns3:hr>81</ns3:hr>
            <ns3:cad>48</ns3:cad>
          </ns3:TrackPointExtension>
        </extensions>
      </trkpt>
      <trkpt lat="32.2794827632606029510498046875" lon="118.28345124609768390655517578125">
        <ele>82.40000152587890625</ele>
        <time>2026-09-20T05:21:44.000Z</time>
        <extensions>
          <ns3:TrackPointExtension>
            <ns3:hr>80</ns3:hr>
            <ns3:cad>0</ns3:cad>
          </ns3:TrackPointExtension>
        </extensions>
      </trkpt>
      <trkpt lat="32.2794827632606029510498046875" lon="118.28345124609768390655517578125">
        <ele>82.1999969482421875</ele>
        <time>2026-09-20T05:21:48.000Z</time>
        <extensions>
          <ns3:TrackPointExtension>
            <ns3:hr>77</ns3:hr>
            <ns3:cad>0</ns3:cad>
          </ns3:TrackPointExtension>
        </extensions>
      </trkpt>
      <trkpt lat="32.279481589794158935546875" lon="118.28345292247831821441650390625">
        <ele>82</ele>
        <time>2026-09-20T05:21:54.000Z</time>
        <extensions>
          <ns3:TrackPointExtension>
            <ns3:hr>74</ns3:hr>
            <ns3:cad>0</ns3:cad>
          </ns3:TrackPointExtension>
        </extensions>
      </trkpt>
      <trkpt lat="32.279450409114360809326171875" lon="118.28347857110202312469482421875">
        <ele>81.59999847412109375</ele>
        <time>2026-09-20T05:21:57.000Z</time>
        <extensions>
          <ns3:TrackPointExtension>
            <ns3:hr>72</ns3:hr>
            <ns3:cad>0</ns3:cad>
          </ns3:TrackPointExtension>
        </extensions>
      </trkpt>
      <trkpt lat="32.27940975688397884368896484375" lon="118.28352936543524265289306640625">
        <ele>81.59999847412109375</ele>
        <time>2026-09-20T05:22:04.000Z</time>
        <extensions>
          <ns3:TrackPointExtension>
            <ns3:hr>72</ns3:hr>
            <ns3:cad>42</ns3:cad>
          </ns3:TrackPointExtension>
        </extensions>
      </trkpt>
      <trkpt lat="32.27936089038848876953125" lon="118.2835556007921695709228515625">
        <ele>82.59999847412109375</ele>
        <time>2026-09-20T05:22:12.000Z</time>
        <extensions>
          <ns3:TrackPointExtension>
            <ns3:hr>71</ns3:hr>
            <ns3:cad>0</ns3:cad>
          </ns3:TrackPointExtension>
        </extensions>
      </trkpt>
      <trkpt lat="32.2793577052652835845947265625" lon="118.2835520803928375244140625">
        <ele>82.8000030517578125</ele>
        <time>2026-09-20T05:22:13.000Z</time>
        <extensions>
          <ns3:TrackPointExtension>
            <ns3:hr>72</ns3:hr>
            <ns3:cad>0</ns3:cad>
          </ns3:TrackPointExtension>
        </extensions>
      </trkpt>
      <trkpt lat="32.27934052236378192901611328125" lon="118.28355384059250354766845703125">
        <ele>82.8000030517578125</ele>
        <time>2026-09-20T05:22:19.000Z</time>
        <extensions>
          <ns3:TrackPointExtension>
            <ns3:hr>71</ns3:hr>
            <ns3:cad>0</ns3:cad>
          </ns3:TrackPointExtension>
        </extensions>
      </trkpt>
      <trkpt lat="32.27929727174341678619384765625" lon="118.2835579477250576019287109375">
        <ele>82.8000030517578125</ele>
        <time>2026-09-20T05:22:26.000Z</time>
        <extensions>
          <ns3:TrackPointExtension>
            <ns3:hr>71</ns3:hr>
            <ns3:cad>0</ns3:cad>
          </ns3:TrackPointExtension>
        </extensions>
      </trkpt>
      <trkpt lat="32.27928922511637210845947265625" lon="118.283564150333404541015625">
        <ele>83</ele>
        <time>2026-09-20T05:22:31.000Z</time>
        <extensions>
          <ns3:TrackPointExtension>
            <ns3:hr>76</ns3:hr>
            <ns3:cad>50</ns3:cad>
          </ns3:TrackPointExtension>
        </extensions>
      </trkpt>
      <trkpt lat="32.27927707135677337646484375" lon="118.28354193828999996185302734375">
        <ele>83</ele>
        <time>2026-09-20T05:22:33.000Z</time>
        <extensions>
          <ns3:TrackPointExtension>
            <ns3:hr>78</ns3:hr>
            <ns3:cad>50</ns3:cad>
          </ns3:TrackPointExtension>
        </extensions>
      </trkpt>
      <trkpt lat="32.2792413644492626190185546875" lon="118.283553086221218109130859375">
        <ele>82.59999847412109375</ele>
        <time>2026-09-20T05:22:39.000Z</time>
        <extensions>
          <ns3:TrackPointExtension>
            <ns3:hr>80</ns3:hr>
            <ns3:cad>0</ns3:cad>
          </ns3:TrackPointExtension>
        </extensions>
      </trkpt>
      <trkpt lat="32.27924463339149951934814453125" lon="118.28358627855777740478515625">
        <ele>82.8000030517578125</ele>
        <time>2026-09-20T05:22:48.000Z</time>
        <extensions>
          <ns3:TrackPointExtension>
            <ns3:hr>80</ns3:hr>
            <ns3:cad>0</ns3:cad>
          </ns3:TrackPointExtension>
        </extensions>
      </trkpt>
      <trkpt lat="32.27926592342555522918701171875" lon="118.28360027633607387542724609375">
        <ele>83</ele>
        <time>2026-09-20T05:22:56.000Z</time>
        <extensions>
          <ns3:TrackPointExtension>
            <ns3:hr>81</ns3:hr>
            <ns3:cad>0</ns3:cad>
          </ns3:TrackPointExtension>
        </extensions>
      </trkpt>
      <trkpt lat="32.27926768362522125244140625" lon="118.28359239734709262847900390625">
        <ele>83</ele>
        <time>2026-09-20T05:23:01.000Z</time>
        <extensions>
          <ns3:TrackPointExtension>
            <ns3:hr>78</ns3:hr>
            <ns3:cad>0</ns3:cad>
          </ns3:TrackPointExtension>
        </extensions>
      </trkpt>
      <trkpt lat="32.2792695276439189910888671875" lon="118.2835928164422512054443359375">
        <ele>83</ele>
        <time>2026-09-20T05:23:02.000Z</time>
        <extensions>
          <ns3:TrackPointExtension>
            <ns3:hr>74</ns3:hr>
            <ns3:cad>0</ns3:cad>
          </ns3:TrackPointExtension>
        </extensions>
      </trkpt>
      <trkpt lat="32.2792809270322322845458984375" lon="118.28358921222388744354248046875">
        <ele>82.59999847412109375</ele>
        <time>2026-09-20T05:23:12.000Z</time>
        <extensions>
          <ns3:TrackPointExtension>
            <ns3:hr>74</ns3:hr>
            <ns3:cad>0</ns3:cad>
          </ns3:TrackPointExtension>
        </extensions>
      </trkpt>
      <trkpt lat="32.27928905747830867767333984375" lon="118.283597342669963836669921875">
        <ele>82</ele>
        <time>2026-09-20T05:23:18.000Z</time>
        <extensions>
          <ns3:TrackPointExtension>
            <ns3:hr>75</ns3:hr>
            <ns3:cad>0</ns3:cad>
          </ns3:TrackPointExtension>
        </extensions>
      </trkpt>
      <trkpt lat="32.2792812623083591461181640625" lon="118.2835948280990123748779296875">
        <ele>82</ele>
        <time>2026-09-20T05:23:21.000Z</time>
        <extensions>
          <ns3:TrackPointExtension>
            <ns3:hr>78</ns3:hr>
            <ns3:cad>0</ns3:cad>
          </ns3:TrackPointExtension>
        </extensions>
      </trkpt>
      <trkpt lat="32.27928017266094684600830078125" lon="118.283607400953769683837890625">
        <ele>82</ele>
        <time>2026-09-20T05:23:26.000Z</time>
        <extensions>
          <ns3:TrackPointExtension>
            <ns3:hr>74</ns3:hr>
            <ns3:cad>0</ns3:cad>
          </ns3:TrackPointExtension>
        </extensions>
      </trkpt>
      <trkpt lat="32.27928721345961093902587890625" lon="118.28358904458582401275634765625">
        <ele>82.1999969482421875</ele>
        <time>2026-09-20T05:23:33.000Z</time>
        <extensions>
          <ns3:TrackPointExtension>
            <ns3:hr>72</ns3:hr>
            <ns3:cad>0</ns3:cad>
          </ns3:TrackPointExtension>
        </extensions>
      </trkpt>
      <trkpt lat="32.27929777465760707855224609375" lon="118.28355920501053333282470703125">
        <ele>82.1999969482421875</ele>
        <time>2026-09-20T05:23:39.000Z</time>
        <extensions>
          <ns3:TrackPointExtension>
            <ns3:hr>72</ns3:hr>
            <ns3:cad>0</ns3:cad>
          </ns3:TrackPointExtension>
        </extensions>
      </trkpt>
      <trkpt lat="32.27930045686662197113037109375" lon="118.2835482247173786163330078125">
        <ele>82.1999969482421875</ele>
        <time>2026-09-20T05:23:47.000Z</time>
        <extensions>
          <ns3:TrackPointExtension>
            <ns3:hr>72</ns3:hr>
            <ns3:cad>0</ns3:cad>
          </ns3:TrackPointExtension>
        </extensions>
      </trkpt>
      <trkpt lat="32.27930062450468540191650390625" lon="118.28355652280151844024658203125">
        <ele>82</ele>
        <time>2026-09-20T05:23:54.000Z</time>
        <extensions>
          <ns3:TrackPointExtension>
            <ns3:hr>73</ns3:hr>
            <ns3:cad>0</ns3:cad>
          </ns3:TrackPointExtension>
        </extensions>
      </trkpt>
      <trkpt lat="32.27930397726595401763916015625" lon="118.28354696743190288543701171875">
        <ele>82.1999969482421875</ele>
        <time>2026-09-20T05:24:02.000Z</time>
        <extensions>
          <ns3:TrackPointExtension>
            <ns3:hr>74</ns3:hr>
            <ns3:cad>0</ns3:cad>
          </ns3:TrackPointExtension>
        </extensions>
      </trkpt>
      <trkpt lat="32.279296852648258209228515625" lon="118.28354495577514171600341796875">
        <ele>82</ele>
        <time>2026-09-20T05:24:11.000Z</time>
        <extensions>
          <ns3:TrackPointExtension>
            <ns3:hr>74</ns3:hr>
            <ns3:cad>0</ns3:cad>
          </ns3:TrackPointExtension>
        </extensions>
      </trkpt>
      <trkpt lat="32.2792862914502620697021484375" lon="118.2835525833070278167724609375">
        <ele>82</ele>
        <time>2026-09-20T05:24:19.000Z</time>
        <extensions>
          <ns3:TrackPointExtension>
            <ns3:hr>73</ns3:hr>
            <ns3:cad>0</ns3:cad>
          </ns3:TrackPointExtension>
        </extensions>
      </trkpt>
      <trkpt lat="32.2792799212038516998291015625" lon="118.2835482247173786163330078125">
        <ele>82</ele>
        <time>2026-09-20T05:24:22.000Z</time>
        <extensions>
          <ns3:TrackPointExtension>
            <ns3:hr>76</ns3:hr>
            <ns3:cad>0</ns3:cad>
          </ns3:TrackPointExtension>
        </extensions>
      </trkpt>
      <trkpt lat="32.27927715517580509185791015625" lon="118.28354244120419025421142578125">
        <ele>82</ele>
        <time>2026-09-20T05:24:24.000Z</time>
        <extensions>
          <ns3:TrackPointExtension>
            <ns3:hr>79</ns3:hr>
            <ns3:cad>0</ns3:cad>
          </ns3:TrackPointExtension>
        </extensions>
      </trkpt>
      <trkpt lat="32.27927573025226593017578125" lon="118.2835442014038562774658203125">
        <ele>82</ele>
        <time>2026-09-20T05:24:26.000Z</time>
        <extensions>
          <ns3:TrackPointExtension>
            <ns3:hr>82</ns3:hr>
            <ns3:cad>0</ns3:cad>
          </ns3:TrackPointExtension>
        </extensions>
      </trkpt>
      <trkpt lat="32.2792698629200458526611328125" lon="118.2835359871387481689453125">
        <ele>82</ele>
        <time>2026-09-20T05:24:30.000Z</time>
        <extensions>
          <ns3:TrackPointExtension>
            <ns3:hr>83</ns3:hr>
            <ns3:cad>0</ns3:cad>
          </ns3:TrackPointExtension>
        </extensions>
      </trkpt>
      <trkpt lat="32.27927564643323421478271484375" lon="118.28352986834943294525146484375">
        <ele>82</ele>
        <time>2026-09-20T05:24:39.000Z</time>
        <extensions>
          <ns3:TrackPointExtension>
            <ns3:hr>82</ns3:hr>
            <ns3:cad>0</ns3:cad>
          </ns3:TrackPointExtension>
        </extensions>
      </trkpt>
      <trkpt lat="32.27928587235510349273681640625" lon="118.2835100032389163970947265625">
        <ele>81.8000030517578125</ele>
        <time>2026-09-20T05:24:48.000Z</time>
        <extensions>
          <ns3:TrackPointExtension>
            <ns3:hr>79</ns3:hr>
            <ns3:cad>0</ns3:cad>
          </ns3:TrackPointExtension>
        </extensions>
      </trkpt>
      <trkpt lat="32.2792896442115306854248046875" lon="118.2835140265524387359619140625">
        <ele>81.8000030517578125</ele>
        <time>2026-09-20T05:24:49.000Z</time>
        <extensions>
          <ns3:TrackPointExtension>
            <ns3:hr>79</ns3:hr>
            <ns3:cad>0</ns3:cad>
          </ns3:TrackPointExtension>
        </extensions>
      </trkpt>
      <trkpt lat="32.27929894812405109405517578125" lon="118.2835113443434238433837890625">
        <ele>81.8000030517578125</ele>
        <time>2026-09-20T05:24:52.000Z</time>
        <extensions>
          <ns3:TrackPointExtension>
            <ns3:hr>76</ns3:hr>
            <ns3:cad>0</ns3:cad>
          </ns3:TrackPointExtension>
        </extensions>
      </trkpt>
      <trkpt lat="32.279292829334735870361328125" lon="118.2835046388208866119384765625">
        <ele>81.8000030517578125</ele>
        <time>2026-09-20T05:24:57.000Z</time>
        <extensions>
          <ns3:TrackPointExtension>
            <ns3:hr>76</ns3:hr>
            <ns3:cad>0</ns3:cad>
          </ns3:TrackPointExtension>
        </extensions>
      </trkpt>
      <trkpt lat="32.279300875961780548095703125" lon="118.28349164687097072601318359375">
        <ele>81.8000030517578125</ele>
        <time>2026-09-20T05:25:04.000Z</time>
        <extensions>
          <ns3:TrackPointExtension>
            <ns3:hr>75</ns3:hr>
            <ns3:cad>0</ns3:cad>
          </ns3:TrackPointExtension>
        </extensions>
      </trkpt>
      <trkpt lat="32.2793017141520977020263671875" lon="118.28348435461521148681640625">
        <ele>81.8000030517578125</ele>
        <time>2026-09-20T05:25:15.000Z</time>
        <extensions>
          <ns3:TrackPointExtension>
            <ns3:hr>75</ns3:hr>
            <ns3:cad>0</ns3:cad>
          </ns3:TrackPointExtension>
        </extensions>
      </trkpt>
      <trkpt lat="32.2792986966669559478759765625" lon="118.28348594717681407928466796875">
        <ele>81.59999847412109375</ele>
        <time>2026-09-20T05:25:16.000Z</time>
        <extensions>
          <ns3:TrackPointExtension>
            <ns3:hr>75</ns3:hr>
            <ns3:cad>0</ns3:cad>
          </ns3:TrackPointExtension>
        </extensions>
      </trkpt>
      <trkpt lat="32.27928972803056240081787109375" lon="118.28349617309868335723876953125">
        <ele>81.59999847412109375</ele>
        <time>2026-09-20T05:25:26.000Z</time>
        <extensions>
          <ns3:TrackPointExtension>
            <ns3:hr>75</ns3:hr>
            <ns3:cad>0</ns3:cad>
          </ns3:TrackPointExtension>
        </extensions>
      </trkpt>
      <trkpt lat="32.27929073385894298553466796875" lon="118.28349634073674678802490234375">
        <ele>81.59999847412109375</ele>
        <time>2026-09-20T05:25:35.000Z</time>
        <extensions>
          <ns3:TrackPointExtension>
            <ns3:hr>74</ns3:hr>
            <ns3:cad>0</ns3:cad>
          </ns3:TrackPointExtension>
        </extensions>
      </trkpt>
      <trkpt lat="32.2792735509574413299560546875" lon="118.28349374234676361083984375">
        <ele>81.59999847412109375</ele>
        <time>2026-09-20T05:25:47.000Z</time>
        <extensions>
          <ns3:TrackPointExtension>
            <ns3:hr>74</ns3:hr>
            <ns3:cad>0</ns3:cad>
          </ns3:TrackPointExtension>
        </extensions>
      </trkpt>
      <trkpt lat="32.27928084321320056915283203125" lon="118.28349349088966846466064453125">
        <ele>81.8000030517578125</ele>
        <time>2026-09-20T05:25:54.000Z</time>
        <extensions>
          <ns3:TrackPointExtension>
            <ns3:hr>73</ns3:hr>
            <ns3:cad>0</ns3:cad>
          </ns3:TrackPointExtension>
        </extensions>
      </trkpt>
      <trkpt lat="32.279281429946422576904296875" lon="118.28349181450903415679931640625">
        <ele>81.8000030517578125</ele>
        <time>2026-09-20T05:26:02.000Z</time>
        <extensions>
          <ns3:TrackPointExtension>
            <ns3:hr>74</ns3:hr>
            <ns3:cad>0</ns3:cad>
          </ns3:TrackPointExtension>
        </extensions>
      </trkpt>
      <trkpt lat="32.2792567871510982513427734375" lon="118.28349080868065357208251953125">
        <ele>82.1999969482421875</ele>
        <time>2026-09-20T05:26:11.000Z</time>
        <extensions>
          <ns3:TrackPointExtension>
            <ns3:hr>75</ns3:hr>
            <ns3:cad>0</ns3:cad>
          </ns3:TrackPointExtension>
        </extensions>
      </trkpt>
      <trkpt lat="32.27925427258014678955078125" lon="118.2834918983280658721923828125">
        <ele>81.59999847412109375</ele>
        <time>2026-09-20T05:26:19.000Z</time>
        <extensions>
          <ns3:TrackPointExtension>
            <ns3:hr>75</ns3:hr>
            <ns3:cad>0</ns3:cad>
          </ns3:TrackPointExtension>
        </extensions>
      </trkpt>
      <trkpt lat="32.2792522609233856201171875" lon="118.283495418727397918701171875">
        <ele>81.59999847412109375</ele>
        <time>2026-09-20T05:26:27.000Z</time>
        <extensions>
          <ns3:TrackPointExtension>
            <ns3:hr>75</ns3:hr>
            <ns3:cad>0</ns3:cad>
          </ns3:TrackPointExtension>
        </extensions>
      </trkpt>
      <trkpt lat="32.2792520932853221893310546875" lon="118.2834975980222225189208984375">
        <ele>81.59999847412109375</ele>
        <time>2026-09-20T05:26:35.000Z</time>
        <extensions>
          <ns3:TrackPointExtension>
            <ns3:hr>78</ns3:hr>
            <ns3:cad>0</ns3:cad>
          </ns3:TrackPointExtension>
        </extensions>
      </trkpt>
      <trkpt lat="32.27927170693874359130859375" lon="118.2835038006305694580078125">
        <ele>81.59999847412109375</ele>
        <time>2026-09-20T05:26:44.000Z</time>
        <extensions>
          <ns3:TrackPointExtension>
            <ns3:hr>78</ns3:hr>
            <ns3:cad>0</ns3:cad>
          </ns3:TrackPointExtension>
        </extensions>
      </trkpt>
      <trkpt lat="32.2793000377714633941650390625" lon="118.28350254334509372711181640625">
        <ele>81.59999847412109375</ele>
        <time>2026-09-20T05:26:57.000Z</time>
        <extensions>
          <ns3:TrackPointExtension>
            <ns3:hr>78</ns3:hr>
            <ns3:cad>0</ns3:cad>
          </ns3:TrackPointExtension>
        </extensions>
      </trkpt>
      <trkpt lat="32.279302887618541717529296875" lon="118.28349919058382511138916015625">
        <ele>81.59999847412109375</ele>
        <time>2026-09-20T05:27:08.000Z</time>
        <extensions>
          <ns3:TrackPointExtension>
            <ns3:hr>79</ns3:hr>
            <ns3:cad>0</ns3:cad>
          </ns3:TrackPointExtension>
        </extensions>
      </trkpt>
      <trkpt lat="32.2793144546449184417724609375" lon="118.2834850251674652099609375">
        <ele>81.40000152587890625</ele>
        <time>2026-09-20T05:27:21.000Z</time>
        <extensions>
          <ns3:TrackPointExtension>
            <ns3:hr>81</ns3:hr>
            <ns3:cad>0</ns3:cad>
          </ns3:TrackPointExtension>
        </extensions>
      </trkpt>
      <trkpt lat="32.279325686395168304443359375" lon="118.2834751345217227935791015625">
        <ele>81.40000152587890625</ele>
        <time>2026-09-20T05:27:29.000Z</time>
        <extensions>
          <ns3:TrackPointExtension>
            <ns3:hr>76</ns3:hr>
            <ns3:cad>0</ns3:cad>
          </ns3:TrackPointExtension>
        </extensions>
      </trkpt>
      <trkpt lat="32.27932660840451717376708984375" lon="118.28347471542656421661376953125">
        <ele>81.40000152587890625</ele>
        <time>2026-09-20T05:27:30.000Z</time>
        <extensions>
          <ns3:TrackPointExtension>
            <ns3:hr>76</ns3:hr>
            <ns3:cad>0</ns3:cad>
          </ns3:TrackPointExtension>
        </extensions>
      </trkpt>
      <trkpt lat="32.27933205664157867431640625" lon="118.28347220085561275482177734375">
        <ele>81.40000152587890625</ele>
        <time>2026-09-20T05:27:33.000Z</time>
        <extensions>
          <ns3:TrackPointExtension>
            <ns3:hr>77</ns3:hr>
            <ns3:cad>0</ns3:cad>
          </ns3:TrackPointExtension>
        </extensions>
      </trkpt>
      <trkpt lat="32.2793349064886569976806640625" lon="118.28346348367631435394287109375">
        <ele>81.40000152587890625</ele>
        <time>2026-09-20T05:27:43.000Z</time>
        <extensions>
          <ns3:TrackPointExtension>
            <ns3:hr>80</ns3:hr>
            <ns3:cad>0</ns3:cad>
          </ns3:TrackPointExtension>
        </extensions>
      </trkpt>
      <trkpt lat="32.279331386089324951171875" lon="118.2834550179541110992431640625">
        <ele>81.40000152587890625</ele>
        <time>2026-09-20T05:27:48.000Z</time>
        <extensions>
          <ns3:TrackPointExtension>
            <ns3:hr>79</ns3:hr>
            <ns3:cad>0</ns3:cad>
          </ns3:TrackPointExtension>
        </extensions>
      </trkpt>
      <trkpt lat="32.27932342328131198883056640625" lon="118.2834573648869991302490234375">
        <ele>81.40000152587890625</ele>
        <time>2026-09-20T05:28:01.000Z</time>
        <extensions>
          <ns3:TrackPointExtension>
            <ns3:hr>79</ns3:hr>
            <ns3:cad>0</ns3:cad>
          </ns3:TrackPointExtension>
        </extensions>
      </trkpt>
      <trkpt lat="32.27932040579617023468017578125" lon="118.28346884809434413909912109375">
        <ele>81.40000152587890625</ele>
        <time>2026-09-20T05:28:12.000Z</time>
        <extensions>
          <ns3:TrackPointExtension>
            <ns3:hr>80</ns3:hr>
            <ns3:cad>0</ns3:cad>
          </ns3:TrackPointExtension>
        </extensions>
      </trkpt>
      <trkpt lat="32.2793104313313961029052734375" lon="118.28347773291170597076416015625">
        <ele>81.40000152587890625</ele>
        <time>2026-09-20T05:28:23.000Z</time>
        <extensions>
          <ns3:TrackPointExtension>
            <ns3:hr>79</ns3:hr>
            <ns3:cad>0</ns3:cad>
          </ns3:TrackPointExtension>
        </extensions>
      </trkpt>
      <trkpt lat="32.2793003730475902557373046875" lon="118.28350639902055263519287109375">
        <ele>81.1999969482421875</ele>
        <time>2026-09-20T05:28:33.000Z</time>
        <extensions>
          <ns3:TrackPointExtension>
            <ns3:hr>82</ns3:hr>
            <ns3:cad>0</ns3:cad>
          </ns3:TrackPointExtension>
        </extensions>
      </trkpt>
      <trkpt lat="32.27929794229567050933837890625" lon="118.28351385891437530517578125">
        <ele>81.1999969482421875</ele>
        <time>2026-09-20T05:28:36.000Z</time>
        <extensions>
          <ns3:TrackPointExtension>
            <ns3:hr>83</ns3:hr>
            <ns3:cad>0</ns3:cad>
          </ns3:TrackPointExtension>
        </extensions>
      </trkpt>
      <trkpt lat="32.27929241023957729339599609375" lon="118.28352048061788082122802734375">
        <ele>81.1999969482421875</ele>
        <time>2026-09-20T05:28:39.000Z</time>
        <extensions>
          <ns3:TrackPointExtension>
            <ns3:hr>88</ns3:hr>
            <ns3:cad>0</ns3:cad>
          </ns3:TrackPointExtension>
        </extensions>
      </trkpt>
      <trkpt lat="32.27929173968732357025146484375" lon="118.28352182172238826751708984375">
        <ele>81.1999969482421875</ele>
        <time>2026-09-20T05:28:40.000Z</time>
        <extensions>
          <ns3:TrackPointExtension>
            <ns3:hr>91</ns3:hr>
            <ns3:cad>0</ns3:cad>
          </ns3:TrackPointExtension>
        </extensions>
      </trkpt>
      <trkpt lat="32.2792906500399112701416015625" lon="118.28352265991270542144775390625">
        <ele>81.1999969482421875</ele>
        <time>2026-09-20T05:28:41.000Z</time>
        <extensions>
          <ns3:TrackPointExtension>
            <ns3:hr>91</ns3:hr>
            <ns3:cad>0</ns3:cad>
          </ns3:TrackPointExtension>
        </extensions>
      </trkpt>
      <trkpt lat="32.27927438914775848388671875" lon="118.28352835960686206817626953125">
        <ele>81.1999969482421875</ele>
        <time>2026-09-20T05:28:46.000Z</time>
        <extensions>
          <ns3:TrackPointExtension>
            <ns3:hr>92</ns3:hr>
            <ns3:cad>0</ns3:cad>
          </ns3:TrackPointExtension>
        </extensions>
      </trkpt>
      <trkpt lat="32.27926340885460376739501953125" lon="118.2835281081497669219970703125">
        <ele>81.1999969482421875</ele>
        <time>2026-09-20T05:28:49.000Z</time>
        <extensions>
          <ns3:TrackPointExtension>
            <ns3:hr>88</ns3:hr>
            <ns3:cad>0</ns3:cad>
          </ns3:TrackPointExtension>
        </extensions>
      </trkpt>
      <trkpt lat="32.27924597449600696563720703125" lon="118.28352148644626140594482421875">
        <ele>81.1999969482421875</ele>
        <time>2026-09-20T05:28:56.000Z</time>
        <extensions>
          <ns3:TrackPointExtension>
            <ns3:hr>85</ns3:hr>
            <ns3:cad>0</ns3:cad>
          </ns3:TrackPointExtension>
        </extensions>
      </trkpt>
      <trkpt lat="32.27924061007797718048095703125" lon="118.28351654112339019775390625">
        <ele>81.1999969482421875</ele>
        <time>2026-09-20T05:28:59.000Z</time>
        <extensions>
          <ns3:TrackPointExtension>
            <ns3:hr>82</ns3:hr>
            <ns3:cad>0</ns3:cad>
          </ns3:TrackPointExtension>
        </extensions>
      </trkpt>
      <trkpt lat="32.27923826314508914947509765625" lon="118.283504135906696319580078125">
        <ele>81.40000152587890625</ele>
        <time>2026-09-20T05:29:01.000Z</time>
        <extensions>
          <ns3:TrackPointExtension>
            <ns3:hr>79</ns3:hr>
            <ns3:cad>0</ns3:cad>
          </ns3:TrackPointExtension>
        </extensions>
      </trkpt>
      <trkpt lat="32.27923574857413768768310546875" lon="118.2834957540035247802734375">
        <ele>81.40000152587890625</ele>
        <time>2026-09-20T05:29:04.000Z</time>
        <extensions>
          <ns3:TrackPointExtension>
            <ns3:hr>76</ns3:hr>
            <ns3:cad>0</ns3:cad>
          </ns3:TrackPointExtension>
        </extensions>
      </trkpt>
      <trkpt lat="32.27923574857413768768310546875" lon="118.28349332325160503387451171875">
        <ele>81.40000152587890625</ele>
        <time>2026-09-20T05:29:07.000Z</time>
        <extensions>
          <ns3:TrackPointExtension>
            <ns3:hr>74</ns3:hr>
            <ns3:cad>0</ns3:cad>
          </ns3:TrackPointExtension>
        </extensions>
      </trkpt>
      <trkpt lat="32.27924882434308528900146484375" lon="118.2834929041564464569091796875">
        <ele>81.40000152587890625</ele>
        <time>2026-09-20T05:29:17.000Z</time>
        <extensions>
          <ns3:TrackPointExtension>
            <ns3:hr>73</ns3:hr>
            <ns3:cad>0</ns3:cad>
          </ns3:TrackPointExtension>
        </extensions>
      </trkpt>
      <trkpt lat="32.279245220124721527099609375" lon="118.28349365852773189544677734375">
        <ele>81.40000152587890625</ele>
        <time>2026-09-20T05:29:22.000Z</time>
        <extensions>
          <ns3:TrackPointExtension>
            <ns3:hr>76</ns3:hr>
            <ns3:cad>0</ns3:cad>
          </ns3:TrackPointExtension>
        </extensions>
      </trkpt>
      <trkpt lat="32.2792443819344043731689453125" lon="118.28349885530769824981689453125">
        <ele>81.40000152587890625</ele>
        <time>2026-09-20T05:29:24.000Z</time>
        <extensions>
          <ns3:TrackPointExtension>
            <ns3:hr>76</ns3:hr>
            <ns3:cad>0</ns3:cad>
          </ns3:TrackPointExtension>
        </extensions>
      </trkpt>
      <trkpt lat="32.279246561229228973388671875" lon="118.28350983560085296630859375">
        <ele>81.40000152587890625</ele>
        <time>2026-09-20T05:29:34.000Z</time>
        <extensions>
          <ns3:TrackPointExtension>
            <ns3:hr>77</ns3:hr>
            <ns3:cad>0</ns3:cad>
          </ns3:TrackPointExtension>
        </extensions>
      </trkpt>
      <trkpt lat="32.27927866391837596893310546875" lon="118.28353389166295528411865234375">
        <ele>81.40000152587890625</ele>
        <time>2026-09-20T05:29:47.000Z</time>
        <extensions>
          <ns3:TrackPointExtension>
            <ns3:hr>75</ns3:hr>
            <ns3:cad>0</ns3:cad>
          </ns3:TrackPointExtension>
        </extensions>
      </trkpt>
      <trkpt lat="32.27930079214274883270263671875" lon="118.2835364900529384613037109375">
        <ele>81.8000030517578125</ele>
        <time>2026-09-20T05:29:54.000Z</time>
        <extensions>
          <ns3:TrackPointExtension>
            <ns3:hr>77</ns3:hr>
            <ns3:cad>0</ns3:cad>
          </ns3:TrackPointExtension>
        </extensions>
      </trkpt>
      <trkpt lat="32.279299534857273101806640625" lon="118.28352567739784717559814453125">
        <ele>81.8000030517578125</ele>
        <time>2026-09-20T05:30:00.000Z</time>
        <extensions>
          <ns3:TrackPointExtension>
            <ns3:hr>76</ns3:hr>
            <ns3:cad>0</ns3:cad>
          </ns3:TrackPointExtension>
        </extensions>
      </trkpt>
      <trkpt lat="32.279298193752765655517578125" lon="118.28351360745728015899658203125">
        <ele>81.40000152587890625</ele>
        <time>2026-09-20T05:30:09.000Z</time>
        <extensions>
          <ns3:TrackPointExtension>
            <ns3:hr>75</ns3:hr>
            <ns3:cad>0</ns3:cad>
          </ns3:TrackPointExtension>
        </extensions>
      </trkpt>
      <trkpt lat="32.27930389344692230224609375" lon="118.28352685086429119110107421875">
        <ele>81.40000152587890625</ele>
        <time>2026-09-20T05:30:17.000Z</time>
        <extensions>
          <ns3:TrackPointExtension>
            <ns3:hr>72</ns3:hr>
            <ns3:cad>0</ns3:cad>
          </ns3:TrackPointExtension>
        </extensions>
      </trkpt>
      <trkpt lat="32.2792986966669559478759765625" lon="118.283526599407196044921875">
        <ele>81.59999847412109375</ele>
        <time>2026-09-20T05:30:19.000Z</time>
        <extensions>
          <ns3:TrackPointExtension>
            <ns3:hr>67</ns3:hr>
            <ns3:cad>0</ns3:cad>
          </ns3:TrackPointExtension>
        </extensions>
      </trkpt>
      <trkpt lat="32.27929492481052875518798828125" lon="118.2835292816162109375">
        <ele>81.59999847412109375</ele>
        <time>2026-09-20T05:30:20.000Z</time>
        <extensions>
          <ns3:TrackPointExtension>
            <ns3:hr>64</ns3:hr>
            <ns3:cad>0</ns3:cad>
          </ns3:TrackPointExtension>
        </extensions>
      </trkpt>
      <trkpt lat="32.27929157204926013946533203125" lon="118.2835364900529384613037109375">
        <ele>81.40000152587890625</ele>
        <time>2026-09-20T05:30:24.000Z</time>
        <extensions>
          <ns3:TrackPointExtension>
            <ns3:hr>61</ns3:hr>
            <ns3:cad>0</ns3:cad>
          </ns3:TrackPointExtension>
        </extensions>
      </trkpt>
      <trkpt lat="32.2792879678308963775634765625" lon="118.283526264131069183349609375">
        <ele>81.59999847412109375</ele>
        <time>2026-09-20T05:30:29.000Z</time>
        <extensions>
          <ns3:TrackPointExtension>
            <ns3:hr>61</ns3:hr>
            <ns3:cad>0</ns3:cad>
          </ns3:TrackPointExtension>
        </extensions>
      </trkpt>
      <trkpt lat="32.279293499886989593505859375" lon="118.28352056443691253662109375">
        <ele>81.59999847412109375</ele>
        <time>2026-09-20T05:30:32.000Z</time>
        <extensions>
          <ns3:TrackPointExtension>
            <ns3:hr>64</ns3:hr>
            <ns3:cad>0</ns3:cad>
          </ns3:TrackPointExtension>
        </extensions>
      </trkpt>
      <trkpt lat="32.27929743938148021697998046875" lon="118.28351117670536041259765625">
        <ele>81.40000152587890625</ele>
        <time>2026-09-20T05:30:38.000Z</time>
        <extensions>
          <ns3:TrackPointExtension>
            <ns3:hr>67</ns3:hr>
            <ns3:cad>0</ns3:cad>
          </ns3:TrackPointExtension>
        </extensions>
      </trkpt>
      <trkpt lat="32.27929995395243167877197265625" lon="118.28350740484893321990966796875">
        <ele>81.40000152587890625</ele>
        <time>2026-09-20T05:30:42.000Z</time>
        <extensions>
          <ns3:TrackPointExtension>
            <ns3:hr>69</ns3:hr>
            <ns3:cad>0</ns3:cad>
          </ns3:TrackPointExtension>
        </extensions>
      </trkpt>
      <trkpt lat="32.27929987013339996337890625" lon="118.2835002802312374114990234375">
        <ele>81.40000152587890625</ele>
        <time>2026-09-20T05:30:54.000Z</time>
        <extensions>
          <ns3:TrackPointExtension>
            <ns3:hr>70</ns3:hr>
            <ns3:cad>0</ns3:cad>
          </ns3:TrackPointExtension>
        </extensions>
      </trkpt>
      <trkpt lat="32.27929978631436824798583984375" lon="118.28349617309868335723876953125">
        <ele>81.40000152587890625</ele>
        <time>2026-09-20T05:31:05.000Z</time>
        <extensions>
          <ns3:TrackPointExtension>
            <ns3:hr>71</ns3:hr>
            <ns3:cad>0</ns3:cad>
          </ns3:TrackPointExtension>
        </extensions>
      </trkpt>
      <trkpt lat="32.2793087549507617950439453125" lon="118.2835140265524387359619140625">
        <ele>81.40000152587890625</ele>
        <time>2026-09-20T05:31:17.000Z</time>
        <extensions>
          <ns3:TrackPointExtension>
            <ns3:hr>70</ns3:hr>
            <ns3:cad>0</ns3:cad>
          </ns3:TrackPointExtension>
        </extensions>
      </trkpt>
      <trkpt lat="32.279289476573467254638671875" lon="118.283528946340084075927734375">
        <ele>81.40000152587890625</ele>
        <time>2026-09-20T05:31:26.000Z</time>
        <extensions>
          <ns3:TrackPointExtension>
            <ns3:hr>70</ns3:hr>
            <ns3:cad>0</ns3:cad>
          </ns3:TrackPointExtension>
        </extensions>
      </trkpt>
      <trkpt lat="32.2792603075504302978515625" lon="118.28353640623390674591064453125">
        <ele>81.40000152587890625</ele>
        <time>2026-09-20T05:31:36.000Z</time>
        <extensions>
          <ns3:TrackPointExtension>
            <ns3:hr>70</ns3:hr>
            <ns3:cad>0</ns3:cad>
          </ns3:TrackPointExtension>
        </extensions>
      </trkpt>
      <trkpt lat="32.27924228645861148834228515625" lon="118.28353741206228733062744140625">
        <ele>81.59999847412109375</ele>
        <time>2026-09-20T05:31:48.000Z</time>
        <extensions>
          <ns3:TrackPointExtension>
            <ns3:hr>70</ns3:hr>
            <ns3:cad>0</ns3:cad>
          </ns3:TrackPointExtension>
        </extensions>
      </trkpt>
      <trkpt lat="32.2792433761060237884521484375" lon="118.28353523276746273040771484375">
        <ele>81.59999847412109375</ele>
        <time>2026-09-20T05:32:01.000Z</time>
        <extensions>
          <ns3:TrackPointExtension>
            <ns3:hr>69</ns3:hr>
            <ns3:cad>0</ns3:cad>
          </ns3:TrackPointExtension>
        </extensions>
      </trkpt>
      <trkpt lat="32.2792500816285610198974609375" lon="118.28353188000619411468505859375">
        <ele>81.59999847412109375</ele>
        <time>2026-09-20T05:32:12.000Z</time>
        <extensions>
          <ns3:TrackPointExtension>
            <ns3:hr>69</ns3:hr>
            <ns3:cad>0</ns3:cad>
          </ns3:TrackPointExtension>
        </extensions>
      </trkpt>
      <trkpt lat="32.27924563921988010406494140625" lon="118.283536322414875030517578125">
        <ele>81.59999847412109375</ele>
        <time>2026-09-20T05:32:22.000Z</time>
        <extensions>
          <ns3:TrackPointExtension>
            <ns3:hr>68</ns3:hr>
            <ns3:cad>0</ns3:cad>
          </ns3:TrackPointExtension>
        </extensions>
      </trkpt>
      <trkpt lat="32.279261983931064605712890625" lon="118.2835405133664608001708984375">
        <ele>81.59999847412109375</ele>
        <time>2026-09-20T05:32:34.000Z</time>
        <extensions>
          <ns3:TrackPointExtension>
            <ns3:hr>68</ns3:hr>
            <ns3:cad>0</ns3:cad>
          </ns3:TrackPointExtension>
        </extensions>
      </trkpt>
      <trkpt lat="32.27927480824291706085205078125" lon="118.2835304550826549530029296875">
        <ele>81.59999847412109375</ele>
        <time>2026-09-20T05:32:42.000Z</time>
        <extensions>
          <ns3:TrackPointExtension>
            <ns3:hr>69</ns3:hr>
            <ns3:cad>0</ns3:cad>
          </ns3:TrackPointExtension>
        </extensions>
      </trkpt>
      <trkpt lat="32.27927681989967823028564453125" lon="118.28352919779717922210693359375">
        <ele>81.59999847412109375</ele>
        <time>2026-09-20T05:32:53.000Z</time>
        <extensions>
          <ns3:TrackPointExtension>
            <ns3:hr>70</ns3:hr>
            <ns3:cad>0</ns3:cad>
          </ns3:TrackPointExtension>
        </extensions>
      </trkpt>
      <trkpt lat="32.27927413769066333770751953125" lon="118.28353489749133586883544921875">
        <ele>81.59999847412109375</ele>
        <time>2026-09-20T05:32:58.000Z</time>
        <extensions>
          <ns3:TrackPointExtension>
            <ns3:hr>67</ns3:hr>
            <ns3:cad>0</ns3:cad>
          </ns3:TrackPointExtension>
        </extensions>
      </trkpt>
      <trkpt lat="32.2792698629200458526611328125" lon="118.28354160301387310028076171875">
        <ele>81.59999847412109375</ele>
        <time>2026-09-20T05:33:04.000Z</time>
        <extensions>
          <ns3:TrackPointExtension>
            <ns3:hr>70</ns3:hr>
            <ns3:cad>0</ns3:cad>
          </ns3:TrackPointExtension>
        </extensions>
      </trkpt>
      <trkpt lat="32.279269360005855560302734375" lon="118.28354344703257083892822265625">
        <ele>81.59999847412109375</ele>
        <time>2026-09-20T05:33:06.000Z</time>
        <extensions>
          <ns3:TrackPointExtension>
            <ns3:hr>71</ns3:hr>
            <ns3:cad>0</ns3:cad>
          </ns3:TrackPointExtension>
        </extensions>
      </trkpt>
      <trkpt lat="32.27925552986562252044677734375" lon="118.2835636474192142486572265625">
        <ele>81.59999847412109375</ele>
        <time>2026-09-20T05:33:18.000Z</time>
        <extensions>
          <ns3:TrackPointExtension>
            <ns3:hr>71</ns3:hr>
            <ns3:cad>0</ns3:cad>
          </ns3:TrackPointExtension>
        </extensions>
      </trkpt>
      <trkpt lat="32.2792497463524341583251953125" lon="118.283573202788829803466796875">
        <ele>81.59999847412109375</ele>
        <time>2026-09-20T05:33:22.000Z</time>
        <extensions>
          <ns3:TrackPointExtension>
            <ns3:hr>68</ns3:hr>
            <ns3:cad>0</ns3:cad>
          </ns3:TrackPointExtension>
        </extensions>
      </trkpt>
      <trkpt lat="32.2792388498783111572265625" lon="118.28359558247029781341552734375">
        <ele>81.8000030517578125</ele>
        <time>2026-09-20T05:33:30.000Z</time>
        <extensions>
          <ns3:TrackPointExtension>
            <ns3:hr>66</ns3:hr>
            <ns3:cad>0</ns3:cad>
          </ns3:TrackPointExtension>
        </extensions>
      </trkpt>
      <trkpt lat="32.27924563921988010406494140625" lon="118.28357362188398838043212890625">
        <ele>81.8000030517578125</ele>
        <time>2026-09-20T05:33:39.000Z</time>
        <extensions>
          <ns3:TrackPointExtension>
            <ns3:hr>68</ns3:hr>
            <ns3:cad>0</ns3:cad>
          </ns3:TrackPointExtension>
        </extensions>
      </trkpt>
      <trkpt lat="32.27926156483590602874755859375" lon="118.28352282755076885223388671875">
        <ele>81.8000030517578125</ele>
        <time>2026-09-20T05:33:51.000Z</time>
        <extensions>
          <ns3:TrackPointExtension>
            <ns3:hr>70</ns3:hr>
            <ns3:cad>0</ns3:cad>
          </ns3:TrackPointExtension>
        </extensions>
      </trkpt>
      <trkpt lat="32.2792604751884937286376953125" lon="118.2835093326866626739501953125">
        <ele>81.8000030517578125</ele>
        <time>2026-09-20T05:34:01.000Z</time>
        <extensions>
          <ns3:TrackPointExtension>
            <ns3:hr>71</ns3:hr>
            <ns3:cad>0</ns3:cad>
          </ns3:TrackPointExtension>
        </extensions>
      </trkpt>
      <trkpt lat="32.27924915961921215057373046875" lon="118.2835287787020206451416015625">
        <ele>81.8000030517578125</ele>
        <time>2026-09-20T05:34:13.000Z</time>
        <extensions>
          <ns3:TrackPointExtension>
            <ns3:hr>70</ns3:hr>
            <ns3:cad>0</ns3:cad>
          </ns3:TrackPointExtension>
        </extensions>
      </trkpt>
      <trkpt lat="32.2792544402182102203369140625" lon="118.283521570265293121337890625">
        <ele>81.59999847412109375</ele>
        <time>2026-09-20T05:34:22.000Z</time>
        <extensions>
          <ns3:TrackPointExtension>
            <ns3:hr>67</ns3:hr>
            <ns3:cad>0</ns3:cad>
          </ns3:TrackPointExtension>
        </extensions>
      </trkpt>
      <trkpt lat="32.27925502695143222808837890625" lon="118.28352316282689571380615234375">
        <ele>81.59999847412109375</ele>
        <time>2026-09-20T05:34:23.000Z</time>
        <extensions>
          <ns3:TrackPointExtension>
            <ns3:hr>65</ns3:hr>
            <ns3:cad>0</ns3:cad>
          </ns3:TrackPointExtension>
        </extensions>
      </trkpt>
      <trkpt lat="32.27927975356578826904296875" lon="118.2835153676569461822509765625">
        <ele>81.8000030517578125</ele>
        <time>2026-09-20T05:34:33.000Z</time>
        <extensions>
          <ns3:TrackPointExtension>
            <ns3:hr>65</ns3:hr>
            <ns3:cad>0</ns3:cad>
          </ns3:TrackPointExtension>
        </extensions>
      </trkpt>
      <trkpt lat="32.2792951762676239013671875" lon="118.28350120224058628082275390625">
        <ele>81.8000030517578125</ele>
        <time>2026-09-20T05:34:44.000Z</time>
        <extensions>
          <ns3:TrackPointExtension>
            <ns3:hr>66</ns3:hr>
            <ns3:cad>0</ns3:cad>
          </ns3:TrackPointExtension>
        </extensions>
      </trkpt>
      <trkpt lat="32.27928780019283294677734375" lon="118.2835012860596179962158203125">
        <ele>81.8000030517578125</ele>
        <time>2026-09-20T05:34:53.000Z</time>
        <extensions>
          <ns3:TrackPointExtension>
            <ns3:hr>68</ns3:hr>
            <ns3:cad>0</ns3:cad>
          </ns3:TrackPointExtension>
        </extensions>
      </trkpt>
      <trkpt lat="32.27928486652672290802001953125" lon="118.28350338153541088104248046875">
        <ele>81.8000030517578125</ele>
        <time>2026-09-20T05:34:55.000Z</time>
        <extensions>
          <ns3:TrackPointExtension>
            <ns3:hr>64</ns3:hr>
            <ns3:cad>0</ns3:cad>
          </ns3:TrackPointExtension>
        </extensions>
      </trkpt>
      <trkpt lat="32.27928436361253261566162109375" lon="118.28350371681153774261474609375">
        <ele>81.8000030517578125</ele>
        <time>2026-09-20T05:34:56.000Z</time>
        <extensions>
          <ns3:TrackPointExtension>
            <ns3:hr>61</ns3:hr>
            <ns3:cad>0</ns3:cad>
          </ns3:TrackPointExtension>
        </extensions>
      </trkpt>
      <trkpt lat="32.27928168140351772308349609375" lon="118.28350489027798175811767578125">
        <ele>81.59999847412109375</ele>
        <time>2026-09-20T05:34:57.000Z</time>
        <extensions>
          <ns3:TrackPointExtension>
            <ns3:hr>58</ns3:hr>
            <ns3:cad>0</ns3:cad>
          </ns3:TrackPointExtension>
        </extensions>
      </trkpt>
      <trkpt lat="32.2792789153754711151123046875" lon="118.28350723721086978912353515625">
        <ele>81.59999847412109375</ele>
        <time>2026-09-20T05:34:58.000Z</time>
        <extensions>
          <ns3:TrackPointExtension>
            <ns3:hr>58</ns3:hr>
            <ns3:cad>0</ns3:cad>
          </ns3:TrackPointExtension>
        </extensions>
      </trkpt>
      <trkpt lat="32.2792691923677921295166015625" lon="118.283511511981487274169921875">
        <ele>81.8000030517578125</ele>
        <time>2026-09-20T05:35:04.000Z</time>
        <extensions>
          <ns3:TrackPointExtension>
            <ns3:hr>58</ns3:hr>
            <ns3:cad>0</ns3:cad>
          </ns3:TrackPointExtension>
        </extensions>
      </trkpt>
      <trkpt lat="32.27925167419016361236572265625" lon="118.2835207320749759674072265625">
        <ele>81.8000030517578125</ele>
        <time>2026-09-20T05:35:16.000Z</time>
        <extensions>
          <ns3:TrackPointExtension>
            <ns3:hr>60</ns3:hr>
            <ns3:cad>0</ns3:cad>
          </ns3:TrackPointExtension>
        </extensions>
      </trkpt>
      <trkpt lat="32.27925184182822704315185546875" lon="118.28352349810302257537841796875">
        <ele>81.8000030517578125</ele>
        <time>2026-09-20T05:35:20.000Z</time>
        <extensions>
          <ns3:TrackPointExtension>
            <ns3:hr>64</ns3:hr>
            <ns3:cad>0</ns3:cad>
          </ns3:TrackPointExtension>
        </extensions>
      </trkpt>
      <trkpt lat="32.27925427258014678955078125" lon="118.2835240848362445831298828125">
        <ele>81.8000030517578125</ele>
        <time>2026-09-20T05:35:22.000Z</time>
        <extensions>
          <ns3:TrackPointExtension>
            <ns3:hr>67</ns3:hr>
            <ns3:cad>0</ns3:cad>
          </ns3:TrackPointExtension>
        </extensions>
      </trkpt>
      <trkpt lat="32.27925519458949565887451171875" lon="118.28352500684559345245361328125">
        <ele>81.8000030517578125</ele>
        <time>2026-09-20T05:35:24.000Z</time>
        <extensions>
          <ns3:TrackPointExtension>
            <ns3:hr>70</ns3:hr>
            <ns3:cad>0</ns3:cad>
          </ns3:TrackPointExtension>
        </extensions>
      </trkpt>
      <trkpt lat="32.27925938554108142852783203125" lon="118.28352400101721286773681640625">
        <ele>81.8000030517578125</ele>
        <time>2026-09-20T05:35:28.000Z</time>
        <extensions>
          <ns3:TrackPointExtension>
            <ns3:hr>72</ns3:hr>
            <ns3:cad>0</ns3:cad>
          </ns3:TrackPointExtension>
        </extensions>
      </trkpt>
      <trkpt lat="32.279268018901348114013671875" lon="118.28351813368499279022216796875">
        <ele>81.8000030517578125</ele>
        <time>2026-09-20T05:35:41.000Z</time>
        <extensions>
          <ns3:TrackPointExtension>
            <ns3:hr>73</ns3:hr>
            <ns3:cad>0</ns3:cad>
          </ns3:TrackPointExtension>
        </extensions>
      </trkpt>
      <trkpt lat="32.279277406632900238037109375" lon="118.283506818115711212158203125">
        <ele>82</ele>
        <time>2026-09-20T05:35:49.000Z</time>
        <extensions>
          <ns3:TrackPointExtension>
            <ns3:hr>72</ns3:hr>
            <ns3:cad>0</ns3:cad>
          </ns3:TrackPointExtension>
        </extensions>
      </trkpt>
      <trkpt lat="32.27927698753774166107177734375" lon="118.28353355638682842254638671875">
        <ele>81.8000030517578125</ele>
        <time>2026-09-20T05:35:59.000Z</time>
        <extensions>
          <ns3:TrackPointExtension>
            <ns3:hr>72</ns3:hr>
            <ns3:cad>0</ns3:cad>
          </ns3:TrackPointExtension>
        </extensions>
      </trkpt>
      <trkpt lat="32.2792862914502620697021484375" lon="118.283551074564456939697265625">
        <ele>81.8000030517578125</ele>
        <time>2026-09-20T05:36:01.000Z</time>
        <extensions>
          <ns3:TrackPointExtension>
            <ns3:hr>75</ns3:hr>
            <ns3:cad>0</ns3:cad>
          </ns3:TrackPointExtension>
        </extensions>
      </trkpt>
      <trkpt lat="32.27930380962789058685302734375" lon="118.28356373123824596405029296875">
        <ele>81.8000030517578125</ele>
        <time>2026-09-20T05:36:04.000Z</time>
        <extensions>
          <ns3:TrackPointExtension>
            <ns3:hr>78</ns3:hr>
            <ns3:cad>0</ns3:cad>
          </ns3:TrackPointExtension>
        </extensions>
      </trkpt>
      <trkpt lat="32.2793077491223812103271484375" lon="118.28357093967497348785400390625">
        <ele>81.8000030517578125</ele>
        <time>2026-09-20T05:36:05.000Z</time>
        <extensions>
          <ns3:TrackPointExtension>
            <ns3:hr>77</ns3:hr>
            <ns3:cad>0</ns3:cad>
          </ns3:TrackPointExtension>
        </extensions>
      </trkpt>
      <trkpt lat="32.2793456353247165679931640625" lon="118.2835928164422512054443359375">
        <ele>81.8000030517578125</ele>
        <time>2026-09-20T05:36:14.000Z</time>
        <extensions>
          <ns3:TrackPointExtension>
            <ns3:hr>74</ns3:hr>
            <ns3:cad>0</ns3:cad>
          </ns3:TrackPointExtension>
        </extensions>
      </trkpt>
      <trkpt lat="32.27935485541820526123046875" lon="118.28358988277614116668701171875">
        <ele>81.8000030517578125</ele>
        <time>2026-09-20T05:36:16.000Z</time>
        <extensions>
          <ns3:TrackPointExtension>
            <ns3:hr>74</ns3:hr>
            <ns3:cad>0</ns3:cad>
          </ns3:TrackPointExtension>
        </extensions>
      </trkpt>
      <trkpt lat="32.27936348877847194671630859375" lon="118.28357228077948093414306640625">
        <ele>81.8000030517578125</ele>
        <time>2026-09-20T05:36:27.000Z</time>
        <extensions>
          <ns3:TrackPointExtension>
            <ns3:hr>77</ns3:hr>
            <ns3:cad>0</ns3:cad>
          </ns3:TrackPointExtension>
        </extensions>
      </trkpt>
      <trkpt lat="32.27929894812405109405517578125" lon="118.2835378311574459075927734375">
        <ele>81.8000030517578125</ele>
        <time>2026-09-20T05:36:33.000Z</time>
        <extensions>
          <ns3:TrackPointExtension>
            <ns3:hr>73</ns3:hr>
            <ns3:cad>0</ns3:cad>
          </ns3:TrackPointExtension>
        </extensions>
      </trkpt>
      <trkpt lat="32.27931252680718898773193359375" lon="118.2835502363741397857666015625">
        <ele>81.8000030517578125</ele>
        <time>2026-09-20T05:36:35.000Z</time>
        <extensions>
          <ns3:TrackPointExtension>
            <ns3:hr>73</ns3:hr>
            <ns3:cad>0</ns3:cad>
          </ns3:TrackPointExtension>
        </extensions>
      </trkpt>
      <trkpt lat="32.27934605441987514495849609375" lon="118.28356356360018253326416015625">
        <ele>81.59999847412109375</ele>
        <time>2026-09-20T05:36:41.000Z</time>
        <extensions>
          <ns3:TrackPointExtension>
            <ns3:hr>76</ns3:hr>
            <ns3:cad>0</ns3:cad>
          </ns3:TrackPointExtension>
        </extensions>
      </trkpt>
      <trkpt lat="32.27945401333272457122802734375" lon="118.28362240456044673919677734375">
        <ele>81.59999847412109375</ele>
        <time>2026-09-20T05:36:51.000Z</time>
        <extensions>
          <ns3:TrackPointExtension>
            <ns3:hr>79</ns3:hr>
            <ns3:cad>0</ns3:cad>
          </ns3:TrackPointExtension>
        </extensions>
      </trkpt>
      <trkpt lat="32.27958175353705883026123046875" lon="118.28370823524892330169677734375">
        <ele>81.59999847412109375</ele>
        <time>2026-09-20T05:37:05.000Z</time>
        <extensions>
          <ns3:TrackPointExtension>
            <ns3:hr>76</ns3:hr>
            <ns3:cad>0</ns3:cad>
          </ns3:TrackPointExtension>
        </extensions>
      </trkpt>
      <trkpt lat="32.27960237301886081695556640625" lon="118.2837259210646152496337890625">
        <ele>81.59999847412109375</ele>
        <time>2026-09-20T05:37:07.000Z</time>
        <extensions>
          <ns3:TrackPointExtension>
            <ns3:hr>73</ns3:hr>
            <ns3:cad>0</ns3:cad>
          </ns3:TrackPointExtension>
        </extensions>
      </trkpt>
      <trkpt lat="32.2796353138983249664306640625" lon="118.28375936485826969146728515625">
        <ele>81.59999847412109375</ele>
        <time>2026-09-20T05:37:10.000Z</time>
        <extensions>
          <ns3:TrackPointExtension>
            <ns3:hr>70</ns3:hr>
            <ns3:cad>0</ns3:cad>
          </ns3:TrackPointExtension>
        </extensions>
      </trkpt>
      <trkpt lat="32.27964294143021106719970703125" lon="118.2837973348796367645263671875">
        <ele>81.59999847412109375</ele>
        <time>2026-09-20T05:37:15.000Z</time>
        <extensions>
          <ns3:TrackPointExtension>
            <ns3:hr>67</ns3:hr>
            <ns3:cad>0</ns3:cad>
          </ns3:TrackPointExtension>
        </extensions>
      </trkpt>
      <trkpt lat="32.2797385789453983306884765625" lon="118.28391543589532375335693359375">
        <ele>81.40000152587890625</ele>
        <time>2026-09-20T05:37:24.000Z</time>
        <extensions>
          <ns3:TrackPointExtension>
            <ns3:hr>67</ns3:hr>
            <ns3:cad>0</ns3:cad>
          </ns3:TrackPointExtension>
        </extensions>
      </trkpt>
      <trkpt lat="32.27930665947496891021728515625" lon="118.28356121666729450225830078125">
        <ele>82</ele>
        <time>2026-09-20T05:37:30.000Z</time>
        <extensions>
          <ns3:TrackPointExtension>
            <ns3:hr>68</ns3:hr>
            <ns3:cad>0</ns3:cad>
          </ns3:TrackPointExtension>
        </extensions>
      </trkpt>
      <trkpt lat="32.27929961867630481719970703125" lon="118.28354679979383945465087890625">
        <ele>81.8000030517578125</ele>
        <time>2026-09-20T05:37:34.000Z</time>
        <extensions>
          <ns3:TrackPointExtension>
            <ns3:hr>69</ns3:hr>
            <ns3:cad>0</ns3:cad>
          </ns3:TrackPointExtension>
        </extensions>
      </trkpt>
      <trkpt lat="32.2792862914502620697021484375" lon="118.283541686832904815673828125">
        <ele>81.59999847412109375</ele>
        <time>2026-09-20T05:37:39.000Z</time>
        <extensions>
          <ns3:TrackPointExtension>
            <ns3:hr>72</ns3:hr>
            <ns3:cad>0</ns3:cad>
          </ns3:TrackPointExtension>
        </extensions>
      </trkpt>
      <trkpt lat="32.2792737185955047607421875" lon="118.283539004623889923095703125">
        <ele>81.59999847412109375</ele>
        <time>2026-09-20T05:37:43.000Z</time>
        <extensions>
          <ns3:TrackPointExtension>
            <ns3:hr>75</ns3:hr>
            <ns3:cad>0</ns3:cad>
          </ns3:TrackPointExtension>
        </extensions>
      </trkpt>
      <trkpt lat="32.27926927618682384490966796875" lon="118.2835364900529384613037109375">
        <ele>81.59999847412109375</ele>
        <time>2026-09-20T05:37:44.000Z</time>
        <extensions>
          <ns3:TrackPointExtension>
            <ns3:hr>76</ns3:hr>
            <ns3:cad>0</ns3:cad>
          </ns3:TrackPointExtension>
        </extensions>
      </trkpt>
      <trkpt lat="32.27926357649266719818115234375" lon="118.283540345728397369384765625">
        <ele>81.59999847412109375</ele>
        <time>2026-09-20T05:37:45.000Z</time>
        <extensions>
          <ns3:TrackPointExtension>
            <ns3:hr>80</ns3:hr>
            <ns3:cad>0</ns3:cad>
          </ns3:TrackPointExtension>
        </extensions>
      </trkpt>
      <trkpt lat="32.279290147125720977783203125" lon="118.2835284434258937835693359375">
        <ele>81.1999969482421875</ele>
        <time>2026-09-20T05:37:57.000Z</time>
        <extensions>
          <ns3:TrackPointExtension>
            <ns3:hr>81</ns3:hr>
            <ns3:cad>0</ns3:cad>
          </ns3:TrackPointExtension>
        </extensions>
      </trkpt>
      <trkpt lat="32.2793137840926647186279296875" lon="118.28353908844292163848876953125">
        <ele>81</ele>
        <time>2026-09-20T05:38:03.000Z</time>
        <extensions>
          <ns3:TrackPointExtension>
            <ns3:hr>77</ns3:hr>
            <ns3:cad>0</ns3:cad>
          </ns3:TrackPointExtension>
        </extensions>
      </trkpt>
      <trkpt lat="32.2793171368539333343505859375" lon="118.283534981310367584228515625">
        <ele>81</ele>
        <time>2026-09-20T05:38:04.000Z</time>
        <extensions>
          <ns3:TrackPointExtension>
            <ns3:hr>72</ns3:hr>
            <ns3:cad>0</ns3:cad>
          </ns3:TrackPointExtension>
        </extensions>
      </trkpt>
      <trkpt lat="32.27932132780551910400390625" lon="118.2835292816162109375">
        <ele>81</ele>
        <time>2026-09-20T05:38:05.000Z</time>
        <extensions>
          <ns3:TrackPointExtension>
            <ns3:hr>67</ns3:hr>
            <ns3:cad>0</ns3:cad>
          </ns3:TrackPointExtension>
        </extensions>
      </trkpt>
      <trkpt lat="32.279343791306018829345703125" lon="118.2835167087614536285400390625">
        <ele>81</ele>
        <time>2026-09-20T05:38:07.000Z</time>
        <extensions>
          <ns3:TrackPointExtension>
            <ns3:hr>64</ns3:hr>
            <ns3:cad>0</ns3:cad>
          </ns3:TrackPointExtension>
        </extensions>
      </trkpt>
      <trkpt lat="32.2793805040419101715087890625" lon="118.2835113443434238433837890625">
        <ele>81.1999969482421875</ele>
        <time>2026-09-20T05:38:15.000Z</time>
        <extensions>
          <ns3:TrackPointExtension>
            <ns3:hr>66</ns3:hr>
            <ns3:cad>0</ns3:cad>
          </ns3:TrackPointExtension>
        </extensions>
      </trkpt>
      <trkpt lat="32.27931772358715534210205078125" lon="118.28349047340452671051025390625">
        <ele>81.1999969482421875</ele>
        <time>2026-09-20T05:38:19.000Z</time>
        <extensions>
          <ns3:TrackPointExtension>
            <ns3:hr>67</ns3:hr>
            <ns3:cad>0</ns3:cad>
          </ns3:TrackPointExtension>
        </extensions>
      </trkpt>
      <trkpt lat="32.27930230088531970977783203125" lon="118.28350220806896686553955078125">
        <ele>81.40000152587890625</ele>
        <time>2026-09-20T05:38:21.000Z</time>
        <extensions>
          <ns3:TrackPointExtension>
            <ns3:hr>68</ns3:hr>
            <ns3:cad>0</ns3:cad>
          </ns3:TrackPointExtension>
        </extensions>
      </trkpt>
      <trkpt lat="32.27927246131002902984619140625" lon="118.28350556083023548126220703125">
        <ele>81</ele>
        <time>2026-09-20T05:38:28.000Z</time>
        <extensions>
          <ns3:TrackPointExtension>
            <ns3:hr>66</ns3:hr>
            <ns3:cad>0</ns3:cad>
          </ns3:TrackPointExtension>
        </extensions>
      </trkpt>
      <trkpt lat="32.2792484052479267120361328125" lon="118.28349919058382511138916015625">
        <ele>81.40000152587890625</ele>
        <time>2026-09-20T05:38:36.000Z</time>
        <extensions>
          <ns3:TrackPointExtension>
            <ns3:hr>65</ns3:hr>
            <ns3:cad>0</ns3:cad>
          </ns3:TrackPointExtension>
        </extensions>
      </trkpt>
      <trkpt lat="32.27927564643323421478271484375" lon="118.28351427800953388214111328125">
        <ele>81.1999969482421875</ele>
        <time>2026-09-20T05:38:42.000Z</time>
        <extensions>
          <ns3:TrackPointExtension>
            <ns3:hr>68</ns3:hr>
            <ns3:cad>0</ns3:cad>
          </ns3:TrackPointExtension>
        </extensions>
      </trkpt>
      <trkpt lat="32.2792829386889934539794921875" lon="118.283517546951770782470703125">
        <ele>81</ele>
        <time>2026-09-20T05:38:45.000Z</time>
        <extensions>
          <ns3:TrackPointExtension>
            <ns3:hr>68</ns3:hr>
            <ns3:cad>0</ns3:cad>
          </ns3:TrackPointExtension>
        </extensions>
      </trkpt>
      <trkpt lat="32.27930347435176372528076171875" lon="118.28352903015911579132080078125">
        <ele>81</ele>
        <time>2026-09-20T05:38:56.000Z</time>
        <extensions>
          <ns3:TrackPointExtension>
            <ns3:hr>65</ns3:hr>
            <ns3:cad>0</ns3:cad>
          </ns3:TrackPointExtension>
        </extensions>
      </trkpt>
      <trkpt lat="32.27930280379951000213623046875" lon="118.28352936543524265289306640625">
        <ele>81</ele>
        <time>2026-09-20T05:38:57.000Z</time>
        <extensions>
          <ns3:TrackPointExtension>
            <ns3:hr>65</ns3:hr>
            <ns3:cad>0</ns3:cad>
          </ns3:TrackPointExtension>
        </extensions>
      </trkpt>
      <trkpt lat="32.27929651737213134765625" lon="118.28353037126362323760986328125">
        <ele>81</ele>
        <time>2026-09-20T05:39:07.000Z</time>
        <extensions>
          <ns3:TrackPointExtension>
            <ns3:hr>66</ns3:hr>
            <ns3:cad>0</ns3:cad>
          </ns3:TrackPointExtension>
        </extensions>
      </trkpt>
      <trkpt lat="32.27930121123790740966796875" lon="118.283539675176143646240234375">
        <ele>81</ele>
        <time>2026-09-20T05:39:16.000Z</time>
        <extensions>
          <ns3:TrackPointExtension>
            <ns3:hr>69</ns3:hr>
            <ns3:cad>0</ns3:cad>
          </ns3:TrackPointExtension>
        </extensions>
      </trkpt>
      <trkpt lat="32.27930464781820774078369140625" lon="118.28354344703257083892822265625">
        <ele>81</ele>
        <time>2026-09-20T05:39:17.000Z</time>
        <extensions>
          <ns3:TrackPointExtension>
            <ns3:hr>69</ns3:hr>
            <ns3:cad>0</ns3:cad>
          </ns3:TrackPointExtension>
        </extensions>
      </trkpt>
      <trkpt lat="32.27929894812405109405517578125" lon="118.28353707678616046905517578125">
        <ele>81</ele>
        <time>2026-09-20T05:39:26.000Z</time>
        <extensions>
          <ns3:TrackPointExtension>
            <ns3:hr>67</ns3:hr>
            <ns3:cad>0</ns3:cad>
          </ns3:TrackPointExtension>
        </extensions>
      </trkpt>
      <trkpt lat="32.279299534857273101806640625" lon="118.2835438661277294158935546875">
        <ele>81.1999969482421875</ele>
        <time>2026-09-20T05:39:28.000Z</time>
        <extensions>
          <ns3:TrackPointExtension>
            <ns3:hr>70</ns3:hr>
            <ns3:cad>0</ns3:cad>
          </ns3:TrackPointExtension>
        </extensions>
      </trkpt>
      <trkpt lat="32.27930389344692230224609375" lon="118.28352986834943294525146484375">
        <ele>81.1999969482421875</ele>
        <time>2026-09-20T05:39:33.000Z</time>
        <extensions>
          <ns3:TrackPointExtension>
            <ns3:hr>72</ns3:hr>
            <ns3:cad>0</ns3:cad>
          </ns3:TrackPointExtension>
        </extensions>
      </trkpt>
      <trkpt lat="32.27931906469166278839111328125" lon="118.28351913951337337493896484375">
        <ele>80.8000030517578125</ele>
        <time>2026-09-20T05:39:42.000Z</time>
        <extensions>
          <ns3:TrackPointExtension>
            <ns3:hr>71</ns3:hr>
            <ns3:cad>0</ns3:cad>
          </ns3:TrackPointExtension>
        </extensions>
      </trkpt>
      <trkpt lat="32.2793193161487579345703125" lon="118.28353590331971645355224609375">
        <ele>80.8000030517578125</ele>
        <time>2026-09-20T05:39:50.000Z</time>
        <extensions>
          <ns3:TrackPointExtension>
            <ns3:hr>70</ns3:hr>
            <ns3:cad>0</ns3:cad>
          </ns3:TrackPointExtension>
        </extensions>
      </trkpt>
      <trkpt lat="32.27930129505693912506103515625" lon="118.28355551697313785552978515625">
        <ele>80.59999847412109375</ele>
        <time>2026-09-20T05:39:56.000Z</time>
        <extensions>
          <ns3:TrackPointExtension>
            <ns3:hr>69</ns3:hr>
            <ns3:cad>0</ns3:cad>
          </ns3:TrackPointExtension>
        </extensions>
      </trkpt>
      <trkpt lat="32.27929710410535335540771484375" lon="118.28355920501053333282470703125">
        <ele>80.59999847412109375</ele>
        <time>2026-09-20T05:39:58.000Z</time>
        <extensions>
          <ns3:TrackPointExtension>
            <ns3:hr>69</ns3:hr>
            <ns3:cad>0</ns3:cad>
          </ns3:TrackPointExtension>
        </extensions>
      </trkpt>
      <trkpt lat="32.27929509244859218597412109375" lon="118.283555097877979278564453125">
        <ele>80.59999847412109375</ele>
        <time>2026-09-20T05:40:01.000Z</time>
        <extensions>
          <ns3:TrackPointExtension>
            <ns3:hr>72</ns3:hr>
            <ns3:cad>0</ns3:cad>
          </ns3:TrackPointExtension>
        </extensions>
      </trkpt>
      <trkpt lat="32.279299199581146240234375" lon="118.283552415668964385986328125">
        <ele>80.40000152587890625</ele>
        <time>2026-09-20T05:40:05.000Z</time>
        <extensions>
          <ns3:TrackPointExtension>
            <ns3:hr>71</ns3:hr>
            <ns3:cad>0</ns3:cad>
          </ns3:TrackPointExtension>
        </extensions>
      </trkpt>
      <trkpt lat="32.27930867113173007965087890625" lon="118.28354378230869770050048828125">
        <ele>80.1999969482421875</ele>
        <time>2026-09-20T05:40:15.000Z</time>
        <extensions>
          <ns3:TrackPointExtension>
            <ns3:hr>72</ns3:hr>
            <ns3:cad>0</ns3:cad>
          </ns3:TrackPointExtension>
        </extensions>
      </trkpt>
      <trkpt lat="32.27930699475109577178955078125" lon="118.283517546951770782470703125">
        <ele>80</ele>
        <time>2026-09-20T05:40:25.000Z</time>
        <extensions>
          <ns3:TrackPointExtension>
            <ns3:hr>70</ns3:hr>
            <ns3:cad>0</ns3:cad>
          </ns3:TrackPointExtension>
        </extensions>
      </trkpt>
      <trkpt lat="32.27930515073239803314208984375" lon="118.28350891359150409698486328125">
        <ele>79.59999847412109375</ele>
        <time>2026-09-20T05:40:30.000Z</time>
        <extensions>
          <ns3:TrackPointExtension>
            <ns3:hr>70</ns3:hr>
            <ns3:cad>0</ns3:cad>
          </ns3:TrackPointExtension>
        </extensions>
      </trkpt>
      <trkpt lat="32.27930582128465175628662109375" lon="118.28350313007831573486328125">
        <ele>79.59999847412109375</ele>
        <time>2026-09-20T05:40:32.000Z</time>
        <extensions>
          <ns3:TrackPointExtension>
            <ns3:hr>70</ns3:hr>
            <ns3:cad>0</ns3:cad>
          </ns3:TrackPointExtension>
        </extensions>
      </trkpt>
      <trkpt lat="32.27930246852338314056396484375" lon="118.28350354917347431182861328125">
        <ele>79.59999847412109375</ele>
        <time>2026-09-20T05:40:41.000Z</time>
        <extensions>
          <ns3:TrackPointExtension>
            <ns3:hr>72</ns3:hr>
            <ns3:cad>0</ns3:cad>
          </ns3:TrackPointExtension>
        </extensions>
      </trkpt>
      <trkpt lat="32.27927598170936107635498046875" lon="118.283523581922054290771484375">
        <ele>79.8000030517578125</ele>
        <time>2026-09-20T05:40:51.000Z</time>
        <extensions>
          <ns3:TrackPointExtension>
            <ns3:hr>71</ns3:hr>
            <ns3:cad>0</ns3:cad>
          </ns3:TrackPointExtension>
        </extensions>
      </trkpt>
      <trkpt lat="32.27925854735076427459716796875" lon="118.28353422693908214569091796875">
        <ele>79.8000030517578125</ele>
        <time>2026-09-20T05:41:02.000Z</time>
        <extensions>
          <ns3:TrackPointExtension>
            <ns3:hr>74</ns3:hr>
            <ns3:cad>0</ns3:cad>
          </ns3:TrackPointExtension>
        </extensions>
      </trkpt>
      <trkpt lat="32.27925938554108142852783203125" lon="118.28353640623390674591064453125">
        <ele>79.8000030517578125</ele>
        <time>2026-09-20T05:41:03.000Z</time>
        <extensions>
          <ns3:TrackPointExtension>
            <ns3:hr>74</ns3:hr>
            <ns3:cad>0</ns3:cad>
          </ns3:TrackPointExtension>
        </extensions>
      </trkpt>
      <trkpt lat="32.27925485931336879730224609375" lon="118.2835415191948413848876953125">
        <ele>79.8000030517578125</ele>
        <time>2026-09-20T05:41:08.000Z</time>
        <extensions>
          <ns3:TrackPointExtension>
            <ns3:hr>71</ns3:hr>
            <ns3:cad>0</ns3:cad>
          </ns3:TrackPointExtension>
        </extensions>
      </trkpt>
      <trkpt lat="32.27925016544759273529052734375" lon="118.28355006873607635498046875">
        <ele>79.8000030517578125</ele>
        <time>2026-09-20T05:41:13.000Z</time>
        <extensions>
          <ns3:TrackPointExtension>
            <ns3:hr>70</ns3:hr>
            <ns3:cad>0</ns3:cad>
          </ns3:TrackPointExtension>
        </extensions>
      </trkpt>
      <trkpt lat="32.2792497463524341583251953125" lon="118.2835800759494304656982421875">
        <ele>80.1999969482421875</ele>
        <time>2026-09-20T05:41:24.000Z</time>
        <extensions>
          <ns3:TrackPointExtension>
            <ns3:hr>71</ns3:hr>
            <ns3:cad>0</ns3:cad>
          </ns3:TrackPointExtension>
        </extensions>
      </trkpt>
      <trkpt lat="32.27927715517580509185791015625" lon="118.28358627855777740478515625">
        <ele>80.1999969482421875</ele>
        <time>2026-09-20T05:41:33.000Z</time>
        <extensions>
          <ns3:TrackPointExtension>
            <ns3:hr>71</ns3:hr>
            <ns3:cad>0</ns3:cad>
          </ns3:TrackPointExtension>
        </extensions>
      </trkpt>
      <trkpt lat="32.27927849628031253814697265625" lon="118.28358200378715991973876953125">
        <ele>80.1999969482421875</ele>
        <time>2026-09-20T05:41:45.000Z</time>
        <extensions>
          <ns3:TrackPointExtension>
            <ns3:hr>72</ns3:hr>
            <ns3:cad>0</ns3:cad>
          </ns3:TrackPointExtension>
        </extensions>
      </trkpt>
      <trkpt lat="32.27928109467029571533203125" lon="118.28356792218983173370361328125">
        <ele>80.1999969482421875</ele>
        <time>2026-09-20T05:41:51.000Z</time>
        <extensions>
          <ns3:TrackPointExtension>
            <ns3:hr>75</ns3:hr>
            <ns3:cad>0</ns3:cad>
          </ns3:TrackPointExtension>
        </extensions>
      </trkpt>
      <trkpt lat="32.27927899919450283050537109375" lon="118.28354931436479091644287109375">
        <ele>80</ele>
        <time>2026-09-20T05:41:55.000Z</time>
        <extensions>
          <ns3:TrackPointExtension>
            <ns3:hr>77</ns3:hr>
            <ns3:cad>0</ns3:cad>
          </ns3:TrackPointExtension>
        </extensions>
      </trkpt>
      <trkpt lat="32.27927162311971187591552734375" lon="118.2835234142839908599853515625">
        <ele>80.1999969482421875</ele>
        <time>2026-09-20T05:42:06.000Z</time>
        <extensions>
          <ns3:TrackPointExtension>
            <ns3:hr>77</ns3:hr>
            <ns3:cad>0</ns3:cad>
          </ns3:TrackPointExtension>
        </extensions>
      </trkpt>
      <trkpt lat="32.2792712040245532989501953125" lon="118.28352064825594425201416015625">
        <ele>80.1999969482421875</ele>
        <time>2026-09-20T05:42:10.000Z</time>
        <extensions>
          <ns3:TrackPointExtension>
            <ns3:hr>71</ns3:hr>
            <ns3:cad>0</ns3:cad>
          </ns3:TrackPointExtension>
        </extensions>
      </trkpt>
      <trkpt lat="32.2792745567858219146728515625" lon="118.28352115117013454437255859375">
        <ele>80.1999969482421875</ele>
        <time>2026-09-20T05:42:12.000Z</time>
        <extensions>
          <ns3:TrackPointExtension>
            <ns3:hr>68</ns3:hr>
            <ns3:cad>0</ns3:cad>
          </ns3:TrackPointExtension>
        </extensions>
      </trkpt>
      <trkpt lat="32.27927916683256626129150390625" lon="118.28352064825594425201416015625">
        <ele>80.1999969482421875</ele>
        <time>2026-09-20T05:42:15.000Z</time>
        <extensions>
          <ns3:TrackPointExtension>
            <ns3:hr>69</ns3:hr>
            <ns3:cad>0</ns3:cad>
          </ns3:TrackPointExtension>
        </extensions>
      </trkpt>
      <trkpt lat="32.27929584681987762451171875" lon="118.28350581228733062744140625">
        <ele>80.1999969482421875</ele>
        <time>2026-09-20T05:42:23.000Z</time>
        <extensions>
          <ns3:TrackPointExtension>
            <ns3:hr>70</ns3:hr>
            <ns3:cad>0</ns3:cad>
          </ns3:TrackPointExtension>
        </extensions>
      </trkpt>
      <trkpt lat="32.2793059051036834716796875" lon="118.2834965921938419342041015625">
        <ele>80.1999969482421875</ele>
        <time>2026-09-20T05:42:31.000Z</time>
        <extensions>
          <ns3:TrackPointExtension>
            <ns3:hr>70</ns3:hr>
            <ns3:cad>0</ns3:cad>
          </ns3:TrackPointExtension>
        </extensions>
      </trkpt>
      <trkpt lat="32.27930163033306598663330078125" lon="118.2834939099848270416259765625">
        <ele>80.1999969482421875</ele>
        <time>2026-09-20T05:42:39.000Z</time>
        <extensions>
          <ns3:TrackPointExtension>
            <ns3:hr>69</ns3:hr>
            <ns3:cad>0</ns3:cad>
          </ns3:TrackPointExtension>
        </extensions>
      </trkpt>
      <trkpt lat="32.27929425425827503204345703125" lon="118.28348980285227298736572265625">
        <ele>80</ele>
        <time>2026-09-20T05:42:48.000Z</time>
        <extensions>
          <ns3:TrackPointExtension>
            <ns3:hr>68</ns3:hr>
            <ns3:cad>0</ns3:cad>
          </ns3:TrackPointExtension>
        </extensions>
      </trkpt>
      <trkpt lat="32.27929743938148021697998046875" lon="118.28348167240619659423828125">
        <ele>80.1999969482421875</ele>
        <time>2026-09-20T05:42:57.000Z</time>
        <extensions>
          <ns3:TrackPointExtension>
            <ns3:hr>68</ns3:hr>
            <ns3:cad>0</ns3:cad>
          </ns3:TrackPointExtension>
        </extensions>
      </trkpt>
      <trkpt lat="32.2793030552566051483154296875" lon="118.28352500684559345245361328125">
        <ele>80.40000152587890625</ele>
        <time>2026-09-20T05:43:04.000Z</time>
        <extensions>
          <ns3:TrackPointExtension>
            <ns3:hr>70</ns3:hr>
            <ns3:cad>0</ns3:cad>
          </ns3:TrackPointExtension>
        </extensions>
      </trkpt>
      <trkpt lat="32.27931370027363300323486328125" lon="118.283572532236576080322265625">
        <ele>80.1999969482421875</ele>
        <time>2026-09-20T05:43:12.000Z</time>
        <extensions>
          <ns3:TrackPointExtension>
            <ns3:hr>72</ns3:hr>
            <ns3:cad>0</ns3:cad>
          </ns3:TrackPointExtension>
        </extensions>
      </trkpt>
      <trkpt lat="32.27931194007396697998046875" lon="118.28358133323490619659423828125">
        <ele>80</ele>
        <time>2026-09-20T05:43:19.000Z</time>
        <extensions>
          <ns3:TrackPointExtension>
            <ns3:hr>71</ns3:hr>
            <ns3:cad>0</ns3:cad>
          </ns3:TrackPointExtension>
        </extensions>
      </trkpt>
      <trkpt lat="32.2793018817901611328125" lon="118.2836085744202136993408203125">
        <ele>79.8000030517578125</ele>
        <time>2026-09-20T05:43:26.000Z</time>
        <extensions>
          <ns3:TrackPointExtension>
            <ns3:hr>68</ns3:hr>
            <ns3:cad>0</ns3:cad>
          </ns3:TrackPointExtension>
        </extensions>
      </trkpt>
      <trkpt lat="32.27930062450468540191650390625" lon="118.28362651169300079345703125">
        <ele>79.8000030517578125</ele>
        <time>2026-09-20T05:43:29.000Z</time>
        <extensions>
          <ns3:TrackPointExtension>
            <ns3:hr>68</ns3:hr>
            <ns3:cad>0</ns3:cad>
          </ns3:TrackPointExtension>
        </extensions>
      </trkpt>
      <trkpt lat="32.27929056622087955474853515625" lon="118.28365442343056201934814453125">
        <ele>79.1999969482421875</ele>
        <time>2026-09-20T05:43:37.000Z</time>
        <extensions>
          <ns3:TrackPointExtension>
            <ns3:hr>67</ns3:hr>
            <ns3:cad>0</ns3:cad>
          </ns3:TrackPointExtension>
        </extensions>
      </trkpt>
      <trkpt lat="32.2792970202863216400146484375" lon="118.2836327143013477325439453125">
        <ele>79.1999969482421875</ele>
        <time>2026-09-20T05:43:45.000Z</time>
        <extensions>
          <ns3:TrackPointExtension>
            <ns3:hr>68</ns3:hr>
            <ns3:cad>0</ns3:cad>
          </ns3:TrackPointExtension>
        </extensions>
      </trkpt>
      <trkpt lat="32.2793064080178737640380859375" lon="118.28360362909734249114990234375">
        <ele>79.1999969482421875</ele>
        <time>2026-09-20T05:43:50.000Z</time>
        <extensions>
          <ns3:TrackPointExtension>
            <ns3:hr>75</ns3:hr>
            <ns3:cad>0</ns3:cad>
          </ns3:TrackPointExtension>
        </extensions>
      </trkpt>
      <trkpt lat="32.27930724620819091796875" lon="118.283591307699680328369140625">
        <ele>79.1999969482421875</ele>
        <time>2026-09-20T05:43:52.000Z</time>
        <extensions>
          <ns3:TrackPointExtension>
            <ns3:hr>79</ns3:hr>
            <ns3:cad>0</ns3:cad>
          </ns3:TrackPointExtension>
        </extensions>
      </trkpt>
      <trkpt lat="32.27930766530334949493408203125" lon="118.28358837403357028961181640625">
        <ele>79.1999969482421875</ele>
        <time>2026-09-20T05:43:55.000Z</time>
        <extensions>
          <ns3:TrackPointExtension>
            <ns3:hr>80</ns3:hr>
            <ns3:cad>0</ns3:cad>
          </ns3:TrackPointExtension>
        </extensions>
      </trkpt>
      <trkpt lat="32.2793064080178737640380859375" lon="118.2835891284048557281494140625">
        <ele>79.1999969482421875</ele>
        <time>2026-09-20T05:44:05.000Z</time>
        <extensions>
          <ns3:TrackPointExtension>
            <ns3:hr>78</ns3:hr>
            <ns3:cad>0</ns3:cad>
          </ns3:TrackPointExtension>
        </extensions>
      </trkpt>
      <trkpt lat="32.2792976908385753631591796875" lon="118.28362642787396907806396484375">
        <ele>79.1999969482421875</ele>
        <time>2026-09-20T05:44:13.000Z</time>
        <extensions>
          <ns3:TrackPointExtension>
            <ns3:hr>79</ns3:hr>
            <ns3:cad>0</ns3:cad>
          </ns3:TrackPointExtension>
        </extensions>
      </trkpt>
      <trkpt lat="32.27929475717246532440185546875" lon="118.28361754305660724639892578125">
        <ele>79.1999969482421875</ele>
        <time>2026-09-20T05:44:20.000Z</time>
        <extensions>
          <ns3:TrackPointExtension>
            <ns3:hr>77</ns3:hr>
            <ns3:cad>0</ns3:cad>
          </ns3:TrackPointExtension>
        </extensions>
      </trkpt>
      <trkpt lat="32.27930196560919284820556640625" lon="118.28356490470468997955322265625">
        <ele>79.1999969482421875</ele>
        <time>2026-09-20T05:44:30.000Z</time>
        <extensions>
          <ns3:TrackPointExtension>
            <ns3:hr>77</ns3:hr>
            <ns3:cad>0</ns3:cad>
          </ns3:TrackPointExtension>
        </extensions>
      </trkpt>
      <trkpt lat="32.27930196560919284820556640625" lon="118.28355132602155208587646484375">
        <ele>79.1999969482421875</ele>
        <time>2026-09-20T05:44:34.000Z</time>
        <extensions>
          <ns3:TrackPointExtension>
            <ns3:hr>74</ns3:hr>
            <ns3:cad>0</ns3:cad>
          </ns3:TrackPointExtension>
        </extensions>
      </trkpt>
      <trkpt lat="32.27930380962789058685302734375" lon="118.28354470431804656982421875">
        <ele>79.1999969482421875</ele>
        <time>2026-09-20T05:44:36.000Z</time>
        <extensions>
          <ns3:TrackPointExtension>
            <ns3:hr>74</ns3:hr>
            <ns3:cad>0</ns3:cad>
          </ns3:TrackPointExtension>
        </extensions>
      </trkpt>
      <trkpt lat="32.27930464781820774078369140625" lon="118.2835190556943416595458984375">
        <ele>79.1999969482421875</ele>
        <time>2026-09-20T05:44:44.000Z</time>
        <extensions>
          <ns3:TrackPointExtension>
            <ns3:hr>74</ns3:hr>
            <ns3:cad>0</ns3:cad>
          </ns3:TrackPointExtension>
        </extensions>
      </trkpt>
      <trkpt lat="32.27931219153106212615966796875" lon="118.2834553532302379608154296875">
        <ele>79.1999969482421875</ele>
        <time>2026-09-20T05:44:55.000Z</time>
        <extensions>
          <ns3:TrackPointExtension>
            <ns3:hr>77</ns3:hr>
            <ns3:cad>0</ns3:cad>
          </ns3:TrackPointExtension>
        </extensions>
      </trkpt>
      <trkpt lat="32.279313616454601287841796875" lon="118.283443450927734375">
        <ele>79.1999969482421875</ele>
        <time>2026-09-20T05:44:57.000Z</time>
        <extensions>
          <ns3:TrackPointExtension>
            <ns3:hr>81</ns3:hr>
            <ns3:cad>0</ns3:cad>
          </ns3:TrackPointExtension>
        </extensions>
      </trkpt>
      <trkpt lat="32.27931462228298187255859375" lon="118.28343213535845279693603515625">
        <ele>79.1999969482421875</ele>
        <time>2026-09-20T05:44:58.000Z</time>
        <extensions>
          <ns3:TrackPointExtension>
            <ns3:hr>83</ns3:hr>
            <ns3:cad>0</ns3:cad>
          </ns3:TrackPointExtension>
        </extensions>
      </trkpt>
      <trkpt lat="32.2793134488165378570556640625" lon="118.28341059386730194091796875">
        <ele>79.1999969482421875</ele>
        <time>2026-09-20T05:45:00.000Z</time>
        <extensions>
          <ns3:TrackPointExtension>
            <ns3:hr>86</ns3:hr>
            <ns3:cad>0</ns3:cad>
          </ns3:TrackPointExtension>
        </extensions>
      </trkpt>
      <trkpt lat="32.27931118570268154144287109375" lon="118.28338486142456531524658203125">
        <ele>79.1999969482421875</ele>
        <time>2026-09-20T05:45:05.000Z</time>
        <extensions>
          <ns3:TrackPointExtension>
            <ns3:hr>87</ns3:hr>
            <ns3:cad>0</ns3:cad>
          </ns3:TrackPointExtension>
        </extensions>
      </trkpt>
      <trkpt lat="32.2792973555624485015869140625" lon="118.283341191709041595458984375">
        <ele>79.1999969482421875</ele>
        <time>2026-09-20T05:45:13.000Z</time>
        <extensions>
          <ns3:TrackPointExtension>
            <ns3:hr>86</ns3:hr>
            <ns3:cad>0</ns3:cad>
          </ns3:TrackPointExtension>
        </extensions>
      </trkpt>
      <trkpt lat="32.27928134612739086151123046875" lon="118.28347035683691501617431640625">
        <ele>79.1999969482421875</ele>
        <time>2026-09-20T05:45:30.000Z</time>
        <extensions>
          <ns3:TrackPointExtension>
            <ns3:hr>84</ns3:hr>
            <ns3:cad>0</ns3:cad>
          </ns3:TrackPointExtension>
        </extensions>
      </trkpt>
      <trkpt lat="32.27928235195577144622802734375" lon="118.28348142094910144805908203125">
        <ele>79.1999969482421875</ele>
        <time>2026-09-20T05:45:33.000Z</time>
        <extensions>
          <ns3:TrackPointExtension>
            <ns3:hr>87</ns3:hr>
            <ns3:cad>0</ns3:cad>
          </ns3:TrackPointExtension>
        </extensions>
      </trkpt>
      <trkpt lat="32.27926139719784259796142578125" lon="118.28352718614041805267333984375">
        <ele>79.40000152587890625</ele>
        <time>2026-09-20T05:45:47.000Z</time>
        <extensions>
          <ns3:TrackPointExtension>
            <ns3:hr>89</ns3:hr>
            <ns3:cad>0</ns3:cad>
          </ns3:TrackPointExtension>
        </extensions>
      </trkpt>
      <trkpt lat="32.2792246006429195404052734375" lon="118.28357429243624210357666015625">
        <ele>79.40000152587890625</ele>
        <time>2026-09-20T05:45:56.000Z</time>
        <extensions>
          <ns3:TrackPointExtension>
            <ns3:hr>86</ns3:hr>
            <ns3:cad>0</ns3:cad>
          </ns3:TrackPointExtension>
        </extensions>
      </trkpt>
      <trkpt lat="32.27921395562589168548583984375" lon="118.28360346145927906036376953125">
        <ele>79.40000152587890625</ele>
        <time>2026-09-20T05:45:59.000Z</time>
        <extensions>
          <ns3:TrackPointExtension>
            <ns3:hr>84</ns3:hr>
            <ns3:cad>0</ns3:cad>
          </ns3:TrackPointExtension>
        </extensions>
      </trkpt>
      <trkpt lat="32.27920875884592533111572265625" lon="118.2836179621517658233642578125">
        <ele>79.1999969482421875</ele>
        <time>2026-09-20T05:46:02.000Z</time>
        <extensions>
          <ns3:TrackPointExtension>
            <ns3:hr>81</ns3:hr>
            <ns3:cad>0</ns3:cad>
          </ns3:TrackPointExtension>
        </extensions>
      </trkpt>
      <trkpt lat="32.2792066633701324462890625" lon="118.2836343906819820404052734375">
        <ele>79.1999969482421875</ele>
        <time>2026-09-20T05:46:06.000Z</time>
        <extensions>
          <ns3:TrackPointExtension>
            <ns3:hr>78</ns3:hr>
            <ns3:cad>0</ns3:cad>
          </ns3:TrackPointExtension>
        </extensions>
      </trkpt>
      <trkpt lat="32.27922854013741016387939453125" lon="118.28365576453506946563720703125">
        <ele>79.1999969482421875</ele>
        <time>2026-09-20T05:46:14.000Z</time>
        <extensions>
          <ns3:TrackPointExtension>
            <ns3:hr>78</ns3:hr>
            <ns3:cad>0</ns3:cad>
          </ns3:TrackPointExtension>
        </extensions>
      </trkpt>
      <trkpt lat="32.279269695281982421875" lon="118.28363464213907718658447265625">
        <ele>79.40000152587890625</ele>
        <time>2026-09-20T05:46:26.000Z</time>
        <extensions>
          <ns3:TrackPointExtension>
            <ns3:hr>77</ns3:hr>
            <ns3:cad>0</ns3:cad>
          </ns3:TrackPointExtension>
        </extensions>
      </trkpt>
      <trkpt lat="32.27927438914775848388671875" lon="118.28365199267864227294921875">
        <ele>79.40000152587890625</ele>
        <time>2026-09-20T05:46:31.000Z</time>
        <extensions>
          <ns3:TrackPointExtension>
            <ns3:hr>82</ns3:hr>
            <ns3:cad>0</ns3:cad>
          </ns3:TrackPointExtension>
        </extensions>
      </trkpt>
      <trkpt lat="32.27927631698548793792724609375" lon="118.28365777619183063507080078125">
        <ele>79.40000152587890625</ele>
        <time>2026-09-20T05:46:32.000Z</time>
        <extensions>
          <ns3:TrackPointExtension>
            <ns3:hr>85</ns3:hr>
            <ns3:cad>0</ns3:cad>
          </ns3:TrackPointExtension>
        </extensions>
      </trkpt>
      <trkpt lat="32.279277406632900238037109375" lon="118.283661715686321258544921875">
        <ele>79.40000152587890625</ele>
        <time>2026-09-20T05:46:33.000Z</time>
        <extensions>
          <ns3:TrackPointExtension>
            <ns3:hr>85</ns3:hr>
            <ns3:cad>0</ns3:cad>
          </ns3:TrackPointExtension>
        </extensions>
      </trkpt>
      <trkpt lat="32.27927732281386852264404296875" lon="118.28366263769567012786865234375">
        <ele>79.40000152587890625</ele>
        <time>2026-09-20T05:46:34.000Z</time>
        <extensions>
          <ns3:TrackPointExtension>
            <ns3:hr>86</ns3:hr>
            <ns3:cad>0</ns3:cad>
          </ns3:TrackPointExtension>
        </extensions>
      </trkpt>
      <trkpt lat="32.27927983738481998443603515625" lon="118.283661715686321258544921875">
        <ele>79.40000152587890625</ele>
        <time>2026-09-20T05:46:40.000Z</time>
        <extensions>
          <ns3:TrackPointExtension>
            <ns3:hr>83</ns3:hr>
            <ns3:cad>0</ns3:cad>
          </ns3:TrackPointExtension>
        </extensions>
      </trkpt>
      <trkpt lat="32.27926097810268402099609375" lon="118.28366984613239765167236328125">
        <ele>79.59999847412109375</ele>
        <time>2026-09-20T05:46:45.000Z</time>
        <extensions>
          <ns3:TrackPointExtension>
            <ns3:hr>79</ns3:hr>
            <ns3:cad>0</ns3:cad>
          </ns3:TrackPointExtension>
        </extensions>
      </trkpt>
      <trkpt lat="32.27925955317914485931396484375" lon="118.28365492634475231170654296875">
        <ele>79.8000030517578125</ele>
        <time>2026-09-20T05:46:47.000Z</time>
        <extensions>
          <ns3:TrackPointExtension>
            <ns3:hr>78</ns3:hr>
            <ns3:cad>0</ns3:cad>
          </ns3:TrackPointExtension>
        </extensions>
      </trkpt>
      <trkpt lat="32.27927078492939472198486328125" lon="118.2836142741143703460693359375">
        <ele>80.1999969482421875</ele>
        <time>2026-09-20T05:46:50.000Z</time>
        <extensions>
          <ns3:TrackPointExtension>
            <ns3:hr>79</ns3:hr>
            <ns3:cad>0</ns3:cad>
          </ns3:TrackPointExtension>
        </extensions>
      </trkpt>
      <trkpt lat="32.27927933447062969207763671875" lon="118.28359960578382015228271484375">
        <ele>80.1999969482421875</ele>
        <time>2026-09-20T05:46:52.000Z</time>
        <extensions>
          <ns3:TrackPointExtension>
            <ns3:hr>80</ns3:hr>
            <ns3:cad>0</ns3:cad>
          </ns3:TrackPointExtension>
        </extensions>
      </trkpt>
      <trkpt lat="32.279316969215869903564453125" lon="118.283597342669963836669921875">
        <ele>79.40000152587890625</ele>
        <time>2026-09-20T05:46:59.000Z</time>
        <extensions>
          <ns3:TrackPointExtension>
            <ns3:hr>80</ns3:hr>
            <ns3:cad>0</ns3:cad>
          </ns3:TrackPointExtension>
        </extensions>
      </trkpt>
      <trkpt lat="32.279323674738407135009765625" lon="118.28357865102589130401611328125">
        <ele>79.40000152587890625</ele>
        <time>2026-09-20T05:47:07.000Z</time>
        <extensions>
          <ns3:TrackPointExtension>
            <ns3:hr>80</ns3:hr>
            <ns3:cad>0</ns3:cad>
          </ns3:TrackPointExtension>
        </extensions>
      </trkpt>
      <trkpt lat="32.2793327271938323974609375" lon="118.28358787111937999725341796875">
        <ele>79.40000152587890625</ele>
        <time>2026-09-20T05:47:15.000Z</time>
        <extensions>
          <ns3:TrackPointExtension>
            <ns3:hr>83</ns3:hr>
            <ns3:cad>0</ns3:cad>
          </ns3:TrackPointExtension>
        </extensions>
      </trkpt>
      <trkpt lat="32.27933096699416637420654296875" lon="118.2835904695093631744384765625">
        <ele>79.40000152587890625</ele>
        <time>2026-09-20T05:47:17.000Z</time>
        <extensions>
          <ns3:TrackPointExtension>
            <ns3:hr>82</ns3:hr>
            <ns3:cad>0</ns3:cad>
          </ns3:TrackPointExtension>
        </extensions>
      </trkpt>
      <trkpt lat="32.2792990319430828094482421875" lon="118.28361083753407001495361328125">
        <ele>79.40000152587890625</ele>
        <time>2026-09-20T05:47:26.000Z</time>
        <extensions>
          <ns3:TrackPointExtension>
            <ns3:hr>82</ns3:hr>
            <ns3:cad>0</ns3:cad>
          </ns3:TrackPointExtension>
        </extensions>
      </trkpt>
      <trkpt lat="32.279165089130401611328125" lon="118.28372164629399776458740234375">
        <ele>79.40000152587890625</ele>
        <time>2026-09-20T05:47:42.000Z</time>
        <extensions>
          <ns3:TrackPointExtension>
            <ns3:hr>79</ns3:hr>
            <ns3:cad>0</ns3:cad>
          </ns3:TrackPointExtension>
        </extensions>
      </trkpt>
      <trkpt lat="32.279172129929065704345703125" lon="118.28365190885961055755615234375">
        <ele>79.1999969482421875</ele>
        <time>2026-09-20T05:47:55.000Z</time>
        <extensions>
          <ns3:TrackPointExtension>
            <ns3:hr>76</ns3:hr>
            <ns3:cad>0</ns3:cad>
          </ns3:TrackPointExtension>
        </extensions>
      </trkpt>
      <trkpt lat="32.279180176556110382080078125" lon="118.2836270146071910858154296875">
        <ele>79.1999969482421875</ele>
        <time>2026-09-20T05:47:57.000Z</time>
        <extensions>
          <ns3:TrackPointExtension>
            <ns3:hr>76</ns3:hr>
            <ns3:cad>0</ns3:cad>
          </ns3:TrackPointExtension>
        </extensions>
      </trkpt>
      <trkpt lat="32.279131896793842315673828125" lon="118.28363120555877685546875">
        <ele>79.1999969482421875</ele>
        <time>2026-09-20T05:48:04.000Z</time>
        <extensions>
          <ns3:TrackPointExtension>
            <ns3:hr>79</ns3:hr>
            <ns3:cad>0</ns3:cad>
          </ns3:TrackPointExtension>
        </extensions>
      </trkpt>
      <trkpt lat="32.27903609164059162139892578125" lon="118.28374746255576610565185546875">
        <ele>79</ele>
        <time>2026-09-20T05:48:20.000Z</time>
        <extensions>
          <ns3:TrackPointExtension>
            <ns3:hr>76</ns3:hr>
            <ns3:cad>0</ns3:cad>
          </ns3:TrackPointExtension>
        </extensions>
      </trkpt>
      <trkpt lat="32.27912024594843387603759765625" lon="118.28379138372838497161865234375">
        <ele>79</ele>
        <time>2026-09-20T05:48:34.000Z</time>
        <extensions>
          <ns3:TrackPointExtension>
            <ns3:hr>79</ns3:hr>
            <ns3:cad>0</ns3:cad>
          </ns3:TrackPointExtension>
        </extensions>
      </trkpt>
      <trkpt lat="32.27915192954242229461669921875" lon="118.28371561132371425628662109375">
        <ele>78.8000030517578125</ele>
        <time>2026-09-20T05:48:45.000Z</time>
        <extensions>
          <ns3:TrackPointExtension>
            <ns3:hr>76</ns3:hr>
            <ns3:cad>0</ns3:cad>
          </ns3:TrackPointExtension>
        </extensions>
      </trkpt>
      <trkpt lat="32.27915444411337375640869140625" lon="118.2837480492889881134033203125">
        <ele>78.8000030517578125</ele>
        <time>2026-09-20T05:48:50.000Z</time>
        <extensions>
          <ns3:TrackPointExtension>
            <ns3:hr>76</ns3:hr>
            <ns3:cad>0</ns3:cad>
          </ns3:TrackPointExtension>
        </extensions>
      </trkpt>
      <trkpt lat="32.27919794619083404541015625" lon="118.28370186500251293182373046875">
        <ele>78.59999847412109375</ele>
        <time>2026-09-20T05:49:06.000Z</time>
        <extensions>
          <ns3:TrackPointExtension>
            <ns3:hr>75</ns3:hr>
            <ns3:cad>0</ns3:cad>
          </ns3:TrackPointExtension>
        </extensions>
      </trkpt>
      <trkpt lat="32.279205657541751861572265625" lon="118.2836213149130344390869140625">
        <ele>78.59999847412109375</ele>
        <time>2026-09-20T05:49:17.000Z</time>
        <extensions>
          <ns3:TrackPointExtension>
            <ns3:hr>74</ns3:hr>
            <ns3:cad>0</ns3:cad>
          </ns3:TrackPointExtension>
        </extensions>
      </trkpt>
      <trkpt lat="32.279270701110363006591796875" lon="118.283536322414875030517578125">
        <ele>78.59999847412109375</ele>
        <time>2026-09-20T05:49:21.000Z</time>
        <extensions>
          <ns3:TrackPointExtension>
            <ns3:hr>75</ns3:hr>
            <ns3:cad>0</ns3:cad>
          </ns3:TrackPointExtension>
        </extensions>
      </trkpt>
      <trkpt lat="32.27928168140351772308349609375" lon="118.28352592885494232177734375">
        <ele>78.8000030517578125</ele>
        <time>2026-09-20T05:49:23.000Z</time>
        <extensions>
          <ns3:TrackPointExtension>
            <ns3:hr>75</ns3:hr>
            <ns3:cad>0</ns3:cad>
          </ns3:TrackPointExtension>
        </extensions>
      </trkpt>
      <trkpt lat="32.27928335778415203094482421875" lon="118.28353397548198699951171875">
        <ele>79.1999969482421875</ele>
        <time>2026-09-20T05:49:29.000Z</time>
        <extensions>
          <ns3:TrackPointExtension>
            <ns3:hr>75</ns3:hr>
            <ns3:cad>0</ns3:cad>
          </ns3:TrackPointExtension>
        </extensions>
      </trkpt>
      <trkpt lat="32.2792655043303966522216796875" lon="118.2835418544709682464599609375">
        <ele>78.59999847412109375</ele>
        <time>2026-09-20T05:49:37.000Z</time>
        <extensions>
          <ns3:TrackPointExtension>
            <ns3:hr>75</ns3:hr>
            <ns3:cad>0</ns3:cad>
          </ns3:TrackPointExtension>
        </extensions>
      </trkpt>
      <trkpt lat="32.2792829386889934539794921875" lon="118.2835762202739715576171875">
        <ele>78.40000152587890625</ele>
        <time>2026-09-20T05:49:45.000Z</time>
        <extensions>
          <ns3:TrackPointExtension>
            <ns3:hr>75</ns3:hr>
            <ns3:cad>0</ns3:cad>
          </ns3:TrackPointExtension>
        </extensions>
      </trkpt>
      <trkpt lat="32.2792872972786426544189453125" lon="118.28358636237680912017822265625">
        <ele>78</ele>
        <time>2026-09-20T05:49:52.000Z</time>
        <extensions>
          <ns3:TrackPointExtension>
            <ns3:hr>78</ns3:hr>
            <ns3:cad>0</ns3:cad>
          </ns3:TrackPointExtension>
        </extensions>
      </trkpt>
      <trkpt lat="32.279292158782482147216796875" lon="118.283580578863620758056640625">
        <ele>78.1999969482421875</ele>
        <time>2026-09-20T05:49:55.000Z</time>
        <extensions>
          <ns3:TrackPointExtension>
            <ns3:hr>78</ns3:hr>
            <ns3:cad>0</ns3:cad>
          </ns3:TrackPointExtension>
        </extensions>
      </trkpt>
      <trkpt lat="32.27928872220218181610107421875" lon="118.28361712396144866943359375">
        <ele>78.1999969482421875</ele>
        <time>2026-09-20T05:50:02.000Z</time>
        <extensions>
          <ns3:TrackPointExtension>
            <ns3:hr>78</ns3:hr>
            <ns3:cad>0</ns3:cad>
          </ns3:TrackPointExtension>
        </extensions>
      </trkpt>
      <trkpt lat="32.2792906500399112701416015625" lon="118.283631540834903717041015625">
        <ele>78.1999969482421875</ele>
        <time>2026-09-20T05:50:05.000Z</time>
        <extensions>
          <ns3:TrackPointExtension>
            <ns3:hr>81</ns3:hr>
            <ns3:cad>0</ns3:cad>
          </ns3:TrackPointExtension>
        </extensions>
      </trkpt>
      <trkpt lat="32.27929056622087955474853515625" lon="118.2836431078612804412841796875">
        <ele>78.1999969482421875</ele>
        <time>2026-09-20T05:50:08.000Z</time>
        <extensions>
          <ns3:TrackPointExtension>
            <ns3:hr>82</ns3:hr>
            <ns3:cad>0</ns3:cad>
          </ns3:TrackPointExtension>
        </extensions>
      </trkpt>
      <trkpt lat="32.2792866267263889312744140625" lon="118.2836535014212131500244140625">
        <ele>78</ele>
        <time>2026-09-20T05:50:17.000Z</time>
        <extensions>
          <ns3:TrackPointExtension>
            <ns3:hr>84</ns3:hr>
            <ns3:cad>0</ns3:cad>
          </ns3:TrackPointExtension>
        </extensions>
      </trkpt>
      <trkpt lat="32.27928469888865947723388671875" lon="118.28367479145526885986328125">
        <ele>77.8000030517578125</ele>
        <time>2026-09-20T05:50:22.000Z</time>
        <extensions>
          <ns3:TrackPointExtension>
            <ns3:hr>87</ns3:hr>
            <ns3:cad>0</ns3:cad>
          </ns3:TrackPointExtension>
        </extensions>
      </trkpt>
      <trkpt lat="32.2792755626142024993896484375" lon="118.283691890537738800048828125">
        <ele>77.8000030517578125</ele>
        <time>2026-09-20T05:50:27.000Z</time>
        <extensions>
          <ns3:TrackPointExtension>
            <ns3:hr>88</ns3:hr>
            <ns3:cad>0</ns3:cad>
          </ns3:TrackPointExtension>
        </extensions>
      </trkpt>
      <trkpt lat="32.27925754152238368988037109375" lon="118.2837091572582721710205078125">
        <ele>77.59999847412109375</ele>
        <time>2026-09-20T05:50:36.000Z</time>
        <extensions>
          <ns3:TrackPointExtension>
            <ns3:hr>87</ns3:hr>
            <ns3:cad>0</ns3:cad>
          </ns3:TrackPointExtension>
        </extensions>
      </trkpt>
      <trkpt lat="32.27925703860819339752197265625" lon="118.28371276147663593292236328125">
        <ele>77.8000030517578125</ele>
        <time>2026-09-20T05:50:43.000Z</time>
        <extensions>
          <ns3:TrackPointExtension>
            <ns3:hr>84</ns3:hr>
            <ns3:cad>0</ns3:cad>
          </ns3:TrackPointExtension>
        </extensions>
      </trkpt>
      <trkpt lat="32.2792571224272251129150390625" lon="118.2837103307247161865234375">
        <ele>77.8000030517578125</ele>
        <time>2026-09-20T05:50:44.000Z</time>
        <extensions>
          <ns3:TrackPointExtension>
            <ns3:hr>78</ns3:hr>
            <ns3:cad>0</ns3:cad>
          </ns3:TrackPointExtension>
        </extensions>
      </trkpt>
      <trkpt lat="32.27925821207463741302490234375" lon="118.28370940871536731719970703125">
        <ele>77.8000030517578125</ele>
        <time>2026-09-20T05:50:45.000Z</time>
        <extensions>
          <ns3:TrackPointExtension>
            <ns3:hr>75</ns3:hr>
            <ns3:cad>0</ns3:cad>
          </ns3:TrackPointExtension>
        </extensions>
      </trkpt>
      <trkpt lat="32.27925418876111507415771484375" lon="118.28370035625994205474853515625">
        <ele>77.8000030517578125</ele>
        <time>2026-09-20T05:50:52.000Z</time>
        <extensions>
          <ns3:TrackPointExtension>
            <ns3:hr>72</ns3:hr>
            <ns3:cad>0</ns3:cad>
          </ns3:TrackPointExtension>
        </extensions>
      </trkpt>
      <trkpt lat="32.279251925647258758544921875" lon="118.28369759023189544677734375">
        <ele>77.8000030517578125</ele>
        <time>2026-09-20T05:50:53.000Z</time>
        <extensions>
          <ns3:TrackPointExtension>
            <ns3:hr>73</ns3:hr>
            <ns3:cad>0</ns3:cad>
          </ns3:TrackPointExtension>
        </extensions>
      </trkpt>
      <trkpt lat="32.27927505970001220703125" lon="118.28365324996411800384521484375">
        <ele>77.8000030517578125</ele>
        <time>2026-09-20T05:51:01.000Z</time>
        <extensions>
          <ns3:TrackPointExtension>
            <ns3:hr>75</ns3:hr>
            <ns3:cad>0</ns3:cad>
          </ns3:TrackPointExtension>
        </extensions>
      </trkpt>
      <trkpt lat="32.2793131135404109954833984375" lon="118.2836095802485942840576171875">
        <ele>77.8000030517578125</ele>
        <time>2026-09-20T05:51:11.000Z</time>
        <extensions>
          <ns3:TrackPointExtension>
            <ns3:hr>73</ns3:hr>
            <ns3:cad>0</ns3:cad>
          </ns3:TrackPointExtension>
        </extensions>
      </trkpt>
      <trkpt lat="32.27929509244859218597412109375" lon="118.28359943814575672149658203125">
        <ele>77.8000030517578125</ele>
        <time>2026-09-20T05:51:19.000Z</time>
        <extensions>
          <ns3:TrackPointExtension>
            <ns3:hr>74</ns3:hr>
            <ns3:cad>0</ns3:cad>
          </ns3:TrackPointExtension>
        </extensions>
      </trkpt>
      <trkpt lat="32.27930112741887569427490234375" lon="118.28354478813707828521728515625">
        <ele>77.8000030517578125</ele>
        <time>2026-09-20T05:51:29.000Z</time>
        <extensions>
          <ns3:TrackPointExtension>
            <ns3:hr>75</ns3:hr>
            <ns3:cad>0</ns3:cad>
          </ns3:TrackPointExtension>
        </extensions>
      </trkpt>
      <trkpt lat="32.2793389298021793365478515625" lon="118.2835254259407520294189453125">
        <ele>77.8000030517578125</ele>
        <time>2026-09-20T05:51:36.000Z</time>
        <extensions>
          <ns3:TrackPointExtension>
            <ns3:hr>75</ns3:hr>
            <ns3:cad>0</ns3:cad>
          </ns3:TrackPointExtension>
        </extensions>
      </trkpt>
      <trkpt lat="32.27932107634842395782470703125" lon="118.28354210592806339263916015625">
        <ele>78</ele>
        <time>2026-09-20T05:51:46.000Z</time>
        <extensions>
          <ns3:TrackPointExtension>
            <ns3:hr>74</ns3:hr>
            <ns3:cad>0</ns3:cad>
          </ns3:TrackPointExtension>
        </extensions>
      </trkpt>
      <trkpt lat="32.27930481545627117156982421875" lon="118.28358736820518970489501953125">
        <ele>78.1999969482421875</ele>
        <time>2026-09-20T05:51:55.000Z</time>
        <extensions>
          <ns3:TrackPointExtension>
            <ns3:hr>74</ns3:hr>
            <ns3:cad>0</ns3:cad>
          </ns3:TrackPointExtension>
        </extensions>
      </trkpt>
      <trkpt lat="32.27931772358715534210205078125" lon="118.2836072333157062530517578125">
        <ele>78.59999847412109375</ele>
        <time>2026-09-20T05:52:01.000Z</time>
        <extensions>
          <ns3:TrackPointExtension>
            <ns3:hr>73</ns3:hr>
            <ns3:cad>0</ns3:cad>
          </ns3:TrackPointExtension>
        </extensions>
      </trkpt>
      <trkpt lat="32.27930431254208087921142578125" lon="118.28359323553740978240966796875">
        <ele>78.59999847412109375</ele>
        <time>2026-09-20T05:52:05.000Z</time>
        <extensions>
          <ns3:TrackPointExtension>
            <ns3:hr>74</ns3:hr>
            <ns3:cad>62</ns3:cad>
          </ns3:TrackPointExtension>
        </extensions>
      </trkpt>
      <trkpt lat="32.27928453125059604644775390625" lon="118.28358770348131656646728515625">
        <ele>78.40000152587890625</ele>
        <time>2026-09-20T05:52:12.000Z</time>
        <extensions>
          <ns3:TrackPointExtension>
            <ns3:hr>75</ns3:hr>
            <ns3:cad>0</ns3:cad>
          </ns3:TrackPointExtension>
        </extensions>
      </trkpt>
      <trkpt lat="32.27928419597446918487548828125" lon="118.2835941575467586517333984375">
        <ele>78.40000152587890625</ele>
        <time>2026-09-20T05:52:19.000Z</time>
        <extensions>
          <ns3:TrackPointExtension>
            <ns3:hr>76</ns3:hr>
            <ns3:cad>0</ns3:cad>
          </ns3:TrackPointExtension>
        </extensions>
      </trkpt>
      <trkpt lat="32.27929492481052875518798828125" lon="118.28359189443290233612060546875">
        <ele>77.8000030517578125</ele>
        <time>2026-09-20T05:52:27.000Z</time>
        <extensions>
          <ns3:TrackPointExtension>
            <ns3:hr>77</ns3:hr>
            <ns3:cad>0</ns3:cad>
          </ns3:TrackPointExtension>
        </extensions>
      </trkpt>
      <trkpt lat="32.27929140441119670867919921875" lon="118.283602707087993621826171875">
        <ele>78</ele>
        <time>2026-09-20T05:52:33.000Z</time>
        <extensions>
          <ns3:TrackPointExtension>
            <ns3:hr>77</ns3:hr>
            <ns3:cad>0</ns3:cad>
          </ns3:TrackPointExtension>
        </extensions>
      </trkpt>
      <trkpt lat="32.27928645908832550048828125" lon="118.283648975193500518798828125">
        <ele>78.40000152587890625</ele>
        <time>2026-09-20T05:52:41.000Z</time>
        <extensions>
          <ns3:TrackPointExtension>
            <ns3:hr>78</ns3:hr>
            <ns3:cad>0</ns3:cad>
          </ns3:TrackPointExtension>
        </extensions>
      </trkpt>
      <trkpt lat="32.27928671054542064666748046875" lon="118.2836343906819820404052734375">
        <ele>78.1999969482421875</ele>
        <time>2026-09-20T05:52:46.000Z</time>
        <extensions>
          <ns3:TrackPointExtension>
            <ns3:hr>79</ns3:hr>
            <ns3:cad>0</ns3:cad>
          </ns3:TrackPointExtension>
        </extensions>
      </trkpt>
      <trkpt lat="32.27929090149700641632080078125" lon="118.2836434431374073028564453125">
        <ele>78.1999969482421875</ele>
        <time>2026-09-20T05:52:53.000Z</time>
        <extensions>
          <ns3:TrackPointExtension>
            <ns3:hr>79</ns3:hr>
            <ns3:cad>0</ns3:cad>
          </ns3:TrackPointExtension>
        </extensions>
      </trkpt>
      <trkpt lat="32.2792986966669559478759765625" lon="118.283623494207859039306640625">
        <ele>78.1999969482421875</ele>
        <time>2026-09-20T05:53:02.000Z</time>
        <extensions>
          <ns3:TrackPointExtension>
            <ns3:hr>78</ns3:hr>
            <ns3:cad>0</ns3:cad>
          </ns3:TrackPointExtension>
        </extensions>
      </trkpt>
      <trkpt lat="32.2792940028011798858642578125" lon="118.28362341038882732391357421875">
        <ele>78.40000152587890625</ele>
        <time>2026-09-20T05:53:12.000Z</time>
        <extensions>
          <ns3:TrackPointExtension>
            <ns3:hr>77</ns3:hr>
            <ns3:cad>0</ns3:cad>
          </ns3:TrackPointExtension>
        </extensions>
      </trkpt>
      <trkpt lat="32.27929073385894298553466796875" lon="118.28361310064792633056640625">
        <ele>78.1999969482421875</ele>
        <time>2026-09-20T05:53:18.000Z</time>
        <extensions>
          <ns3:TrackPointExtension>
            <ns3:hr>75</ns3:hr>
            <ns3:cad>0</ns3:cad>
          </ns3:TrackPointExtension>
        </extensions>
      </trkpt>
      <trkpt lat="32.27929106913506984710693359375" lon="118.2836055569350719451904296875">
        <ele>78.1999969482421875</ele>
        <time>2026-09-20T05:53:20.000Z</time>
        <extensions>
          <ns3:TrackPointExtension>
            <ns3:hr>72</ns3:hr>
            <ns3:cad>0</ns3:cad>
          </ns3:TrackPointExtension>
        </extensions>
      </trkpt>
      <trkpt lat="32.2792913205921649932861328125" lon="118.28359901905059814453125">
        <ele>78.1999969482421875</ele>
        <time>2026-09-20T05:53:22.000Z</time>
        <extensions>
          <ns3:TrackPointExtension>
            <ns3:hr>69</ns3:hr>
            <ns3:cad>0</ns3:cad>
          </ns3:TrackPointExtension>
        </extensions>
      </trkpt>
      <trkpt lat="32.27928939275443553924560546875" lon="118.2835965044796466827392578125">
        <ele>78.1999969482421875</ele>
        <time>2026-09-20T05:53:25.000Z</time>
        <extensions>
          <ns3:TrackPointExtension>
            <ns3:hr>66</ns3:hr>
            <ns3:cad>0</ns3:cad>
          </ns3:TrackPointExtension>
        </extensions>
      </trkpt>
      <trkpt lat="32.27928888984024524688720703125" lon="118.28360513783991336822509765625">
        <ele>78.1999969482421875</ele>
        <time>2026-09-20T05:53:27.000Z</time>
        <extensions>
          <ns3:TrackPointExtension>
            <ns3:hr>66</ns3:hr>
            <ns3:cad>0</ns3:cad>
          </ns3:TrackPointExtension>
        </extensions>
      </trkpt>
      <trkpt lat="32.27928771637380123138427734375" lon="118.28361972235143184661865234375">
        <ele>78</ele>
        <time>2026-09-20T05:53:32.000Z</time>
        <extensions>
          <ns3:TrackPointExtension>
            <ns3:hr>67</ns3:hr>
            <ns3:cad>0</ns3:cad>
          </ns3:TrackPointExtension>
        </extensions>
      </trkpt>
      <trkpt lat="32.27928637526929378509521484375" lon="118.28361905179917812347412109375">
        <ele>78.1999969482421875</ele>
        <time>2026-09-20T05:53:39.000Z</time>
        <extensions>
          <ns3:TrackPointExtension>
            <ns3:hr>67</ns3:hr>
            <ns3:cad>0</ns3:cad>
          </ns3:TrackPointExtension>
        </extensions>
      </trkpt>
      <trkpt lat="32.279280088841915130615234375" lon="118.2836555130779743194580078125">
        <ele>78.1999969482421875</ele>
        <time>2026-09-20T05:53:47.000Z</time>
        <extensions>
          <ns3:TrackPointExtension>
            <ns3:hr>67</ns3:hr>
            <ns3:cad>0</ns3:cad>
          </ns3:TrackPointExtension>
        </extensions>
      </trkpt>
      <trkpt lat="32.2792826034128665924072265625" lon="118.28364604152739048004150390625">
        <ele>78</ele>
        <time>2026-09-20T05:53:54.000Z</time>
        <extensions>
          <ns3:TrackPointExtension>
            <ns3:hr>69</ns3:hr>
            <ns3:cad>0</ns3:cad>
          </ns3:TrackPointExtension>
        </extensions>
      </trkpt>
      <trkpt lat="32.27928469888865947723388671875" lon="118.2836394198238849639892578125">
        <ele>78</ele>
        <time>2026-09-20T05:54:02.000Z</time>
        <extensions>
          <ns3:TrackPointExtension>
            <ns3:hr>72</ns3:hr>
            <ns3:cad>0</ns3:cad>
          </ns3:TrackPointExtension>
        </extensions>
      </trkpt>
      <trkpt lat="32.2792849503457546234130859375" lon="118.28363698907196521759033203125">
        <ele>78</ele>
        <time>2026-09-20T05:54:03.000Z</time>
        <extensions>
          <ns3:TrackPointExtension>
            <ns3:hr>74</ns3:hr>
            <ns3:cad>0</ns3:cad>
          </ns3:TrackPointExtension>
        </extensions>
      </trkpt>
      <trkpt lat="32.27928637526929378509521484375" lon="118.28363263048231601715087890625">
        <ele>78</ele>
        <time>2026-09-20T05:54:05.000Z</time>
        <extensions>
          <ns3:TrackPointExtension>
            <ns3:hr>77</ns3:hr>
            <ns3:cad>0</ns3:cad>
          </ns3:TrackPointExtension>
        </extensions>
      </trkpt>
      <trkpt lat="32.27929207496345043182373046875" lon="118.283613435924053192138671875">
        <ele>78</ele>
        <time>2026-09-20T05:54:12.000Z</time>
        <extensions>
          <ns3:TrackPointExtension>
            <ns3:hr>79</ns3:hr>
            <ns3:cad>0</ns3:cad>
          </ns3:TrackPointExtension>
        </extensions>
      </trkpt>
      <trkpt lat="32.27929475717246532440185546875" lon="118.2835988514125347137451171875">
        <ele>78</ele>
        <time>2026-09-20T05:54:18.000Z</time>
        <extensions>
          <ns3:TrackPointExtension>
            <ns3:hr>83</ns3:hr>
            <ns3:cad>0</ns3:cad>
          </ns3:TrackPointExtension>
        </extensions>
      </trkpt>
      <trkpt lat="32.2792936675250530242919921875" lon="118.2835998572409152984619140625">
        <ele>78</ele>
        <time>2026-09-20T05:54:21.000Z</time>
        <extensions>
          <ns3:TrackPointExtension>
            <ns3:hr>84</ns3:hr>
            <ns3:cad>0</ns3:cad>
          </ns3:TrackPointExtension>
        </extensions>
      </trkpt>
      <trkpt lat="32.279295511543750762939453125" lon="118.28359625302255153656005859375">
        <ele>78</ele>
        <time>2026-09-20T05:54:26.000Z</time>
        <extensions>
          <ns3:TrackPointExtension>
            <ns3:hr>81</ns3:hr>
            <ns3:cad>0</ns3:cad>
          </ns3:TrackPointExtension>
        </extensions>
      </trkpt>
      <trkpt lat="32.279300205409526824951171875" lon="118.283612430095672607421875">
        <ele>78</ele>
        <time>2026-09-20T05:54:32.000Z</time>
        <extensions>
          <ns3:TrackPointExtension>
            <ns3:hr>81</ns3:hr>
            <ns3:cad>0</ns3:cad>
          </ns3:TrackPointExtension>
        </extensions>
      </trkpt>
      <trkpt lat="32.27929718792438507080078125" lon="118.283612430095672607421875">
        <ele>77.8000030517578125</ele>
        <time>2026-09-20T05:54:43.000Z</time>
        <extensions>
          <ns3:TrackPointExtension>
            <ns3:hr>80</ns3:hr>
            <ns3:cad>0</ns3:cad>
          </ns3:TrackPointExtension>
        </extensions>
      </trkpt>
      <trkpt lat="32.27929408662021160125732421875" lon="118.2836032100021839141845703125">
        <ele>77.59999847412109375</ele>
        <time>2026-09-20T05:54:51.000Z</time>
        <extensions>
          <ns3:TrackPointExtension>
            <ns3:hr>79</ns3:hr>
            <ns3:cad>0</ns3:cad>
          </ns3:TrackPointExtension>
        </extensions>
      </trkpt>
      <trkpt lat="32.27930121123790740966796875" lon="118.28360396437346935272216796875">
        <ele>77.59999847412109375</ele>
        <time>2026-09-20T05:54:53.000Z</time>
        <extensions>
          <ns3:TrackPointExtension>
            <ns3:hr>79</ns3:hr>
            <ns3:cad>0</ns3:cad>
          </ns3:TrackPointExtension>
        </extensions>
      </trkpt>
      <trkpt lat="32.2793040610849857330322265625" lon="118.28358250670135021209716796875">
        <ele>77.8000030517578125</ele>
        <time>2026-09-20T05:55:02.000Z</time>
        <extensions>
          <ns3:TrackPointExtension>
            <ns3:hr>80</ns3:hr>
            <ns3:cad>0</ns3:cad>
          </ns3:TrackPointExtension>
        </extensions>
      </trkpt>
      <trkpt lat="32.2793030552566051483154296875" lon="118.283565156161785125732421875">
        <ele>77.59999847412109375</ele>
        <time>2026-09-20T05:55:08.000Z</time>
        <extensions>
          <ns3:TrackPointExtension>
            <ns3:hr>83</ns3:hr>
            <ns3:cad>0</ns3:cad>
          </ns3:TrackPointExtension>
        </extensions>
      </trkpt>
      <trkpt lat="32.279307581484317779541015625" lon="118.2835539244115352630615234375">
        <ele>77.40000152587890625</ele>
        <time>2026-09-20T05:55:15.000Z</time>
        <extensions>
          <ns3:TrackPointExtension>
            <ns3:hr>82</ns3:hr>
            <ns3:cad>0</ns3:cad>
          </ns3:TrackPointExtension>
        </extensions>
      </trkpt>
      <trkpt lat="32.2793013788759708404541015625" lon="118.28356272540986537933349609375">
        <ele>77.40000152587890625</ele>
        <time>2026-09-20T05:55:20.000Z</time>
        <extensions>
          <ns3:TrackPointExtension>
            <ns3:hr>79</ns3:hr>
            <ns3:cad>0</ns3:cad>
          </ns3:TrackPointExtension>
        </extensions>
      </trkpt>
      <trkpt lat="32.27930095978081226348876953125" lon="118.28355400823056697845458984375">
        <ele>77.40000152587890625</ele>
        <time>2026-09-20T05:55:22.000Z</time>
        <extensions>
          <ns3:TrackPointExtension>
            <ns3:hr>78</ns3:hr>
            <ns3:cad>0</ns3:cad>
          </ns3:TrackPointExtension>
        </extensions>
      </trkpt>
      <trkpt lat="32.27929928340017795562744140625" lon="118.28356289304792881011962890625">
        <ele>77.1999969482421875</ele>
        <time>2026-09-20T05:55:30.000Z</time>
        <extensions>
          <ns3:TrackPointExtension>
            <ns3:hr>80</ns3:hr>
            <ns3:cad>0</ns3:cad>
          </ns3:TrackPointExtension>
        </extensions>
      </trkpt>
      <trkpt lat="32.27929626591503620147705078125" lon="118.2835680060088634490966796875">
        <ele>77.40000152587890625</ele>
        <time>2026-09-20T05:55:40.000Z</time>
        <extensions>
          <ns3:TrackPointExtension>
            <ns3:hr>81</ns3:hr>
            <ns3:cad>0</ns3:cad>
          </ns3:TrackPointExtension>
        </extensions>
      </trkpt>
      <trkpt lat="32.27929140441119670867919921875" lon="118.28356792218983173370361328125">
        <ele>77.1999969482421875</ele>
        <time>2026-09-20T05:55:49.000Z</time>
        <extensions>
          <ns3:TrackPointExtension>
            <ns3:hr>81</ns3:hr>
            <ns3:cad>0</ns3:cad>
          </ns3:TrackPointExtension>
        </extensions>
      </trkpt>
      <trkpt lat="32.279290147125720977783203125" lon="118.283574879169464111328125">
        <ele>77.1999969482421875</ele>
        <time>2026-09-20T05:55:57.000Z</time>
        <extensions>
          <ns3:TrackPointExtension>
            <ns3:hr>82</ns3:hr>
            <ns3:cad>0</ns3:cad>
          </ns3:TrackPointExtension>
        </extensions>
      </trkpt>
      <trkpt lat="32.2792628221213817596435546875" lon="118.28358870930969715118408203125">
        <ele>77</ele>
        <time>2026-09-20T05:56:07.000Z</time>
        <extensions>
          <ns3:TrackPointExtension>
            <ns3:hr>80</ns3:hr>
            <ns3:cad>0</ns3:cad>
          </ns3:TrackPointExtension>
        </extensions>
      </trkpt>
      <trkpt lat="32.27926257066428661346435546875" lon="118.28359030187129974365234375">
        <ele>76.8000030517578125</ele>
        <time>2026-09-20T05:56:10.000Z</time>
        <extensions>
          <ns3:TrackPointExtension>
            <ns3:hr>77</ns3:hr>
            <ns3:cad>0</ns3:cad>
          </ns3:TrackPointExtension>
        </extensions>
      </trkpt>
      <trkpt lat="32.2792551107704639434814453125" lon="118.28358133323490619659423828125">
        <ele>76.8000030517578125</ele>
        <time>2026-09-20T05:56:16.000Z</time>
        <extensions>
          <ns3:TrackPointExtension>
            <ns3:hr>74</ns3:hr>
            <ns3:cad>0</ns3:cad>
          </ns3:TrackPointExtension>
        </extensions>
      </trkpt>
      <trkpt lat="32.27926231920719146728515625" lon="118.2835871167480945587158203125">
        <ele>77</ele>
        <time>2026-09-20T05:56:21.000Z</time>
        <extensions>
          <ns3:TrackPointExtension>
            <ns3:hr>77</ns3:hr>
            <ns3:cad>0</ns3:cad>
          </ns3:TrackPointExtension>
        </extensions>
      </trkpt>
      <trkpt lat="32.279288135468959808349609375" lon="118.28357144258916378021240234375">
        <ele>76.8000030517578125</ele>
        <time>2026-09-20T05:56:26.000Z</time>
        <extensions>
          <ns3:TrackPointExtension>
            <ns3:hr>80</ns3:hr>
            <ns3:cad>0</ns3:cad>
          </ns3:TrackPointExtension>
        </extensions>
      </trkpt>
      <trkpt lat="32.2792926616966724395751953125" lon="118.28356909565627574920654296875">
        <ele>77</ele>
        <time>2026-09-20T05:56:28.000Z</time>
        <extensions>
          <ns3:TrackPointExtension>
            <ns3:hr>79</ns3:hr>
            <ns3:cad>0</ns3:cad>
          </ns3:TrackPointExtension>
        </extensions>
      </trkpt>
      <trkpt lat="32.27930280379951000213623046875" lon="118.28354604542255401611328125">
        <ele>77.1999969482421875</ele>
        <time>2026-09-20T05:56:35.000Z</time>
        <extensions>
          <ns3:TrackPointExtension>
            <ns3:hr>79</ns3:hr>
            <ns3:cad>0</ns3:cad>
          </ns3:TrackPointExtension>
        </extensions>
      </trkpt>
      <trkpt lat="32.27931068278849124908447265625" lon="118.2835499010980129241943359375">
        <ele>77.1999969482421875</ele>
        <time>2026-09-20T05:56:42.000Z</time>
        <extensions>
          <ns3:TrackPointExtension>
            <ns3:hr>77</ns3:hr>
            <ns3:cad>0</ns3:cad>
          </ns3:TrackPointExtension>
        </extensions>
      </trkpt>
      <trkpt lat="32.27930657565593719482421875" lon="118.28357630409300327301025390625">
        <ele>77.1999969482421875</ele>
        <time>2026-09-20T05:56:48.000Z</time>
        <extensions>
          <ns3:TrackPointExtension>
            <ns3:hr>72</ns3:hr>
            <ns3:cad>0</ns3:cad>
          </ns3:TrackPointExtension>
        </extensions>
      </trkpt>
      <trkpt lat="32.27930665947496891021728515625" lon="118.2835762202739715576171875">
        <ele>77.1999969482421875</ele>
        <time>2026-09-20T05:56:49.000Z</time>
        <extensions>
          <ns3:TrackPointExtension>
            <ns3:hr>68</ns3:hr>
            <ns3:cad>0</ns3:cad>
          </ns3:TrackPointExtension>
        </extensions>
      </trkpt>
      <trkpt lat="32.27931235916912555694580078125" lon="118.28357010148465633392333984375">
        <ele>77.1999969482421875</ele>
        <time>2026-09-20T05:56:53.000Z</time>
        <extensions>
          <ns3:TrackPointExtension>
            <ns3:hr>67</ns3:hr>
            <ns3:cad>0</ns3:cad>
          </ns3:TrackPointExtension>
        </extensions>
      </trkpt>
      <trkpt lat="32.2793154604732990264892578125" lon="118.28356188721954822540283203125">
        <ele>77.1999969482421875</ele>
        <time>2026-09-20T05:57:04.000Z</time>
        <extensions>
          <ns3:TrackPointExtension>
            <ns3:hr>64</ns3:hr>
            <ns3:cad>0</ns3:cad>
          </ns3:TrackPointExtension>
        </extensions>
      </trkpt>
      <trkpt lat="32.27931403554975986480712890625" lon="118.2835628092288970947265625">
        <ele>77.1999969482421875</ele>
        <time>2026-09-20T05:57:05.000Z</time>
        <extensions>
          <ns3:TrackPointExtension>
            <ns3:hr>64</ns3:hr>
            <ns3:cad>0</ns3:cad>
          </ns3:TrackPointExtension>
        </extensions>
      </trkpt>
      <trkpt lat="32.27931772358715534210205078125" lon="118.28355769626796245574951171875">
        <ele>77</ele>
        <time>2026-09-20T05:57:19.000Z</time>
        <extensions>
          <ns3:TrackPointExtension>
            <ns3:hr>65</ns3:hr>
            <ns3:cad>0</ns3:cad>
          </ns3:TrackPointExtension>
        </extensions>
      </trkpt>
      <trkpt lat="32.279304228723049163818359375" lon="118.28356825746595859527587890625">
        <ele>77</ele>
        <time>2026-09-20T05:57:29.000Z</time>
        <extensions>
          <ns3:TrackPointExtension>
            <ns3:hr>68</ns3:hr>
            <ns3:cad>0</ns3:cad>
          </ns3:TrackPointExtension>
        </extensions>
      </trkpt>
      <trkpt lat="32.27929928340017795562744140625" lon="118.2835733704268932342529296875">
        <ele>77</ele>
        <time>2026-09-20T05:57:31.000Z</time>
        <extensions>
          <ns3:TrackPointExtension>
            <ns3:hr>68</ns3:hr>
            <ns3:cad>0</ns3:cad>
          </ns3:TrackPointExtension>
        </extensions>
      </trkpt>
      <trkpt lat="32.27928017266094684600830078125" lon="118.28359658829867839813232421875">
        <ele>77</ele>
        <time>2026-09-20T05:57:43.000Z</time>
        <extensions>
          <ns3:TrackPointExtension>
            <ns3:hr>65</ns3:hr>
            <ns3:cad>0</ns3:cad>
          </ns3:TrackPointExtension>
        </extensions>
      </trkpt>
      <trkpt lat="32.27928243577480316162109375" lon="118.28359566628932952880859375">
        <ele>77</ele>
        <time>2026-09-20T05:57:46.000Z</time>
        <extensions>
          <ns3:TrackPointExtension>
            <ns3:hr>64</ns3:hr>
            <ns3:cad>0</ns3:cad>
          </ns3:TrackPointExtension>
        </extensions>
      </trkpt>
      <trkpt lat="32.279277741909027099609375" lon="118.28360639512538909912109375">
        <ele>77</ele>
        <time>2026-09-20T05:58:01.000Z</time>
        <extensions>
          <ns3:TrackPointExtension>
            <ns3:hr>64</ns3:hr>
            <ns3:cad>0</ns3:cad>
          </ns3:TrackPointExtension>
        </extensions>
      </trkpt>
      <trkpt lat="32.27928570471704006195068359375" lon="118.28360815532505512237548828125">
        <ele>76.8000030517578125</ele>
        <time>2026-09-20T05:58:13.000Z</time>
        <extensions>
          <ns3:TrackPointExtension>
            <ns3:hr>66</ns3:hr>
            <ns3:cad>0</ns3:cad>
          </ns3:TrackPointExtension>
        </extensions>
      </trkpt>
      <trkpt lat="32.2792862914502620697021484375" lon="118.28360077925026416778564453125">
        <ele>76.8000030517578125</ele>
        <time>2026-09-20T05:58:22.000Z</time>
        <extensions>
          <ns3:TrackPointExtension>
            <ns3:hr>65</ns3:hr>
            <ns3:cad>0</ns3:cad>
          </ns3:TrackPointExtension>
        </extensions>
      </trkpt>
      <trkpt lat="32.27928536944091320037841796875" lon="118.2835988514125347137451171875">
        <ele>76.8000030517578125</ele>
        <time>2026-09-20T05:58:33.000Z</time>
        <extensions>
          <ns3:TrackPointExtension>
            <ns3:hr>64</ns3:hr>
            <ns3:cad>0</ns3:cad>
          </ns3:TrackPointExtension>
        </extensions>
      </trkpt>
      <trkpt lat="32.27927363477647304534912109375" lon="118.28362072817981243133544921875">
        <ele>76.8000030517578125</ele>
        <time>2026-09-20T05:58:42.000Z</time>
        <extensions>
          <ns3:TrackPointExtension>
            <ns3:hr>63</ns3:hr>
            <ns3:cad>0</ns3:cad>
          </ns3:TrackPointExtension>
        </extensions>
      </trkpt>
      <trkpt lat="32.279270701110363006591796875" lon="118.283645622432231903076171875">
        <ele>76.8000030517578125</ele>
        <time>2026-09-20T05:58:52.000Z</time>
        <extensions>
          <ns3:TrackPointExtension>
            <ns3:hr>63</ns3:hr>
            <ns3:cad>0</ns3:cad>
          </ns3:TrackPointExtension>
        </extensions>
      </trkpt>
      <trkpt lat="32.279272377490997314453125" lon="118.2836360670626163482666015625">
        <ele>76.8000030517578125</ele>
        <time>2026-09-20T05:59:02.000Z</time>
        <extensions>
          <ns3:TrackPointExtension>
            <ns3:hr>66</ns3:hr>
            <ns3:cad>0</ns3:cad>
          </ns3:TrackPointExtension>
        </extensions>
      </trkpt>
      <trkpt lat="32.2792772389948368072509765625" lon="118.283629529178142547607421875">
        <ele>76.8000030517578125</ele>
        <time>2026-09-20T05:59:05.000Z</time>
        <extensions>
          <ns3:TrackPointExtension>
            <ns3:hr>66</ns3:hr>
            <ns3:cad>0</ns3:cad>
          </ns3:TrackPointExtension>
        </extensions>
      </trkpt>
      <trkpt lat="32.27928335778415203094482421875" lon="118.2836250029504299163818359375">
        <ele>76.8000030517578125</ele>
        <time>2026-09-20T05:59:15.000Z</time>
        <extensions>
          <ns3:TrackPointExtension>
            <ns3:hr>66</ns3:hr>
            <ns3:cad>0</ns3:cad>
          </ns3:TrackPointExtension>
        </extensions>
      </trkpt>
      <trkpt lat="32.27928704582154750823974609375" lon="118.28362114727497100830078125">
        <ele>76.8000030517578125</ele>
        <time>2026-09-20T05:59:18.000Z</time>
        <extensions>
          <ns3:TrackPointExtension>
            <ns3:hr>63</ns3:hr>
            <ns3:cad>0</ns3:cad>
          </ns3:TrackPointExtension>
        </extensions>
      </trkpt>
      <trkpt lat="32.27930280379951000213623046875" lon="118.2836058922111988067626953125">
        <ele>76.8000030517578125</ele>
        <time>2026-09-20T05:59:26.000Z</time>
        <extensions>
          <ns3:TrackPointExtension>
            <ns3:hr>65</ns3:hr>
            <ns3:cad>0</ns3:cad>
          </ns3:TrackPointExtension>
        </extensions>
      </trkpt>
      <trkpt lat="32.27929341606795787811279296875" lon="118.2835923135280609130859375">
        <ele>76.59999847412109375</ele>
        <time>2026-09-20T05:59:38.000Z</time>
        <extensions>
          <ns3:TrackPointExtension>
            <ns3:hr>66</ns3:hr>
            <ns3:cad>0</ns3:cad>
          </ns3:TrackPointExtension>
        </extensions>
      </trkpt>
      <trkpt lat="32.279304228723049163818359375" lon="118.2835948280990123748779296875">
        <ele>76.59999847412109375</ele>
        <time>2026-09-20T05:59:49.000Z</time>
        <extensions>
          <ns3:TrackPointExtension>
            <ns3:hr>64</ns3:hr>
            <ns3:cad>0</ns3:cad>
          </ns3:TrackPointExtension>
        </extensions>
      </trkpt>
      <trkpt lat="32.2793000377714633941650390625" lon="118.28362919390201568603515625">
        <ele>76.59999847412109375</ele>
        <time>2026-09-20T05:59:59.000Z</time>
        <extensions>
          <ns3:TrackPointExtension>
            <ns3:hr>64</ns3:hr>
            <ns3:cad>0</ns3:cad>
          </ns3:TrackPointExtension>
        </extensions>
      </trkpt>
      <trkpt lat="32.279300875961780548095703125" lon="118.28363212756812572479248046875">
        <ele>76.59999847412109375</ele>
        <time>2026-09-20T06:00:00.000Z</time>
        <extensions>
          <ns3:TrackPointExtension>
            <ns3:hr>64</ns3:hr>
            <ns3:cad>0</ns3:cad>
          </ns3:TrackPointExtension>
        </extensions>
      </trkpt>
      <trkpt lat="32.27929961867630481719970703125" lon="118.28364252112805843353271484375">
        <ele>76.59999847412109375</ele>
        <time>2026-09-20T06:00:08.000Z</time>
        <extensions>
          <ns3:TrackPointExtension>
            <ns3:hr>64</ns3:hr>
            <ns3:cad>0</ns3:cad>
          </ns3:TrackPointExtension>
        </extensions>
      </trkpt>
      <trkpt lat="32.27926994673907756805419921875" lon="118.28363724052906036376953125">
        <ele>76.59999847412109375</ele>
        <time>2026-09-20T06:00:17.000Z</time>
        <extensions>
          <ns3:TrackPointExtension>
            <ns3:hr>63</ns3:hr>
            <ns3:cad>0</ns3:cad>
          </ns3:TrackPointExtension>
        </extensions>
      </trkpt>
      <trkpt lat="32.27926961146295070648193359375" lon="118.283648304641246795654296875">
        <ele>76.59999847412109375</ele>
        <time>2026-09-20T06:00:29.000Z</time>
        <extensions>
          <ns3:TrackPointExtension>
            <ns3:hr>64</ns3:hr>
            <ns3:cad>0</ns3:cad>
          </ns3:TrackPointExtension>
        </extensions>
      </trkpt>
      <trkpt lat="32.2792648337781429290771484375" lon="118.283626846969127655029296875">
        <ele>76.59999847412109375</ele>
        <time>2026-09-20T06:00:41.000Z</time>
        <extensions>
          <ns3:TrackPointExtension>
            <ns3:hr>66</ns3:hr>
            <ns3:cad>0</ns3:cad>
          </ns3:TrackPointExtension>
        </extensions>
      </trkpt>
      <trkpt lat="32.27928302250802516937255859375" lon="118.28360597603023052215576171875">
        <ele>76.40000152587890625</ele>
        <time>2026-09-20T06:00:49.000Z</time>
        <extensions>
          <ns3:TrackPointExtension>
            <ns3:hr>64</ns3:hr>
            <ns3:cad>0</ns3:cad>
          </ns3:TrackPointExtension>
        </extensions>
      </trkpt>
      <trkpt lat="32.279293499886989593505859375" lon="118.28360714949667453765869140625">
        <ele>76.40000152587890625</ele>
        <time>2026-09-20T06:00:55.000Z</time>
        <extensions>
          <ns3:TrackPointExtension>
            <ns3:hr>67</ns3:hr>
            <ns3:cad>0</ns3:cad>
          </ns3:TrackPointExtension>
        </extensions>
      </trkpt>
      <trkpt lat="32.27929425425827503204345703125" lon="118.28358736820518970489501953125">
        <ele>76.59999847412109375</ele>
        <time>2026-09-20T06:01:00.000Z</time>
        <extensions>
          <ns3:TrackPointExtension>
            <ns3:hr>67</ns3:hr>
            <ns3:cad>0</ns3:cad>
          </ns3:TrackPointExtension>
        </extensions>
      </trkpt>
      <trkpt lat="32.2793007083237171173095703125" lon="118.283568508923053741455078125">
        <ele>76.59999847412109375</ele>
        <time>2026-09-20T06:01:12.000Z</time>
        <extensions>
          <ns3:TrackPointExtension>
            <ns3:hr>66</ns3:hr>
            <ns3:cad>0</ns3:cad>
          </ns3:TrackPointExtension>
        </extensions>
      </trkpt>
      <trkpt lat="32.279312275350093841552734375" lon="118.283537328243255615234375">
        <ele>76.59999847412109375</ele>
        <time>2026-09-20T06:01:22.000Z</time>
        <extensions>
          <ns3:TrackPointExtension>
            <ns3:hr>64</ns3:hr>
            <ns3:cad>0</ns3:cad>
          </ns3:TrackPointExtension>
        </extensions>
      </trkpt>
      <trkpt lat="32.27930012159049510955810546875" lon="118.283547051250934600830078125">
        <ele>76.40000152587890625</ele>
        <time>2026-09-20T06:01:35.000Z</time>
        <extensions>
          <ns3:TrackPointExtension>
            <ns3:hr>62</ns3:hr>
            <ns3:cad>0</ns3:cad>
          </ns3:TrackPointExtension>
        </extensions>
      </trkpt>
      <trkpt lat="32.27928235195577144622802734375" lon="118.28357689082622528076171875">
        <ele>76.1999969482421875</ele>
        <time>2026-09-20T06:01:43.000Z</time>
        <extensions>
          <ns3:TrackPointExtension>
            <ns3:hr>63</ns3:hr>
            <ns3:cad>0</ns3:cad>
          </ns3:TrackPointExtension>
        </extensions>
      </trkpt>
      <trkpt lat="32.2792629897594451904296875" lon="118.2836089096963405609130859375">
        <ele>76.1999969482421875</ele>
        <time>2026-09-20T06:01:51.000Z</time>
        <extensions>
          <ns3:TrackPointExtension>
            <ns3:hr>65</ns3:hr>
            <ns3:cad>0</ns3:cad>
          </ns3:TrackPointExtension>
        </extensions>
      </trkpt>
      <trkpt lat="32.27925988845527172088623046875" lon="118.283615447580814361572265625">
        <ele>76.1999969482421875</ele>
        <time>2026-09-20T06:01:53.000Z</time>
        <extensions>
          <ns3:TrackPointExtension>
            <ns3:hr>69</ns3:hr>
            <ns3:cad>0</ns3:cad>
          </ns3:TrackPointExtension>
        </extensions>
      </trkpt>
      <trkpt lat="32.27925561368465423583984375" lon="118.2836182974278926849365234375">
        <ele>76.1999969482421875</ele>
        <time>2026-09-20T06:01:59.000Z</time>
        <extensions>
          <ns3:TrackPointExtension>
            <ns3:hr>66</ns3:hr>
            <ns3:cad>0</ns3:cad>
          </ns3:TrackPointExtension>
        </extensions>
      </trkpt>
      <trkpt lat="32.2792504169046878814697265625" lon="118.2836218178272247314453125">
        <ele>76.1999969482421875</ele>
        <time>2026-09-20T06:02:01.000Z</time>
        <extensions>
          <ns3:TrackPointExtension>
            <ns3:hr>65</ns3:hr>
            <ns3:cad>0</ns3:cad>
          </ns3:TrackPointExtension>
        </extensions>
      </trkpt>
      <trkpt lat="32.2792561165988445281982421875" lon="118.28363313339650630950927734375">
        <ele>76.1999969482421875</ele>
        <time>2026-09-20T06:02:12.000Z</time>
        <extensions>
          <ns3:TrackPointExtension>
            <ns3:hr>63</ns3:hr>
            <ns3:cad>0</ns3:cad>
          </ns3:TrackPointExtension>
        </extensions>
      </trkpt>
      <trkpt lat="32.2792554460465908050537109375" lon="118.2836146093904972076416015625">
        <ele>76</ele>
        <time>2026-09-20T06:02:21.000Z</time>
        <extensions>
          <ns3:TrackPointExtension>
            <ns3:hr>62</ns3:hr>
            <ns3:cad>0</ns3:cad>
          </ns3:TrackPointExtension>
        </extensions>
      </trkpt>
      <trkpt lat="32.2792718745768070220947265625" lon="118.28361201100051403045654296875">
        <ele>76</ele>
        <time>2026-09-20T06:02:31.000Z</time>
        <extensions>
          <ns3:TrackPointExtension>
            <ns3:hr>64</ns3:hr>
            <ns3:cad>0</ns3:cad>
          </ns3:TrackPointExtension>
        </extensions>
      </trkpt>
      <trkpt lat="32.2793000377714633941650390625" lon="118.28357513062655925750732421875">
        <ele>76</ele>
        <time>2026-09-20T06:02:41.000Z</time>
        <extensions>
          <ns3:TrackPointExtension>
            <ns3:hr>65</ns3:hr>
            <ns3:cad>0</ns3:cad>
          </ns3:TrackPointExtension>
        </extensions>
      </trkpt>
      <trkpt lat="32.27930095978081226348876953125" lon="118.283540345728397369384765625">
        <ele>76</ele>
        <time>2026-09-20T06:02:50.000Z</time>
        <extensions>
          <ns3:TrackPointExtension>
            <ns3:hr>64</ns3:hr>
            <ns3:cad>0</ns3:cad>
          </ns3:TrackPointExtension>
        </extensions>
      </trkpt>
      <trkpt lat="32.279301546514034271240234375" lon="118.2835589535534381866455078125">
        <ele>75.8000030517578125</ele>
        <time>2026-09-20T06:03:01.000Z</time>
        <extensions>
          <ns3:TrackPointExtension>
            <ns3:hr>64</ns3:hr>
            <ns3:cad>0</ns3:cad>
          </ns3:TrackPointExtension>
        </extensions>
      </trkpt>
      <trkpt lat="32.27929911576211452484130859375" lon="118.28355870209634304046630859375">
        <ele>75.8000030517578125</ele>
        <time>2026-09-20T06:03:09.000Z</time>
        <extensions>
          <ns3:TrackPointExtension>
            <ns3:hr>66</ns3:hr>
            <ns3:cad>0</ns3:cad>
          </ns3:TrackPointExtension>
        </extensions>
      </trkpt>
      <trkpt lat="32.279290817677974700927734375" lon="118.28356758691370487213134765625">
        <ele>75.8000030517578125</ele>
        <time>2026-09-20T06:03:18.000Z</time>
        <extensions>
          <ns3:TrackPointExtension>
            <ns3:hr>66</ns3:hr>
            <ns3:cad>0</ns3:cad>
          </ns3:TrackPointExtension>
        </extensions>
      </trkpt>
      <trkpt lat="32.27929458953440189361572265625" lon="118.28356473706662654876708984375">
        <ele>75.59999847412109375</ele>
        <time>2026-09-20T06:03:29.000Z</time>
        <extensions>
          <ns3:TrackPointExtension>
            <ns3:hr>64</ns3:hr>
            <ns3:cad>0</ns3:cad>
          </ns3:TrackPointExtension>
        </extensions>
      </trkpt>
      <trkpt lat="32.27931059896945953369140625" lon="118.283537663519382476806640625">
        <ele>75.59999847412109375</ele>
        <time>2026-09-20T06:03:39.000Z</time>
        <extensions>
          <ns3:TrackPointExtension>
            <ns3:hr>64</ns3:hr>
            <ns3:cad>0</ns3:cad>
          </ns3:TrackPointExtension>
        </extensions>
      </trkpt>
      <trkpt lat="32.2793114371597766876220703125" lon="118.28353171236813068389892578125">
        <ele>75.59999847412109375</ele>
        <time>2026-09-20T06:03:49.000Z</time>
        <extensions>
          <ns3:TrackPointExtension>
            <ns3:hr>65</ns3:hr>
            <ns3:cad>0</ns3:cad>
          </ns3:TrackPointExtension>
        </extensions>
      </trkpt>
      <trkpt lat="32.2793191485106945037841796875" lon="118.28351561911404132843017578125">
        <ele>75.8000030517578125</ele>
        <time>2026-09-20T06:04:01.000Z</time>
        <extensions>
          <ns3:TrackPointExtension>
            <ns3:hr>66</ns3:hr>
            <ns3:cad>0</ns3:cad>
          </ns3:TrackPointExtension>
        </extensions>
      </trkpt>
      <trkpt lat="32.2793080843985080718994140625" lon="118.28354780562222003936767578125">
        <ele>76</ele>
        <time>2026-09-20T06:04:12.000Z</time>
        <extensions>
          <ns3:TrackPointExtension>
            <ns3:hr>65</ns3:hr>
            <ns3:cad>0</ns3:cad>
          </ns3:TrackPointExtension>
        </extensions>
      </trkpt>
      <trkpt lat="32.27929852902889251708984375" lon="118.2835708558559417724609375">
        <ele>76</ele>
        <time>2026-09-20T06:04:22.000Z</time>
        <extensions>
          <ns3:TrackPointExtension>
            <ns3:hr>64</ns3:hr>
            <ns3:cad>0</ns3:cad>
          </ns3:TrackPointExtension>
        </extensions>
      </trkpt>
      <trkpt lat="32.27929526008665561676025390625" lon="118.28358451835811138153076171875">
        <ele>76</ele>
        <time>2026-09-20T06:04:36.000Z</time>
        <extensions>
          <ns3:TrackPointExtension>
            <ns3:hr>63</ns3:hr>
            <ns3:cad>0</ns3:cad>
          </ns3:TrackPointExtension>
        </extensions>
      </trkpt>
      <trkpt lat="32.27930548600852489471435546875" lon="118.28355970792472362518310546875">
        <ele>76.1999969482421875</ele>
        <time>2026-09-20T06:04:49.000Z</time>
        <extensions>
          <ns3:TrackPointExtension>
            <ns3:hr>65</ns3:hr>
            <ns3:cad>0</ns3:cad>
          </ns3:TrackPointExtension>
        </extensions>
      </trkpt>
      <trkpt lat="32.27930079214274883270263671875" lon="118.28356482088565826416015625">
        <ele>76.1999969482421875</ele>
        <time>2026-09-20T06:05:02.000Z</time>
        <extensions>
          <ns3:TrackPointExtension>
            <ns3:hr>66</ns3:hr>
            <ns3:cad>0</ns3:cad>
          </ns3:TrackPointExtension>
        </extensions>
      </trkpt>
      <trkpt lat="32.279305569827556610107421875" lon="118.2835572771728038787841796875">
        <ele>76.1999969482421875</ele>
        <time>2026-09-20T06:05:12.000Z</time>
        <extensions>
          <ns3:TrackPointExtension>
            <ns3:hr>66</ns3:hr>
            <ns3:cad>0</ns3:cad>
          </ns3:TrackPointExtension>
        </extensions>
      </trkpt>
      <trkpt lat="32.2792953439056873321533203125" lon="118.28356482088565826416015625">
        <ele>76.1999969482421875</ele>
        <time>2026-09-20T06:05:21.000Z</time>
        <extensions>
          <ns3:TrackPointExtension>
            <ns3:hr>66</ns3:hr>
            <ns3:cad>0</ns3:cad>
          </ns3:TrackPointExtension>
        </extensions>
      </trkpt>
      <trkpt lat="32.2792852856218814849853515625" lon="118.28358971513807773590087890625">
        <ele>76.1999969482421875</ele>
        <time>2026-09-20T06:05:32.000Z</time>
        <extensions>
          <ns3:TrackPointExtension>
            <ns3:hr>63</ns3:hr>
            <ns3:cad>0</ns3:cad>
          </ns3:TrackPointExtension>
        </extensions>
      </trkpt>
      <trkpt lat="32.2792675159871578216552734375" lon="118.28362609259784221649169921875">
        <ele>76.1999969482421875</ele>
        <time>2026-09-20T06:05:41.000Z</time>
        <extensions>
          <ns3:TrackPointExtension>
            <ns3:hr>62</ns3:hr>
            <ns3:cad>0</ns3:cad>
          </ns3:TrackPointExtension>
        </extensions>
      </trkpt>
      <trkpt lat="32.2792817652225494384765625" lon="118.2835954986512660980224609375">
        <ele>76.40000152587890625</ele>
        <time>2026-09-20T06:05:54.000Z</time>
        <extensions>
          <ns3:TrackPointExtension>
            <ns3:hr>63</ns3:hr>
            <ns3:cad>0</ns3:cad>
          </ns3:TrackPointExtension>
        </extensions>
      </trkpt>
      <trkpt lat="32.2792725451290607452392578125" lon="118.28359692357480525970458984375">
        <ele>76.1999969482421875</ele>
        <time>2026-09-20T06:06:07.000Z</time>
        <extensions>
          <ns3:TrackPointExtension>
            <ns3:hr>64</ns3:hr>
            <ns3:cad>0</ns3:cad>
          </ns3:TrackPointExtension>
        </extensions>
      </trkpt>
      <trkpt lat="32.279275394976139068603515625" lon="118.28359658829867839813232421875">
        <ele>76.40000152587890625</ele>
        <time>2026-09-20T06:06:20.000Z</time>
        <extensions>
          <ns3:TrackPointExtension>
            <ns3:hr>63</ns3:hr>
            <ns3:cad>0</ns3:cad>
          </ns3:TrackPointExtension>
        </extensions>
      </trkpt>
      <trkpt lat="32.27928654290735721588134765625" lon="118.283595331013202667236328125">
        <ele>76.1999969482421875</ele>
        <time>2026-09-20T06:06:31.000Z</time>
        <extensions>
          <ns3:TrackPointExtension>
            <ns3:hr>61</ns3:hr>
            <ns3:cad>0</ns3:cad>
          </ns3:TrackPointExtension>
        </extensions>
      </trkpt>
      <trkpt lat="32.279275394976139068603515625" lon="118.2836139388382434844970703125">
        <ele>76.40000152587890625</ele>
        <time>2026-09-20T06:06:36.000Z</time>
        <extensions>
          <ns3:TrackPointExtension>
            <ns3:hr>64</ns3:hr>
            <ns3:cad>0</ns3:cad>
          </ns3:TrackPointExtension>
        </extensions>
      </trkpt>
      <trkpt lat="32.27927304804325103759765625" lon="118.28361988998949527740478515625">
        <ele>76.40000152587890625</ele>
        <time>2026-09-20T06:06:40.000Z</time>
        <extensions>
          <ns3:TrackPointExtension>
            <ns3:hr>65</ns3:hr>
            <ns3:cad>0</ns3:cad>
          </ns3:TrackPointExtension>
        </extensions>
      </trkpt>
      <trkpt lat="32.2792551107704639434814453125" lon="118.283653669059276580810546875">
        <ele>76.40000152587890625</ele>
        <time>2026-09-20T06:06:52.000Z</time>
        <extensions>
          <ns3:TrackPointExtension>
            <ns3:hr>65</ns3:hr>
            <ns3:cad>0</ns3:cad>
          </ns3:TrackPointExtension>
        </extensions>
      </trkpt>
      <trkpt lat="32.2792755626142024993896484375" lon="118.28361083753407001495361328125">
        <ele>76.40000152587890625</ele>
        <time>2026-09-20T06:07:02.000Z</time>
        <extensions>
          <ns3:TrackPointExtension>
            <ns3:hr>66</ns3:hr>
            <ns3:cad>0</ns3:cad>
          </ns3:TrackPointExtension>
        </extensions>
      </trkpt>
      <trkpt lat="32.2792742215096950531005859375" lon="118.2836260087788105010986328125">
        <ele>76.40000152587890625</ele>
        <time>2026-09-20T06:07:12.000Z</time>
        <extensions>
          <ns3:TrackPointExtension>
            <ns3:hr>66</ns3:hr>
            <ns3:cad>0</ns3:cad>
          </ns3:TrackPointExtension>
        </extensions>
      </trkpt>
      <trkpt lat="32.27926391176879405975341796875" lon="118.2836410962045192718505859375">
        <ele>76.59999847412109375</ele>
        <time>2026-09-20T06:07:24.000Z</time>
        <extensions>
          <ns3:TrackPointExtension>
            <ns3:hr>68</ns3:hr>
            <ns3:cad>0</ns3:cad>
          </ns3:TrackPointExtension>
        </extensions>
      </trkpt>
      <trkpt lat="32.27926407940685749053955078125" lon="118.28362324275076389312744140625">
        <ele>76.59999847412109375</ele>
        <time>2026-09-20T06:07:31.000Z</time>
        <extensions>
          <ns3:TrackPointExtension>
            <ns3:hr>65</ns3:hr>
            <ns3:cad>0</ns3:cad>
          </ns3:TrackPointExtension>
        </extensions>
      </trkpt>
      <trkpt lat="32.27926156483590602874755859375" lon="118.2836189679801464080810546875">
        <ele>76.59999847412109375</ele>
        <time>2026-09-20T06:07:36.000Z</time>
        <extensions>
          <ns3:TrackPointExtension>
            <ns3:hr>65</ns3:hr>
            <ns3:cad>0</ns3:cad>
          </ns3:TrackPointExtension>
        </extensions>
      </trkpt>
      <trkpt lat="32.27927262894809246063232421875" lon="118.28359834849834442138671875">
        <ele>76.59999847412109375</ele>
        <time>2026-09-20T06:07:46.000Z</time>
        <extensions>
          <ns3:TrackPointExtension>
            <ns3:hr>66</ns3:hr>
            <ns3:cad>0</ns3:cad>
          </ns3:TrackPointExtension>
        </extensions>
      </trkpt>
      <trkpt lat="32.27927749045193195343017578125" lon="118.28360362909734249114990234375">
        <ele>76.59999847412109375</ele>
        <time>2026-09-20T06:07:59.000Z</time>
        <extensions>
          <ns3:TrackPointExtension>
            <ns3:hr>65</ns3:hr>
            <ns3:cad>0</ns3:cad>
          </ns3:TrackPointExtension>
        </extensions>
      </trkpt>
      <trkpt lat="32.2792805917561054229736328125" lon="118.28359893523156642913818359375">
        <ele>76.59999847412109375</ele>
        <time>2026-09-20T06:08:01.000Z</time>
        <extensions>
          <ns3:TrackPointExtension>
            <ns3:hr>64</ns3:hr>
            <ns3:cad>0</ns3:cad>
          </ns3:TrackPointExtension>
        </extensions>
      </trkpt>
      <trkpt lat="32.2792782448232173919677734375" lon="118.28360639512538909912109375">
        <ele>76.59999847412109375</ele>
        <time>2026-09-20T06:08:12.000Z</time>
        <extensions>
          <ns3:TrackPointExtension>
            <ns3:hr>64</ns3:hr>
            <ns3:cad>0</ns3:cad>
          </ns3:TrackPointExtension>
        </extensions>
      </trkpt>
      <trkpt lat="32.27928486652672290802001953125" lon="118.283618800342082977294921875">
        <ele>76.59999847412109375</ele>
        <time>2026-09-20T06:08:29.000Z</time>
        <extensions>
          <ns3:TrackPointExtension>
            <ns3:hr>64</ns3:hr>
            <ns3:cad>0</ns3:cad>
          </ns3:TrackPointExtension>
        </extensions>
      </trkpt>
      <trkpt lat="32.27927749045193195343017578125" lon="118.2836038805544376373291015625">
        <ele>76.8000030517578125</ele>
        <time>2026-09-20T06:08:42.000Z</time>
        <extensions>
          <ns3:TrackPointExtension>
            <ns3:hr>65</ns3:hr>
            <ns3:cad>0</ns3:cad>
          </ns3:TrackPointExtension>
        </extensions>
      </trkpt>
      <trkpt lat="32.2792817652225494384765625" lon="118.28360731713473796844482421875">
        <ele>76.59999847412109375</ele>
        <time>2026-09-20T06:08:51.000Z</time>
        <extensions>
          <ns3:TrackPointExtension>
            <ns3:hr>67</ns3:hr>
            <ns3:cad>0</ns3:cad>
          </ns3:TrackPointExtension>
        </extensions>
      </trkpt>
      <trkpt lat="32.279282771050930023193359375" lon="118.283612430095672607421875">
        <ele>76.8000030517578125</ele>
        <time>2026-09-20T06:08:58.000Z</time>
        <extensions>
          <ns3:TrackPointExtension>
            <ns3:hr>64</ns3:hr>
            <ns3:cad>0</ns3:cad>
          </ns3:TrackPointExtension>
        </extensions>
      </trkpt>
      <trkpt lat="32.2792738862335681915283203125" lon="118.28362190164625644683837890625">
        <ele>76.8000030517578125</ele>
        <time>2026-09-20T06:09:05.000Z</time>
        <extensions>
          <ns3:TrackPointExtension>
            <ns3:hr>64</ns3:hr>
            <ns3:cad>0</ns3:cad>
          </ns3:TrackPointExtension>
        </extensions>
      </trkpt>
      <trkpt lat="32.27927497588098049163818359375" lon="118.2836008630692958831787109375">
        <ele>76.8000030517578125</ele>
        <time>2026-09-20T06:09:12.000Z</time>
        <extensions>
          <ns3:TrackPointExtension>
            <ns3:hr>64</ns3:hr>
            <ns3:cad>0</ns3:cad>
          </ns3:TrackPointExtension>
        </extensions>
      </trkpt>
      <trkpt lat="32.27926810272037982940673828125" lon="118.283587954938411712646484375">
        <ele>76.8000030517578125</ele>
        <time>2026-09-20T06:09:24.000Z</time>
        <extensions>
          <ns3:TrackPointExtension>
            <ns3:hr>65</ns3:hr>
            <ns3:cad>0</ns3:cad>
          </ns3:TrackPointExtension>
        </extensions>
      </trkpt>
      <trkpt lat="32.27927128784358501434326171875" lon="118.28356389887630939483642578125">
        <ele>76.8000030517578125</ele>
        <time>2026-09-20T06:09:34.000Z</time>
        <extensions>
          <ns3:TrackPointExtension>
            <ns3:hr>66</ns3:hr>
            <ns3:cad>0</ns3:cad>
          </ns3:TrackPointExtension>
        </extensions>
      </trkpt>
      <trkpt lat="32.27926525287330150604248046875" lon="118.28356205485761165618896484375">
        <ele>76.8000030517578125</ele>
        <time>2026-09-20T06:09:47.000Z</time>
        <extensions>
          <ns3:TrackPointExtension>
            <ns3:hr>66</ns3:hr>
            <ns3:cad>0</ns3:cad>
          </ns3:TrackPointExtension>
        </extensions>
      </trkpt>
      <trkpt lat="32.2792893089354038238525390625" lon="118.28350958414375782012939453125">
        <ele>76.8000030517578125</ele>
        <time>2026-09-20T06:09:59.000Z</time>
        <extensions>
          <ns3:TrackPointExtension>
            <ns3:hr>66</ns3:hr>
            <ns3:cad>0</ns3:cad>
          </ns3:TrackPointExtension>
        </extensions>
      </trkpt>
      <trkpt lat="32.2792986966669559478759765625" lon="118.283513523638248443603515625">
        <ele>76.8000030517578125</ele>
        <time>2026-09-20T06:10:11.000Z</time>
        <extensions>
          <ns3:TrackPointExtension>
            <ns3:hr>67</ns3:hr>
            <ns3:cad>0</ns3:cad>
          </ns3:TrackPointExtension>
        </extensions>
      </trkpt>
      <trkpt lat="32.2792742215096950531005859375" lon="118.28356725163757801055908203125">
        <ele>76.8000030517578125</ele>
        <time>2026-09-20T06:10:23.000Z</time>
        <extensions>
          <ns3:TrackPointExtension>
            <ns3:hr>66</ns3:hr>
            <ns3:cad>0</ns3:cad>
          </ns3:TrackPointExtension>
        </extensions>
      </trkpt>
      <trkpt lat="32.2792893089354038238525390625" lon="118.2835425250232219696044921875">
        <ele>76.8000030517578125</ele>
        <time>2026-09-20T06:10:36.000Z</time>
        <extensions>
          <ns3:TrackPointExtension>
            <ns3:hr>66</ns3:hr>
            <ns3:cad>0</ns3:cad>
          </ns3:TrackPointExtension>
        </extensions>
      </trkpt>
      <trkpt lat="32.279296182096004486083984375" lon="118.283531963825225830078125">
        <ele>76.8000030517578125</ele>
        <time>2026-09-20T06:10:45.000Z</time>
        <extensions>
          <ns3:TrackPointExtension>
            <ns3:hr>63</ns3:hr>
            <ns3:cad>0</ns3:cad>
          </ns3:TrackPointExtension>
        </extensions>
      </trkpt>
      <trkpt lat="32.27929710410535335540771484375" lon="118.28353070653975009918212890625">
        <ele>76.8000030517578125</ele>
        <time>2026-09-20T06:10:49.000Z</time>
        <extensions>
          <ns3:TrackPointExtension>
            <ns3:hr>63</ns3:hr>
            <ns3:cad>0</ns3:cad>
          </ns3:TrackPointExtension>
        </extensions>
      </trkpt>
      <trkpt lat="32.27929810993373394012451171875" lon="118.2835428602993488311767578125">
        <ele>76.8000030517578125</ele>
        <time>2026-09-20T06:10:58.000Z</time>
        <extensions>
          <ns3:TrackPointExtension>
            <ns3:hr>62</ns3:hr>
            <ns3:cad>0</ns3:cad>
          </ns3:TrackPointExtension>
        </extensions>
      </trkpt>
      <trkpt lat="32.27927413769066333770751953125" lon="118.283614777028560638427734375">
        <ele>76.40000152587890625</ele>
        <time>2026-09-20T06:11:06.000Z</time>
        <extensions>
          <ns3:TrackPointExtension>
            <ns3:hr>63</ns3:hr>
            <ns3:cad>0</ns3:cad>
          </ns3:TrackPointExtension>
        </extensions>
      </trkpt>
      <trkpt lat="32.27925972081720829010009765625" lon="118.28367169015109539031982421875">
        <ele>76.40000152587890625</ele>
        <time>2026-09-20T06:11:11.000Z</time>
        <extensions>
          <ns3:TrackPointExtension>
            <ns3:hr>63</ns3:hr>
            <ns3:cad>0</ns3:cad>
          </ns3:TrackPointExtension>
        </extensions>
      </trkpt>
      <trkpt lat="32.279249913990497589111328125" lon="118.2837014459073543548583984375">
        <ele>76.40000152587890625</ele>
        <time>2026-09-20T06:11:18.000Z</time>
        <extensions>
          <ns3:TrackPointExtension>
            <ns3:hr>64</ns3:hr>
            <ns3:cad>0</ns3:cad>
          </ns3:TrackPointExtension>
        </extensions>
      </trkpt>
      <trkpt lat="32.2792504169046878814697265625" lon="118.283676467835903167724609375">
        <ele>76.59999847412109375</ele>
        <time>2026-09-20T06:11:28.000Z</time>
        <extensions>
          <ns3:TrackPointExtension>
            <ns3:hr>62</ns3:hr>
            <ns3:cad>0</ns3:cad>
          </ns3:TrackPointExtension>
        </extensions>
      </trkpt>
      <trkpt lat="32.2792537696659564971923828125" lon="118.28366012312471866607666015625">
        <ele>76.8000030517578125</ele>
        <time>2026-09-20T06:11:36.000Z</time>
        <extensions>
          <ns3:TrackPointExtension>
            <ns3:hr>67</ns3:hr>
            <ns3:cad>0</ns3:cad>
          </ns3:TrackPointExtension>
        </extensions>
      </trkpt>
      <trkpt lat="32.27925427258014678955078125" lon="118.2836578600108623504638671875">
        <ele>76.8000030517578125</ele>
        <time>2026-09-20T06:11:37.000Z</time>
        <extensions>
          <ns3:TrackPointExtension>
            <ns3:hr>67</ns3:hr>
            <ns3:cad>0</ns3:cad>
          </ns3:TrackPointExtension>
        </extensions>
      </trkpt>
      <trkpt lat="32.2792567871510982513427734375" lon="118.283648304641246795654296875">
        <ele>76.8000030517578125</ele>
        <time>2026-09-20T06:11:41.000Z</time>
        <extensions>
          <ns3:TrackPointExtension>
            <ns3:hr>66</ns3:hr>
            <ns3:cad>0</ns3:cad>
          </ns3:TrackPointExtension>
        </extensions>
      </trkpt>
      <trkpt lat="32.27926257066428661346435546875" lon="118.28363447450101375579833984375">
        <ele>76.8000030517578125</ele>
        <time>2026-09-20T06:11:53.000Z</time>
        <extensions>
          <ns3:TrackPointExtension>
            <ns3:hr>64</ns3:hr>
            <ns3:cad>0</ns3:cad>
          </ns3:TrackPointExtension>
        </extensions>
      </trkpt>
      <trkpt lat="32.27927044965326786041259765625" lon="118.28361251391470432281494140625">
        <ele>76.8000030517578125</ele>
        <time>2026-09-20T06:12:05.000Z</time>
        <extensions>
          <ns3:TrackPointExtension>
            <ns3:hr>63</ns3:hr>
            <ns3:cad>0</ns3:cad>
          </ns3:TrackPointExtension>
        </extensions>
      </trkpt>
      <trkpt lat="32.27928134612739086151123046875" lon="118.28358200378715991973876953125">
        <ele>76.8000030517578125</ele>
        <time>2026-09-20T06:12:17.000Z</time>
        <extensions>
          <ns3:TrackPointExtension>
            <ns3:hr>63</ns3:hr>
            <ns3:cad>0</ns3:cad>
          </ns3:TrackPointExtension>
        </extensions>
      </trkpt>
      <trkpt lat="32.2792973555624485015869140625" lon="118.28356155194342136383056640625">
        <ele>76.8000030517578125</ele>
        <time>2026-09-20T06:12:29.000Z</time>
        <extensions>
          <ns3:TrackPointExtension>
            <ns3:hr>64</ns3:hr>
            <ns3:cad>0</ns3:cad>
          </ns3:TrackPointExtension>
        </extensions>
      </trkpt>
      <trkpt lat="32.27929542772471904754638671875" lon="118.2835757173597812652587890625">
        <ele>77</ele>
        <time>2026-09-20T06:12:43.000Z</time>
        <extensions>
          <ns3:TrackPointExtension>
            <ns3:hr>63</ns3:hr>
            <ns3:cad>0</ns3:cad>
          </ns3:TrackPointExtension>
        </extensions>
      </trkpt>
      <trkpt lat="32.27929207496345043182373046875" lon="118.2835609652101993560791015625">
        <ele>77</ele>
        <time>2026-09-20T06:12:55.000Z</time>
        <extensions>
          <ns3:TrackPointExtension>
            <ns3:hr>65</ns3:hr>
            <ns3:cad>0</ns3:cad>
          </ns3:TrackPointExtension>
        </extensions>
      </trkpt>
      <trkpt lat="32.27928855456411838531494140625" lon="118.2835757173597812652587890625">
        <ele>77</ele>
        <time>2026-09-20T06:13:04.000Z</time>
        <extensions>
          <ns3:TrackPointExtension>
            <ns3:hr>68</ns3:hr>
            <ns3:cad>0</ns3:cad>
          </ns3:TrackPointExtension>
        </extensions>
      </trkpt>
      <trkpt lat="32.27928905747830867767333984375" lon="118.28358368016779422760009765625">
        <ele>77</ele>
        <time>2026-09-20T06:13:08.000Z</time>
        <extensions>
          <ns3:TrackPointExtension>
            <ns3:hr>69</ns3:hr>
            <ns3:cad>0</ns3:cad>
          </ns3:TrackPointExtension>
        </extensions>
      </trkpt>
      <trkpt lat="32.27928780019283294677734375" lon="118.2835884578526020050048828125">
        <ele>77</ele>
        <time>2026-09-20T06:13:12.000Z</time>
        <extensions>
          <ns3:TrackPointExtension>
            <ns3:hr>66</ns3:hr>
            <ns3:cad>0</ns3:cad>
          </ns3:TrackPointExtension>
        </extensions>
      </trkpt>
      <trkpt lat="32.27928067557513713836669921875" lon="118.28359901905059814453125">
        <ele>77</ele>
        <time>2026-09-20T06:13:20.000Z</time>
        <extensions>
          <ns3:TrackPointExtension>
            <ns3:hr>63</ns3:hr>
            <ns3:cad>0</ns3:cad>
          </ns3:TrackPointExtension>
        </extensions>
      </trkpt>
      <trkpt lat="32.2792765684425830841064453125" lon="118.2835949957370758056640625">
        <ele>77</ele>
        <time>2026-09-20T06:13:32.000Z</time>
        <extensions>
          <ns3:TrackPointExtension>
            <ns3:hr>63</ns3:hr>
            <ns3:cad>0</ns3:cad>
          </ns3:TrackPointExtension>
        </extensions>
      </trkpt>
      <trkpt lat="32.2792852856218814849853515625" lon="118.28357898630201816558837890625">
        <ele>77</ele>
        <time>2026-09-20T06:13:43.000Z</time>
        <extensions>
          <ns3:TrackPointExtension>
            <ns3:hr>63</ns3:hr>
            <ns3:cad>0</ns3:cad>
          </ns3:TrackPointExtension>
        </extensions>
      </trkpt>
      <trkpt lat="32.2792839445173740386962890625" lon="118.28358921222388744354248046875">
        <ele>77</ele>
        <time>2026-09-20T06:13:49.000Z</time>
        <extensions>
          <ns3:TrackPointExtension>
            <ns3:hr>66</ns3:hr>
            <ns3:cad>0</ns3:cad>
          </ns3:TrackPointExtension>
        </extensions>
      </trkpt>
      <trkpt lat="32.27928084321320056915283203125" lon="118.283606730401515960693359375">
        <ele>77</ele>
        <time>2026-09-20T06:13:54.000Z</time>
        <extensions>
          <ns3:TrackPointExtension>
            <ns3:hr>67</ns3:hr>
            <ns3:cad>0</ns3:cad>
          </ns3:TrackPointExtension>
        </extensions>
      </trkpt>
      <trkpt lat="32.27928067557513713836669921875" lon="118.28361050225794315338134765625">
        <ele>77</ele>
        <time>2026-09-20T06:14:04.000Z</time>
        <extensions>
          <ns3:TrackPointExtension>
            <ns3:hr>70</ns3:hr>
            <ns3:cad>0</ns3:cad>
          </ns3:TrackPointExtension>
        </extensions>
      </trkpt>
      <trkpt lat="32.27928268723189830780029296875" lon="118.2836045511066913604736328125">
        <ele>77</ele>
        <time>2026-09-20T06:14:06.000Z</time>
        <extensions>
          <ns3:TrackPointExtension>
            <ns3:hr>69</ns3:hr>
            <ns3:cad>0</ns3:cad>
          </ns3:TrackPointExtension>
        </extensions>
      </trkpt>
      <trkpt lat="32.2792805917561054229736328125" lon="118.28359591774642467498779296875">
        <ele>77</ele>
        <time>2026-09-20T06:14:15.000Z</time>
        <extensions>
          <ns3:TrackPointExtension>
            <ns3:hr>66</ns3:hr>
            <ns3:cad>0</ns3:cad>
          </ns3:TrackPointExtension>
        </extensions>
      </trkpt>
      <trkpt lat="32.2792718745768070220947265625" lon="118.28361502848565578460693359375">
        <ele>77</ele>
        <time>2026-09-20T06:14:23.000Z</time>
        <extensions>
          <ns3:TrackPointExtension>
            <ns3:hr>66</ns3:hr>
            <ns3:cad>0</ns3:cad>
          </ns3:TrackPointExtension>
        </extensions>
      </trkpt>
      <trkpt lat="32.27926022373139858245849609375" lon="118.28364017419517040252685546875">
        <ele>77</ele>
        <time>2026-09-20T06:14:34.000Z</time>
        <extensions>
          <ns3:TrackPointExtension>
            <ns3:hr>66</ns3:hr>
            <ns3:cad>0</ns3:cad>
          </ns3:TrackPointExtension>
        </extensions>
      </trkpt>
      <trkpt lat="32.27928000502288341522216796875" lon="118.28359792940318584442138671875">
        <ele>77</ele>
        <time>2026-09-20T06:14:47.000Z</time>
        <extensions>
          <ns3:TrackPointExtension>
            <ns3:hr>65</ns3:hr>
            <ns3:cad>0</ns3:cad>
          </ns3:TrackPointExtension>
        </extensions>
      </trkpt>
      <trkpt lat="32.279285453259944915771484375" lon="118.2835737057030200958251953125">
        <ele>77</ele>
        <time>2026-09-20T06:14:54.000Z</time>
        <extensions>
          <ns3:TrackPointExtension>
            <ns3:hr>68</ns3:hr>
            <ns3:cad>0</ns3:cad>
          </ns3:TrackPointExtension>
        </extensions>
      </trkpt>
      <trkpt lat="32.27928469888865947723388671875" lon="118.28357110731303691864013671875">
        <ele>77.1999969482421875</ele>
        <time>2026-09-20T06:14:59.000Z</time>
        <extensions>
          <ns3:TrackPointExtension>
            <ns3:hr>69</ns3:hr>
            <ns3:cad>0</ns3:cad>
          </ns3:TrackPointExtension>
        </extensions>
      </trkpt>
      <trkpt lat="32.27928168140351772308349609375" lon="118.2835747115314006805419921875">
        <ele>77</ele>
        <time>2026-09-20T06:15:05.000Z</time>
        <extensions>
          <ns3:TrackPointExtension>
            <ns3:hr>66</ns3:hr>
            <ns3:cad>0</ns3:cad>
          </ns3:TrackPointExtension>
        </extensions>
      </trkpt>
      <trkpt lat="32.27927707135677337646484375" lon="118.2835737057030200958251953125">
        <ele>77.1999969482421875</ele>
        <time>2026-09-20T06:15:11.000Z</time>
        <extensions>
          <ns3:TrackPointExtension>
            <ns3:hr>64</ns3:hr>
            <ns3:cad>0</ns3:cad>
          </ns3:TrackPointExtension>
        </extensions>
      </trkpt>
      <trkpt lat="32.27926609106361865997314453125" lon="118.2835867814719676971435546875">
        <ele>77</ele>
        <time>2026-09-20T06:15:17.000Z</time>
        <extensions>
          <ns3:TrackPointExtension>
            <ns3:hr>61</ns3:hr>
            <ns3:cad>0</ns3:cad>
          </ns3:TrackPointExtension>
        </extensions>
      </trkpt>
      <trkpt lat="32.27925435639917850494384765625" lon="118.2835961692035198211669921875">
        <ele>77</ele>
        <time>2026-09-20T06:15:25.000Z</time>
        <extensions>
          <ns3:TrackPointExtension>
            <ns3:hr>61</ns3:hr>
            <ns3:cad>0</ns3:cad>
          </ns3:TrackPointExtension>
        </extensions>
      </trkpt>
      <trkpt lat="32.27924765087664127349853515625" lon="118.2836186327040195465087890625">
        <ele>77</ele>
        <time>2026-09-20T06:15:37.000Z</time>
        <extensions>
          <ns3:TrackPointExtension>
            <ns3:hr>63</ns3:hr>
            <ns3:cad>0</ns3:cad>
          </ns3:TrackPointExtension>
        </extensions>
      </trkpt>
      <trkpt lat="32.27926525287330150604248046875" lon="118.2836022041738033294677734375">
        <ele>77.1999969482421875</ele>
        <time>2026-09-20T06:15:51.000Z</time>
        <extensions>
          <ns3:TrackPointExtension>
            <ns3:hr>63</ns3:hr>
            <ns3:cad>0</ns3:cad>
          </ns3:TrackPointExtension>
        </extensions>
      </trkpt>
      <trkpt lat="32.2792614810168743133544921875" lon="118.28362190164625644683837890625">
        <ele>77.1999969482421875</ele>
        <time>2026-09-20T06:16:02.000Z</time>
        <extensions>
          <ns3:TrackPointExtension>
            <ns3:hr>64</ns3:hr>
            <ns3:cad>0</ns3:cad>
          </ns3:TrackPointExtension>
        </extensions>
      </trkpt>
      <trkpt lat="32.27925293147563934326171875" lon="118.28364285640418529510498046875">
        <ele>77.1999969482421875</ele>
        <time>2026-09-20T06:16:13.000Z</time>
        <extensions>
          <ns3:TrackPointExtension>
            <ns3:hr>61</ns3:hr>
            <ns3:cad>0</ns3:cad>
          </ns3:TrackPointExtension>
        </extensions>
      </trkpt>
      <trkpt lat="32.279261983931064605712890625" lon="118.28361519612371921539306640625">
        <ele>77.1999969482421875</ele>
        <time>2026-09-20T06:16:25.000Z</time>
        <extensions>
          <ns3:TrackPointExtension>
            <ns3:hr>61</ns3:hr>
            <ns3:cad>0</ns3:cad>
          </ns3:TrackPointExtension>
        </extensions>
      </trkpt>
      <trkpt lat="32.27926307357847690582275390625" lon="118.28361972235143184661865234375">
        <ele>77.1999969482421875</ele>
        <time>2026-09-20T06:16:39.000Z</time>
        <extensions>
          <ns3:TrackPointExtension>
            <ns3:hr>63</ns3:hr>
            <ns3:cad>0</ns3:cad>
          </ns3:TrackPointExtension>
        </extensions>
      </trkpt>
      <trkpt lat="32.2792678512632846832275390625" lon="118.2836218178272247314453125">
        <ele>77.1999969482421875</ele>
        <time>2026-09-20T06:16:55.000Z</time>
        <extensions>
          <ns3:TrackPointExtension>
            <ns3:hr>62</ns3:hr>
            <ns3:cad>0</ns3:cad>
          </ns3:TrackPointExtension>
        </extensions>
      </trkpt>
      <trkpt lat="32.2792598046362400054931640625" lon="118.283636234700679779052734375">
        <ele>77.1999969482421875</ele>
        <time>2026-09-20T06:17:05.000Z</time>
        <extensions>
          <ns3:TrackPointExtension>
            <ns3:hr>65</ns3:hr>
            <ns3:cad>0</ns3:cad>
          </ns3:TrackPointExtension>
        </extensions>
      </trkpt>
      <trkpt lat="32.27926089428365230560302734375" lon="118.2836379110813140869140625">
        <ele>77.40000152587890625</ele>
        <time>2026-09-20T06:17:08.000Z</time>
        <extensions>
          <ns3:TrackPointExtension>
            <ns3:hr>66</ns3:hr>
            <ns3:cad>0</ns3:cad>
          </ns3:TrackPointExtension>
        </extensions>
      </trkpt>
      <trkpt lat="32.279258631169795989990234375" lon="118.28364486806094646453857421875">
        <ele>77.40000152587890625</ele>
        <time>2026-09-20T06:17:17.000Z</time>
        <extensions>
          <ns3:TrackPointExtension>
            <ns3:hr>63</ns3:hr>
            <ns3:cad>0</ns3:cad>
          </ns3:TrackPointExtension>
        </extensions>
      </trkpt>
      <trkpt lat="32.2792561165988445281982421875" lon="118.28364570625126361846923828125">
        <ele>77.40000152587890625</ele>
        <time>2026-09-20T06:17:21.000Z</time>
        <extensions>
          <ns3:TrackPointExtension>
            <ns3:hr>61</ns3:hr>
            <ns3:cad>0</ns3:cad>
          </ns3:TrackPointExtension>
        </extensions>
      </trkpt>
      <trkpt lat="32.27927346713840961456298828125" lon="118.28360932879149913787841796875">
        <ele>77.40000152587890625</ele>
        <time>2026-09-20T06:17:31.000Z</time>
        <extensions>
          <ns3:TrackPointExtension>
            <ns3:hr>60</ns3:hr>
            <ns3:cad>0</ns3:cad>
          </ns3:TrackPointExtension>
        </extensions>
      </trkpt>
      <trkpt lat="32.27927573025226593017578125" lon="118.28360480256378650665283203125">
        <ele>77.40000152587890625</ele>
        <time>2026-09-20T06:17:44.000Z</time>
        <extensions>
          <ns3:TrackPointExtension>
            <ns3:hr>61</ns3:hr>
            <ns3:cad>0</ns3:cad>
          </ns3:TrackPointExtension>
        </extensions>
      </trkpt>
      <trkpt lat="32.2792698629200458526611328125" lon="118.28360329382121562957763671875">
        <ele>77.40000152587890625</ele>
        <time>2026-09-20T06:17:59.000Z</time>
        <extensions>
          <ns3:TrackPointExtension>
            <ns3:hr>62</ns3:hr>
            <ns3:cad>0</ns3:cad>
          </ns3:TrackPointExtension>
        </extensions>
      </trkpt>
      <trkpt lat="32.27927505970001220703125" lon="118.2835921458899974822998046875">
        <ele>77.40000152587890625</ele>
        <time>2026-09-20T06:18:06.000Z</time>
        <extensions>
          <ns3:TrackPointExtension>
            <ns3:hr>59</ns3:hr>
            <ns3:cad>0</ns3:cad>
          </ns3:TrackPointExtension>
        </extensions>
      </trkpt>
      <trkpt lat="32.27927749045193195343017578125" lon="118.28358896076679229736328125">
        <ele>77.40000152587890625</ele>
        <time>2026-09-20T06:18:10.000Z</time>
        <extensions>
          <ns3:TrackPointExtension>
            <ns3:hr>58</ns3:hr>
            <ns3:cad>0</ns3:cad>
          </ns3:TrackPointExtension>
        </extensions>
      </trkpt>
      <trkpt lat="32.27927732281386852264404296875" lon="118.28359709121286869049072265625">
        <ele>77.40000152587890625</ele>
        <time>2026-09-20T06:18:19.000Z</time>
        <extensions>
          <ns3:TrackPointExtension>
            <ns3:hr>60</ns3:hr>
            <ns3:cad>0</ns3:cad>
          </ns3:TrackPointExtension>
        </extensions>
      </trkpt>
      <trkpt lat="32.27929056622087955474853515625" lon="118.283579908311367034912109375">
        <ele>77.40000152587890625</ele>
        <time>2026-09-20T06:18:30.000Z</time>
        <extensions>
          <ns3:TrackPointExtension>
            <ns3:hr>62</ns3:hr>
            <ns3:cad>0</ns3:cad>
          </ns3:TrackPointExtension>
        </extensions>
      </trkpt>
      <trkpt lat="32.27929542772471904754638671875" lon="118.2835599593818187713623046875">
        <ele>77.59999847412109375</ele>
        <time>2026-09-20T06:18:39.000Z</time>
        <extensions>
          <ns3:TrackPointExtension>
            <ns3:hr>65</ns3:hr>
            <ns3:cad>0</ns3:cad>
          </ns3:TrackPointExtension>
        </extensions>
      </trkpt>
      <trkpt lat="32.27929584681987762451171875" lon="118.28355970792472362518310546875">
        <ele>77.59999847412109375</ele>
        <time>2026-09-20T06:18:40.000Z</time>
        <extensions>
          <ns3:TrackPointExtension>
            <ns3:hr>65</ns3:hr>
            <ns3:cad>0</ns3:cad>
          </ns3:TrackPointExtension>
        </extensions>
      </trkpt>
      <trkpt lat="32.27928855456411838531494140625" lon="118.2835750468075275421142578125">
        <ele>77.59999847412109375</ele>
        <time>2026-09-20T06:18:51.000Z</time>
        <extensions>
          <ns3:TrackPointExtension>
            <ns3:hr>62</ns3:hr>
            <ns3:cad>0</ns3:cad>
          </ns3:TrackPointExtension>
        </extensions>
      </trkpt>
      <trkpt lat="32.27928805164992809295654296875" lon="118.28357680700719356536865234375">
        <ele>77.59999847412109375</ele>
        <time>2026-09-20T06:18:52.000Z</time>
        <extensions>
          <ns3:TrackPointExtension>
            <ns3:hr>62</ns3:hr>
            <ns3:cad>0</ns3:cad>
          </ns3:TrackPointExtension>
        </extensions>
      </trkpt>
      <trkpt lat="32.279278747737407684326171875" lon="118.28359021805226802825927734375">
        <ele>77.59999847412109375</ele>
        <time>2026-09-20T06:19:03.000Z</time>
        <extensions>
          <ns3:TrackPointExtension>
            <ns3:hr>61</ns3:hr>
            <ns3:cad>0</ns3:cad>
          </ns3:TrackPointExtension>
        </extensions>
      </trkpt>
      <trkpt lat="32.27925804443657398223876953125" lon="118.28361435793340206146240234375">
        <ele>77.59999847412109375</ele>
        <time>2026-09-20T06:19:13.000Z</time>
        <extensions>
          <ns3:TrackPointExtension>
            <ns3:hr>62</ns3:hr>
            <ns3:cad>0</ns3:cad>
          </ns3:TrackPointExtension>
        </extensions>
      </trkpt>
      <trkpt lat="32.27924429811537265777587890625" lon="118.283633887767791748046875">
        <ele>77.59999847412109375</ele>
        <time>2026-09-20T06:19:21.000Z</time>
        <extensions>
          <ns3:TrackPointExtension>
            <ns3:hr>63</ns3:hr>
            <ns3:cad>0</ns3:cad>
          </ns3:TrackPointExtension>
        </extensions>
      </trkpt>
      <trkpt lat="32.2792443819344043731689453125" lon="118.28363263048231601715087890625">
        <ele>77.59999847412109375</ele>
        <time>2026-09-20T06:19:27.000Z</time>
        <extensions>
          <ns3:TrackPointExtension>
            <ns3:hr>63</ns3:hr>
            <ns3:cad>0</ns3:cad>
          </ns3:TrackPointExtension>
        </extensions>
      </trkpt>
      <trkpt lat="32.279253266751766204833984375" lon="118.28362475149333477020263671875">
        <ele>77.59999847412109375</ele>
        <time>2026-09-20T06:19:35.000Z</time>
        <extensions>
          <ns3:TrackPointExtension>
            <ns3:hr>66</ns3:hr>
            <ns3:cad>0</ns3:cad>
          </ns3:TrackPointExtension>
        </extensions>
      </trkpt>
      <trkpt lat="32.27925670333206653594970703125" lon="118.28362206928431987762451171875">
        <ele>77.59999847412109375</ele>
        <time>2026-09-20T06:19:37.000Z</time>
        <extensions>
          <ns3:TrackPointExtension>
            <ns3:hr>66</ns3:hr>
            <ns3:cad>0</ns3:cad>
          </ns3:TrackPointExtension>
        </extensions>
      </trkpt>
      <trkpt lat="32.2792514227330684661865234375" lon="118.283632211387157440185546875">
        <ele>77.59999847412109375</ele>
        <time>2026-09-20T06:19:43.000Z</time>
        <extensions>
          <ns3:TrackPointExtension>
            <ns3:hr>69</ns3:hr>
            <ns3:cad>0</ns3:cad>
          </ns3:TrackPointExtension>
        </extensions>
      </trkpt>
      <trkpt lat="32.2792591340839862823486328125" lon="118.2836189679801464080810546875">
        <ele>77.59999847412109375</ele>
        <time>2026-09-20T06:19:48.000Z</time>
        <extensions>
          <ns3:TrackPointExtension>
            <ns3:hr>70</ns3:hr>
            <ns3:cad>0</ns3:cad>
          </ns3:TrackPointExtension>
        </extensions>
      </trkpt>
      <trkpt lat="32.27926433086395263671875" lon="118.28361251391470432281494140625">
        <ele>77.59999847412109375</ele>
        <time>2026-09-20T06:19:51.000Z</time>
        <extensions>
          <ns3:TrackPointExtension>
            <ns3:hr>67</ns3:hr>
            <ns3:cad>0</ns3:cad>
          </ns3:TrackPointExtension>
        </extensions>
      </trkpt>
      <trkpt lat="32.27926759980618953704833984375" lon="118.2836092449724674224853515625">
        <ele>77.59999847412109375</ele>
        <time>2026-09-20T06:19:53.000Z</time>
        <extensions>
          <ns3:TrackPointExtension>
            <ns3:hr>64</ns3:hr>
            <ns3:cad>0</ns3:cad>
          </ns3:TrackPointExtension>
        </extensions>
      </trkpt>
      <trkpt lat="32.2792795859277248382568359375" lon="118.28359700739383697509765625">
        <ele>77.59999847412109375</ele>
        <time>2026-09-20T06:19:58.000Z</time>
        <extensions>
          <ns3:TrackPointExtension>
            <ns3:hr>61</ns3:hr>
            <ns3:cad>0</ns3:cad>
          </ns3:TrackPointExtension>
        </extensions>
      </trkpt>
      <trkpt lat="32.279278747737407684326171875" lon="118.28360044397413730621337890625">
        <ele>77.59999847412109375</ele>
        <time>2026-09-20T06:20:00.000Z</time>
        <extensions>
          <ns3:TrackPointExtension>
            <ns3:hr>60</ns3:hr>
            <ns3:cad>0</ns3:cad>
          </ns3:TrackPointExtension>
        </extensions>
      </trkpt>
      <trkpt lat="32.27926391176879405975341796875" lon="118.28362843953073024749755859375">
        <ele>77.59999847412109375</ele>
        <time>2026-09-20T06:20:11.000Z</time>
        <extensions>
          <ns3:TrackPointExtension>
            <ns3:hr>63</ns3:hr>
            <ns3:cad>0</ns3:cad>
          </ns3:TrackPointExtension>
        </extensions>
      </trkpt>
      <trkpt lat="32.279261983931064605712890625" lon="118.28363229520618915557861328125">
        <ele>77.8000030517578125</ele>
        <time>2026-09-20T06:20:12.000Z</time>
        <extensions>
          <ns3:TrackPointExtension>
            <ns3:hr>63</ns3:hr>
            <ns3:cad>0</ns3:cad>
          </ns3:TrackPointExtension>
        </extensions>
      </trkpt>
      <trkpt lat="32.279247231781482696533203125" lon="118.283650986850261688232421875">
        <ele>77.8000030517578125</ele>
        <time>2026-09-20T06:20:27.000Z</time>
        <extensions>
          <ns3:TrackPointExtension>
            <ns3:hr>65</ns3:hr>
            <ns3:cad>0</ns3:cad>
          </ns3:TrackPointExtension>
        </extensions>
      </trkpt>
      <trkpt lat="32.279234491288661956787109375" lon="118.283670432865619659423828125">
        <ele>77.59999847412109375</ele>
        <time>2026-09-20T06:20:35.000Z</time>
        <extensions>
          <ns3:TrackPointExtension>
            <ns3:hr>62</ns3:hr>
            <ns3:cad>0</ns3:cad>
          </ns3:TrackPointExtension>
        </extensions>
      </trkpt>
      <trkpt lat="32.27923474274575710296630859375" lon="118.2836687564849853515625">
        <ele>77.59999847412109375</ele>
        <time>2026-09-20T06:20:38.000Z</time>
        <extensions>
          <ns3:TrackPointExtension>
            <ns3:hr>59</ns3:hr>
            <ns3:cad>0</ns3:cad>
          </ns3:TrackPointExtension>
        </extensions>
      </trkpt>
      <trkpt lat="32.27923491038382053375244140625" lon="118.28366917558014392852783203125">
        <ele>77.59999847412109375</ele>
        <time>2026-09-20T06:20:39.000Z</time>
        <extensions>
          <ns3:TrackPointExtension>
            <ns3:hr>59</ns3:hr>
            <ns3:cad>0</ns3:cad>
          </ns3:TrackPointExtension>
        </extensions>
      </trkpt>
      <trkpt lat="32.27924086153507232666015625" lon="118.28366800211369991302490234375">
        <ele>77.8000030517578125</ele>
        <time>2026-09-20T06:20:52.000Z</time>
        <extensions>
          <ns3:TrackPointExtension>
            <ns3:hr>57</ns3:hr>
            <ns3:cad>0</ns3:cad>
          </ns3:TrackPointExtension>
        </extensions>
      </trkpt>
      <trkpt lat="32.27924983017146587371826171875" lon="118.28364570625126361846923828125">
        <ele>77.8000030517578125</ele>
        <time>2026-09-20T06:21:01.000Z</time>
        <extensions>
          <ns3:TrackPointExtension>
            <ns3:hr>58</ns3:hr>
            <ns3:cad>0</ns3:cad>
          </ns3:TrackPointExtension>
        </extensions>
      </trkpt>
      <trkpt lat="32.27924915961921215057373046875" lon="118.28364503569900989532470703125">
        <ele>77.8000030517578125</ele>
        <time>2026-09-20T06:21:03.000Z</time>
        <extensions>
          <ns3:TrackPointExtension>
            <ns3:hr>61</ns3:hr>
            <ns3:cad>0</ns3:cad>
          </ns3:TrackPointExtension>
        </extensions>
      </trkpt>
      <trkpt lat="32.27924622595310211181640625" lon="118.28364587388932704925537109375">
        <ele>77.8000030517578125</ele>
        <time>2026-09-20T06:21:07.000Z</time>
        <extensions>
          <ns3:TrackPointExtension>
            <ns3:hr>64</ns3:hr>
            <ns3:cad>0</ns3:cad>
          </ns3:TrackPointExtension>
        </extensions>
      </trkpt>
      <trkpt lat="32.279243879020214080810546875" lon="118.2836471311748027801513671875">
        <ele>77.8000030517578125</ele>
        <time>2026-09-20T06:21:12.000Z</time>
        <extensions>
          <ns3:TrackPointExtension>
            <ns3:hr>63</ns3:hr>
            <ns3:cad>0</ns3:cad>
          </ns3:TrackPointExtension>
        </extensions>
      </trkpt>
      <trkpt lat="32.2792326472699642181396484375" lon="118.2836649008095264434814453125">
        <ele>77.8000030517578125</ele>
        <time>2026-09-20T06:21:24.000Z</time>
        <extensions>
          <ns3:TrackPointExtension>
            <ns3:hr>65</ns3:hr>
            <ns3:cad>0</ns3:cad>
          </ns3:TrackPointExtension>
        </extensions>
      </trkpt>
      <trkpt lat="32.279236502945423126220703125" lon="118.28365760855376720428466796875">
        <ele>77.8000030517578125</ele>
        <time>2026-09-20T06:21:28.000Z</time>
        <extensions>
          <ns3:TrackPointExtension>
            <ns3:hr>68</ns3:hr>
            <ns3:cad>0</ns3:cad>
          </ns3:TrackPointExtension>
        </extensions>
      </trkpt>
      <trkpt lat="32.27924312464892864227294921875" lon="118.28364235348999500274658203125">
        <ele>77.8000030517578125</ele>
        <time>2026-09-20T06:21:35.000Z</time>
        <extensions>
          <ns3:TrackPointExtension>
            <ns3:hr>66</ns3:hr>
            <ns3:cad>0</ns3:cad>
          </ns3:TrackPointExtension>
        </extensions>
      </trkpt>
      <trkpt lat="32.27924480102956295013427734375" lon="118.28363849781453609466552734375">
        <ele>77.8000030517578125</ele>
        <time>2026-09-20T06:21:37.000Z</time>
        <extensions>
          <ns3:TrackPointExtension>
            <ns3:hr>63</ns3:hr>
            <ns3:cad>0</ns3:cad>
          </ns3:TrackPointExtension>
        </extensions>
      </trkpt>
      <trkpt lat="32.279245220124721527099609375" lon="118.28363564796745777130126953125">
        <ele>77.8000030517578125</ele>
        <time>2026-09-20T06:21:41.000Z</time>
        <extensions>
          <ns3:TrackPointExtension>
            <ns3:hr>60</ns3:hr>
            <ns3:cad>0</ns3:cad>
          </ns3:TrackPointExtension>
        </extensions>
      </trkpt>
      <trkpt lat="32.27925184182822704315185546875" lon="118.2836236618459224700927734375">
        <ele>77.8000030517578125</ele>
        <time>2026-09-20T06:21:45.000Z</time>
        <extensions>
          <ns3:TrackPointExtension>
            <ns3:hr>59</ns3:hr>
            <ns3:cad>0</ns3:cad>
          </ns3:TrackPointExtension>
        </extensions>
      </trkpt>
      <trkpt lat="32.2792507521808147430419921875" lon="118.2836189679801464080810546875">
        <ele>77.8000030517578125</ele>
        <time>2026-09-20T06:21:56.000Z</time>
        <extensions>
          <ns3:TrackPointExtension>
            <ns3:hr>60</ns3:hr>
            <ns3:cad>0</ns3:cad>
          </ns3:TrackPointExtension>
        </extensions>
      </trkpt>
      <trkpt lat="32.27923943661153316497802734375" lon="118.2836216501891613006591796875">
        <ele>77.8000030517578125</ele>
        <time>2026-09-20T06:22:09.000Z</time>
        <extensions>
          <ns3:TrackPointExtension>
            <ns3:hr>59</ns3:hr>
            <ns3:cad>0</ns3:cad>
          </ns3:TrackPointExtension>
        </extensions>
      </trkpt>
      <trkpt lat="32.2792339883744716644287109375" lon="118.28362676315009593963623046875">
        <ele>77.8000030517578125</ele>
        <time>2026-09-20T06:22:20.000Z</time>
        <extensions>
          <ns3:TrackPointExtension>
            <ns3:hr>62</ns3:hr>
            <ns3:cad>0</ns3:cad>
          </ns3:TrackPointExtension>
        </extensions>
      </trkpt>
      <trkpt lat="32.27923340164124965667724609375" lon="118.2836266793310642242431640625">
        <ele>77.8000030517578125</ele>
        <time>2026-09-20T06:22:24.000Z</time>
        <extensions>
          <ns3:TrackPointExtension>
            <ns3:hr>63</ns3:hr>
            <ns3:cad>0</ns3:cad>
          </ns3:TrackPointExtension>
        </extensions>
      </trkpt>
      <trkpt lat="32.27924396283924579620361328125" lon="118.2836206443607807159423828125">
        <ele>77.8000030517578125</ele>
        <time>2026-09-20T06:22:36.000Z</time>
        <extensions>
          <ns3:TrackPointExtension>
            <ns3:hr>61</ns3:hr>
            <ns3:cad>0</ns3:cad>
          </ns3:TrackPointExtension>
        </extensions>
      </trkpt>
      <trkpt lat="32.2792477346956729888916015625" lon="118.283626846969127655029296875">
        <ele>77.8000030517578125</ele>
        <time>2026-09-20T06:22:45.000Z</time>
        <extensions>
          <ns3:TrackPointExtension>
            <ns3:hr>58</ns3:hr>
            <ns3:cad>0</ns3:cad>
          </ns3:TrackPointExtension>
        </extensions>
      </trkpt>
      <trkpt lat="32.2792517580091953277587890625" lon="118.2836243323981761932373046875">
        <ele>77.8000030517578125</ele>
        <time>2026-09-20T06:22:49.000Z</time>
        <extensions>
          <ns3:TrackPointExtension>
            <ns3:hr>59</ns3:hr>
            <ns3:cad>0</ns3:cad>
          </ns3:TrackPointExtension>
        </extensions>
      </trkpt>
      <trkpt lat="32.2792601399123668670654296875" lon="118.2836162857711315155029296875">
        <ele>77.8000030517578125</ele>
        <time>2026-09-20T06:22:59.000Z</time>
        <extensions>
          <ns3:TrackPointExtension>
            <ns3:hr>56</ns3:hr>
            <ns3:cad>0</ns3:cad>
          </ns3:TrackPointExtension>
        </extensions>
      </trkpt>
      <trkpt lat="32.27926089428365230560302734375" lon="118.28361553139984607696533203125">
        <ele>77.8000030517578125</ele>
        <time>2026-09-20T06:23:00.000Z</time>
        <extensions>
          <ns3:TrackPointExtension>
            <ns3:hr>56</ns3:hr>
            <ns3:cad>0</ns3:cad>
          </ns3:TrackPointExtension>
        </extensions>
      </trkpt>
      <trkpt lat="32.2792604751884937286376953125" lon="118.2836169563233852386474609375">
        <ele>77.8000030517578125</ele>
        <time>2026-09-20T06:23:11.000Z</time>
        <extensions>
          <ns3:TrackPointExtension>
            <ns3:hr>59</ns3:hr>
            <ns3:cad>0</ns3:cad>
          </ns3:TrackPointExtension>
        </extensions>
      </trkpt>
      <trkpt lat="32.27925905026495456695556640625" lon="118.2836196385324001312255859375">
        <ele>77.8000030517578125</ele>
        <time>2026-09-20T06:23:12.000Z</time>
        <extensions>
          <ns3:TrackPointExtension>
            <ns3:hr>60</ns3:hr>
            <ns3:cad>0</ns3:cad>
          </ns3:TrackPointExtension>
        </extensions>
      </trkpt>
      <trkpt lat="32.27924949489533901214599609375" lon="118.28362743370234966278076171875">
        <ele>77.8000030517578125</ele>
        <time>2026-09-20T06:23:24.000Z</time>
        <extensions>
          <ns3:TrackPointExtension>
            <ns3:hr>60</ns3:hr>
            <ns3:cad>0</ns3:cad>
          </ns3:TrackPointExtension>
        </extensions>
      </trkpt>
      <trkpt lat="32.27924128063023090362548828125" lon="118.2836379110813140869140625">
        <ele>77.8000030517578125</ele>
        <time>2026-09-20T06:23:36.000Z</time>
        <extensions>
          <ns3:TrackPointExtension>
            <ns3:hr>58</ns3:hr>
            <ns3:cad>0</ns3:cad>
          </ns3:TrackPointExtension>
        </extensions>
      </trkpt>
      <trkpt lat="32.27924278937280178070068359375" lon="118.28363548032939434051513671875">
        <ele>77.8000030517578125</ele>
        <time>2026-09-20T06:23:45.000Z</time>
        <extensions>
          <ns3:TrackPointExtension>
            <ns3:hr>61</ns3:hr>
            <ns3:cad>0</ns3:cad>
          </ns3:TrackPointExtension>
        </extensions>
      </trkpt>
      <trkpt lat="32.2792416997253894805908203125" lon="118.28363816253840923309326171875">
        <ele>77.8000030517578125</ele>
        <time>2026-09-20T06:23:46.000Z</time>
        <extensions>
          <ns3:TrackPointExtension>
            <ns3:hr>62</ns3:hr>
            <ns3:cad>0</ns3:cad>
          </ns3:TrackPointExtension>
        </extensions>
      </trkpt>
      <trkpt lat="32.279236502945423126220703125" lon="118.283653669059276580810546875">
        <ele>77.8000030517578125</ele>
        <time>2026-09-20T06:23:56.000Z</time>
        <extensions>
          <ns3:TrackPointExtension>
            <ns3:hr>59</ns3:hr>
            <ns3:cad>0</ns3:cad>
          </ns3:TrackPointExtension>
        </extensions>
      </trkpt>
      <trkpt lat="32.27923625148832798004150390625" lon="118.28365333378314971923828125">
        <ele>77.8000030517578125</ele>
        <time>2026-09-20T06:23:57.000Z</time>
        <extensions>
          <ns3:TrackPointExtension>
            <ns3:hr>58</ns3:hr>
            <ns3:cad>0</ns3:cad>
          </ns3:TrackPointExtension>
        </extensions>
      </trkpt>
      <trkpt lat="32.2792447172105312347412109375" lon="118.28364553861320018768310546875">
        <ele>77.8000030517578125</ele>
        <time>2026-09-20T06:24:06.000Z</time>
        <extensions>
          <ns3:TrackPointExtension>
            <ns3:hr>61</ns3:hr>
            <ns3:cad>0</ns3:cad>
          </ns3:TrackPointExtension>
        </extensions>
      </trkpt>
      <trkpt lat="32.2792440466582775115966796875" lon="118.28364905901253223419189453125">
        <ele>77.8000030517578125</ele>
        <time>2026-09-20T06:24:08.000Z</time>
        <extensions>
          <ns3:TrackPointExtension>
            <ns3:hr>62</ns3:hr>
            <ns3:cad>0</ns3:cad>
          </ns3:TrackPointExtension>
        </extensions>
      </trkpt>
      <trkpt lat="32.27923138998448848724365234375" lon="118.283673785626888275146484375">
        <ele>77.8000030517578125</ele>
        <time>2026-09-20T06:24:15.000Z</time>
        <extensions>
          <ns3:TrackPointExtension>
            <ns3:hr>65</ns3:hr>
            <ns3:cad>0</ns3:cad>
          </ns3:TrackPointExtension>
        </extensions>
      </trkpt>
      <trkpt lat="32.27922133170068264007568359375" lon="118.28369566239416599273681640625">
        <ele>77.8000030517578125</ele>
        <time>2026-09-20T06:24:19.000Z</time>
        <extensions>
          <ns3:TrackPointExtension>
            <ns3:hr>64</ns3:hr>
            <ns3:cad>0</ns3:cad>
          </ns3:TrackPointExtension>
        </extensions>
      </trkpt>
      <trkpt lat="32.27922216989099979400634765625" lon="118.2836917228996753692626953125">
        <ele>77.8000030517578125</ele>
        <time>2026-09-20T06:24:25.000Z</time>
        <extensions>
          <ns3:TrackPointExtension>
            <ns3:hr>61</ns3:hr>
            <ns3:cad>0</ns3:cad>
          </ns3:TrackPointExtension>
        </extensions>
      </trkpt>
      <trkpt lat="32.27923055179417133331298828125" lon="118.2836615480482578277587890625">
        <ele>77.8000030517578125</ele>
        <time>2026-09-20T06:24:32.000Z</time>
        <extensions>
          <ns3:TrackPointExtension>
            <ns3:hr>60</ns3:hr>
            <ns3:cad>0</ns3:cad>
          </ns3:TrackPointExtension>
        </extensions>
      </trkpt>
      <trkpt lat="32.27924295701086521148681640625" lon="118.28363296575844287872314453125">
        <ele>77.8000030517578125</ele>
        <time>2026-09-20T06:24:44.000Z</time>
        <extensions>
          <ns3:TrackPointExtension>
            <ns3:hr>60</ns3:hr>
            <ns3:cad>0</ns3:cad>
          </ns3:TrackPointExtension>
        </extensions>
      </trkpt>
      <trkpt lat="32.279250584542751312255859375" lon="118.2836058922111988067626953125">
        <ele>77.8000030517578125</ele>
        <time>2026-09-20T06:24:52.000Z</time>
        <extensions>
          <ns3:TrackPointExtension>
            <ns3:hr>57</ns3:hr>
            <ns3:cad>0</ns3:cad>
          </ns3:TrackPointExtension>
        </extensions>
      </trkpt>
      <trkpt lat="32.279249243438243865966796875" lon="118.28359373845160007476806640625">
        <ele>77.8000030517578125</ele>
        <time>2026-09-20T06:24:58.000Z</time>
        <extensions>
          <ns3:TrackPointExtension>
            <ns3:hr>57</ns3:hr>
            <ns3:cad>0</ns3:cad>
          </ns3:TrackPointExtension>
        </extensions>
      </trkpt>
      <trkpt lat="32.2792537696659564971923828125" lon="118.2835830934345722198486328125">
        <ele>78</ele>
        <time>2026-09-20T06:25:12.000Z</time>
        <extensions>
          <ns3:TrackPointExtension>
            <ns3:hr>55</ns3:hr>
            <ns3:cad>0</ns3:cad>
          </ns3:TrackPointExtension>
        </extensions>
      </trkpt>
      <trkpt lat="32.27926525287330150604248046875" lon="118.2835733704268932342529296875">
        <ele>77.8000030517578125</ele>
        <time>2026-09-20T06:25:21.000Z</time>
        <extensions>
          <ns3:TrackPointExtension>
            <ns3:hr>58</ns3:hr>
            <ns3:cad>0</ns3:cad>
          </ns3:TrackPointExtension>
        </extensions>
      </trkpt>
      <trkpt lat="32.2792638279497623443603515625" lon="118.2835829257965087890625">
        <ele>77.8000030517578125</ele>
        <time>2026-09-20T06:25:26.000Z</time>
        <extensions>
          <ns3:TrackPointExtension>
            <ns3:hr>61</ns3:hr>
            <ns3:cad>0</ns3:cad>
          </ns3:TrackPointExtension>
        </extensions>
      </trkpt>
      <trkpt lat="32.2792463935911655426025390625" lon="118.28360932879149913787841796875">
        <ele>77.8000030517578125</ele>
        <time>2026-09-20T06:25:39.000Z</time>
        <extensions>
          <ns3:TrackPointExtension>
            <ns3:hr>63</ns3:hr>
            <ns3:cad>0</ns3:cad>
          </ns3:TrackPointExtension>
        </extensions>
      </trkpt>
      <trkpt lat="32.27926156483590602874755859375" lon="118.28359457664191722869873046875">
        <ele>78</ele>
        <time>2026-09-20T06:25:51.000Z</time>
        <extensions>
          <ns3:TrackPointExtension>
            <ns3:hr>60</ns3:hr>
            <ns3:cad>0</ns3:cad>
          </ns3:TrackPointExtension>
        </extensions>
      </trkpt>
      <trkpt lat="32.27926810272037982940673828125" lon="118.2835864461958408355712890625">
        <ele>78</ele>
        <time>2026-09-20T06:25:53.000Z</time>
        <extensions>
          <ns3:TrackPointExtension>
            <ns3:hr>60</ns3:hr>
            <ns3:cad>0</ns3:cad>
          </ns3:TrackPointExtension>
        </extensions>
      </trkpt>
      <trkpt lat="32.27928419597446918487548828125" lon="118.2835723645985126495361328125">
        <ele>78</ele>
        <time>2026-09-20T06:26:05.000Z</time>
        <extensions>
          <ns3:TrackPointExtension>
            <ns3:hr>58</ns3:hr>
            <ns3:cad>0</ns3:cad>
          </ns3:TrackPointExtension>
        </extensions>
      </trkpt>
      <trkpt lat="32.27927531115710735321044921875" lon="118.2835847698152065277099609375">
        <ele>78</ele>
        <time>2026-09-20T06:26:20.000Z</time>
        <extensions>
          <ns3:TrackPointExtension>
            <ns3:hr>61</ns3:hr>
            <ns3:cad>0</ns3:cad>
          </ns3:TrackPointExtension>
        </extensions>
      </trkpt>
      <trkpt lat="32.27927430532872676849365234375" lon="118.283585272729396820068359375">
        <ele>78</ele>
        <time>2026-09-20T06:26:22.000Z</time>
        <extensions>
          <ns3:TrackPointExtension>
            <ns3:hr>61</ns3:hr>
            <ns3:cad>0</ns3:cad>
          </ns3:TrackPointExtension>
        </extensions>
      </trkpt>
      <trkpt lat="32.27926500141620635986328125" lon="118.28359507955610752105712890625">
        <ele>78</ele>
        <time>2026-09-20T06:26:27.000Z</time>
        <extensions>
          <ns3:TrackPointExtension>
            <ns3:hr>64</ns3:hr>
            <ns3:cad>0</ns3:cad>
          </ns3:TrackPointExtension>
        </extensions>
      </trkpt>
      <trkpt lat="32.27925988845527172088623046875" lon="118.2836018688976764678955078125">
        <ele>78</ele>
        <time>2026-09-20T06:26:35.000Z</time>
        <extensions>
          <ns3:TrackPointExtension>
            <ns3:hr>64</ns3:hr>
            <ns3:cad>0</ns3:cad>
          </ns3:TrackPointExtension>
        </extensions>
      </trkpt>
      <trkpt lat="32.2792638279497623443603515625" lon="118.2836005277931690216064453125">
        <ele>78</ele>
        <time>2026-09-20T06:26:38.000Z</time>
        <extensions>
          <ns3:TrackPointExtension>
            <ns3:hr>61</ns3:hr>
            <ns3:cad>0</ns3:cad>
          </ns3:TrackPointExtension>
        </extensions>
      </trkpt>
      <trkpt lat="32.27926500141620635986328125" lon="118.28360631130635738372802734375">
        <ele>78</ele>
        <time>2026-09-20T06:26:43.000Z</time>
        <extensions>
          <ns3:TrackPointExtension>
            <ns3:hr>58</ns3:hr>
            <ns3:cad>0</ns3:cad>
          </ns3:TrackPointExtension>
        </extensions>
      </trkpt>
      <trkpt lat="32.27926223538815975189208984375" lon="118.2836109213531017303466796875">
        <ele>78</ele>
        <time>2026-09-20T06:26:47.000Z</time>
        <extensions>
          <ns3:TrackPointExtension>
            <ns3:hr>57</ns3:hr>
            <ns3:cad>0</ns3:cad>
          </ns3:TrackPointExtension>
        </extensions>
      </trkpt>
      <trkpt lat="32.27926273830235004425048828125" lon="118.28361050225794315338134765625">
        <ele>78</ele>
        <time>2026-09-20T06:26:57.000Z</time>
        <extensions>
          <ns3:TrackPointExtension>
            <ns3:hr>57</ns3:hr>
            <ns3:cad>0</ns3:cad>
          </ns3:TrackPointExtension>
        </extensions>
      </trkpt>
      <trkpt lat="32.27926407940685749053955078125" lon="118.28359491191804409027099609375">
        <ele>78</ele>
        <time>2026-09-20T06:27:07.000Z</time>
        <extensions>
          <ns3:TrackPointExtension>
            <ns3:hr>57</ns3:hr>
            <ns3:cad>0</ns3:cad>
          </ns3:TrackPointExtension>
        </extensions>
      </trkpt>
      <trkpt lat="32.279262654483318328857421875" lon="118.28359943814575672149658203125">
        <ele>78</ele>
        <time>2026-09-20T06:27:12.000Z</time>
        <extensions>
          <ns3:TrackPointExtension>
            <ns3:hr>60</ns3:hr>
            <ns3:cad>0</ns3:cad>
          </ns3:TrackPointExtension>
        </extensions>
      </trkpt>
      <trkpt lat="32.27926340885460376739501953125" lon="118.28359910286962985992431640625">
        <ele>78</ele>
        <time>2026-09-20T06:27:14.000Z</time>
        <extensions>
          <ns3:TrackPointExtension>
            <ns3:hr>63</ns3:hr>
            <ns3:cad>0</ns3:cad>
          </ns3:TrackPointExtension>
        </extensions>
      </trkpt>
      <trkpt lat="32.27926223538815975189208984375" lon="118.28360295854508876800537109375">
        <ele>78</ele>
        <time>2026-09-20T06:27:19.000Z</time>
        <extensions>
          <ns3:TrackPointExtension>
            <ns3:hr>64</ns3:hr>
            <ns3:cad>0</ns3:cad>
          </ns3:TrackPointExtension>
        </extensions>
      </trkpt>
      <trkpt lat="32.27926072664558887481689453125" lon="118.2836089096963405609130859375">
        <ele>78</ele>
        <time>2026-09-20T06:27:27.000Z</time>
        <extensions>
          <ns3:TrackPointExtension>
            <ns3:hr>67</ns3:hr>
            <ns3:cad>0</ns3:cad>
          </ns3:TrackPointExtension>
        </extensions>
      </trkpt>
      <trkpt lat="32.279263995587825775146484375" lon="118.28360195271670818328857421875">
        <ele>78</ele>
        <time>2026-09-20T06:27:31.000Z</time>
        <extensions>
          <ns3:TrackPointExtension>
            <ns3:hr>66</ns3:hr>
            <ns3:cad>0</ns3:cad>
          </ns3:TrackPointExtension>
        </extensions>
      </trkpt>
      <trkpt lat="32.2792656719684600830078125" lon="118.283596336841583251953125">
        <ele>78</ele>
        <time>2026-09-20T06:27:33.000Z</time>
        <extensions>
          <ns3:TrackPointExtension>
            <ns3:hr>62</ns3:hr>
            <ns3:cad>0</ns3:cad>
          </ns3:TrackPointExtension>
        </extensions>
      </trkpt>
      <trkpt lat="32.27926407940685749053955078125" lon="118.28359424136579036712646484375">
        <ele>78</ele>
        <time>2026-09-20T06:27:36.000Z</time>
        <extensions>
          <ns3:TrackPointExtension>
            <ns3:hr>58</ns3:hr>
            <ns3:cad>0</ns3:cad>
          </ns3:TrackPointExtension>
        </extensions>
      </trkpt>
      <trkpt lat="32.27924714796245098114013671875" lon="118.28361318446695804595947265625">
        <ele>78</ele>
        <time>2026-09-20T06:27:44.000Z</time>
        <extensions>
          <ns3:TrackPointExtension>
            <ns3:hr>56</ns3:hr>
            <ns3:cad>0</ns3:cad>
          </ns3:TrackPointExtension>
        </extensions>
      </trkpt>
      <trkpt lat="32.279239185154438018798828125" lon="118.28362927772104740142822265625">
        <ele>78</ele>
        <time>2026-09-20T06:27:53.000Z</time>
        <extensions>
          <ns3:TrackPointExtension>
            <ns3:hr>59</ns3:hr>
            <ns3:cad>0</ns3:cad>
          </ns3:TrackPointExtension>
        </extensions>
      </trkpt>
      <trkpt lat="32.279241196811199188232421875" lon="118.2836313731968402862548828125">
        <ele>78</ele>
        <time>2026-09-20T06:27:58.000Z</time>
        <extensions>
          <ns3:TrackPointExtension>
            <ns3:hr>58</ns3:hr>
            <ns3:cad>0</ns3:cad>
          </ns3:TrackPointExtension>
        </extensions>
      </trkpt>
      <trkpt lat="32.279243208467960357666015625" lon="118.283631540834903717041015625">
        <ele>78</ele>
        <time>2026-09-20T06:28:02.000Z</time>
        <extensions>
          <ns3:TrackPointExtension>
            <ns3:hr>55</ns3:hr>
            <ns3:cad>0</ns3:cad>
          </ns3:TrackPointExtension>
        </extensions>
      </trkpt>
      <trkpt lat="32.27924379520118236541748046875" lon="118.2836213149130344390869140625">
        <ele>78</ele>
        <time>2026-09-20T06:28:11.000Z</time>
        <extensions>
          <ns3:TrackPointExtension>
            <ns3:hr>57</ns3:hr>
            <ns3:cad>0</ns3:cad>
          </ns3:TrackPointExtension>
        </extensions>
      </trkpt>
      <trkpt lat="32.2792618162930011749267578125" lon="118.28358485363423824310302734375">
        <ele>78</ele>
        <time>2026-09-20T06:28:19.000Z</time>
        <extensions>
          <ns3:TrackPointExtension>
            <ns3:hr>60</ns3:hr>
            <ns3:cad>0</ns3:cad>
          </ns3:TrackPointExtension>
        </extensions>
      </trkpt>
      <trkpt lat="32.2792651690542697906494140625" lon="118.2835810817778110504150390625">
        <ele>78</ele>
        <time>2026-09-20T06:28:22.000Z</time>
        <extensions>
          <ns3:TrackPointExtension>
            <ns3:hr>61</ns3:hr>
            <ns3:cad>0</ns3:cad>
          </ns3:TrackPointExtension>
        </extensions>
      </trkpt>
      <trkpt lat="32.27926558814942836761474609375" lon="118.28358083032071590423583984375">
        <ele>78</ele>
        <time>2026-09-20T06:28:24.000Z</time>
        <extensions>
          <ns3:TrackPointExtension>
            <ns3:hr>64</ns3:hr>
            <ns3:cad>0</ns3:cad>
          </ns3:TrackPointExtension>
        </extensions>
      </trkpt>
      <trkpt lat="32.279256619513034820556640625" lon="118.28359507955610752105712890625">
        <ele>78</ele>
        <time>2026-09-20T06:28:33.000Z</time>
        <extensions>
          <ns3:TrackPointExtension>
            <ns3:hr>60</ns3:hr>
            <ns3:cad>0</ns3:cad>
          </ns3:TrackPointExtension>
        </extensions>
      </trkpt>
      <trkpt lat="32.27924815379083156585693359375" lon="118.2836065627634525299072265625">
        <ele>78</ele>
        <time>2026-09-20T06:28:36.000Z</time>
        <extensions>
          <ns3:TrackPointExtension>
            <ns3:hr>59</ns3:hr>
            <ns3:cad>0</ns3:cad>
          </ns3:TrackPointExtension>
        </extensions>
      </trkpt>
      <trkpt lat="32.27924178354442119598388671875" lon="118.28360111452639102935791015625">
        <ele>78</ele>
        <time>2026-09-20T06:28:46.000Z</time>
        <extensions>
          <ns3:TrackPointExtension>
            <ns3:hr>58</ns3:hr>
            <ns3:cad>0</ns3:cad>
          </ns3:TrackPointExtension>
        </extensions>
      </trkpt>
      <trkpt lat="32.27925620041787624359130859375" lon="118.28357613645493984222412109375">
        <ele>77.8000030517578125</ele>
        <time>2026-09-20T06:28:56.000Z</time>
        <extensions>
          <ns3:TrackPointExtension>
            <ns3:hr>61</ns3:hr>
            <ns3:cad>0</ns3:cad>
          </ns3:TrackPointExtension>
        </extensions>
      </trkpt>
      <trkpt lat="32.27925720624625682830810546875" lon="118.28357580117881298065185546875">
        <ele>77.8000030517578125</ele>
        <time>2026-09-20T06:28:57.000Z</time>
        <extensions>
          <ns3:TrackPointExtension>
            <ns3:hr>61</ns3:hr>
            <ns3:cad>0</ns3:cad>
          </ns3:TrackPointExtension>
        </extensions>
      </trkpt>
      <trkpt lat="32.27926759980618953704833984375" lon="118.28356356360018253326416015625">
        <ele>77.8000030517578125</ele>
        <time>2026-09-20T06:29:05.000Z</time>
        <extensions>
          <ns3:TrackPointExtension>
            <ns3:hr>58</ns3:hr>
            <ns3:cad>0</ns3:cad>
          </ns3:TrackPointExtension>
        </extensions>
      </trkpt>
      <trkpt lat="32.2792608104646205902099609375" lon="118.28357957303524017333984375">
        <ele>77.8000030517578125</ele>
        <time>2026-09-20T06:29:10.000Z</time>
        <extensions>
          <ns3:TrackPointExtension>
            <ns3:hr>57</ns3:hr>
            <ns3:cad>0</ns3:cad>
          </ns3:TrackPointExtension>
        </extensions>
      </trkpt>
      <trkpt lat="32.27924664504826068878173828125" lon="118.2836164534091949462890625">
        <ele>77.8000030517578125</ele>
        <time>2026-09-20T06:29:22.000Z</time>
        <extensions>
          <ns3:TrackPointExtension>
            <ns3:hr>58</ns3:hr>
            <ns3:cad>0</ns3:cad>
          </ns3:TrackPointExtension>
        </extensions>
      </trkpt>
      <trkpt lat="32.27924999780952930450439453125" lon="118.2836219854652881622314453125">
        <ele>77.8000030517578125</ele>
        <time>2026-09-20T06:29:29.000Z</time>
        <extensions>
          <ns3:TrackPointExtension>
            <ns3:hr>61</ns3:hr>
            <ns3:cad>0</ns3:cad>
          </ns3:TrackPointExtension>
        </extensions>
      </trkpt>
      <trkpt lat="32.2792323119938373565673828125" lon="118.28363514505326747894287109375">
        <ele>78</ele>
        <time>2026-09-20T06:29:38.000Z</time>
        <extensions>
          <ns3:TrackPointExtension>
            <ns3:hr>63</ns3:hr>
            <ns3:cad>0</ns3:cad>
          </ns3:TrackPointExtension>
        </extensions>
      </trkpt>
      <trkpt lat="32.27921278215944766998291015625" lon="118.28364394605159759521484375">
        <ele>77.8000030517578125</ele>
        <time>2026-09-20T06:29:47.000Z</time>
        <extensions>
          <ns3:TrackPointExtension>
            <ns3:hr>64</ns3:hr>
            <ns3:cad>0</ns3:cad>
          </ns3:TrackPointExtension>
        </extensions>
      </trkpt>
      <trkpt lat="32.27923859842121601104736328125" lon="118.28364151529967784881591796875">
        <ele>77.8000030517578125</ele>
        <time>2026-09-20T06:29:51.000Z</time>
        <extensions>
          <ns3:TrackPointExtension>
            <ns3:hr>68</ns3:hr>
            <ns3:cad>0</ns3:cad>
          </ns3:TrackPointExtension>
        </extensions>
      </trkpt>
      <trkpt lat="32.27923206053674221038818359375" lon="118.283640928566455841064453125">
        <ele>77.59999847412109375</ele>
        <time>2026-09-20T06:29:52.000Z</time>
        <extensions>
          <ns3:TrackPointExtension>
            <ns3:hr>69</ns3:hr>
            <ns3:cad>0</ns3:cad>
          </ns3:TrackPointExtension>
        </extensions>
      </trkpt>
      <trkpt lat="32.27923281490802764892578125" lon="118.28363866545259952545166015625">
        <ele>77.1999969482421875</ele>
        <time>2026-09-20T06:29:55.000Z</time>
        <extensions>
          <ns3:TrackPointExtension>
            <ns3:hr>72</ns3:hr>
            <ns3:cad>0</ns3:cad>
          </ns3:TrackPointExtension>
        </extensions>
      </trkpt>
      <trkpt lat="32.27923122234642505645751953125" lon="118.28363480977714061737060546875">
        <ele>77.40000152587890625</ele>
        <time>2026-09-20T06:30:00.000Z</time>
        <extensions>
          <ns3:TrackPointExtension>
            <ns3:hr>72</ns3:hr>
            <ns3:cad>0</ns3:cad>
          </ns3:TrackPointExtension>
        </extensions>
      </trkpt>
      <trkpt lat="32.27921814657747745513916015625" lon="118.28364050947129726409912109375">
        <ele>77.59999847412109375</ele>
        <time>2026-09-20T06:30:07.000Z</time>
        <extensions>
          <ns3:TrackPointExtension>
            <ns3:hr>75</ns3:hr>
            <ns3:cad>0</ns3:cad>
          </ns3:TrackPointExtension>
        </extensions>
      </trkpt>
      <trkpt lat="32.279217727482318878173828125" lon="118.28364017419517040252685546875">
        <ele>77.59999847412109375</ele>
        <time>2026-09-20T06:30:08.000Z</time>
        <extensions>
          <ns3:TrackPointExtension>
            <ns3:hr>77</ns3:hr>
            <ns3:cad>0</ns3:cad>
          </ns3:TrackPointExtension>
        </extensions>
      </trkpt>
      <trkpt lat="32.27921848185360431671142578125" lon="118.2836390845477581024169921875">
        <ele>77.59999847412109375</ele>
        <time>2026-09-20T06:30:09.000Z</time>
        <extensions>
          <ns3:TrackPointExtension>
            <ns3:hr>80</ns3:hr>
            <ns3:cad>0</ns3:cad>
          </ns3:TrackPointExtension>
        </extensions>
      </trkpt>
      <trkpt lat="32.279219068586826324462890625" lon="118.2836404256522655487060546875">
        <ele>77.59999847412109375</ele>
        <time>2026-09-20T06:30:10.000Z</time>
        <extensions>
          <ns3:TrackPointExtension>
            <ns3:hr>83</ns3:hr>
            <ns3:cad>0</ns3:cad>
          </ns3:TrackPointExtension>
        </extensions>
      </trkpt>
      <trkpt lat="32.27922786958515644073486328125" lon="118.2836364023387432098388671875">
        <ele>77.40000152587890625</ele>
        <time>2026-09-20T06:30:20.000Z</time>
        <extensions>
          <ns3:TrackPointExtension>
            <ns3:hr>83</ns3:hr>
            <ns3:cad>0</ns3:cad>
          </ns3:TrackPointExtension>
        </extensions>
      </trkpt>
      <trkpt lat="32.27924044243991374969482421875" lon="118.2836303673684597015380859375">
        <ele>77.40000152587890625</ele>
        <time>2026-09-20T06:30:25.000Z</time>
        <extensions>
          <ns3:TrackPointExtension>
            <ns3:hr>79</ns3:hr>
            <ns3:cad>0</ns3:cad>
          </ns3:TrackPointExtension>
        </extensions>
      </trkpt>
      <trkpt lat="32.27924983017146587371826171875" lon="118.28361175954341888427734375">
        <ele>77.59999847412109375</ele>
        <time>2026-09-20T06:30:30.000Z</time>
        <extensions>
          <ns3:TrackPointExtension>
            <ns3:hr>77</ns3:hr>
            <ns3:cad>0</ns3:cad>
          </ns3:TrackPointExtension>
        </extensions>
      </trkpt>
      <trkpt lat="32.27926961146295070648193359375" lon="118.28358770348131656646728515625">
        <ele>77.59999847412109375</ele>
        <time>2026-09-20T06:30:39.000Z</time>
        <extensions>
          <ns3:TrackPointExtension>
            <ns3:hr>77</ns3:hr>
            <ns3:cad>0</ns3:cad>
          </ns3:TrackPointExtension>
        </extensions>
      </trkpt>
      <trkpt lat="32.27926609106361865997314453125" lon="118.2835830934345722198486328125">
        <ele>77.59999847412109375</ele>
        <time>2026-09-20T06:30:43.000Z</time>
        <extensions>
          <ns3:TrackPointExtension>
            <ns3:hr>74</ns3:hr>
            <ns3:cad>0</ns3:cad>
          </ns3:TrackPointExtension>
        </extensions>
      </trkpt>
      <trkpt lat="32.279263325035572052001953125" lon="118.28357948921620845794677734375">
        <ele>77.59999847412109375</ele>
        <time>2026-09-20T06:30:54.000Z</time>
        <extensions>
          <ns3:TrackPointExtension>
            <ns3:hr>72</ns3:hr>
            <ns3:cad>0</ns3:cad>
          </ns3:TrackPointExtension>
        </extensions>
      </trkpt>
      <trkpt lat="32.27926810272037982940673828125" lon="118.28357554972171783447265625">
        <ele>77.59999847412109375</ele>
        <time>2026-09-20T06:31:05.000Z</time>
        <extensions>
          <ns3:TrackPointExtension>
            <ns3:hr>73</ns3:hr>
            <ns3:cad>0</ns3:cad>
          </ns3:TrackPointExtension>
        </extensions>
      </trkpt>
      <trkpt lat="32.2792710363864898681640625" lon="118.2835713587701320648193359375">
        <ele>77.59999847412109375</ele>
        <time>2026-09-20T06:31:12.000Z</time>
        <extensions>
          <ns3:TrackPointExtension>
            <ns3:hr>70</ns3:hr>
            <ns3:cad>0</ns3:cad>
          </ns3:TrackPointExtension>
        </extensions>
      </trkpt>
      <trkpt lat="32.27927648462355136871337890625" lon="118.28357060439884662628173828125">
        <ele>77.59999847412109375</ele>
        <time>2026-09-20T06:31:15.000Z</time>
        <extensions>
          <ns3:TrackPointExtension>
            <ns3:hr>64</ns3:hr>
            <ns3:cad>0</ns3:cad>
          </ns3:TrackPointExtension>
        </extensions>
      </trkpt>
      <trkpt lat="32.27927975356578826904296875" lon="118.28356926329433917999267578125">
        <ele>77.59999847412109375</ele>
        <time>2026-09-20T06:31:16.000Z</time>
        <extensions>
          <ns3:TrackPointExtension>
            <ns3:hr>61</ns3:hr>
            <ns3:cad>0</ns3:cad>
          </ns3:TrackPointExtension>
        </extensions>
      </trkpt>
      <trkpt lat="32.2792802564799785614013671875" lon="118.28356876038014888763427734375">
        <ele>77.59999847412109375</ele>
        <time>2026-09-20T06:31:17.000Z</time>
        <extensions>
          <ns3:TrackPointExtension>
            <ns3:hr>61</ns3:hr>
            <ns3:cad>0</ns3:cad>
          </ns3:TrackPointExtension>
        </extensions>
      </trkpt>
      <trkpt lat="32.27927749045193195343017578125" lon="118.2835710234940052032470703125">
        <ele>77.59999847412109375</ele>
        <time>2026-09-20T06:31:25.000Z</time>
        <extensions>
          <ns3:TrackPointExtension>
            <ns3:hr>61</ns3:hr>
            <ns3:cad>0</ns3:cad>
          </ns3:TrackPointExtension>
        </extensions>
      </trkpt>
      <trkpt lat="32.27923876605927944183349609375" lon="118.28359055332839488983154296875">
        <ele>77.40000152587890625</ele>
        <time>2026-09-20T06:31:36.000Z</time>
        <extensions>
          <ns3:TrackPointExtension>
            <ns3:hr>64</ns3:hr>
            <ns3:cad>0</ns3:cad>
          </ns3:TrackPointExtension>
        </extensions>
      </trkpt>
      <trkpt lat="32.27922745048999786376953125" lon="118.28359591774642467498779296875">
        <ele>77.40000152587890625</ele>
        <time>2026-09-20T06:31:38.000Z</time>
        <extensions>
          <ns3:TrackPointExtension>
            <ns3:hr>66</ns3:hr>
            <ns3:cad>0</ns3:cad>
          </ns3:TrackPointExtension>
        </extensions>
      </trkpt>
      <trkpt lat="32.27920054458081722259521484375" lon="118.28362290747463703155517578125">
        <ele>77.40000152587890625</ele>
        <time>2026-09-20T06:31:51.000Z</time>
        <extensions>
          <ns3:TrackPointExtension>
            <ns3:hr>67</ns3:hr>
            <ns3:cad>0</ns3:cad>
          </ns3:TrackPointExtension>
        </extensions>
      </trkpt>
      <trkpt lat="32.2792276181280612945556640625" lon="118.28361041843891143798828125">
        <ele>77.59999847412109375</ele>
        <time>2026-09-20T06:32:03.000Z</time>
        <extensions>
          <ns3:TrackPointExtension>
            <ns3:hr>68</ns3:hr>
            <ns3:cad>0</ns3:cad>
          </ns3:TrackPointExtension>
        </extensions>
      </trkpt>
      <trkpt lat="32.27923876605927944183349609375" lon="118.283601365983486175537109375">
        <ele>77.59999847412109375</ele>
        <time>2026-09-20T06:32:11.000Z</time>
        <extensions>
          <ns3:TrackPointExtension>
            <ns3:hr>65</ns3:hr>
            <ns3:cad>0</ns3:cad>
          </ns3:TrackPointExtension>
        </extensions>
      </trkpt>
      <trkpt lat="32.27924429811537265777587890625" lon="118.28359642066061496734619140625">
        <ele>77.59999847412109375</ele>
        <time>2026-09-20T06:32:15.000Z</time>
        <extensions>
          <ns3:TrackPointExtension>
            <ns3:hr>65</ns3:hr>
            <ns3:cad>0</ns3:cad>
          </ns3:TrackPointExtension>
        </extensions>
      </trkpt>
      <trkpt lat="32.279258631169795989990234375" lon="118.283591978251934051513671875">
        <ele>77.59999847412109375</ele>
        <time>2026-09-20T06:32:25.000Z</time>
        <extensions>
          <ns3:TrackPointExtension>
            <ns3:hr>68</ns3:hr>
            <ns3:cad>0</ns3:cad>
          </ns3:TrackPointExtension>
        </extensions>
      </trkpt>
      <trkpt lat="32.2792621515691280364990234375" lon="118.283590972423553466796875">
        <ele>77.59999847412109375</ele>
        <time>2026-09-20T06:32:27.000Z</time>
        <extensions>
          <ns3:TrackPointExtension>
            <ns3:hr>68</ns3:hr>
            <ns3:cad>0</ns3:cad>
          </ns3:TrackPointExtension>
        </extensions>
      </trkpt>
      <trkpt lat="32.2792611457407474517822265625" lon="118.2835896313190460205078125">
        <ele>77.59999847412109375</ele>
        <time>2026-09-20T06:32:32.000Z</time>
        <extensions>
          <ns3:TrackPointExtension>
            <ns3:hr>71</ns3:hr>
            <ns3:cad>0</ns3:cad>
          </ns3:TrackPointExtension>
        </extensions>
      </trkpt>
      <trkpt lat="32.27925653569400310516357421875" lon="118.28359172679483890533447265625">
        <ele>77.59999847412109375</ele>
        <time>2026-09-20T06:32:34.000Z</time>
        <extensions>
          <ns3:TrackPointExtension>
            <ns3:hr>74</ns3:hr>
            <ns3:cad>0</ns3:cad>
          </ns3:TrackPointExtension>
        </extensions>
      </trkpt>
      <trkpt lat="32.2792497463524341583251953125" lon="118.28359474427998065948486328125">
        <ele>77.59999847412109375</ele>
        <time>2026-09-20T06:32:41.000Z</time>
        <extensions>
          <ns3:TrackPointExtension>
            <ns3:hr>71</ns3:hr>
            <ns3:cad>0</ns3:cad>
          </ns3:TrackPointExtension>
        </extensions>
      </trkpt>
      <trkpt lat="32.2792594693601131439208984375" lon="118.28358133323490619659423828125">
        <ele>77.59999847412109375</ele>
        <time>2026-09-20T06:32:55.000Z</time>
        <extensions>
          <ns3:TrackPointExtension>
            <ns3:hr>71</ns3:hr>
            <ns3:cad>0</ns3:cad>
          </ns3:TrackPointExtension>
        </extensions>
      </trkpt>
      <trkpt lat="32.2792790830135345458984375" lon="118.283556438982486724853515625">
        <ele>77.59999847412109375</ele>
        <time>2026-09-20T06:33:11.000Z</time>
        <extensions>
          <ns3:TrackPointExtension>
            <ns3:hr>70</ns3:hr>
            <ns3:cad>0</ns3:cad>
          </ns3:TrackPointExtension>
        </extensions>
      </trkpt>
      <trkpt lat="32.2792738862335681915283203125" lon="118.28355216421186923980712890625">
        <ele>77.59999847412109375</ele>
        <time>2026-09-20T06:33:17.000Z</time>
        <extensions>
          <ns3:TrackPointExtension>
            <ns3:hr>73</ns3:hr>
            <ns3:cad>0</ns3:cad>
          </ns3:TrackPointExtension>
        </extensions>
      </trkpt>
      <trkpt lat="32.27928386069834232330322265625" lon="118.28354177065193653106689453125">
        <ele>77.59999847412109375</ele>
        <time>2026-09-20T06:33:23.000Z</time>
        <extensions>
          <ns3:TrackPointExtension>
            <ns3:hr>75</ns3:hr>
            <ns3:cad>0</ns3:cad>
          </ns3:TrackPointExtension>
        </extensions>
      </trkpt>
      <trkpt lat="32.27929106913506984710693359375" lon="118.28356876038014888763427734375">
        <ele>77.59999847412109375</ele>
        <time>2026-09-20T06:33:34.000Z</time>
        <extensions>
          <ns3:TrackPointExtension>
            <ns3:hr>73</ns3:hr>
            <ns3:cad>0</ns3:cad>
          </ns3:TrackPointExtension>
        </extensions>
      </trkpt>
      <trkpt lat="32.27928268723189830780029296875" lon="118.283584602177143096923828125">
        <ele>77.59999847412109375</ele>
        <time>2026-09-20T06:33:45.000Z</time>
        <extensions>
          <ns3:TrackPointExtension>
            <ns3:hr>70</ns3:hr>
            <ns3:cad>0</ns3:cad>
          </ns3:TrackPointExtension>
        </extensions>
      </trkpt>
      <trkpt lat="32.279270030558109283447265625" lon="118.2835666649043560028076171875">
        <ele>77.59999847412109375</ele>
        <time>2026-09-20T06:33:57.000Z</time>
        <extensions>
          <ns3:TrackPointExtension>
            <ns3:hr>68</ns3:hr>
            <ns3:cad>0</ns3:cad>
          </ns3:TrackPointExtension>
        </extensions>
      </trkpt>
      <trkpt lat="32.2792718745768070220947265625" lon="118.2835438661277294158935546875">
        <ele>77.59999847412109375</ele>
        <time>2026-09-20T06:34:07.000Z</time>
        <extensions>
          <ns3:TrackPointExtension>
            <ns3:hr>68</ns3:hr>
            <ns3:cad>0</ns3:cad>
          </ns3:TrackPointExtension>
        </extensions>
      </trkpt>
      <trkpt lat="32.279238514602184295654296875" lon="118.28358535654842853546142578125">
        <ele>77.59999847412109375</ele>
        <time>2026-09-20T06:34:18.000Z</time>
        <extensions>
          <ns3:TrackPointExtension>
            <ns3:hr>71</ns3:hr>
            <ns3:cad>0</ns3:cad>
          </ns3:TrackPointExtension>
        </extensions>
      </trkpt>
      <trkpt lat="32.2792375087738037109375" lon="118.28358250670135021209716796875">
        <ele>77.59999847412109375</ele>
        <time>2026-09-20T06:34:19.000Z</time>
        <extensions>
          <ns3:TrackPointExtension>
            <ns3:hr>71</ns3:hr>
            <ns3:cad>0</ns3:cad>
          </ns3:TrackPointExtension>
        </extensions>
      </trkpt>
      <trkpt lat="32.27922988124191761016845703125" lon="118.28359407372772693634033203125">
        <ele>77.59999847412109375</ele>
        <time>2026-09-20T06:34:29.000Z</time>
        <extensions>
          <ns3:TrackPointExtension>
            <ns3:hr>70</ns3:hr>
            <ns3:cad>0</ns3:cad>
          </ns3:TrackPointExtension>
        </extensions>
      </trkpt>
      <trkpt lat="32.27922736667096614837646484375" lon="118.28358351252973079681396484375">
        <ele>77.59999847412109375</ele>
        <time>2026-09-20T06:34:38.000Z</time>
        <extensions>
          <ns3:TrackPointExtension>
            <ns3:hr>71</ns3:hr>
            <ns3:cad>0</ns3:cad>
          </ns3:TrackPointExtension>
        </extensions>
      </trkpt>
      <trkpt lat="32.279229462146759033203125" lon="118.28357680700719356536865234375">
        <ele>77.59999847412109375</ele>
        <time>2026-09-20T06:34:47.000Z</time>
        <extensions>
          <ns3:TrackPointExtension>
            <ns3:hr>71</ns3:hr>
            <ns3:cad>0</ns3:cad>
          </ns3:TrackPointExtension>
        </extensions>
      </trkpt>
      <trkpt lat="32.27923256345093250274658203125" lon="118.283571861684322357177734375">
        <ele>77.59999847412109375</ele>
        <time>2026-09-20T06:34:56.000Z</time>
        <extensions>
          <ns3:TrackPointExtension>
            <ns3:hr>69</ns3:hr>
            <ns3:cad>0</ns3:cad>
          </ns3:TrackPointExtension>
        </extensions>
      </trkpt>
      <trkpt lat="32.279231809079647064208984375" lon="118.2835815846920013427734375">
        <ele>77.59999847412109375</ele>
        <time>2026-09-20T06:35:07.000Z</time>
        <extensions>
          <ns3:TrackPointExtension>
            <ns3:hr>69</ns3:hr>
            <ns3:cad>0</ns3:cad>
          </ns3:TrackPointExtension>
        </extensions>
      </trkpt>
      <trkpt lat="32.2792246006429195404052734375" lon="118.28359239734709262847900390625">
        <ele>77.59999847412109375</ele>
        <time>2026-09-20T06:35:17.000Z</time>
        <extensions>
          <ns3:TrackPointExtension>
            <ns3:hr>72</ns3:hr>
            <ns3:cad>0</ns3:cad>
          </ns3:TrackPointExtension>
        </extensions>
      </trkpt>
      <trkpt lat="32.2792232595384120941162109375" lon="118.28359700739383697509765625">
        <ele>77.59999847412109375</ele>
        <time>2026-09-20T06:35:18.000Z</time>
        <extensions>
          <ns3:TrackPointExtension>
            <ns3:hr>72</ns3:hr>
            <ns3:cad>0</ns3:cad>
          </ns3:TrackPointExtension>
        </extensions>
      </trkpt>
      <trkpt lat="32.27925050072371959686279296875" lon="118.28359030187129974365234375">
        <ele>77.59999847412109375</ele>
        <time>2026-09-20T06:35:27.000Z</time>
        <extensions>
          <ns3:TrackPointExtension>
            <ns3:hr>72</ns3:hr>
            <ns3:cad>0</ns3:cad>
          </ns3:TrackPointExtension>
        </extensions>
      </trkpt>
      <trkpt lat="32.2792584635317325592041015625" lon="118.2835896313190460205078125">
        <ele>77.59999847412109375</ele>
        <time>2026-09-20T06:35:31.000Z</time>
        <extensions>
          <ns3:TrackPointExtension>
            <ns3:hr>75</ns3:hr>
            <ns3:cad>0</ns3:cad>
          </ns3:TrackPointExtension>
        </extensions>
      </trkpt>
      <trkpt lat="32.2792574577033519744873046875" lon="118.2835894636809825897216796875">
        <ele>77.59999847412109375</ele>
        <time>2026-09-20T06:35:32.000Z</time>
        <extensions>
          <ns3:TrackPointExtension>
            <ns3:hr>78</ns3:hr>
            <ns3:cad>0</ns3:cad>
          </ns3:TrackPointExtension>
        </extensions>
      </trkpt>
      <trkpt lat="32.27926039136946201324462890625" lon="118.28356482088565826416015625">
        <ele>77.40000152587890625</ele>
        <time>2026-09-20T06:35:37.000Z</time>
        <extensions>
          <ns3:TrackPointExtension>
            <ns3:hr>74</ns3:hr>
            <ns3:cad>0</ns3:cad>
          </ns3:TrackPointExtension>
        </extensions>
      </trkpt>
      <trkpt lat="32.27926575578749179840087890625" lon="118.28354470431804656982421875">
        <ele>77.40000152587890625</ele>
        <time>2026-09-20T06:35:48.000Z</time>
        <extensions>
          <ns3:TrackPointExtension>
            <ns3:hr>74</ns3:hr>
            <ns3:cad>0</ns3:cad>
          </ns3:TrackPointExtension>
        </extensions>
      </trkpt>
      <trkpt lat="32.2792594693601131439208984375" lon="118.28355300240218639373779296875">
        <ele>77.40000152587890625</ele>
        <time>2026-09-20T06:35:52.000Z</time>
        <extensions>
          <ns3:TrackPointExtension>
            <ns3:hr>77</ns3:hr>
            <ns3:cad>0</ns3:cad>
          </ns3:TrackPointExtension>
        </extensions>
      </trkpt>
      <trkpt lat="32.27926743216812610626220703125" lon="118.28355233184993267059326171875">
        <ele>77.40000152587890625</ele>
        <time>2026-09-20T06:36:00.000Z</time>
        <extensions>
          <ns3:TrackPointExtension>
            <ns3:hr>76</ns3:hr>
            <ns3:cad>0</ns3:cad>
          </ns3:TrackPointExtension>
        </extensions>
      </trkpt>
      <trkpt lat="32.27926156483590602874755859375" lon="118.28354663215577602386474609375">
        <ele>77.1999969482421875</ele>
        <time>2026-09-20T06:36:09.000Z</time>
        <extensions>
          <ns3:TrackPointExtension>
            <ns3:hr>75</ns3:hr>
            <ns3:cad>0</ns3:cad>
          </ns3:TrackPointExtension>
        </extensions>
      </trkpt>
      <trkpt lat="32.2792530991137027740478515625" lon="118.28358485363423824310302734375">
        <ele>77.1999969482421875</ele>
        <time>2026-09-20T06:36:17.000Z</time>
        <extensions>
          <ns3:TrackPointExtension>
            <ns3:hr>75</ns3:hr>
            <ns3:cad>0</ns3:cad>
          </ns3:TrackPointExtension>
        </extensions>
      </trkpt>
      <trkpt lat="32.279250584542751312255859375" lon="118.2836647331714630126953125">
        <ele>76.8000030517578125</ele>
        <time>2026-09-20T06:36:27.000Z</time>
        <extensions>
          <ns3:TrackPointExtension>
            <ns3:hr>77</ns3:hr>
            <ns3:cad>0</ns3:cad>
          </ns3:TrackPointExtension>
        </extensions>
      </trkpt>
      <trkpt lat="32.27925787679851055145263671875" lon="118.28365945257246494293212890625">
        <ele>76.8000030517578125</ele>
        <time>2026-09-20T06:36:37.000Z</time>
        <extensions>
          <ns3:TrackPointExtension>
            <ns3:hr>77</ns3:hr>
            <ns3:cad>0</ns3:cad>
          </ns3:TrackPointExtension>
        </extensions>
      </trkpt>
      <trkpt lat="32.2792346589267253875732421875" lon="118.283721394836902618408203125">
        <ele>76.8000030517578125</ele>
        <time>2026-09-20T06:36:41.000Z</time>
        <extensions>
          <ns3:TrackPointExtension>
            <ns3:hr>80</ns3:hr>
            <ns3:cad>0</ns3:cad>
          </ns3:TrackPointExtension>
        </extensions>
      </trkpt>
      <trkpt lat="32.279218733310699462890625" lon="118.28374796546995639801025390625">
        <ele>76.8000030517578125</ele>
        <time>2026-09-20T06:36:50.000Z</time>
        <extensions>
          <ns3:TrackPointExtension>
            <ns3:hr>74</ns3:hr>
            <ns3:cad>0</ns3:cad>
          </ns3:TrackPointExtension>
        </extensions>
      </trkpt>
      <trkpt lat="32.27922049351036548614501953125" lon="118.28374427743256092071533203125">
        <ele>76.8000030517578125</ele>
        <time>2026-09-20T06:36:51.000Z</time>
        <extensions>
          <ns3:TrackPointExtension>
            <ns3:hr>71</ns3:hr>
            <ns3:cad>0</ns3:cad>
          </ns3:TrackPointExtension>
        </extensions>
      </trkpt>
      <trkpt lat="32.27922686375677585601806640625" lon="118.28373790718615055084228515625">
        <ele>76.8000030517578125</ele>
        <time>2026-09-20T06:36:52.000Z</time>
        <extensions>
          <ns3:TrackPointExtension>
            <ns3:hr>68</ns3:hr>
            <ns3:cad>0</ns3:cad>
          </ns3:TrackPointExtension>
        </extensions>
      </trkpt>
      <trkpt lat="32.2792242653667926788330078125" lon="118.28373673371970653533935546875">
        <ele>76.8000030517578125</ele>
        <time>2026-09-20T06:36:54.000Z</time>
        <extensions>
          <ns3:TrackPointExtension>
            <ns3:hr>65</ns3:hr>
            <ns3:cad>0</ns3:cad>
          </ns3:TrackPointExtension>
        </extensions>
      </trkpt>
      <trkpt lat="32.27923088707029819488525390625" lon="118.28370337374508380889892578125">
        <ele>76.8000030517578125</ele>
        <time>2026-09-20T06:36:58.000Z</time>
        <extensions>
          <ns3:TrackPointExtension>
            <ns3:hr>64</ns3:hr>
            <ns3:cad>0</ns3:cad>
          </ns3:TrackPointExtension>
        </extensions>
      </trkpt>
      <trkpt lat="32.27923491038382053375244140625" lon="118.28367051668465137481689453125">
        <ele>76.8000030517578125</ele>
        <time>2026-09-20T06:37:03.000Z</time>
        <extensions>
          <ns3:TrackPointExtension>
            <ns3:hr>67</ns3:hr>
            <ns3:cad>0</ns3:cad>
          </ns3:TrackPointExtension>
        </extensions>
      </trkpt>
      <trkpt lat="32.27923289872705936431884765625" lon="118.28366196714341640472412109375">
        <ele>76.59999847412109375</ele>
        <time>2026-09-20T06:37:06.000Z</time>
        <extensions>
          <ns3:TrackPointExtension>
            <ns3:hr>70</ns3:hr>
            <ns3:cad>0</ns3:cad>
          </ns3:TrackPointExtension>
        </extensions>
      </trkpt>
      <trkpt lat="32.279235832393169403076171875" lon="118.2836518250405788421630859375">
        <ele>76.59999847412109375</ele>
        <time>2026-09-20T06:37:09.000Z</time>
        <extensions>
          <ns3:TrackPointExtension>
            <ns3:hr>71</ns3:hr>
            <ns3:cad>0</ns3:cad>
          </ns3:TrackPointExtension>
        </extensions>
      </trkpt>
      <trkpt lat="32.27923910133540630340576171875" lon="118.2836370728909969329833984375">
        <ele>76.8000030517578125</ele>
        <time>2026-09-20T06:37:13.000Z</time>
        <extensions>
          <ns3:TrackPointExtension>
            <ns3:hr>74</ns3:hr>
            <ns3:cad>0</ns3:cad>
          </ns3:TrackPointExtension>
        </extensions>
      </trkpt>
      <trkpt lat="32.2792480699717998504638671875" lon="118.2836057245731353759765625">
        <ele>76.59999847412109375</ele>
        <time>2026-09-20T06:37:20.000Z</time>
        <extensions>
          <ns3:TrackPointExtension>
            <ns3:hr>76</ns3:hr>
            <ns3:cad>0</ns3:cad>
          </ns3:TrackPointExtension>
        </extensions>
      </trkpt>
      <trkpt lat="32.27925133891403675079345703125" lon="118.28359139151871204376220703125">
        <ele>76.59999847412109375</ele>
        <time>2026-09-20T06:37:29.000Z</time>
        <extensions>
          <ns3:TrackPointExtension>
            <ns3:hr>73</ns3:hr>
            <ns3:cad>0</ns3:cad>
          </ns3:TrackPointExtension>
        </extensions>
      </trkpt>
      <trkpt lat="32.279249913990497589111328125" lon="118.28358753584325313568115234375">
        <ele>76.59999847412109375</ele>
        <time>2026-09-20T06:37:30.000Z</time>
        <extensions>
          <ns3:TrackPointExtension>
            <ns3:hr>73</ns3:hr>
            <ns3:cad>0</ns3:cad>
          </ns3:TrackPointExtension>
        </extensions>
      </trkpt>
      <trkpt lat="32.2792504169046878814697265625" lon="118.28361988998949527740478515625">
        <ele>76.8000030517578125</ele>
        <time>2026-09-20T06:37:39.000Z</time>
        <extensions>
          <ns3:TrackPointExtension>
            <ns3:hr>75</ns3:hr>
            <ns3:cad>0</ns3:cad>
          </ns3:TrackPointExtension>
        </extensions>
      </trkpt>
      <trkpt lat="32.279267013072967529296875" lon="118.28359206207096576690673828125">
        <ele>76.59999847412109375</ele>
        <time>2026-09-20T06:37:46.000Z</time>
        <extensions>
          <ns3:TrackPointExtension>
            <ns3:hr>72</ns3:hr>
            <ns3:cad>0</ns3:cad>
          </ns3:TrackPointExtension>
        </extensions>
      </trkpt>
      <trkpt lat="32.27927681989967823028564453125" lon="118.28357412479817867279052734375">
        <ele>76.59999847412109375</ele>
        <time>2026-09-20T06:37:48.000Z</time>
        <extensions>
          <ns3:TrackPointExtension>
            <ns3:hr>70</ns3:hr>
            <ns3:cad>0</ns3:cad>
          </ns3:TrackPointExtension>
        </extensions>
      </trkpt>
      <trkpt lat="32.279281429946422576904296875" lon="118.28355467878282070159912109375">
        <ele>76.59999847412109375</ele>
        <time>2026-09-20T06:37:50.000Z</time>
        <extensions>
          <ns3:TrackPointExtension>
            <ns3:hr>67</ns3:hr>
            <ns3:cad>0</ns3:cad>
          </ns3:TrackPointExtension>
        </extensions>
      </trkpt>
      <trkpt lat="32.2792762331664562225341796875" lon="118.2835485599935054779052734375">
        <ele>76.59999847412109375</ele>
        <time>2026-09-20T06:37:58.000Z</time>
        <extensions>
          <ns3:TrackPointExtension>
            <ns3:hr>65</ns3:hr>
            <ns3:cad>0</ns3:cad>
          </ns3:TrackPointExtension>
        </extensions>
      </trkpt>
      <trkpt lat="32.27928184904158115386962890625" lon="118.283544369041919708251953125">
        <ele>76.59999847412109375</ele>
        <time>2026-09-20T06:38:06.000Z</time>
        <extensions>
          <ns3:TrackPointExtension>
            <ns3:hr>66</ns3:hr>
            <ns3:cad>0</ns3:cad>
          </ns3:TrackPointExtension>
        </extensions>
      </trkpt>
      <trkpt lat="32.27928511798381805419921875" lon="118.2835358195006847381591796875">
        <ele>76.59999847412109375</ele>
        <time>2026-09-20T06:38:10.000Z</time>
        <extensions>
          <ns3:TrackPointExtension>
            <ns3:hr>62</ns3:hr>
            <ns3:cad>0</ns3:cad>
          </ns3:TrackPointExtension>
        </extensions>
      </trkpt>
      <trkpt lat="32.27928553707897663116455078125" lon="118.28355333767831325531005859375">
        <ele>76.59999847412109375</ele>
        <time>2026-09-20T06:38:14.000Z</time>
        <extensions>
          <ns3:TrackPointExtension>
            <ns3:hr>59</ns3:hr>
            <ns3:cad>0</ns3:cad>
          </ns3:TrackPointExtension>
        </extensions>
      </trkpt>
      <trkpt lat="32.279270030558109283447265625" lon="118.28358435072004795074462890625">
        <ele>76.59999847412109375</ele>
        <time>2026-09-20T06:38:16.000Z</time>
        <extensions>
          <ns3:TrackPointExtension>
            <ns3:hr>59</ns3:hr>
            <ns3:cad>0</ns3:cad>
          </ns3:TrackPointExtension>
        </extensions>
      </trkpt>
      <trkpt lat="32.279257960617542266845703125" lon="118.28371628187596797943115234375">
        <ele>76.59999847412109375</ele>
        <time>2026-09-20T06:38:37.000Z</time>
        <extensions>
          <ns3:TrackPointExtension>
            <ns3:hr>62</ns3:hr>
            <ns3:cad>0</ns3:cad>
          </ns3:TrackPointExtension>
        </extensions>
      </trkpt>
      <trkpt lat="32.279263995587825775146484375" lon="118.28360312618315219879150390625">
        <ele>76.59999847412109375</ele>
        <time>2026-09-20T06:38:49.000Z</time>
        <extensions>
          <ns3:TrackPointExtension>
            <ns3:hr>65</ns3:hr>
            <ns3:cad>0</ns3:cad>
          </ns3:TrackPointExtension>
        </extensions>
      </trkpt>
      <trkpt lat="32.27926089428365230560302734375" lon="118.2835815846920013427734375">
        <ele>76.59999847412109375</ele>
        <time>2026-09-20T06:38:53.000Z</time>
        <extensions>
          <ns3:TrackPointExtension>
            <ns3:hr>68</ns3:hr>
            <ns3:cad>0</ns3:cad>
          </ns3:TrackPointExtension>
        </extensions>
      </trkpt>
      <trkpt lat="32.27926374413073062896728515625" lon="118.28357965685427188873291015625">
        <ele>76.59999847412109375</ele>
        <time>2026-09-20T06:38:56.000Z</time>
        <extensions>
          <ns3:TrackPointExtension>
            <ns3:hr>68</ns3:hr>
            <ns3:cad>0</ns3:cad>
          </ns3:TrackPointExtension>
        </extensions>
      </trkpt>
      <trkpt lat="32.27924630977213382720947265625" lon="118.28362785279750823974609375">
        <ele>76.59999847412109375</ele>
        <time>2026-09-20T06:39:04.000Z</time>
        <extensions>
          <ns3:TrackPointExtension>
            <ns3:hr>71</ns3:hr>
            <ns3:cad>0</ns3:cad>
          </ns3:TrackPointExtension>
        </extensions>
      </trkpt>
      <trkpt lat="32.27927061729133129119873046875" lon="118.283673115074634552001953125">
        <ele>76.59999847412109375</ele>
        <time>2026-09-20T06:39:13.000Z</time>
        <extensions>
          <ns3:TrackPointExtension>
            <ns3:hr>71</ns3:hr>
            <ns3:cad>0</ns3:cad>
          </ns3:TrackPointExtension>
        </extensions>
      </trkpt>
      <trkpt lat="32.27929274551570415496826171875" lon="118.28360731713473796844482421875">
        <ele>76.59999847412109375</ele>
        <time>2026-09-20T06:39:24.000Z</time>
        <extensions>
          <ns3:TrackPointExtension>
            <ns3:hr>69</ns3:hr>
            <ns3:cad>0</ns3:cad>
          </ns3:TrackPointExtension>
        </extensions>
      </trkpt>
      <trkpt lat="32.27927782572805881500244140625" lon="118.28356188721954822540283203125">
        <ele>76.59999847412109375</ele>
        <time>2026-09-20T06:39:33.000Z</time>
        <extensions>
          <ns3:TrackPointExtension>
            <ns3:hr>71</ns3:hr>
            <ns3:cad>0</ns3:cad>
          </ns3:TrackPointExtension>
        </extensions>
      </trkpt>
      <trkpt lat="32.27926642633974552154541015625" lon="118.2835198938846588134765625">
        <ele>76.59999847412109375</ele>
        <time>2026-09-20T06:39:40.000Z</time>
        <extensions>
          <ns3:TrackPointExtension>
            <ns3:hr>68</ns3:hr>
            <ns3:cad>0</ns3:cad>
          </ns3:TrackPointExtension>
        </extensions>
      </trkpt>
      <trkpt lat="32.27927547879517078399658203125" lon="118.28348175622522830963134765625">
        <ele>76.59999847412109375</ele>
        <time>2026-09-20T06:39:44.000Z</time>
        <extensions>
          <ns3:TrackPointExtension>
            <ns3:hr>65</ns3:hr>
            <ns3:cad>0</ns3:cad>
          </ns3:TrackPointExtension>
        </extensions>
      </trkpt>
      <trkpt lat="32.2792829386889934539794921875" lon="118.28344370238482952117919921875">
        <ele>76.59999847412109375</ele>
        <time>2026-09-20T06:39:49.000Z</time>
        <extensions>
          <ns3:TrackPointExtension>
            <ns3:hr>65</ns3:hr>
            <ns3:cad>0</ns3:cad>
          </ns3:TrackPointExtension>
        </extensions>
      </trkpt>
      <trkpt lat="32.27929852902889251708984375" lon="118.2834620587527751922607421875">
        <ele>76.59999847412109375</ele>
        <time>2026-09-20T06:39:54.000Z</time>
        <extensions>
          <ns3:TrackPointExtension>
            <ns3:hr>68</ns3:hr>
            <ns3:cad>0</ns3:cad>
          </ns3:TrackPointExtension>
        </extensions>
      </trkpt>
      <trkpt lat="32.27930012159049510955810546875" lon="118.28347018919885158538818359375">
        <ele>76.59999847412109375</ele>
        <time>2026-09-20T06:39:56.000Z</time>
        <extensions>
          <ns3:TrackPointExtension>
            <ns3:hr>72</ns3:hr>
            <ns3:cad>0</ns3:cad>
          </ns3:TrackPointExtension>
        </extensions>
      </trkpt>
      <trkpt lat="32.27930028922855854034423828125" lon="118.28347236849367618560791015625">
        <ele>76.59999847412109375</ele>
        <time>2026-09-20T06:39:59.000Z</time>
        <extensions>
          <ns3:TrackPointExtension>
            <ns3:hr>75</ns3:hr>
            <ns3:cad>0</ns3:cad>
          </ns3:TrackPointExtension>
        </extensions>
      </trkpt>
      <trkpt lat="32.27930045686662197113037109375" lon="118.28356021083891391754150390625">
        <ele>76.59999847412109375</ele>
        <time>2026-09-20T06:40:06.000Z</time>
        <extensions>
          <ns3:TrackPointExtension>
            <ns3:hr>77</ns3:hr>
            <ns3:cad>0</ns3:cad>
          </ns3:TrackPointExtension>
        </extensions>
      </trkpt>
      <trkpt lat="32.27929458953440189361572265625" lon="118.28366733156144618988037109375">
        <ele>76.59999847412109375</ele>
        <time>2026-09-20T06:40:20.000Z</time>
        <extensions>
          <ns3:TrackPointExtension>
            <ns3:hr>76</ns3:hr>
            <ns3:cad>0</ns3:cad>
          </ns3:TrackPointExtension>
        </extensions>
      </trkpt>
      <trkpt lat="32.2792624868452548980712890625" lon="118.2837161980569362640380859375">
        <ele>76.59999847412109375</ele>
        <time>2026-09-20T06:40:32.000Z</time>
        <extensions>
          <ns3:TrackPointExtension>
            <ns3:hr>78</ns3:hr>
            <ns3:cad>0</ns3:cad>
          </ns3:TrackPointExtension>
        </extensions>
      </trkpt>
      <trkpt lat="32.27927514351904392242431640625" lon="118.28363279812037944793701171875">
        <ele>76.59999847412109375</ele>
        <time>2026-09-20T06:40:43.000Z</time>
        <extensions>
          <ns3:TrackPointExtension>
            <ns3:hr>79</ns3:hr>
            <ns3:cad>0</ns3:cad>
          </ns3:TrackPointExtension>
        </extensions>
      </trkpt>
      <trkpt lat="32.2792822681367397308349609375" lon="118.283583931624889373779296875">
        <ele>76.59999847412109375</ele>
        <time>2026-09-20T06:40:45.000Z</time>
        <extensions>
          <ns3:TrackPointExtension>
            <ns3:hr>76</ns3:hr>
            <ns3:cad>0</ns3:cad>
          </ns3:TrackPointExtension>
        </extensions>
      </trkpt>
      <trkpt lat="32.27925703860819339752197265625" lon="118.28333683311939239501953125">
        <ele>76.59999847412109375</ele>
        <time>2026-09-20T06:41:01.000Z</time>
        <extensions>
          <ns3:TrackPointExtension>
            <ns3:hr>76</ns3:hr>
            <ns3:cad>0</ns3:cad>
          </ns3:TrackPointExtension>
        </extensions>
      </trkpt>
      <trkpt lat="32.2792423702776432037353515625" lon="118.28325041569769382476806640625">
        <ele>76.59999847412109375</ele>
        <time>2026-09-20T06:41:06.000Z</time>
        <extensions>
          <ns3:TrackPointExtension>
            <ns3:hr>77</ns3:hr>
            <ns3:cad>0</ns3:cad>
          </ns3:TrackPointExtension>
        </extensions>
      </trkpt>
      <trkpt lat="32.27923306636512279510498046875" lon="118.28311831690371036529541015625">
        <ele>76.59999847412109375</ele>
        <time>2026-09-20T06:41:14.000Z</time>
        <extensions>
          <ns3:TrackPointExtension>
            <ns3:hr>78</ns3:hr>
            <ns3:cad>0</ns3:cad>
          </ns3:TrackPointExtension>
        </extensions>
      </trkpt>
      <trkpt lat="32.279245890676975250244140625" lon="118.28300951980054378509521484375">
        <ele>76.59999847412109375</ele>
        <time>2026-09-20T06:41:20.000Z</time>
        <extensions>
          <ns3:TrackPointExtension>
            <ns3:hr>81</ns3:hr>
            <ns3:cad>0</ns3:cad>
          </ns3:TrackPointExtension>
        </extensions>
      </trkpt>
      <trkpt lat="32.27928377687931060791015625" lon="118.28281648457050323486328125">
        <ele>76.40000152587890625</ele>
        <time>2026-09-20T06:41:31.000Z</time>
        <extensions>
          <ns3:TrackPointExtension>
            <ns3:hr>81</ns3:hr>
            <ns3:cad>0</ns3:cad>
          </ns3:TrackPointExtension>
        </extensions>
      </trkpt>
      <trkpt lat="32.27928251959383487701416015625" lon="118.2828729785978794097900390625">
        <ele>76.59999847412109375</ele>
        <time>2026-09-20T06:41:33.000Z</time>
        <extensions>
          <ns3:TrackPointExtension>
            <ns3:hr>82</ns3:hr>
            <ns3:cad>0</ns3:cad>
          </ns3:TrackPointExtension>
        </extensions>
      </trkpt>
      <trkpt lat="32.279268689453601837158203125" lon="118.28309669159352779388427734375">
        <ele>76.40000152587890625</ele>
        <time>2026-09-20T06:41:47.000Z</time>
        <extensions>
          <ns3:TrackPointExtension>
            <ns3:hr>82</ns3:hr>
            <ns3:cad>0</ns3:cad>
          </ns3:TrackPointExtension>
        </extensions>
      </trkpt>
      <trkpt lat="32.27925435639917850494384765625" lon="118.2832481525838375091552734375">
        <ele>76.40000152587890625</ele>
        <time>2026-09-20T06:41:53.000Z</time>
        <extensions>
          <ns3:TrackPointExtension>
            <ns3:hr>86</ns3:hr>
            <ns3:cad>0</ns3:cad>
          </ns3:TrackPointExtension>
        </extensions>
      </trkpt>
      <trkpt lat="32.2792507521808147430419921875" lon="118.283275477588176727294921875">
        <ele>76.40000152587890625</ele>
        <time>2026-09-20T06:41:55.000Z</time>
        <extensions>
          <ns3:TrackPointExtension>
            <ns3:hr>91</ns3:hr>
            <ns3:cad>0</ns3:cad>
          </ns3:TrackPointExtension>
        </extensions>
      </trkpt>
      <trkpt lat="32.27925133891403675079345703125" lon="118.2832763157784938812255859375">
        <ele>76.40000152587890625</ele>
        <time>2026-09-20T06:41:56.000Z</time>
        <extensions>
          <ns3:TrackPointExtension>
            <ns3:hr>91</ns3:hr>
            <ns3:cad>0</ns3:cad>
          </ns3:TrackPointExtension>
        </extensions>
      </trkpt>
      <trkpt lat="32.279246561229228973388671875" lon="118.28331914730370044708251953125">
        <ele>76.40000152587890625</ele>
        <time>2026-09-20T06:42:04.000Z</time>
        <extensions>
          <ns3:TrackPointExtension>
            <ns3:hr>92</ns3:hr>
            <ns3:cad>0</ns3:cad>
          </ns3:TrackPointExtension>
        </extensions>
      </trkpt>
      <trkpt lat="32.2792376764118671417236328125" lon="118.28334596939384937286376953125">
        <ele>76.40000152587890625</ele>
        <time>2026-09-20T06:42:07.000Z</time>
        <extensions>
          <ns3:TrackPointExtension>
            <ns3:hr>95</ns3:hr>
            <ns3:cad>0</ns3:cad>
          </ns3:TrackPointExtension>
        </extensions>
      </trkpt>
      <trkpt lat="32.2792269475758075714111328125" lon="118.28338268212974071502685546875">
        <ele>76.40000152587890625</ele>
        <time>2026-09-20T06:42:12.000Z</time>
        <extensions>
          <ns3:TrackPointExtension>
            <ns3:hr>94</ns3:hr>
            <ns3:cad>0</ns3:cad>
          </ns3:TrackPointExtension>
        </extensions>
      </trkpt>
      <trkpt lat="32.27921965532004833221435546875" lon="118.2833715341985225677490234375">
        <ele>76.40000152587890625</ele>
        <time>2026-09-20T06:42:18.000Z</time>
        <extensions>
          <ns3:TrackPointExtension>
            <ns3:hr>93</ns3:hr>
            <ns3:cad>0</ns3:cad>
          </ns3:TrackPointExtension>
        </extensions>
      </trkpt>
      <trkpt lat="32.279224433004856109619140625" lon="118.2833856157958507537841796875">
        <ele>76.40000152587890625</ele>
        <time>2026-09-20T06:42:25.000Z</time>
        <extensions>
          <ns3:TrackPointExtension>
            <ns3:hr>94</ns3:hr>
            <ns3:cad>0</ns3:cad>
          </ns3:TrackPointExtension>
        </extensions>
      </trkpt>
      <trkpt lat="32.27924832142889499664306640625" lon="118.283451497554779052734375">
        <ele>76.59999847412109375</ele>
        <time>2026-09-20T06:42:33.000Z</time>
        <extensions>
          <ns3:TrackPointExtension>
            <ns3:hr>93</ns3:hr>
            <ns3:cad>0</ns3:cad>
          </ns3:TrackPointExtension>
        </extensions>
      </trkpt>
      <trkpt lat="32.2792470641434192657470703125" lon="118.2834717817604541778564453125">
        <ele>76.59999847412109375</ele>
        <time>2026-09-20T06:42:38.000Z</time>
        <extensions>
          <ns3:TrackPointExtension>
            <ns3:hr>89</ns3:hr>
            <ns3:cad>0</ns3:cad>
          </ns3:TrackPointExtension>
        </extensions>
      </trkpt>
      <trkpt lat="32.27924823760986328125" lon="118.2835016213357448577880859375">
        <ele>76.59999847412109375</ele>
        <time>2026-09-20T06:42:39.000Z</time>
        <extensions>
          <ns3:TrackPointExtension>
            <ns3:hr>81</ns3:hr>
            <ns3:cad>0</ns3:cad>
          </ns3:TrackPointExtension>
        </extensions>
      </trkpt>
      <trkpt lat="32.2792480699717998504638671875" lon="118.283510170876979827880859375">
        <ele>76.59999847412109375</ele>
        <time>2026-09-20T06:42:40.000Z</time>
        <extensions>
          <ns3:TrackPointExtension>
            <ns3:hr>75</ns3:hr>
            <ns3:cad>0</ns3:cad>
          </ns3:TrackPointExtension>
        </extensions>
      </trkpt>
      <trkpt lat="32.2792603075504302978515625" lon="118.283522911369800567626953125">
        <ele>76.40000152587890625</ele>
        <time>2026-09-20T06:42:43.000Z</time>
        <extensions>
          <ns3:TrackPointExtension>
            <ns3:hr>76</ns3:hr>
            <ns3:cad>0</ns3:cad>
          </ns3:TrackPointExtension>
        </extensions>
      </trkpt>
      <trkpt lat="32.27926055900752544403076171875" lon="118.2835291139781475067138671875">
        <ele>76.40000152587890625</ele>
        <time>2026-09-20T06:42:46.000Z</time>
        <extensions>
          <ns3:TrackPointExtension>
            <ns3:hr>75</ns3:hr>
            <ns3:cad>0</ns3:cad>
          </ns3:TrackPointExtension>
        </extensions>
      </trkpt>
      <trkpt lat="32.27925972081720829010009765625" lon="118.283569850027561187744140625">
        <ele>76.40000152587890625</ele>
        <time>2026-09-20T06:42:53.000Z</time>
        <extensions>
          <ns3:TrackPointExtension>
            <ns3:hr>73</ns3:hr>
            <ns3:cad>0</ns3:cad>
          </ns3:TrackPointExtension>
        </extensions>
      </trkpt>
      <trkpt lat="32.27926307357847690582275390625" lon="118.28356674872338771820068359375">
        <ele>76.40000152587890625</ele>
        <time>2026-09-20T06:43:00.000Z</time>
        <extensions>
          <ns3:TrackPointExtension>
            <ns3:hr>72</ns3:hr>
            <ns3:cad>0</ns3:cad>
          </ns3:TrackPointExtension>
        </extensions>
      </trkpt>
      <trkpt lat="32.27927078492939472198486328125" lon="118.28358284197747707366943359375">
        <ele>76.59999847412109375</ele>
        <time>2026-09-20T06:43:07.000Z</time>
        <extensions>
          <ns3:TrackPointExtension>
            <ns3:hr>73</ns3:hr>
            <ns3:cad>0</ns3:cad>
          </ns3:TrackPointExtension>
        </extensions>
      </trkpt>
      <trkpt lat="32.27927614934742450714111328125" lon="118.28359239734709262847900390625">
        <ele>76.59999847412109375</ele>
        <time>2026-09-20T06:43:12.000Z</time>
        <extensions>
          <ns3:TrackPointExtension>
            <ns3:hr>74</ns3:hr>
            <ns3:cad>0</ns3:cad>
          </ns3:TrackPointExtension>
        </extensions>
      </trkpt>
      <trkpt lat="32.2792685218155384063720703125" lon="118.28361787833273410797119140625">
        <ele>76.59999847412109375</ele>
        <time>2026-09-20T06:43:19.000Z</time>
        <extensions>
          <ns3:TrackPointExtension>
            <ns3:hr>72</ns3:hr>
            <ns3:cad>0</ns3:cad>
          </ns3:TrackPointExtension>
        </extensions>
      </trkpt>
      <trkpt lat="32.27927564643323421478271484375" lon="118.28360212035477161407470703125">
        <ele>76.8000030517578125</ele>
        <time>2026-09-20T06:43:25.000Z</time>
        <extensions>
          <ns3:TrackPointExtension>
            <ns3:hr>71</ns3:hr>
            <ns3:cad>0</ns3:cad>
          </ns3:TrackPointExtension>
        </extensions>
      </trkpt>
      <trkpt lat="32.279268018901348114013671875" lon="118.28360396437346935272216796875">
        <ele>76.59999847412109375</ele>
        <time>2026-09-20T06:43:31.000Z</time>
        <extensions>
          <ns3:TrackPointExtension>
            <ns3:hr>71</ns3:hr>
            <ns3:cad>0</ns3:cad>
          </ns3:TrackPointExtension>
        </extensions>
      </trkpt>
      <trkpt lat="32.27925754152238368988037109375" lon="118.2835998572409152984619140625">
        <ele>76.59999847412109375</ele>
        <time>2026-09-20T06:43:41.000Z</time>
        <extensions>
          <ns3:TrackPointExtension>
            <ns3:hr>72</ns3:hr>
            <ns3:cad>0</ns3:cad>
          </ns3:TrackPointExtension>
        </extensions>
      </trkpt>
      <trkpt lat="32.27926089428365230560302734375" lon="118.2835928164422512054443359375">
        <ele>76.59999847412109375</ele>
        <time>2026-09-20T06:43:47.000Z</time>
        <extensions>
          <ns3:TrackPointExtension>
            <ns3:hr>75</ns3:hr>
            <ns3:cad>0</ns3:cad>
          </ns3:TrackPointExtension>
        </extensions>
      </trkpt>
      <trkpt lat="32.27925938554108142852783203125" lon="118.28360237181186676025390625">
        <ele>77</ele>
        <time>2026-09-20T06:43:50.000Z</time>
        <extensions>
          <ns3:TrackPointExtension>
            <ns3:hr>75</ns3:hr>
            <ns3:cad>0</ns3:cad>
          </ns3:TrackPointExtension>
        </extensions>
      </trkpt>
      <trkpt lat="32.2792497463524341583251953125" lon="118.28364931046962738037109375">
        <ele>77.40000152587890625</ele>
        <time>2026-09-20T06:43:56.000Z</time>
        <extensions>
          <ns3:TrackPointExtension>
            <ns3:hr>76</ns3:hr>
            <ns3:cad>0</ns3:cad>
          </ns3:TrackPointExtension>
        </extensions>
      </trkpt>
      <trkpt lat="32.27924278937280178070068359375" lon="118.2836588658392429351806640625">
        <ele>77.1999969482421875</ele>
        <time>2026-09-20T06:44:02.000Z</time>
        <extensions>
          <ns3:TrackPointExtension>
            <ns3:hr>76</ns3:hr>
            <ns3:cad>0</ns3:cad>
          </ns3:TrackPointExtension>
        </extensions>
      </trkpt>
      <trkpt lat="32.27923742495477199554443359375" lon="118.28364788554608821868896484375">
        <ele>77.1999969482421875</ele>
        <time>2026-09-20T06:44:09.000Z</time>
        <extensions>
          <ns3:TrackPointExtension>
            <ns3:hr>77</ns3:hr>
            <ns3:cad>0</ns3:cad>
          </ns3:TrackPointExtension>
        </extensions>
      </trkpt>
      <trkpt lat="32.27923574857413768768310546875" lon="118.2836486399173736572265625">
        <ele>77.1999969482421875</ele>
        <time>2026-09-20T06:44:14.000Z</time>
        <extensions>
          <ns3:TrackPointExtension>
            <ns3:hr>78</ns3:hr>
            <ns3:cad>0</ns3:cad>
          </ns3:TrackPointExtension>
        </extensions>
      </trkpt>
      <trkpt lat="32.2792375087738037109375" lon="118.28364470042288303375244140625">
        <ele>77.1999969482421875</ele>
        <time>2026-09-20T06:44:17.000Z</time>
        <extensions>
          <ns3:TrackPointExtension>
            <ns3:hr>75</ns3:hr>
            <ns3:cad>0</ns3:cad>
          </ns3:TrackPointExtension>
        </extensions>
      </trkpt>
      <trkpt lat="32.279235832393169403076171875" lon="118.28362626023590564727783203125">
        <ele>77.1999969482421875</ele>
        <time>2026-09-20T06:44:24.000Z</time>
        <extensions>
          <ns3:TrackPointExtension>
            <ns3:hr>76</ns3:hr>
            <ns3:cad>0</ns3:cad>
          </ns3:TrackPointExtension>
        </extensions>
      </trkpt>
      <trkpt lat="32.27923071943223476409912109375" lon="118.28362190164625644683837890625">
        <ele>77.1999969482421875</ele>
        <time>2026-09-20T06:44:33.000Z</time>
        <extensions>
          <ns3:TrackPointExtension>
            <ns3:hr>79</ns3:hr>
            <ns3:cad>0</ns3:cad>
          </ns3:TrackPointExtension>
        </extensions>
      </trkpt>
      <trkpt lat="32.27923172526061534881591796875" lon="118.2836199738085269927978515625">
        <ele>77.1999969482421875</ele>
        <time>2026-09-20T06:44:34.000Z</time>
        <extensions>
          <ns3:TrackPointExtension>
            <ns3:hr>81</ns3:hr>
            <ns3:cad>0</ns3:cad>
          </ns3:TrackPointExtension>
        </extensions>
      </trkpt>
      <trkpt lat="32.2792334854602813720703125" lon="118.28362642787396907806396484375">
        <ele>77.1999969482421875</ele>
        <time>2026-09-20T06:44:40.000Z</time>
        <extensions>
          <ns3:TrackPointExtension>
            <ns3:hr>84</ns3:hr>
            <ns3:cad>0</ns3:cad>
          </ns3:TrackPointExtension>
        </extensions>
      </trkpt>
      <trkpt lat="32.2792303003370761871337890625" lon="118.28365199267864227294921875">
        <ele>77.1999969482421875</ele>
        <time>2026-09-20T06:44:44.000Z</time>
        <extensions>
          <ns3:TrackPointExtension>
            <ns3:hr>85</ns3:hr>
            <ns3:cad>0</ns3:cad>
          </ns3:TrackPointExtension>
        </extensions>
      </trkpt>
      <trkpt lat="32.27922921068966388702392578125" lon="118.28366406261920928955078125">
        <ele>77.1999969482421875</ele>
        <time>2026-09-20T06:44:46.000Z</time>
        <extensions>
          <ns3:TrackPointExtension>
            <ns3:hr>81</ns3:hr>
            <ns3:cad>0</ns3:cad>
          </ns3:TrackPointExtension>
        </extensions>
      </trkpt>
      <trkpt lat="32.27922786958515644073486328125" lon="118.283671773970127105712890625">
        <ele>77</ele>
        <time>2026-09-20T06:44:50.000Z</time>
        <extensions>
          <ns3:TrackPointExtension>
            <ns3:hr>78</ns3:hr>
            <ns3:cad>0</ns3:cad>
          </ns3:TrackPointExtension>
        </extensions>
      </trkpt>
      <trkpt lat="32.27922518737614154815673828125" lon="118.283658362925052642822265625">
        <ele>77.1999969482421875</ele>
        <time>2026-09-20T06:44:54.000Z</time>
        <extensions>
          <ns3:TrackPointExtension>
            <ns3:hr>78</ns3:hr>
            <ns3:cad>0</ns3:cad>
          </ns3:TrackPointExtension>
        </extensions>
      </trkpt>
      <trkpt lat="32.27921211160719394683837890625" lon="118.283633887767791748046875">
        <ele>77.1999969482421875</ele>
        <time>2026-09-20T06:45:03.000Z</time>
        <extensions>
          <ns3:TrackPointExtension>
            <ns3:hr>78</ns3:hr>
            <ns3:cad>0</ns3:cad>
          </ns3:TrackPointExtension>
        </extensions>
      </trkpt>
      <trkpt lat="32.27921328507363796234130859375" lon="118.2836343906819820404052734375">
        <ele>76.59999847412109375</ele>
        <time>2026-09-20T06:45:10.000Z</time>
        <extensions>
          <ns3:TrackPointExtension>
            <ns3:hr>77</ns3:hr>
            <ns3:cad>0</ns3:cad>
          </ns3:TrackPointExtension>
        </extensions>
      </trkpt>
      <trkpt lat="32.279222421348094940185546875" lon="118.28365266323089599609375">
        <ele>77</ele>
        <time>2026-09-20T06:45:18.000Z</time>
        <extensions>
          <ns3:TrackPointExtension>
            <ns3:hr>74</ns3:hr>
            <ns3:cad>0</ns3:cad>
          </ns3:TrackPointExtension>
        </extensions>
      </trkpt>
      <trkpt lat="32.27924027480185031890869140625" lon="118.283663056790828704833984375">
        <ele>77.59999847412109375</ele>
        <time>2026-09-20T06:45:24.000Z</time>
        <extensions>
          <ns3:TrackPointExtension>
            <ns3:hr>74</ns3:hr>
            <ns3:cad>57</ns3:cad>
          </ns3:TrackPointExtension>
        </extensions>
      </trkpt>
      <trkpt lat="32.27923993952572345733642578125" lon="118.2836555130779743194580078125">
        <ele>77.59999847412109375</ele>
        <time>2026-09-20T06:45:25.000Z</time>
        <extensions>
          <ns3:TrackPointExtension>
            <ns3:hr>73</ns3:hr>
            <ns3:cad>57</ns3:cad>
          </ns3:TrackPointExtension>
        </extensions>
      </trkpt>
      <trkpt lat="32.27924262173473834991455078125" lon="118.283632881939411163330078125">
        <ele>77.40000152587890625</ele>
        <time>2026-09-20T06:45:29.000Z</time>
        <extensions>
          <ns3:TrackPointExtension>
            <ns3:hr>76</ns3:hr>
            <ns3:cad>0</ns3:cad>
          </ns3:TrackPointExtension>
        </extensions>
      </trkpt>
      <trkpt lat="32.27924823760986328125" lon="118.283619470894336700439453125">
        <ele>77.1999969482421875</ele>
        <time>2026-09-20T06:45:32.000Z</time>
        <extensions>
          <ns3:TrackPointExtension>
            <ns3:hr>78</ns3:hr>
            <ns3:cad>0</ns3:cad>
          </ns3:TrackPointExtension>
        </extensions>
      </trkpt>
      <trkpt lat="32.27929391898214817047119140625" lon="118.28363849781453609466552734375">
        <ele>77.40000152587890625</ele>
        <time>2026-09-20T06:45:41.000Z</time>
        <extensions>
          <ns3:TrackPointExtension>
            <ns3:hr>78</ns3:hr>
            <ns3:cad>0</ns3:cad>
          </ns3:TrackPointExtension>
        </extensions>
      </trkpt>
      <trkpt lat="32.2793246805667877197265625" lon="118.2836263440549373626708984375">
        <ele>77.40000152587890625</ele>
        <time>2026-09-20T06:45:46.000Z</time>
        <extensions>
          <ns3:TrackPointExtension>
            <ns3:hr>75</ns3:hr>
            <ns3:cad>0</ns3:cad>
          </ns3:TrackPointExtension>
        </extensions>
      </trkpt>
      <trkpt lat="32.27933683432638645172119140625" lon="118.28361754305660724639892578125">
        <ele>77.59999847412109375</ele>
        <time>2026-09-20T06:45:47.000Z</time>
        <extensions>
          <ns3:TrackPointExtension>
            <ns3:hr>75</ns3:hr>
            <ns3:cad>0</ns3:cad>
          </ns3:TrackPointExtension>
        </extensions>
      </trkpt>
      <trkpt lat="32.27936801500618457794189453125" lon="118.2835250906646251678466796875">
        <ele>77</ele>
        <time>2026-09-20T06:45:53.000Z</time>
        <extensions>
          <ns3:TrackPointExtension>
            <ns3:hr>74</ns3:hr>
            <ns3:cad>0</ns3:cad>
          </ns3:TrackPointExtension>
        </extensions>
      </trkpt>
      <trkpt lat="32.27938176132738590240478515625" lon="118.28352265991270542144775390625">
        <ele>76.59999847412109375</ele>
        <time>2026-09-20T06:45:55.000Z</time>
        <extensions>
          <ns3:TrackPointExtension>
            <ns3:hr>73</ns3:hr>
            <ns3:cad>0</ns3:cad>
          </ns3:TrackPointExtension>
        </extensions>
      </trkpt>
      <trkpt lat="32.279378660023212432861328125" lon="118.28354277648031711578369140625">
        <ele>76.1999969482421875</ele>
        <time>2026-09-20T06:45:59.000Z</time>
        <extensions>
          <ns3:TrackPointExtension>
            <ns3:hr>74</ns3:hr>
            <ns3:cad>76</ns3:cad>
          </ns3:TrackPointExtension>
        </extensions>
      </trkpt>
      <trkpt lat="32.27935217320919036865234375" lon="118.28355149365961551666259765625">
        <ele>76.40000152587890625</ele>
        <time>2026-09-20T06:46:05.000Z</time>
        <extensions>
          <ns3:TrackPointExtension>
            <ns3:hr>76</ns3:hr>
            <ns3:cad>0</ns3:cad>
          </ns3:TrackPointExtension>
        </extensions>
      </trkpt>
      <trkpt lat="32.27932401001453399658203125" lon="118.28357194550335407257080078125">
        <ele>76.1999969482421875</ele>
        <time>2026-09-20T06:46:10.000Z</time>
        <extensions>
          <ns3:TrackPointExtension>
            <ns3:hr>76</ns3:hr>
            <ns3:cad>0</ns3:cad>
          </ns3:TrackPointExtension>
        </extensions>
      </trkpt>
      <trkpt lat="32.27929526008665561676025390625" lon="118.28359139151871204376220703125">
        <ele>76.59999847412109375</ele>
        <time>2026-09-20T06:46:17.000Z</time>
        <extensions>
          <ns3:TrackPointExtension>
            <ns3:hr>75</ns3:hr>
            <ns3:cad>0</ns3:cad>
          </ns3:TrackPointExtension>
        </extensions>
      </trkpt>
      <trkpt lat="32.2792997024953365325927734375" lon="118.2836437784135341644287109375">
        <ele>77.40000152587890625</ele>
        <time>2026-09-20T06:46:23.000Z</time>
        <extensions>
          <ns3:TrackPointExtension>
            <ns3:hr>77</ns3:hr>
            <ns3:cad>0</ns3:cad>
          </ns3:TrackPointExtension>
        </extensions>
      </trkpt>
      <trkpt lat="32.279303558170795440673828125" lon="118.28365593217313289642333984375">
        <ele>77.59999847412109375</ele>
        <time>2026-09-20T06:46:24.000Z</time>
        <extensions>
          <ns3:TrackPointExtension>
            <ns3:hr>77</ns3:hr>
            <ns3:cad>0</ns3:cad>
          </ns3:TrackPointExtension>
        </extensions>
      </trkpt>
      <trkpt lat="32.279319651424884796142578125" lon="118.28368392772972583770751953125">
        <ele>78.40000152587890625</ele>
        <time>2026-09-20T06:46:29.000Z</time>
        <extensions>
          <ns3:TrackPointExtension>
            <ns3:hr>81</ns3:hr>
            <ns3:cad>0</ns3:cad>
          </ns3:TrackPointExtension>
        </extensions>
      </trkpt>
      <trkpt lat="32.27937161922454833984375" lon="118.28375970013439655303955078125">
        <ele>78</ele>
        <time>2026-09-20T06:46:37.000Z</time>
        <extensions>
          <ns3:TrackPointExtension>
            <ns3:hr>81</ns3:hr>
            <ns3:cad>52</ns3:cad>
          </ns3:TrackPointExtension>
        </extensions>
      </trkpt>
      <trkpt lat="32.27938695810735225677490234375" lon="118.283789120614528656005859375">
        <ele>78.1999969482421875</ele>
        <time>2026-09-20T06:46:41.000Z</time>
        <extensions>
          <ns3:TrackPointExtension>
            <ns3:hr>85</ns3:hr>
            <ns3:cad>50</ns3:cad>
          </ns3:TrackPointExtension>
        </extensions>
      </trkpt>
      <trkpt lat="32.2793965972959995269775390625" lon="118.2838068902492523193359375">
        <ele>78.40000152587890625</ele>
        <time>2026-09-20T06:46:44.000Z</time>
        <extensions>
          <ns3:TrackPointExtension>
            <ns3:hr>84</ns3:hr>
            <ns3:cad>0</ns3:cad>
          </ns3:TrackPointExtension>
        </extensions>
      </trkpt>
      <trkpt lat="32.27940204553306102752685546875" lon="118.28380630351603031158447265625">
        <ele>78.59999847412109375</ele>
        <time>2026-09-20T06:46:48.000Z</time>
        <extensions>
          <ns3:TrackPointExtension>
            <ns3:hr>85</ns3:hr>
            <ns3:cad>0</ns3:cad>
          </ns3:TrackPointExtension>
        </extensions>
      </trkpt>
      <trkpt lat="32.279409505426883697509765625" lon="118.28382608480751514434814453125">
        <ele>78.59999847412109375</ele>
        <time>2026-09-20T06:46:52.000Z</time>
        <extensions>
          <ns3:TrackPointExtension>
            <ns3:hr>88</ns3:hr>
            <ns3:cad>0</ns3:cad>
          </ns3:TrackPointExtension>
        </extensions>
      </trkpt>
      <trkpt lat="32.27943641133606433868408203125" lon="118.2838710956275463104248046875">
        <ele>78.59999847412109375</ele>
        <time>2026-09-20T06:46:58.000Z</time>
        <extensions>
          <ns3:TrackPointExtension>
            <ns3:hr>91</ns3:hr>
            <ns3:cad>0</ns3:cad>
          </ns3:TrackPointExtension>
        </extensions>
      </trkpt>
      <trkpt lat="32.279446385800838470458984375" lon="118.28387889079749584197998046875">
        <ele>78.59999847412109375</ele>
        <time>2026-09-20T06:47:00.000Z</time>
        <extensions>
          <ns3:TrackPointExtension>
            <ns3:hr>91</ns3:hr>
            <ns3:cad>0</ns3:cad>
          </ns3:TrackPointExtension>
        </extensions>
      </trkpt>
      <trkpt lat="32.27949910797178745269775390625" lon="118.2839374803006649017333984375">
        <ele>77.8000030517578125</ele>
        <time>2026-09-20T06:47:09.000Z</time>
        <extensions>
          <ns3:TrackPointExtension>
            <ns3:hr>92</ns3:hr>
            <ns3:cad>52</ns3:cad>
          </ns3:TrackPointExtension>
        </extensions>
      </trkpt>
      <trkpt lat="32.27950036525726318359375" lon="118.28395231626927852630615234375">
        <ele>77.59999847412109375</ele>
        <time>2026-09-20T06:47:11.000Z</time>
        <extensions>
          <ns3:TrackPointExtension>
            <ns3:hr>92</ns3:hr>
            <ns3:cad>0</ns3:cad>
          </ns3:TrackPointExtension>
        </extensions>
      </trkpt>
      <trkpt lat="32.279498018324375152587890625" lon="118.28399942256510257720947265625">
        <ele>78</ele>
        <time>2026-09-20T06:47:16.000Z</time>
        <extensions>
          <ns3:TrackPointExtension>
            <ns3:hr>95</ns3:hr>
            <ns3:cad>0</ns3:cad>
          </ns3:TrackPointExtension>
        </extensions>
      </trkpt>
      <trkpt lat="32.2794961743056774139404296875" lon="118.28403010033071041107177734375">
        <ele>78.59999847412109375</ele>
        <time>2026-09-20T06:47:26.000Z</time>
        <extensions>
          <ns3:TrackPointExtension>
            <ns3:hr>93</ns3:hr>
            <ns3:cad>0</ns3:cad>
          </ns3:TrackPointExtension>
        </extensions>
      </trkpt>
      <trkpt lat="32.279496006667613983154296875" lon="118.28403026796877384185791015625">
        <ele>78.59999847412109375</ele>
        <time>2026-09-20T06:47:27.000Z</time>
        <extensions>
          <ns3:TrackPointExtension>
            <ns3:hr>93</ns3:hr>
            <ns3:cad>0</ns3:cad>
          </ns3:TrackPointExtension>
        </extensions>
      </trkpt>
      <trkpt lat="32.2794951684772968292236328125" lon="118.2839974947273731231689453125">
        <ele>78.59999847412109375</ele>
        <time>2026-09-20T06:47:35.000Z</time>
        <extensions>
          <ns3:TrackPointExtension>
            <ns3:hr>90</ns3:hr>
            <ns3:cad>0</ns3:cad>
          </ns3:TrackPointExtension>
        </extensions>
      </trkpt>
      <trkpt lat="32.27949474938213825225830078125" lon="118.28399053774774074554443359375">
        <ele>78.59999847412109375</ele>
        <time>2026-09-20T06:47:39.000Z</time>
        <extensions>
          <ns3:TrackPointExtension>
            <ns3:hr>87</ns3:hr>
            <ns3:cad>0</ns3:cad>
          </ns3:TrackPointExtension>
        </extensions>
      </trkpt>
      <trkpt lat="32.27949433028697967529296875" lon="118.2839921303093433380126953125">
        <ele>78.59999847412109375</ele>
        <time>2026-09-20T06:47:41.000Z</time>
        <extensions>
          <ns3:TrackPointExtension>
            <ns3:hr>81</ns3:hr>
            <ns3:cad>0</ns3:cad>
          </ns3:TrackPointExtension>
        </extensions>
      </trkpt>
      <trkpt lat="32.2794944979250431060791015625" lon="118.28399321995675563812255859375">
        <ele>78.59999847412109375</ele>
        <time>2026-09-20T06:47:43.000Z</time>
        <extensions>
          <ns3:TrackPointExtension>
            <ns3:hr>77</ns3:hr>
            <ns3:cad>0</ns3:cad>
          </ns3:TrackPointExtension>
        </extensions>
      </trkpt>
      <trkpt lat="32.27949391119182109832763671875" lon="118.283993639051914215087890625">
        <ele>78.59999847412109375</ele>
        <time>2026-09-20T06:47:48.000Z</time>
        <extensions>
          <ns3:TrackPointExtension>
            <ns3:hr>74</ns3:hr>
            <ns3:cad>0</ns3:cad>
          </ns3:TrackPointExtension>
        </extensions>
      </trkpt>
      <trkpt lat="32.2794646583497524261474609375" lon="118.2840062119066715240478515625">
        <ele>79</ele>
        <time>2026-09-20T06:47:57.000Z</time>
        <extensions>
          <ns3:TrackPointExtension>
            <ns3:hr>72</ns3:hr>
            <ns3:cad>0</ns3:cad>
          </ns3:TrackPointExtension>
        </extensions>
      </trkpt>
      <trkpt lat="32.27944848127663135528564453125" lon="118.284025825560092926025390625">
        <ele>79.8000030517578125</ele>
        <time>2026-09-20T06:48:01.000Z</time>
        <extensions>
          <ns3:TrackPointExtension>
            <ns3:hr>73</ns3:hr>
            <ns3:cad>66</ns3:cad>
          </ns3:TrackPointExtension>
        </extensions>
      </trkpt>
      <trkpt lat="32.27944261394441127777099609375" lon="118.2840296812355518341064453125">
        <ele>80.1999969482421875</ele>
        <time>2026-09-20T06:48:03.000Z</time>
        <extensions>
          <ns3:TrackPointExtension>
            <ns3:hr>72</ns3:hr>
            <ns3:cad>66</ns3:cad>
          </ns3:TrackPointExtension>
        </extensions>
      </trkpt>
      <trkpt lat="32.27940808050334453582763671875" lon="118.284044601023197174072265625">
        <ele>81</ele>
        <time>2026-09-20T06:48:08.000Z</time>
        <extensions>
          <ns3:TrackPointExtension>
            <ns3:hr>75</ns3:hr>
            <ns3:cad>72</ns3:cad>
          </ns3:TrackPointExtension>
        </extensions>
      </trkpt>
      <trkpt lat="32.2793996147811412811279296875" lon="118.28407502733170986175537109375">
        <ele>81.59999847412109375</ele>
        <time>2026-09-20T06:48:12.000Z</time>
        <extensions>
          <ns3:TrackPointExtension>
            <ns3:hr>78</ns3:hr>
            <ns3:cad>0</ns3:cad>
          </ns3:TrackPointExtension>
        </extensions>
      </trkpt>
      <trkpt lat="32.27939986623823642730712890625" lon="118.28408055938780307769775390625">
        <ele>81.59999847412109375</ele>
        <time>2026-09-20T06:48:13.000Z</time>
        <extensions>
          <ns3:TrackPointExtension>
            <ns3:hr>79</ns3:hr>
            <ns3:cad>0</ns3:cad>
          </ns3:TrackPointExtension>
        </extensions>
      </trkpt>
      <trkpt lat="32.27939735166728496551513671875" lon="118.2840863429009914398193359375">
        <ele>81.59999847412109375</ele>
        <time>2026-09-20T06:48:16.000Z</time>
        <extensions>
          <ns3:TrackPointExtension>
            <ns3:hr>83</ns3:hr>
            <ns3:cad>0</ns3:cad>
          </ns3:TrackPointExtension>
        </extensions>
      </trkpt>
      <trkpt lat="32.2793855331838130950927734375" lon="118.28410956077277660369873046875">
        <ele>81.8000030517578125</ele>
        <time>2026-09-20T06:48:19.000Z</time>
        <extensions>
          <ns3:TrackPointExtension>
            <ns3:hr>85</ns3:hr>
            <ns3:cad>0</ns3:cad>
          </ns3:TrackPointExtension>
        </extensions>
      </trkpt>
      <trkpt lat="32.2793815098702907562255859375" lon="118.28411190770566463470458984375">
        <ele>82</ele>
        <time>2026-09-20T06:48:20.000Z</time>
        <extensions>
          <ns3:TrackPointExtension>
            <ns3:hr>85</ns3:hr>
            <ns3:cad>0</ns3:cad>
          </ns3:TrackPointExtension>
        </extensions>
      </trkpt>
      <trkpt lat="32.27937656454741954803466796875" lon="118.28409732319414615631103515625">
        <ele>82.1999969482421875</ele>
        <time>2026-09-20T06:48:25.000Z</time>
        <extensions>
          <ns3:TrackPointExtension>
            <ns3:hr>87</ns3:hr>
            <ns3:cad>0</ns3:cad>
          </ns3:TrackPointExtension>
        </extensions>
      </trkpt>
      <trkpt lat="32.2793774865567684173583984375" lon="118.284072093665599822998046875">
        <ele>82.1999969482421875</ele>
        <time>2026-09-20T06:48:33.000Z</time>
        <extensions>
          <ns3:TrackPointExtension>
            <ns3:hr>88</ns3:hr>
            <ns3:cad>0</ns3:cad>
          </ns3:TrackPointExtension>
        </extensions>
      </trkpt>
      <trkpt lat="32.2793877124786376953125" lon="118.284063376486301422119140625">
        <ele>82.1999969482421875</ele>
        <time>2026-09-20T06:48:37.000Z</time>
        <extensions>
          <ns3:TrackPointExtension>
            <ns3:hr>84</ns3:hr>
            <ns3:cad>0</ns3:cad>
          </ns3:TrackPointExtension>
        </extensions>
      </trkpt>
      <trkpt lat="32.279390059411525726318359375" lon="118.284047283232212066650390625">
        <ele>82.40000152587890625</ele>
        <time>2026-09-20T06:48:44.000Z</time>
        <extensions>
          <ns3:TrackPointExtension>
            <ns3:hr>83</ns3:hr>
            <ns3:cad>0</ns3:cad>
          </ns3:TrackPointExtension>
        </extensions>
      </trkpt>
      <trkpt lat="32.27939249016344547271728515625" lon="118.284043259918689727783203125">
        <ele>82</ele>
        <time>2026-09-20T06:48:53.000Z</time>
        <extensions>
          <ns3:TrackPointExtension>
            <ns3:hr>85</ns3:hr>
            <ns3:cad>0</ns3:cad>
          </ns3:TrackPointExtension>
        </extensions>
      </trkpt>
      <trkpt lat="32.27939483709633350372314453125" lon="118.28401945531368255615234375">
        <ele>81.8000030517578125</ele>
        <time>2026-09-20T06:48:57.000Z</time>
        <extensions>
          <ns3:TrackPointExtension>
            <ns3:hr>88</ns3:hr>
            <ns3:cad>0</ns3:cad>
          </ns3:TrackPointExtension>
        </extensions>
      </trkpt>
      <trkpt lat="32.2794150374829769134521484375" lon="118.283982239663600921630859375">
        <ele>81.1999969482421875</ele>
        <time>2026-09-20T06:49:04.000Z</time>
        <extensions>
          <ns3:TrackPointExtension>
            <ns3:hr>88</ns3:hr>
            <ns3:cad>0</ns3:cad>
          </ns3:TrackPointExtension>
        </extensions>
      </trkpt>
      <trkpt lat="32.27942668832838535308837890625" lon="118.283974863588809967041015625">
        <ele>81</ele>
        <time>2026-09-20T06:49:06.000Z</time>
        <extensions>
          <ns3:TrackPointExtension>
            <ns3:hr>88</ns3:hr>
            <ns3:cad>0</ns3:cad>
          </ns3:TrackPointExtension>
        </extensions>
      </trkpt>
      <trkpt lat="32.27945283986628055572509765625" lon="118.2839740253984928131103515625">
        <ele>80.1999969482421875</ele>
        <time>2026-09-20T06:49:14.000Z</time>
        <extensions>
          <ns3:TrackPointExtension>
            <ns3:hr>86</ns3:hr>
            <ns3:cad>0</ns3:cad>
          </ns3:TrackPointExtension>
        </extensions>
      </trkpt>
      <trkpt lat="32.27945543825626373291015625" lon="118.283975534141063690185546875">
        <ele>80</ele>
        <time>2026-09-20T06:49:15.000Z</time>
        <extensions>
          <ns3:TrackPointExtension>
            <ns3:hr>86</ns3:hr>
            <ns3:cad>0</ns3:cad>
          </ns3:TrackPointExtension>
        </extensions>
      </trkpt>
      <trkpt lat="32.2794666700065135955810546875" lon="118.2839716784656047821044921875">
        <ele>79</ele>
        <time>2026-09-20T06:49:21.000Z</time>
        <extensions>
          <ns3:TrackPointExtension>
            <ns3:hr>83</ns3:hr>
            <ns3:cad>0</ns3:cad>
          </ns3:TrackPointExtension>
        </extensions>
      </trkpt>
      <trkpt lat="32.2794616408646106719970703125" lon="118.2839656434953212738037109375">
        <ele>78.8000030517578125</ele>
        <time>2026-09-20T06:49:22.000Z</time>
        <extensions>
          <ns3:TrackPointExtension>
            <ns3:hr>83</ns3:hr>
            <ns3:cad>0</ns3:cad>
          </ns3:TrackPointExtension>
        </extensions>
      </trkpt>
      <trkpt lat="32.27946490980684757232666015625" lon="118.28396002762019634246826171875">
        <ele>78.8000030517578125</ele>
        <time>2026-09-20T06:49:25.000Z</time>
        <extensions>
          <ns3:TrackPointExtension>
            <ns3:hr>82</ns3:hr>
            <ns3:cad>0</ns3:cad>
          </ns3:TrackPointExtension>
        </extensions>
      </trkpt>
      <trkpt lat="32.279465496540069580078125" lon="118.28393890522420406341552734375">
        <ele>78.59999847412109375</ele>
        <time>2026-09-20T06:49:30.000Z</time>
        <extensions>
          <ns3:TrackPointExtension>
            <ns3:hr>79</ns3:hr>
            <ns3:cad>0</ns3:cad>
          </ns3:TrackPointExtension>
        </extensions>
      </trkpt>
      <trkpt lat="32.27946792729198932647705078125" lon="118.2839249074459075927734375">
        <ele>78.1999969482421875</ele>
        <time>2026-09-20T06:49:33.000Z</time>
        <extensions>
          <ns3:TrackPointExtension>
            <ns3:hr>77</ns3:hr>
            <ns3:cad>75</ns3:cad>
          </ns3:TrackPointExtension>
        </extensions>
      </trkpt>
      <trkpt lat="32.27943188510835170745849609375" lon="118.28391887247562408447265625">
        <ele>78.40000152587890625</ele>
        <time>2026-09-20T06:49:40.000Z</time>
        <extensions>
          <ns3:TrackPointExtension>
            <ns3:hr>77</ns3:hr>
            <ns3:cad>40</ns3:cad>
          </ns3:TrackPointExtension>
        </extensions>
      </trkpt>
      <trkpt lat="32.2793808393180370330810546875" lon="118.2838670723140239715576171875">
        <ele>79</ele>
        <time>2026-09-20T06:49:49.000Z</time>
        <extensions>
          <ns3:TrackPointExtension>
            <ns3:hr>75</ns3:hr>
            <ns3:cad>48</ns3:cad>
          </ns3:TrackPointExtension>
        </extensions>
      </trkpt>
      <trkpt lat="32.2793225012719631195068359375" lon="118.283778727054595947265625">
        <ele>78.59999847412109375</ele>
        <time>2026-09-20T06:49:59.000Z</time>
        <extensions>
          <ns3:TrackPointExtension>
            <ns3:hr>74</ns3:hr>
            <ns3:cad>53</ns3:cad>
          </ns3:TrackPointExtension>
        </extensions>
      </trkpt>
      <trkpt lat="32.27926877327263355255126953125" lon="118.28369599767029285430908203125">
        <ele>78.8000030517578125</ele>
        <time>2026-09-20T06:50:08.000Z</time>
        <extensions>
          <ns3:TrackPointExtension>
            <ns3:hr>76</ns3:hr>
            <ns3:cad>52</ns3:cad>
          </ns3:TrackPointExtension>
        </extensions>
      </trkpt>
      <trkpt lat="32.27924698032438755035400390625" lon="118.28363480977714061737060546875">
        <ele>79</ele>
        <time>2026-09-20T06:50:15.000Z</time>
        <extensions>
          <ns3:TrackPointExtension>
            <ns3:hr>77</ns3:hr>
            <ns3:cad>51</ns3:cad>
          </ns3:TrackPointExtension>
        </extensions>
      </trkpt>
      <trkpt lat="32.2792504169046878814697265625" lon="118.28353942371904850006103515625">
        <ele>79</ele>
        <time>2026-09-20T06:50:23.000Z</time>
        <extensions>
          <ns3:TrackPointExtension>
            <ns3:hr>77</ns3:hr>
            <ns3:cad>50</ns3:cad>
          </ns3:TrackPointExtension>
        </extensions>
      </trkpt>
      <trkpt lat="32.27923189289867877960205078125" lon="118.2834520004689693450927734375">
        <ele>78.59999847412109375</ele>
        <time>2026-09-20T06:50:31.000Z</time>
        <extensions>
          <ns3:TrackPointExtension>
            <ns3:hr>77</ns3:hr>
            <ns3:cad>0</ns3:cad>
          </ns3:TrackPointExtension>
        </extensions>
      </trkpt>
      <trkpt lat="32.27919903583824634552001953125" lon="118.2833882980048656463623046875">
        <ele>78.8000030517578125</ele>
        <time>2026-09-20T06:50:39.000Z</time>
        <extensions>
          <ns3:TrackPointExtension>
            <ns3:hr>75</ns3:hr>
            <ns3:cad>44</ns3:cad>
          </ns3:TrackPointExtension>
        </extensions>
      </trkpt>
      <trkpt lat="32.27918193675577640533447265625" lon="118.2833245955407619476318359375">
        <ele>78.8000030517578125</ele>
        <time>2026-09-20T06:50:45.000Z</time>
        <extensions>
          <ns3:TrackPointExtension>
            <ns3:hr>73</ns3:hr>
            <ns3:cad>47</ns3:cad>
          </ns3:TrackPointExtension>
        </extensions>
      </trkpt>
      <trkpt lat="32.27922116406261920928955078125" lon="118.28326768241822719573974609375">
        <ele>78.59999847412109375</ele>
        <time>2026-09-20T06:50:52.000Z</time>
        <extensions>
          <ns3:TrackPointExtension>
            <ns3:hr>72</ns3:hr>
            <ns3:cad>52</ns3:cad>
          </ns3:TrackPointExtension>
        </extensions>
      </trkpt>
      <trkpt lat="32.2792490758001804351806640625" lon="118.28320599161088466644287109375">
        <ele>78</ele>
        <time>2026-09-20T06:50:59.000Z</time>
        <extensions>
          <ns3:TrackPointExtension>
            <ns3:hr>71</ns3:hr>
            <ns3:cad>54</ns3:cad>
          </ns3:TrackPointExtension>
        </extensions>
      </trkpt>
      <trkpt lat="32.279243208467960357666015625" lon="118.2831935025751590728759765625">
        <ele>77.8000030517578125</ele>
        <time>2026-09-20T06:51:00.000Z</time>
        <extensions>
          <ns3:TrackPointExtension>
            <ns3:hr>71</ns3:hr>
            <ns3:cad>55</ns3:cad>
          </ns3:TrackPointExtension>
        </extensions>
      </trkpt>
      <trkpt lat="32.27921546436846256256103515625" lon="118.28311194665729999542236328125">
        <ele>78.59999847412109375</ele>
        <time>2026-09-20T06:51:07.000Z</time>
        <extensions>
          <ns3:TrackPointExtension>
            <ns3:hr>71</ns3:hr>
            <ns3:cad>52</ns3:cad>
          </ns3:TrackPointExtension>
        </extensions>
      </trkpt>
      <trkpt lat="32.2792259417474269866943359375" lon="118.283083699643611907958984375">
        <ele>78.8000030517578125</ele>
        <time>2026-09-20T06:51:09.000Z</time>
        <extensions>
          <ns3:TrackPointExtension>
            <ns3:hr>71</ns3:hr>
            <ns3:cad>0</ns3:cad>
          </ns3:TrackPointExtension>
        </extensions>
      </trkpt>
      <trkpt lat="32.2792534343898296356201171875" lon="118.2830362580716609954833984375">
        <ele>79.40000152587890625</ele>
        <time>2026-09-20T06:51:13.000Z</time>
        <extensions>
          <ns3:TrackPointExtension>
            <ns3:hr>71</ns3:hr>
            <ns3:cad>0</ns3:cad>
          </ns3:TrackPointExtension>
        </extensions>
      </trkpt>
      <trkpt lat="32.27928738109767436981201171875" lon="118.28300851397216320037841796875">
        <ele>79</ele>
        <time>2026-09-20T06:51:21.000Z</time>
        <extensions>
          <ns3:TrackPointExtension>
            <ns3:hr>72</ns3:hr>
            <ns3:cad>0</ns3:cad>
          </ns3:TrackPointExtension>
        </extensions>
      </trkpt>
      <trkpt lat="32.2793339006602764129638671875" lon="118.28307037241756916046142578125">
        <ele>79</ele>
        <time>2026-09-20T06:51:27.000Z</time>
        <extensions>
          <ns3:TrackPointExtension>
            <ns3:hr>74</ns3:hr>
            <ns3:cad>0</ns3:cad>
          </ns3:TrackPointExtension>
        </extensions>
      </trkpt>
      <trkpt lat="32.27933448739349842071533203125" lon="118.28308260999619960784912109375">
        <ele>79.1999969482421875</ele>
        <time>2026-09-20T06:51:28.000Z</time>
        <extensions>
          <ns3:TrackPointExtension>
            <ns3:hr>74</ns3:hr>
            <ns3:cad>0</ns3:cad>
          </ns3:TrackPointExtension>
        </extensions>
      </trkpt>
      <trkpt lat="32.27936818264424800872802734375" lon="118.28316248953342437744140625">
        <ele>78.1999969482421875</ele>
        <time>2026-09-20T06:51:36.000Z</time>
        <extensions>
          <ns3:TrackPointExtension>
            <ns3:hr>75</ns3:hr>
            <ns3:cad>56</ns3:cad>
          </ns3:TrackPointExtension>
        </extensions>
      </trkpt>
      <trkpt lat="32.2794167138636112213134765625" lon="118.28325997106730937957763671875">
        <ele>77.8000030517578125</ele>
        <time>2026-09-20T06:51:43.000Z</time>
        <extensions>
          <ns3:TrackPointExtension>
            <ns3:hr>75</ns3:hr>
            <ns3:cad>58</ns3:cad>
          </ns3:TrackPointExtension>
        </extensions>
      </trkpt>
      <trkpt lat="32.27942501194775104522705078125" lon="118.28327438794076442718505859375">
        <ele>77.8000030517578125</ele>
        <time>2026-09-20T06:51:44.000Z</time>
        <extensions>
          <ns3:TrackPointExtension>
            <ns3:hr>75</ns3:hr>
            <ns3:cad>58</ns3:cad>
          </ns3:TrackPointExtension>
        </extensions>
      </trkpt>
      <trkpt lat="32.27947027422487735748291015625" lon="118.28330322168767452239990234375">
        <ele>77.59999847412109375</ele>
        <time>2026-09-20T06:51:50.000Z</time>
        <extensions>
          <ns3:TrackPointExtension>
            <ns3:hr>75</ns3:hr>
            <ns3:cad>57</ns3:cad>
          </ns3:TrackPointExtension>
        </extensions>
      </trkpt>
      <trkpt lat="32.279489971697330474853515625" lon="118.28329618088901042938232421875">
        <ele>77.8000030517578125</ele>
        <time>2026-09-20T06:51:52.000Z</time>
        <extensions>
          <ns3:TrackPointExtension>
            <ns3:hr>75</ns3:hr>
            <ns3:cad>56</ns3:cad>
          </ns3:TrackPointExtension>
        </extensions>
      </trkpt>
      <trkpt lat="32.2795377485454082489013671875" lon="118.28328813426196575164794921875">
        <ele>78.1999969482421875</ele>
        <time>2026-09-20T06:51:56.000Z</time>
        <extensions>
          <ns3:TrackPointExtension>
            <ns3:hr>76</ns3:hr>
            <ns3:cad>54</ns3:cad>
          </ns3:TrackPointExtension>
        </extensions>
      </trkpt>
      <trkpt lat="32.27956767193973064422607421875" lon="118.28329986892640590667724609375">
        <ele>78.8000030517578125</ele>
        <time>2026-09-20T06:52:00.000Z</time>
        <extensions>
          <ns3:TrackPointExtension>
            <ns3:hr>75</ns3:hr>
            <ns3:cad>52</ns3:cad>
          </ns3:TrackPointExtension>
        </extensions>
      </trkpt>
      <trkpt lat="32.27959700860083103179931640625" lon="118.28330934047698974609375">
        <ele>79</ele>
        <time>2026-09-20T06:52:03.000Z</time>
        <extensions>
          <ns3:TrackPointExtension>
            <ns3:hr>76</ns3:hr>
            <ns3:cad>48</ns3:cad>
          </ns3:TrackPointExtension>
        </extensions>
      </trkpt>
      <trkpt lat="32.27963271550834178924560546875" lon="118.283319063484668731689453125">
        <ele>79.1999969482421875</ele>
        <time>2026-09-20T06:52:08.000Z</time>
        <extensions>
          <ns3:TrackPointExtension>
            <ns3:hr>76</ns3:hr>
            <ns3:cad>49</ns3:cad>
          </ns3:TrackPointExtension>
        </extensions>
      </trkpt>
      <trkpt lat="32.2796748764812946319580078125" lon="118.28333540819585323333740234375">
        <ele>79.40000152587890625</ele>
        <time>2026-09-20T06:52:14.000Z</time>
        <extensions>
          <ns3:TrackPointExtension>
            <ns3:hr>79</ns3:hr>
            <ns3:cad>0</ns3:cad>
          </ns3:TrackPointExtension>
        </extensions>
      </trkpt>
      <trkpt lat="32.2796959988772869110107421875" lon="118.28333825804293155670166015625">
        <ele>79.59999847412109375</ele>
        <time>2026-09-20T06:52:17.000Z</time>
        <extensions>
          <ns3:TrackPointExtension>
            <ns3:hr>80</ns3:hr>
            <ns3:cad>47</ns3:cad>
          </ns3:TrackPointExtension>
        </extensions>
      </trkpt>
      <trkpt lat="32.27971167303621768951416015625" lon="118.2833380065858364105224609375">
        <ele>79.8000030517578125</ele>
        <time>2026-09-20T06:52:19.000Z</time>
        <extensions>
          <ns3:TrackPointExtension>
            <ns3:hr>81</ns3:hr>
            <ns3:cad>0</ns3:cad>
          </ns3:TrackPointExtension>
        </extensions>
      </trkpt>
      <trkpt lat="32.27976380847394466400146484375" lon="118.2833380065858364105224609375">
        <ele>80.40000152587890625</ele>
        <time>2026-09-20T06:52:26.000Z</time>
        <extensions>
          <ns3:TrackPointExtension>
            <ns3:hr>81</ns3:hr>
            <ns3:cad>0</ns3:cad>
          </ns3:TrackPointExtension>
        </extensions>
      </trkpt>
      <trkpt lat="32.27985299192368984222412109375" lon="118.28337262384593486785888671875">
        <ele>80</ele>
        <time>2026-09-20T06:52:37.000Z</time>
        <extensions>
          <ns3:TrackPointExtension>
            <ns3:hr>81</ns3:hr>
            <ns3:cad>53</ns3:cad>
          </ns3:TrackPointExtension>
        </extensions>
      </trkpt>
      <trkpt lat="32.2798978351056575775146484375" lon="118.2833852805197238922119140625">
        <ele>79.8000030517578125</ele>
        <time>2026-09-20T06:52:43.000Z</time>
        <extensions>
          <ns3:TrackPointExtension>
            <ns3:hr>78</ns3:hr>
            <ns3:cad>0</ns3:cad>
          </ns3:TrackPointExtension>
        </extensions>
      </trkpt>
      <trkpt lat="32.27991007268428802490234375" lon="118.283398859202861785888671875">
        <ele>79.8000030517578125</ele>
        <time>2026-09-20T06:52:46.000Z</time>
        <extensions>
          <ns3:TrackPointExtension>
            <ns3:hr>78</ns3:hr>
            <ns3:cad>0</ns3:cad>
          </ns3:TrackPointExtension>
        </extensions>
      </trkpt>
      <trkpt lat="32.27990898303687572479248046875" lon="118.28340581618249416351318359375">
        <ele>79.8000030517578125</ele>
        <time>2026-09-20T06:52:55.000Z</time>
        <extensions>
          <ns3:TrackPointExtension>
            <ns3:hr>76</ns3:hr>
            <ns3:cad>0</ns3:cad>
          </ns3:TrackPointExtension>
        </extensions>
      </trkpt>
      <trkpt lat="32.27994167245924472808837890625" lon="118.28339441679418087005615234375">
        <ele>79.8000030517578125</ele>
        <time>2026-09-20T06:53:03.000Z</time>
        <extensions>
          <ns3:TrackPointExtension>
            <ns3:hr>76</ns3:hr>
            <ns3:cad>0</ns3:cad>
          </ns3:TrackPointExtension>
        </extensions>
      </trkpt>
      <trkpt lat="32.279979474842548370361328125" lon="118.28337597660720348358154296875">
        <ele>79.40000152587890625</ele>
        <time>2026-09-20T06:53:11.000Z</time>
        <extensions>
          <ns3:TrackPointExtension>
            <ns3:hr>76</ns3:hr>
            <ns3:cad>0</ns3:cad>
          </ns3:TrackPointExtension>
        </extensions>
      </trkpt>
      <trkpt lat="32.2800329513847827911376953125" lon="118.28333322890102863311767578125">
        <ele>79.8000030517578125</ele>
        <time>2026-09-20T06:53:19.000Z</time>
        <extensions>
          <ns3:TrackPointExtension>
            <ns3:hr>77</ns3:hr>
            <ns3:cad>50</ns3:cad>
          </ns3:TrackPointExtension>
        </extensions>
      </trkpt>
      <trkpt lat="32.28006807155907154083251953125" lon="118.2833155430853366851806640625">
        <ele>80.1999969482421875</ele>
        <time>2026-09-20T06:53:25.000Z</time>
        <extensions>
          <ns3:TrackPointExtension>
            <ns3:hr>77</ns3:hr>
            <ns3:cad>0</ns3:cad>
          </ns3:TrackPointExtension>
        </extensions>
      </trkpt>
      <trkpt lat="32.280139736831188201904296875" lon="118.28330288641154766082763671875">
        <ele>80</ele>
        <time>2026-09-20T06:53:34.000Z</time>
        <extensions>
          <ns3:TrackPointExtension>
            <ns3:hr>75</ns3:hr>
            <ns3:cad>49</ns3:cad>
          </ns3:TrackPointExtension>
        </extensions>
      </trkpt>
      <trkpt lat="32.28019430302083492279052734375" lon="118.28326080925762653350830078125">
        <ele>79.8000030517578125</ele>
        <time>2026-09-20T06:53:43.000Z</time>
        <extensions>
          <ns3:TrackPointExtension>
            <ns3:hr>73</ns3:hr>
            <ns3:cad>0</ns3:cad>
          </ns3:TrackPointExtension>
        </extensions>
      </trkpt>
      <trkpt lat="32.280237637460231781005859375" lon="118.28324387781322002410888671875">
        <ele>79.40000152587890625</ele>
        <time>2026-09-20T06:53:53.000Z</time>
        <extensions>
          <ns3:TrackPointExtension>
            <ns3:hr>73</ns3:hr>
            <ns3:cad>54</ns3:cad>
          </ns3:TrackPointExtension>
        </extensions>
      </trkpt>
      <trkpt lat="32.2803010046482086181640625" lon="118.2832275331020355224609375">
        <ele>78.8000030517578125</ele>
        <time>2026-09-20T06:54:00.000Z</time>
        <extensions>
          <ns3:TrackPointExtension>
            <ns3:hr>71</ns3:hr>
            <ns3:cad>57</ns3:cad>
          </ns3:TrackPointExtension>
        </extensions>
      </trkpt>
      <trkpt lat="32.28033411316573619842529296875" lon="118.2832387648522853851318359375">
        <ele>78.8000030517578125</ele>
        <time>2026-09-20T06:54:03.000Z</time>
        <extensions>
          <ns3:TrackPointExtension>
            <ns3:hr>70</ns3:hr>
            <ns3:cad>55</ns3:cad>
          </ns3:TrackPointExtension>
        </extensions>
      </trkpt>
      <trkpt lat="32.28041231632232666015625" lon="118.283262066543102264404296875">
        <ele>79.59999847412109375</ele>
        <time>2026-09-20T06:54:13.000Z</time>
        <extensions>
          <ns3:TrackPointExtension>
            <ns3:hr>70</ns3:hr>
            <ns3:cad>50</ns3:cad>
          </ns3:TrackPointExtension>
        </extensions>
      </trkpt>
      <trkpt lat="32.28041826747357845306396484375" lon="118.28325745649635791778564453125">
        <ele>79.8000030517578125</ele>
        <time>2026-09-20T06:54:14.000Z</time>
        <extensions>
          <ns3:TrackPointExtension>
            <ns3:hr>71</ns3:hr>
            <ns3:cad>49</ns3:cad>
          </ns3:TrackPointExtension>
        </extensions>
      </trkpt>
      <trkpt lat="32.280458249151706695556640625" lon="118.28326835297048091888427734375">
        <ele>80.59999847412109375</ele>
        <time>2026-09-20T06:54:20.000Z</time>
        <extensions>
          <ns3:TrackPointExtension>
            <ns3:hr>73</ns3:hr>
            <ns3:cad>44</ns3:cad>
          </ns3:TrackPointExtension>
        </extensions>
      </trkpt>
      <trkpt lat="32.28046554140746593475341796875" lon="118.2832784950733184814453125">
        <ele>80.40000152587890625</ele>
        <time>2026-09-20T06:54:21.000Z</time>
        <extensions>
          <ns3:TrackPointExtension>
            <ns3:hr>73</ns3:hr>
            <ns3:cad>44</ns3:cad>
          </ns3:TrackPointExtension>
        </extensions>
      </trkpt>
      <trkpt lat="32.28052136488258838653564453125" lon="118.28337974846363067626953125">
        <ele>80.59999847412109375</ele>
        <time>2026-09-20T06:54:30.000Z</time>
        <extensions>
          <ns3:TrackPointExtension>
            <ns3:hr>74</ns3:hr>
            <ns3:cad>52</ns3:cad>
          </ns3:TrackPointExtension>
        </extensions>
      </trkpt>
      <trkpt lat="32.28054617531597614288330078125" lon="118.28340413980185985565185546875">
        <ele>81</ele>
        <time>2026-09-20T06:54:34.000Z</time>
        <extensions>
          <ns3:TrackPointExtension>
            <ns3:hr>76</ns3:hr>
            <ns3:cad>49</ns3:cad>
          </ns3:TrackPointExtension>
        </extensions>
      </trkpt>
      <trkpt lat="32.28055992163717746734619140625" lon="118.2834134437143802642822265625">
        <ele>81.1999969482421875</ele>
        <time>2026-09-20T06:54:36.000Z</time>
        <extensions>
          <ns3:TrackPointExtension>
            <ns3:hr>76</ns3:hr>
            <ns3:cad>50</ns3:cad>
          </ns3:TrackPointExtension>
        </extensions>
      </trkpt>
      <trkpt lat="32.2806206904351711273193359375" lon="118.28344319947063922882080078125">
        <ele>81.40000152587890625</ele>
        <time>2026-09-20T06:54:41.000Z</time>
        <extensions>
          <ns3:TrackPointExtension>
            <ns3:hr>77</ns3:hr>
            <ns3:cad>51</ns3:cad>
          </ns3:TrackPointExtension>
        </extensions>
      </trkpt>
      <trkpt lat="32.2806897573173046112060546875" lon="118.28348309732973575592041015625">
        <ele>82</ele>
        <time>2026-09-20T06:54:47.000Z</time>
        <extensions>
          <ns3:TrackPointExtension>
            <ns3:hr>77</ns3:hr>
            <ns3:cad>50</ns3:cad>
          </ns3:TrackPointExtension>
        </extensions>
      </trkpt>
      <trkpt lat="32.28069554083049297332763671875" lon="118.28348913230001926422119140625">
        <ele>82</ele>
        <time>2026-09-20T06:54:48.000Z</time>
        <extensions>
          <ns3:TrackPointExtension>
            <ns3:hr>77</ns3:hr>
            <ns3:cad>50</ns3:cad>
          </ns3:TrackPointExtension>
        </extensions>
      </trkpt>
      <trkpt lat="32.28076033294200897216796875" lon="118.28351779840886592864990234375">
        <ele>82.59999847412109375</ele>
        <time>2026-09-20T06:54:54.000Z</time>
        <extensions>
          <ns3:TrackPointExtension>
            <ns3:hr>78</ns3:hr>
            <ns3:cad>51</ns3:cad>
          </ns3:TrackPointExtension>
        </extensions>
      </trkpt>
      <trkpt lat="32.28079947642982006072998046875" lon="118.28354394994676113128662109375">
        <ele>83</ele>
        <time>2026-09-20T06:54:58.000Z</time>
        <extensions>
          <ns3:TrackPointExtension>
            <ns3:hr>78</ns3:hr>
            <ns3:cad>51</ns3:cad>
          </ns3:TrackPointExtension>
        </extensions>
      </trkpt>
      <trkpt lat="32.2808124683797359466552734375" lon="118.28355417586863040924072265625">
        <ele>83.1999969482421875</ele>
        <time>2026-09-20T06:55:00.000Z</time>
        <extensions>
          <ns3:TrackPointExtension>
            <ns3:hr>78</ns3:hr>
            <ns3:cad>50</ns3:cad>
          </ns3:TrackPointExtension>
        </extensions>
      </trkpt>
      <trkpt lat="32.28087038733065128326416015625" lon="118.28357730992138385772705078125">
        <ele>83.8000030517578125</ele>
        <time>2026-09-20T06:55:06.000Z</time>
        <extensions>
          <ns3:TrackPointExtension>
            <ns3:hr>79</ns3:hr>
            <ns3:cad>50</ns3:cad>
          </ns3:TrackPointExtension>
        </extensions>
      </trkpt>
      <trkpt lat="32.2808771766722202301025390625" lon="118.28358468599617481231689453125">
        <ele>84</ele>
        <time>2026-09-20T06:55:07.000Z</time>
        <extensions>
          <ns3:TrackPointExtension>
            <ns3:hr>79</ns3:hr>
            <ns3:cad>50</ns3:cad>
          </ns3:TrackPointExtension>
        </extensions>
      </trkpt>
      <trkpt lat="32.28090877644717693328857421875" lon="118.2836146093904972076416015625">
        <ele>85.1999969482421875</ele>
        <time>2026-09-20T06:55:12.000Z</time>
        <extensions>
          <ns3:TrackPointExtension>
            <ns3:hr>78</ns3:hr>
            <ns3:cad>49</ns3:cad>
          </ns3:TrackPointExtension>
        </extensions>
      </trkpt>
      <trkpt lat="32.2809157334268093109130859375" lon="118.28362089581787586212158203125">
        <ele>85.40000152587890625</ele>
        <time>2026-09-20T06:55:13.000Z</time>
        <extensions>
          <ns3:TrackPointExtension>
            <ns3:hr>79</ns3:hr>
            <ns3:cad>45</ns3:cad>
          </ns3:TrackPointExtension>
        </extensions>
      </trkpt>
      <trkpt lat="32.28096744976937770843505859375" lon="118.28366297297179698944091796875">
        <ele>85.59999847412109375</ele>
        <time>2026-09-20T06:55:31.000Z</time>
        <extensions>
          <ns3:TrackPointExtension>
            <ns3:hr>79</ns3:hr>
            <ns3:cad>0</ns3:cad>
          </ns3:TrackPointExtension>
        </extensions>
      </trkpt>
      <trkpt lat="32.2810706309974193572998046875" lon="118.28360513783991336822509765625">
        <ele>85.59999847412109375</ele>
        <time>2026-09-20T06:55:34.000Z</time>
        <extensions>
          <ns3:TrackPointExtension>
            <ns3:hr>82</ns3:hr>
            <ns3:cad>0</ns3:cad>
          </ns3:TrackPointExtension>
        </extensions>
      </trkpt>
      <trkpt lat="32.2813274525105953216552734375" lon="118.28360279090702533721923828125">
        <ele>85.59999847412109375</ele>
        <time>2026-09-20T06:55:44.000Z</time>
        <extensions>
          <ns3:TrackPointExtension>
            <ns3:hr>85</ns3:hr>
            <ns3:cad>0</ns3:cad>
          </ns3:TrackPointExtension>
        </extensions>
      </trkpt>
      <trkpt lat="32.281502969563007354736328125" lon="118.28360094688832759857177734375">
        <ele>85.8000030517578125</ele>
        <time>2026-09-20T06:55:49.000Z</time>
        <extensions>
          <ns3:TrackPointExtension>
            <ns3:hr>85</ns3:hr>
            <ns3:cad>0</ns3:cad>
          </ns3:TrackPointExtension>
        </extensions>
      </trkpt>
      <trkpt lat="32.28150154463946819305419921875" lon="118.2836216501891613006591796875">
        <ele>85.8000030517578125</ele>
        <time>2026-09-20T06:55:54.000Z</time>
        <extensions>
          <ns3:TrackPointExtension>
            <ns3:hr>87</ns3:hr>
            <ns3:cad>72</ns3:cad>
          </ns3:TrackPointExtension>
        </extensions>
      </trkpt>
      <trkpt lat="32.281468100845813751220703125" lon="118.28360497020184993743896484375">
        <ele>85.8000030517578125</ele>
        <time>2026-09-20T06:55:55.000Z</time>
        <extensions>
          <ns3:TrackPointExtension>
            <ns3:hr>92</ns3:hr>
            <ns3:cad>72</ns3:cad>
          </ns3:TrackPointExtension>
        </extensions>
      </trkpt>
      <trkpt lat="32.28156960569322109222412109375" lon="118.283630870282649993896484375">
        <ele>85.8000030517578125</ele>
        <time>2026-09-20T06:56:00.000Z</time>
        <extensions>
          <ns3:TrackPointExtension>
            <ns3:hr>95</ns3:hr>
            <ns3:cad>0</ns3:cad>
          </ns3:TrackPointExtension>
        </extensions>
      </trkpt>
      <trkpt lat="32.28129409253597259521484375" lon="118.28365827910602092742919921875">
        <ele>85.59999847412109375</ele>
        <time>2026-09-20T06:56:08.000Z</time>
        <extensions>
          <ns3:TrackPointExtension>
            <ns3:hr>100</ns3:hr>
            <ns3:cad>0</ns3:cad>
          </ns3:TrackPointExtension>
        </extensions>
      </trkpt>
      <trkpt lat="32.28108379058539867401123046875" lon="118.2837510667741298675537109375">
        <ele>85.59999847412109375</ele>
        <time>2026-09-20T06:56:09.000Z</time>
        <extensions>
          <ns3:TrackPointExtension>
            <ns3:hr>100</ns3:hr>
            <ns3:cad>77</ns3:cad>
          </ns3:TrackPointExtension>
        </extensions>
      </trkpt>
      <trkpt lat="32.2809205949306488037109375" lon="118.28364972956478595733642578125">
        <ele>85.59999847412109375</ele>
        <time>2026-09-20T06:56:10.000Z</time>
        <extensions>
          <ns3:TrackPointExtension>
            <ns3:hr>99</ns3:hr>
            <ns3:cad>77</ns3:cad>
          </ns3:TrackPointExtension>
        </extensions>
      </trkpt>
      <trkpt lat="32.28091053664684295654296875" lon="118.28363816253840923309326171875">
        <ele>85.59999847412109375</ele>
        <time>2026-09-20T06:56:11.000Z</time>
        <extensions>
          <ns3:TrackPointExtension>
            <ns3:hr>99</ns3:hr>
            <ns3:cad>77</ns3:cad>
          </ns3:TrackPointExtension>
        </extensions>
      </trkpt>
      <trkpt lat="32.28086820803582668304443359375" lon="118.28360505402088165283203125">
        <ele>85</ele>
        <time>2026-09-20T06:56:16.000Z</time>
        <extensions>
          <ns3:TrackPointExtension>
            <ns3:hr>98</ns3:hr>
            <ns3:cad>52</ns3:cad>
          </ns3:TrackPointExtension>
        </extensions>
      </trkpt>
      <trkpt lat="32.2808567248284816741943359375" lon="118.28359306789934635162353515625">
        <ele>84.8000030517578125</ele>
        <time>2026-09-20T06:56:17.000Z</time>
        <extensions>
          <ns3:TrackPointExtension>
            <ns3:hr>98</ns3:hr>
            <ns3:cad>52</ns3:cad>
          </ns3:TrackPointExtension>
        </extensions>
      </trkpt>
      <trkpt lat="32.28084088303148746490478515625" lon="118.28357948921620845794677734375">
        <ele>84.40000152587890625</ele>
        <time>2026-09-20T06:56:21.000Z</time>
        <extensions>
          <ns3:TrackPointExtension>
            <ns3:hr>97</ns3:hr>
            <ns3:cad>54</ns3:cad>
          </ns3:TrackPointExtension>
        </extensions>
      </trkpt>
      <trkpt lat="32.28083074092864990234375" lon="118.2835737057030200958251953125">
        <ele>84.1999969482421875</ele>
        <time>2026-09-20T06:56:22.000Z</time>
        <extensions>
          <ns3:TrackPointExtension>
            <ns3:hr>96</ns3:hr>
            <ns3:cad>54</ns3:cad>
          </ns3:TrackPointExtension>
        </extensions>
      </trkpt>
      <trkpt lat="32.2807940281927585601806640625" lon="118.28356624580919742584228515625">
        <ele>83.59999847412109375</ele>
        <time>2026-09-20T06:56:25.000Z</time>
        <extensions>
          <ns3:TrackPointExtension>
            <ns3:hr>93</ns3:hr>
            <ns3:cad>54</ns3:cad>
          </ns3:TrackPointExtension>
        </extensions>
      </trkpt>
      <trkpt lat="32.2807730734348297119140625" lon="118.283567838370800018310546875">
        <ele>83.40000152587890625</ele>
        <time>2026-09-20T06:56:27.000Z</time>
        <extensions>
          <ns3:TrackPointExtension>
            <ns3:hr>90</ns3:hr>
            <ns3:cad>56</ns3:cad>
          </ns3:TrackPointExtension>
        </extensions>
      </trkpt>
      <trkpt lat="32.2807390429079532623291015625" lon="118.28356641344726085662841796875">
        <ele>83.1999969482421875</ele>
        <time>2026-09-20T06:56:30.000Z</time>
        <extensions>
          <ns3:TrackPointExtension>
            <ns3:hr>89</ns3:hr>
            <ns3:cad>56</ns3:cad>
          </ns3:TrackPointExtension>
        </extensions>
      </trkpt>
      <trkpt lat="32.2807125560939311981201171875" lon="118.28355618752539157867431640625">
        <ele>83</ele>
        <time>2026-09-20T06:56:33.000Z</time>
        <extensions>
          <ns3:TrackPointExtension>
            <ns3:hr>88</ns3:hr>
            <ns3:cad>56</ns3:cad>
          </ns3:TrackPointExtension>
        </extensions>
      </trkpt>
      <trkpt lat="32.28064633905887603759765625" lon="118.28352886252105236053466796875">
        <ele>82.40000152587890625</ele>
        <time>2026-09-20T06:56:39.000Z</time>
        <extensions>
          <ns3:TrackPointExtension>
            <ns3:hr>87</ns3:hr>
            <ns3:cad>55</ns3:cad>
          </ns3:TrackPointExtension>
        </extensions>
      </trkpt>
      <trkpt lat="32.280609793961048126220703125" lon="118.2834935747087001800537109375">
        <ele>82.1999969482421875</ele>
        <time>2026-09-20T06:56:44.000Z</time>
        <extensions>
          <ns3:TrackPointExtension>
            <ns3:hr>85</ns3:hr>
            <ns3:cad>54</ns3:cad>
          </ns3:TrackPointExtension>
        </extensions>
      </trkpt>
      <trkpt lat="32.28059847839176654815673828125" lon="118.2834903895854949951171875">
        <ele>82</ele>
        <time>2026-09-20T06:56:45.000Z</time>
        <extensions>
          <ns3:TrackPointExtension>
            <ns3:hr>85</ns3:hr>
            <ns3:cad>54</ns3:cad>
          </ns3:TrackPointExtension>
        </extensions>
      </trkpt>
      <trkpt lat="32.28051625192165374755859375" lon="118.28351788222789764404296875">
        <ele>81.59999847412109375</ele>
        <time>2026-09-20T06:56:51.000Z</time>
        <extensions>
          <ns3:TrackPointExtension>
            <ns3:hr>85</ns3:hr>
            <ns3:cad>56</ns3:cad>
          </ns3:TrackPointExtension>
        </extensions>
      </trkpt>
      <trkpt lat="32.280491106212139129638671875" lon="118.28354763798415660858154296875">
        <ele>81.40000152587890625</ele>
        <time>2026-09-20T06:56:57.000Z</time>
        <extensions>
          <ns3:TrackPointExtension>
            <ns3:hr>85</ns3:hr>
            <ns3:cad>54</ns3:cad>
          </ns3:TrackPointExtension>
        </extensions>
      </trkpt>
      <trkpt lat="32.2804476879537105560302734375" lon="118.28362307511270046234130859375">
        <ele>81.59999847412109375</ele>
        <time>2026-09-20T06:57:02.000Z</time>
        <extensions>
          <ns3:TrackPointExtension>
            <ns3:hr>84</ns3:hr>
            <ns3:cad>55</ns3:cad>
          </ns3:TrackPointExtension>
        </extensions>
      </trkpt>
      <trkpt lat="32.28043821640312671661376953125" lon="118.2836538366973400115966796875">
        <ele>81.8000030517578125</ele>
        <time>2026-09-20T06:57:06.000Z</time>
        <extensions>
          <ns3:TrackPointExtension>
            <ns3:hr>84</ns3:hr>
            <ns3:cad>53</ns3:cad>
          </ns3:TrackPointExtension>
        </extensions>
      </trkpt>
      <trkpt lat="32.2804082930088043212890625" lon="118.28372164629399776458740234375">
        <ele>82.59999847412109375</ele>
        <time>2026-09-20T06:57:11.000Z</time>
        <extensions>
          <ns3:TrackPointExtension>
            <ns3:hr>84</ns3:hr>
            <ns3:cad>55</ns3:cad>
          </ns3:TrackPointExtension>
        </extensions>
      </trkpt>
      <trkpt lat="32.280388511717319488525390625" lon="118.28377864323556423187255859375">
        <ele>82.40000152587890625</ele>
        <time>2026-09-20T06:57:17.000Z</time>
        <extensions>
          <ns3:TrackPointExtension>
            <ns3:hr>82</ns3:hr>
            <ns3:cad>54</ns3:cad>
          </ns3:TrackPointExtension>
        </extensions>
      </trkpt>
      <trkpt lat="32.28035255335271358489990234375" lon="118.2838865183293819427490234375">
        <ele>82.59999847412109375</ele>
        <time>2026-09-20T06:57:24.000Z</time>
        <extensions>
          <ns3:TrackPointExtension>
            <ns3:hr>81</ns3:hr>
            <ns3:cad>55</ns3:cad>
          </ns3:TrackPointExtension>
        </extensions>
      </trkpt>
      <trkpt lat="32.28032891638576984405517578125" lon="118.2839678227901458740234375">
        <ele>82.1999969482421875</ele>
        <time>2026-09-20T06:57:31.000Z</time>
        <extensions>
          <ns3:TrackPointExtension>
            <ns3:hr>78</ns3:hr>
            <ns3:cad>56</ns3:cad>
          </ns3:TrackPointExtension>
        </extensions>
      </trkpt>
      <trkpt lat="32.28029522113502025604248046875" lon="118.28407108783721923828125">
        <ele>82</ele>
        <time>2026-09-20T06:57:38.000Z</time>
        <extensions>
          <ns3:TrackPointExtension>
            <ns3:hr>79</ns3:hr>
            <ns3:cad>55</ns3:cad>
          </ns3:TrackPointExtension>
        </extensions>
      </trkpt>
      <trkpt lat="32.28026923723518848419189453125" lon="118.28413973562419414520263671875">
        <ele>82</ele>
        <time>2026-09-20T06:57:44.000Z</time>
        <extensions>
          <ns3:TrackPointExtension>
            <ns3:hr>79</ns3:hr>
            <ns3:cad>55</ns3:cad>
          </ns3:TrackPointExtension>
        </extensions>
      </trkpt>
      <trkpt lat="32.28024476207792758941650390625" lon="118.28421215526759624481201171875">
        <ele>82.1999969482421875</ele>
        <time>2026-09-20T06:57:53.000Z</time>
        <extensions>
          <ns3:TrackPointExtension>
            <ns3:hr>79</ns3:hr>
            <ns3:cad>0</ns3:cad>
          </ns3:TrackPointExtension>
        </extensions>
      </trkpt>
      <trkpt lat="32.28024275042116641998291015625" lon="118.28422724269330501556396484375">
        <ele>82</ele>
        <time>2026-09-20T06:57:56.000Z</time>
        <extensions>
          <ns3:TrackPointExtension>
            <ns3:hr>75</ns3:hr>
            <ns3:cad>0</ns3:cad>
          </ns3:TrackPointExtension>
        </extensions>
      </trkpt>
      <trkpt lat="32.2802270762622356414794921875" lon="118.2842707447707653045654296875">
        <ele>81.8000030517578125</ele>
        <time>2026-09-20T06:58:01.000Z</time>
        <extensions>
          <ns3:TrackPointExtension>
            <ns3:hr>75</ns3:hr>
            <ns3:cad>50</ns3:cad>
          </ns3:TrackPointExtension>
        </extensions>
      </trkpt>
      <trkpt lat="32.28019715286791324615478515625" lon="118.28427837230265140533447265625">
        <ele>82</ele>
        <time>2026-09-20T06:58:09.000Z</time>
        <extensions>
          <ns3:TrackPointExtension>
            <ns3:hr>75</ns3:hr>
            <ns3:cad>0</ns3:cad>
          </ns3:TrackPointExtension>
        </extensions>
      </trkpt>
      <trkpt lat="32.28019664995372295379638671875" lon="118.28427451662719249725341796875">
        <ele>82.1999969482421875</ele>
        <time>2026-09-20T06:58:10.000Z</time>
        <extensions>
          <ns3:TrackPointExtension>
            <ns3:hr>75</ns3:hr>
            <ns3:cad>0</ns3:cad>
          </ns3:TrackPointExtension>
        </extensions>
      </trkpt>
      <trkpt lat="32.280202098190784454345703125" lon="118.28423746861517429351806640625">
        <ele>82</ele>
        <time>2026-09-20T06:58:17.000Z</time>
        <extensions>
          <ns3:TrackPointExtension>
            <ns3:hr>78</ns3:hr>
            <ns3:cad>0</ns3:cad>
          </ns3:TrackPointExtension>
        </extensions>
      </trkpt>
      <trkpt lat="32.28020536713302135467529296875" lon="118.28422992490231990814208984375">
        <ele>82</ele>
        <time>2026-09-20T06:58:19.000Z</time>
        <extensions>
          <ns3:TrackPointExtension>
            <ns3:hr>80</ns3:hr>
            <ns3:cad>0</ns3:cad>
          </ns3:TrackPointExtension>
        </extensions>
      </trkpt>
      <trkpt lat="32.28021207265555858612060546875" lon="118.28424274921417236328125">
        <ele>82</ele>
        <time>2026-09-20T06:58:24.000Z</time>
        <extensions>
          <ns3:TrackPointExtension>
            <ns3:hr>77</ns3:hr>
            <ns3:cad>0</ns3:cad>
          </ns3:TrackPointExtension>
        </extensions>
      </trkpt>
      <trkpt lat="32.28020050562918186187744140625" lon="118.28429044224321842193603515625">
        <ele>81.8000030517578125</ele>
        <time>2026-09-20T06:58:27.000Z</time>
        <extensions>
          <ns3:TrackPointExtension>
            <ns3:hr>77</ns3:hr>
            <ns3:cad>0</ns3:cad>
          </ns3:TrackPointExtension>
        </extensions>
      </trkpt>
      <trkpt lat="32.28016085922718048095703125" lon="118.284408040344715118408203125">
        <ele>81.59999847412109375</ele>
        <time>2026-09-20T06:58:36.000Z</time>
        <extensions>
          <ns3:TrackPointExtension>
            <ns3:hr>76</ns3:hr>
            <ns3:cad>55</ns3:cad>
          </ns3:TrackPointExtension>
        </extensions>
      </trkpt>
      <trkpt lat="32.2801482863724231719970703125" lon="118.2845004089176654815673828125">
        <ele>81.59999847412109375</ele>
        <time>2026-09-20T06:58:43.000Z</time>
        <extensions>
          <ns3:TrackPointExtension>
            <ns3:hr>73</ns3:hr>
            <ns3:cad>54</ns3:cad>
          </ns3:TrackPointExtension>
        </extensions>
      </trkpt>
      <trkpt lat="32.28014870546758174896240234375" lon="118.2845081202685832977294921875">
        <ele>81.59999847412109375</ele>
        <time>2026-09-20T06:58:44.000Z</time>
        <extensions>
          <ns3:TrackPointExtension>
            <ns3:hr>74</ns3:hr>
            <ns3:cad>54</ns3:cad>
          </ns3:TrackPointExtension>
        </extensions>
      </trkpt>
      <trkpt lat="32.280116938054561614990234375" lon="118.28457911498844623565673828125">
        <ele>81.40000152587890625</ele>
        <time>2026-09-20T06:58:51.000Z</time>
        <extensions>
          <ns3:TrackPointExtension>
            <ns3:hr>71</ns3:hr>
            <ns3:cad>0</ns3:cad>
          </ns3:TrackPointExtension>
        </extensions>
      </trkpt>
      <trkpt lat="32.28010143153369426727294921875" lon="118.2845835573971271514892578125">
        <ele>81.40000152587890625</ele>
        <time>2026-09-20T06:58:52.000Z</time>
        <extensions>
          <ns3:TrackPointExtension>
            <ns3:hr>71</ns3:hr>
            <ns3:cad>0</ns3:cad>
          </ns3:TrackPointExtension>
        </extensions>
      </trkpt>
      <trkpt lat="32.280087433755397796630859375" lon="118.28458749689161777496337890625">
        <ele>81.40000152587890625</ele>
        <time>2026-09-20T06:58:53.000Z</time>
        <extensions>
          <ns3:TrackPointExtension>
            <ns3:hr>70</ns3:hr>
            <ns3:cad>0</ns3:cad>
          </ns3:TrackPointExtension>
        </extensions>
      </trkpt>
      <trkpt lat="32.2800193727016448974609375" lon="118.28459034673869609832763671875">
        <ele>81.40000152587890625</ele>
        <time>2026-09-20T06:59:01.000Z</time>
        <extensions>
          <ns3:TrackPointExtension>
            <ns3:hr>70</ns3:hr>
            <ns3:cad>0</ns3:cad>
          </ns3:TrackPointExtension>
        </extensions>
      </trkpt>
      <trkpt lat="32.27999665774405002593994140625" lon="118.28458330594003200531005859375">
        <ele>81.40000152587890625</ele>
        <time>2026-09-20T06:59:10.000Z</time>
        <extensions>
          <ns3:TrackPointExtension>
            <ns3:hr>69</ns3:hr>
            <ns3:cad>0</ns3:cad>
          </ns3:TrackPointExtension>
        </extensions>
      </trkpt>
      <trkpt lat="32.27996882982552051544189453125" lon="118.28457601368427276611328125">
        <ele>82</ele>
        <time>2026-09-20T06:59:18.000Z</time>
        <extensions>
          <ns3:TrackPointExtension>
            <ns3:hr>66</ns3:hr>
            <ns3:cad>0</ns3:cad>
          </ns3:TrackPointExtension>
        </extensions>
      </trkpt>
      <trkpt lat="32.27998316287994384765625" lon="118.2845718227326869964599609375">
        <ele>82</ele>
        <time>2026-09-20T06:59:21.000Z</time>
        <extensions>
          <ns3:TrackPointExtension>
            <ns3:hr>65</ns3:hr>
            <ns3:cad>0</ns3:cad>
          </ns3:TrackPointExtension>
        </extensions>
      </trkpt>
      <trkpt lat="32.2800503857433795928955078125" lon="118.28456151299178600311279296875">
        <ele>81.40000152587890625</ele>
        <time>2026-09-20T06:59:32.000Z</time>
        <extensions>
          <ns3:TrackPointExtension>
            <ns3:hr>67</ns3:hr>
            <ns3:cad>0</ns3:cad>
          </ns3:TrackPointExtension>
        </extensions>
      </trkpt>
      <trkpt lat="32.280098162591457366943359375" lon="118.2845808751881122589111328125">
        <ele>81.1999969482421875</ele>
        <time>2026-09-20T06:59:40.000Z</time>
        <extensions>
          <ns3:TrackPointExtension>
            <ns3:hr>68</ns3:hr>
            <ns3:cad>0</ns3:cad>
          </ns3:TrackPointExtension>
        </extensions>
      </trkpt>
      <trkpt lat="32.28016530163586139678955078125" lon="118.28459369949996471405029296875">
        <ele>81.59999847412109375</ele>
        <time>2026-09-20T06:59:48.000Z</time>
        <extensions>
          <ns3:TrackPointExtension>
            <ns3:hr>68</ns3:hr>
            <ns3:cad>0</ns3:cad>
          </ns3:TrackPointExtension>
        </extensions>
      </trkpt>
      <trkpt lat="32.28016312234103679656982421875" lon="118.2845914363861083984375">
        <ele>81.59999847412109375</ele>
        <time>2026-09-20T06:59:59.000Z</time>
        <extensions>
          <ns3:TrackPointExtension>
            <ns3:hr>69</ns3:hr>
            <ns3:cad>0</ns3:cad>
          </ns3:TrackPointExtension>
        </extensions>
      </trkpt>
      <trkpt lat="32.28018072433769702911376953125" lon="118.284574337303638458251953125">
        <ele>82.8000030517578125</ele>
        <time>2026-09-20T07:00:06.000Z</time>
        <extensions>
          <ns3:TrackPointExtension>
            <ns3:hr>71</ns3:hr>
            <ns3:cad>44</ns3:cad>
          </ns3:TrackPointExtension>
        </extensions>
      </trkpt>
      <trkpt lat="32.28018902242183685302734375" lon="118.2845691405236721038818359375">
        <ele>83.40000152587890625</ele>
        <time>2026-09-20T07:00:08.000Z</time>
        <extensions>
          <ns3:TrackPointExtension>
            <ns3:hr>72</ns3:hr>
            <ns3:cad>44</ns3:cad>
          </ns3:TrackPointExtension>
        </extensions>
      </trkpt>
      <trkpt lat="32.2802160121500492095947265625" lon="118.2845741696655750274658203125">
        <ele>84</ele>
        <time>2026-09-20T07:00:12.000Z</time>
        <extensions>
          <ns3:TrackPointExtension>
            <ns3:hr>75</ns3:hr>
            <ns3:cad>42</ns3:cad>
          </ns3:TrackPointExtension>
        </extensions>
      </trkpt>
      <trkpt lat="32.2802193649113178253173828125" lon="118.284570984542369842529296875">
        <ele>84.40000152587890625</ele>
        <time>2026-09-20T07:00:14.000Z</time>
        <extensions>
          <ns3:TrackPointExtension>
            <ns3:hr>76</ns3:hr>
            <ns3:cad>42</ns3:cad>
          </ns3:TrackPointExtension>
        </extensions>
      </trkpt>
      <trkpt lat="32.28023738600313663482666015625" lon="118.28456620685756206512451171875">
        <ele>84.8000030517578125</ele>
        <time>2026-09-20T07:00:17.000Z</time>
        <extensions>
          <ns3:TrackPointExtension>
            <ns3:hr>79</ns3:hr>
            <ns3:cad>0</ns3:cad>
          </ns3:TrackPointExtension>
        </extensions>
      </trkpt>
      <trkpt lat="32.2802632860839366912841796875" lon="118.28456788323819637298583984375">
        <ele>85.59999847412109375</ele>
        <time>2026-09-20T07:00:21.000Z</time>
        <extensions>
          <ns3:TrackPointExtension>
            <ns3:hr>82</ns3:hr>
            <ns3:cad>45</ns3:cad>
          </ns3:TrackPointExtension>
        </extensions>
      </trkpt>
      <trkpt lat="32.28028801269829273223876953125" lon="118.2845644466578960418701171875">
        <ele>86.1999969482421875</ele>
        <time>2026-09-20T07:00:25.000Z</time>
        <extensions>
          <ns3:TrackPointExtension>
            <ns3:hr>84</ns3:hr>
            <ns3:cad>42</ns3:cad>
          </ns3:TrackPointExtension>
        </extensions>
      </trkpt>
      <trkpt lat="32.2803001664578914642333984375" lon="118.2845604233443737030029296875">
        <ele>86.59999847412109375</ele>
        <time>2026-09-20T07:00:27.000Z</time>
        <extensions>
          <ns3:TrackPointExtension>
            <ns3:hr>85</ns3:hr>
            <ns3:cad>0</ns3:cad>
          </ns3:TrackPointExtension>
        </extensions>
      </trkpt>
      <trkpt lat="32.2803170979022979736328125" lon="118.28456117771565914154052734375">
        <ele>87.1999969482421875</ele>
        <time>2026-09-20T07:00:34.000Z</time>
        <extensions>
          <ns3:TrackPointExtension>
            <ns3:hr>86</ns3:hr>
            <ns3:cad>0</ns3:cad>
          </ns3:TrackPointExtension>
        </extensions>
      </trkpt>
      <trkpt lat="32.2803041897714138031005859375" lon="118.2845592498779296875">
        <ele>87.1999969482421875</ele>
        <time>2026-09-20T07:00:38.000Z</time>
        <extensions>
          <ns3:TrackPointExtension>
            <ns3:hr>89</ns3:hr>
            <ns3:cad>0</ns3:cad>
          </ns3:TrackPointExtension>
        </extensions>
      </trkpt>
      <trkpt lat="32.2803139127790927886962890625" lon="118.28454877249896526336669921875">
        <ele>87</ele>
        <time>2026-09-20T07:00:41.000Z</time>
        <extensions>
          <ns3:TrackPointExtension>
            <ns3:hr>92</ns3:hr>
            <ns3:cad>0</ns3:cad>
          </ns3:TrackPointExtension>
        </extensions>
      </trkpt>
      <trkpt lat="32.28031575679779052734375" lon="118.284544162452220916748046875">
        <ele>87</ele>
        <time>2026-09-20T07:00:42.000Z</time>
        <extensions>
          <ns3:TrackPointExtension>
            <ns3:hr>92</ns3:hr>
            <ns3:cad>0</ns3:cad>
          </ns3:TrackPointExtension>
        </extensions>
      </trkpt>
      <trkpt lat="32.28032489307224750518798828125" lon="118.28453921712934970855712890625">
        <ele>87.59999847412109375</ele>
        <time>2026-09-20T07:00:44.000Z</time>
        <extensions>
          <ns3:TrackPointExtension>
            <ns3:hr>92</ns3:hr>
            <ns3:cad>0</ns3:cad>
          </ns3:TrackPointExtension>
        </extensions>
      </trkpt>
      <trkpt lat="32.2803460992872714996337890625" lon="118.28452714718878269195556640625">
        <ele>88.40000152587890625</ele>
        <time>2026-09-20T07:00:50.000Z</time>
        <extensions>
          <ns3:TrackPointExtension>
            <ns3:hr>91</ns3:hr>
            <ns3:cad>0</ns3:cad>
          </ns3:TrackPointExtension>
        </extensions>
      </trkpt>
      <trkpt lat="32.280374430119991302490234375" lon="118.28452278859913349151611328125">
        <ele>88.59999847412109375</ele>
        <time>2026-09-20T07:00:53.000Z</time>
        <extensions>
          <ns3:TrackPointExtension>
            <ns3:hr>90</ns3:hr>
            <ns3:cad>0</ns3:cad>
          </ns3:TrackPointExtension>
        </extensions>
      </trkpt>
      <trkpt lat="32.28039144538342952728271484375" lon="118.2845248840749263763427734375">
        <ele>89.1999969482421875</ele>
        <time>2026-09-20T07:00:56.000Z</time>
        <extensions>
          <ns3:TrackPointExtension>
            <ns3:hr>89</ns3:hr>
            <ns3:cad>42</ns3:cad>
          </ns3:TrackPointExtension>
        </extensions>
      </trkpt>
      <trkpt lat="32.2804243862628936767578125" lon="118.28454374335706233978271484375">
        <ele>89.8000030517578125</ele>
        <time>2026-09-20T07:01:02.000Z</time>
        <extensions>
          <ns3:TrackPointExtension>
            <ns3:hr>88</ns3:hr>
            <ns3:cad>0</ns3:cad>
          </ns3:TrackPointExtension>
        </extensions>
      </trkpt>
      <trkpt lat="32.28043503127992153167724609375" lon="118.2845507003366947174072265625">
        <ele>90.40000152587890625</ele>
        <time>2026-09-20T07:01:04.000Z</time>
        <extensions>
          <ns3:TrackPointExtension>
            <ns3:hr>88</ns3:hr>
            <ns3:cad>0</ns3:cad>
          </ns3:TrackPointExtension>
        </extensions>
      </trkpt>
      <trkpt lat="32.28047467768192291259765625" lon="118.28455732204020023345947265625">
        <ele>90.8000030517578125</ele>
        <time>2026-09-20T07:01:10.000Z</time>
        <extensions>
          <ns3:TrackPointExtension>
            <ns3:hr>88</ns3:hr>
            <ns3:cad>19</ns3:cad>
          </ns3:TrackPointExtension>
        </extensions>
      </trkpt>
      <trkpt lat="32.28047912009060382843017578125" lon="118.28455748967826366424560546875">
        <ele>91</ele>
        <time>2026-09-20T07:01:11.000Z</time>
        <extensions>
          <ns3:TrackPointExtension>
            <ns3:hr>88</ns3:hr>
            <ns3:cad>19</ns3:cad>
          </ns3:TrackPointExtension>
        </extensions>
      </trkpt>
      <trkpt lat="32.28051784448325634002685546875" lon="118.28456218354403972625732421875">
        <ele>92</ele>
        <time>2026-09-20T07:01:17.000Z</time>
        <extensions>
          <ns3:TrackPointExtension>
            <ns3:hr>89</ns3:hr>
            <ns3:cad>47</ns3:cad>
          </ns3:TrackPointExtension>
        </extensions>
      </trkpt>
      <trkpt lat="32.28056008927524089813232421875" lon="118.28455983661115169525146484375">
        <ele>93</ele>
        <time>2026-09-20T07:01:23.000Z</time>
        <extensions>
          <ns3:TrackPointExtension>
            <ns3:hr>89</ns3:hr>
            <ns3:cad>0</ns3:cad>
          </ns3:TrackPointExtension>
        </extensions>
      </trkpt>
      <trkpt lat="32.2805640287697315216064453125" lon="118.28456101007759571075439453125">
        <ele>93</ele>
        <time>2026-09-20T07:01:24.000Z</time>
        <extensions>
          <ns3:TrackPointExtension>
            <ns3:hr>89</ns3:hr>
            <ns3:cad>0</ns3:cad>
          </ns3:TrackPointExtension>
        </extensions>
      </trkpt>
      <trkpt lat="32.280597724020481109619140625" lon="118.284566961228847503662109375">
        <ele>93.8000030517578125</ele>
        <time>2026-09-20T07:01:29.000Z</time>
        <extensions>
          <ns3:TrackPointExtension>
            <ns3:hr>91</ns3:hr>
            <ns3:cad>0</ns3:cad>
          </ns3:TrackPointExtension>
        </extensions>
      </trkpt>
      <trkpt lat="32.280602417886257171630859375" lon="118.28458003699779510498046875">
        <ele>94.1999969482421875</ele>
        <time>2026-09-20T07:01:31.000Z</time>
        <extensions>
          <ns3:TrackPointExtension>
            <ns3:hr>91</ns3:hr>
            <ns3:cad>0</ns3:cad>
          </ns3:TrackPointExtension>
        </extensions>
      </trkpt>
      <trkpt lat="32.28060476481914520263671875" lon="118.28458380885422229766845703125">
        <ele>94.59999847412109375</ele>
        <time>2026-09-20T07:01:34.000Z</time>
        <extensions>
          <ns3:TrackPointExtension>
            <ns3:hr>92</ns3:hr>
            <ns3:cad>0</ns3:cad>
          </ns3:TrackPointExtension>
        </extensions>
      </trkpt>
      <trkpt lat="32.280637286603450775146484375" lon="118.2846019975841045379638671875">
        <ele>94.59999847412109375</ele>
        <time>2026-09-20T07:01:43.000Z</time>
        <extensions>
          <ns3:TrackPointExtension>
            <ns3:hr>90</ns3:hr>
            <ns3:cad>0</ns3:cad>
          </ns3:TrackPointExtension>
        </extensions>
      </trkpt>
      <trkpt lat="32.28065463714301586151123046875" lon="118.284597136080265045166015625">
        <ele>95</ele>
        <time>2026-09-20T07:01:48.000Z</time>
        <extensions>
          <ns3:TrackPointExtension>
            <ns3:hr>91</ns3:hr>
            <ns3:cad>0</ns3:cad>
          </ns3:TrackPointExtension>
        </extensions>
      </trkpt>
      <trkpt lat="32.28066503070294857025146484375" lon="118.28459889627993106842041015625">
        <ele>95.1999969482421875</ele>
        <time>2026-09-20T07:01:49.000Z</time>
        <extensions>
          <ns3:TrackPointExtension>
            <ns3:hr>91</ns3:hr>
            <ns3:cad>0</ns3:cad>
          </ns3:TrackPointExtension>
        </extensions>
      </trkpt>
      <trkpt lat="32.280686236917972564697265625" lon="118.28459051437675952911376953125">
        <ele>96.1999969482421875</ele>
        <time>2026-09-20T07:01:52.000Z</time>
        <extensions>
          <ns3:TrackPointExtension>
            <ns3:hr>91</ns3:hr>
            <ns3:cad>0</ns3:cad>
          </ns3:TrackPointExtension>
        </extensions>
      </trkpt>
      <trkpt lat="32.2806894220411777496337890625" lon="118.28458649106323719024658203125">
        <ele>96.40000152587890625</ele>
        <time>2026-09-20T07:01:53.000Z</time>
        <extensions>
          <ns3:TrackPointExtension>
            <ns3:hr>91</ns3:hr>
            <ns3:cad>54</ns3:cad>
          </ns3:TrackPointExtension>
        </extensions>
      </trkpt>
      <trkpt lat="32.28071062825620174407958984375" lon="118.28457324765622615814208984375">
        <ele>97.1999969482421875</ele>
        <time>2026-09-20T07:01:58.000Z</time>
        <extensions>
          <ns3:TrackPointExtension>
            <ns3:hr>90</ns3:hr>
            <ns3:cad>53</ns3:cad>
          </ns3:TrackPointExtension>
        </extensions>
      </trkpt>
      <trkpt lat="32.28071565739810466766357421875" lon="118.2845671288669109344482421875">
        <ele>97.40000152587890625</ele>
        <time>2026-09-20T07:01:59.000Z</time>
        <extensions>
          <ns3:TrackPointExtension>
            <ns3:hr>90</ns3:hr>
            <ns3:cad>53</ns3:cad>
          </ns3:TrackPointExtension>
        </extensions>
      </trkpt>
      <trkpt lat="32.280735857784748077392578125" lon="118.284536786377429962158203125">
        <ele>97.8000030517578125</ele>
        <time>2026-09-20T07:02:03.000Z</time>
        <extensions>
          <ns3:TrackPointExtension>
            <ns3:hr>90</ns3:hr>
            <ns3:cad>0</ns3:cad>
          </ns3:TrackPointExtension>
        </extensions>
      </trkpt>
      <trkpt lat="32.2807611711323261260986328125" lon="118.284528069198131561279296875">
        <ele>98.59999847412109375</ele>
        <time>2026-09-20T07:02:07.000Z</time>
        <extensions>
          <ns3:TrackPointExtension>
            <ns3:hr>91</ns3:hr>
            <ns3:cad>0</ns3:cad>
          </ns3:TrackPointExtension>
        </extensions>
      </trkpt>
      <trkpt lat="32.28077265433967113494873046875" lon="118.2845252193510532379150390625">
        <ele>98.8000030517578125</ele>
        <time>2026-09-20T07:02:08.000Z</time>
        <extensions>
          <ns3:TrackPointExtension>
            <ns3:hr>91</ns3:hr>
            <ns3:cad>47</ns3:cad>
          </ns3:TrackPointExtension>
        </extensions>
      </trkpt>
      <trkpt lat="32.280800901353359222412109375" lon="118.28452412970364093780517578125">
        <ele>99.1999969482421875</ele>
        <time>2026-09-20T07:02:12.000Z</time>
        <extensions>
          <ns3:TrackPointExtension>
            <ns3:hr>94</ns3:hr>
            <ns3:cad>47</ns3:cad>
          </ns3:TrackPointExtension>
        </extensions>
      </trkpt>
      <trkpt lat="32.28081506676971912384033203125" lon="118.28452580608427524566650390625">
        <ele>99.40000152587890625</ele>
        <time>2026-09-20T07:02:13.000Z</time>
        <extensions>
          <ns3:TrackPointExtension>
            <ns3:hr>95</ns3:hr>
            <ns3:cad>0</ns3:cad>
          </ns3:TrackPointExtension>
        </extensions>
      </trkpt>
      <trkpt lat="32.280823700129985809326171875" lon="118.2845268957316875457763671875">
        <ele>99.8000030517578125</ele>
        <time>2026-09-20T07:02:15.000Z</time>
        <extensions>
          <ns3:TrackPointExtension>
            <ns3:hr>97</ns3:hr>
            <ns3:cad>0</ns3:cad>
          </ns3:TrackPointExtension>
        </extensions>
      </trkpt>
      <trkpt lat="32.28084842674434185028076171875" lon="118.28453821130096912384033203125">
        <ele>100.40000152587890625</ele>
        <time>2026-09-20T07:02:18.000Z</time>
        <extensions>
          <ns3:TrackPointExtension>
            <ns3:hr>100</ns3:hr>
            <ns3:cad>0</ns3:cad>
          </ns3:TrackPointExtension>
        </extensions>
      </trkpt>
      <trkpt lat="32.28086468763649463653564453125" lon="118.28453770838677883148193359375">
        <ele>101</ele>
        <time>2026-09-20T07:02:21.000Z</time>
        <extensions>
          <ns3:TrackPointExtension>
            <ns3:hr>101</ns3:hr>
            <ns3:cad>0</ns3:cad>
          </ns3:TrackPointExtension>
        </extensions>
      </trkpt>
      <trkpt lat="32.28088212199509143829345703125" lon="118.28454977832734584808349609375">
        <ele>101.40000152587890625</ele>
        <time>2026-09-20T07:02:23.000Z</time>
        <extensions>
          <ns3:TrackPointExtension>
            <ns3:hr>103</ns3:hr>
            <ns3:cad>0</ns3:cad>
          </ns3:TrackPointExtension>
        </extensions>
      </trkpt>
      <trkpt lat="32.28089419193565845489501953125" lon="118.28456285409629344940185546875">
        <ele>101.8000030517578125</ele>
        <time>2026-09-20T07:02:26.000Z</time>
        <extensions>
          <ns3:TrackPointExtension>
            <ns3:hr>106</ns3:hr>
            <ns3:cad>0</ns3:cad>
          </ns3:TrackPointExtension>
        </extensions>
      </trkpt>
      <trkpt lat="32.28090642951428890228271484375" lon="118.28456855379045009613037109375">
        <ele>102</ele>
        <time>2026-09-20T07:02:27.000Z</time>
        <extensions>
          <ns3:TrackPointExtension>
            <ns3:hr>107</ns3:hr>
            <ns3:cad>0</ns3:cad>
          </ns3:TrackPointExtension>
        </extensions>
      </trkpt>
      <trkpt lat="32.28093777783215045928955078125" lon="118.2845828868448734283447265625">
        <ele>102.8000030517578125</ele>
        <time>2026-09-20T07:02:33.000Z</time>
        <extensions>
          <ns3:TrackPointExtension>
            <ns3:hr>105</ns3:hr>
            <ns3:cad>0</ns3:cad>
          </ns3:TrackPointExtension>
        </extensions>
      </trkpt>
      <trkpt lat="32.2809482552111148834228515625" lon="118.2845936156809329986572265625">
        <ele>103.1999969482421875</ele>
        <time>2026-09-20T07:02:35.000Z</time>
        <extensions>
          <ns3:TrackPointExtension>
            <ns3:hr>104</ns3:hr>
            <ns3:cad>0</ns3:cad>
          </ns3:TrackPointExtension>
        </extensions>
      </trkpt>
      <trkpt lat="32.2809730656445026397705078125" lon="118.2846035063266754150390625">
        <ele>103.59999847412109375</ele>
        <time>2026-09-20T07:02:38.000Z</time>
        <extensions>
          <ns3:TrackPointExtension>
            <ns3:hr>103</ns3:hr>
            <ns3:cad>0</ns3:cad>
          </ns3:TrackPointExtension>
        </extensions>
      </trkpt>
      <trkpt lat="32.280986644327640533447265625" lon="118.2846076972782611846923828125">
        <ele>104.1999969482421875</ele>
        <time>2026-09-20T07:02:42.000Z</time>
        <extensions>
          <ns3:TrackPointExtension>
            <ns3:hr>100</ns3:hr>
            <ns3:cad>0</ns3:cad>
          </ns3:TrackPointExtension>
        </extensions>
      </trkpt>
      <trkpt lat="32.28100097738206386566162109375" lon="118.2846140675246715545654296875">
        <ele>104.59999847412109375</ele>
        <time>2026-09-20T07:02:45.000Z</time>
        <extensions>
          <ns3:TrackPointExtension>
            <ns3:hr>101</ns3:hr>
            <ns3:cad>0</ns3:cad>
          </ns3:TrackPointExtension>
        </extensions>
      </trkpt>
      <trkpt lat="32.281040959060192108154296875" lon="118.28461163677275180816650390625">
        <ele>105.40000152587890625</ele>
        <time>2026-09-20T07:02:50.000Z</time>
        <extensions>
          <ns3:TrackPointExtension>
            <ns3:hr>100</ns3:hr>
            <ns3:cad>0</ns3:cad>
          </ns3:TrackPointExtension>
        </extensions>
      </trkpt>
      <trkpt lat="32.2810535319149494171142578125" lon="118.28460845164954662322998046875">
        <ele>106</ele>
        <time>2026-09-20T07:02:53.000Z</time>
        <extensions>
          <ns3:TrackPointExtension>
            <ns3:hr>100</ns3:hr>
            <ns3:cad>51</ns3:cad>
          </ns3:TrackPointExtension>
        </extensions>
      </trkpt>
      <trkpt lat="32.28106752969324588775634765625" lon="118.28460878692567348480224609375">
        <ele>106.40000152587890625</ele>
        <time>2026-09-20T07:02:56.000Z</time>
        <extensions>
          <ns3:TrackPointExtension>
            <ns3:hr>100</ns3:hr>
            <ns3:cad>51</ns3:cad>
          </ns3:TrackPointExtension>
        </extensions>
      </trkpt>
      <trkpt lat="32.28108060546219348907470703125" lon="118.2846217788755893707275390625">
        <ele>107</ele>
        <time>2026-09-20T07:02:59.000Z</time>
        <extensions>
          <ns3:TrackPointExtension>
            <ns3:hr>100</ns3:hr>
            <ns3:cad>0</ns3:cad>
          </ns3:TrackPointExtension>
        </extensions>
      </trkpt>
      <trkpt lat="32.281091250479221343994140625" lon="118.2846365310251712799072265625">
        <ele>107.59999847412109375</ele>
        <time>2026-09-20T07:03:01.000Z</time>
        <extensions>
          <ns3:TrackPointExtension>
            <ns3:hr>101</ns3:hr>
            <ns3:cad>0</ns3:cad>
          </ns3:TrackPointExtension>
        </extensions>
      </trkpt>
      <trkpt lat="32.28111815638840198516845703125" lon="118.28465136699378490447998046875">
        <ele>108.1999969482421875</ele>
        <time>2026-09-20T07:03:05.000Z</time>
        <extensions>
          <ns3:TrackPointExtension>
            <ns3:hr>101</ns3:hr>
            <ns3:cad>0</ns3:cad>
          </ns3:TrackPointExtension>
        </extensions>
      </trkpt>
      <trkpt lat="32.28113408200442790985107421875" lon="118.28466176055371761322021484375">
        <ele>108.59999847412109375</ele>
        <time>2026-09-20T07:03:07.000Z</time>
        <extensions>
          <ns3:TrackPointExtension>
            <ns3:hr>101</ns3:hr>
            <ns3:cad>0</ns3:cad>
          </ns3:TrackPointExtension>
        </extensions>
      </trkpt>
      <trkpt lat="32.28115235455334186553955078125" lon="118.28466477803885936737060546875">
        <ele>109.40000152587890625</ele>
        <time>2026-09-20T07:03:11.000Z</time>
        <extensions>
          <ns3:TrackPointExtension>
            <ns3:hr>100</ns3:hr>
            <ns3:cad>44</ns3:cad>
          </ns3:TrackPointExtension>
        </extensions>
      </trkpt>
      <trkpt lat="32.2811608202755451202392578125" lon="118.284661509096622467041015625">
        <ele>109.59999847412109375</ele>
        <time>2026-09-20T07:03:13.000Z</time>
        <extensions>
          <ns3:TrackPointExtension>
            <ns3:hr>101</ns3:hr>
            <ns3:cad>0</ns3:cad>
          </ns3:TrackPointExtension>
        </extensions>
      </trkpt>
      <trkpt lat="32.28118546307086944580078125" lon="118.28468070365488529205322265625">
        <ele>110.59999847412109375</ele>
        <time>2026-09-20T07:03:18.000Z</time>
        <extensions>
          <ns3:TrackPointExtension>
            <ns3:hr>102</ns3:hr>
            <ns3:cad>0</ns3:cad>
          </ns3:TrackPointExtension>
        </extensions>
      </trkpt>
      <trkpt lat="32.281192503869533538818359375" lon="118.28468875028192996978759765625">
        <ele>110.59999847412109375</ele>
        <time>2026-09-20T07:03:19.000Z</time>
        <extensions>
          <ns3:TrackPointExtension>
            <ns3:hr>103</ns3:hr>
            <ns3:cad>0</ns3:cad>
          </ns3:TrackPointExtension>
        </extensions>
      </trkpt>
      <trkpt lat="32.2812258638441562652587890625" lon="118.28474289737641811370849609375">
        <ele>111.40000152587890625</ele>
        <time>2026-09-20T07:03:25.000Z</time>
        <extensions>
          <ns3:TrackPointExtension>
            <ns3:hr>106</ns3:hr>
            <ns3:cad>77</ns3:cad>
          </ns3:TrackPointExtension>
        </extensions>
      </trkpt>
      <trkpt lat="32.2812372632324695587158203125" lon="118.28475295566022396087646484375">
        <ele>111.59999847412109375</ele>
        <time>2026-09-20T07:03:28.000Z</time>
        <extensions>
          <ns3:TrackPointExtension>
            <ns3:hr>107</ns3:hr>
            <ns3:cad>77</ns3:cad>
          </ns3:TrackPointExtension>
        </extensions>
      </trkpt>
      <trkpt lat="32.2812627442181110382080078125" lon="118.28476988710463047027587890625">
        <ele>112.40000152587890625</ele>
        <time>2026-09-20T07:03:33.000Z</time>
        <extensions>
          <ns3:TrackPointExtension>
            <ns3:hr>108</ns3:hr>
            <ns3:cad>0</ns3:cad>
          </ns3:TrackPointExtension>
        </extensions>
      </trkpt>
      <trkpt lat="32.281268276274204254150390625" lon="118.28477047383785247802734375">
        <ele>112.8000030517578125</ele>
        <time>2026-09-20T07:03:35.000Z</time>
        <extensions>
          <ns3:TrackPointExtension>
            <ns3:hr>108</ns3:hr>
            <ns3:cad>0</ns3:cad>
          </ns3:TrackPointExtension>
        </extensions>
      </trkpt>
      <trkpt lat="32.28128663264214992523193359375" lon="118.28477977775037288665771484375">
        <ele>113.40000152587890625</ele>
        <time>2026-09-20T07:03:39.000Z</time>
        <extensions>
          <ns3:TrackPointExtension>
            <ns3:hr>107</ns3:hr>
            <ns3:cad>0</ns3:cad>
          </ns3:TrackPointExtension>
        </extensions>
      </trkpt>
      <trkpt lat="32.28130892850458621978759765625" lon="118.284796960651874542236328125">
        <ele>114</ele>
        <time>2026-09-20T07:03:43.000Z</time>
        <extensions>
          <ns3:TrackPointExtension>
            <ns3:hr>107</ns3:hr>
            <ns3:cad>0</ns3:cad>
          </ns3:TrackPointExtension>
        </extensions>
      </trkpt>
      <trkpt lat="32.2813247703015804290771484375" lon="118.28480928204953670501708984375">
        <ele>114.40000152587890625</ele>
        <time>2026-09-20T07:03:46.000Z</time>
        <extensions>
          <ns3:TrackPointExtension>
            <ns3:hr>109</ns3:hr>
            <ns3:cad>0</ns3:cad>
          </ns3:TrackPointExtension>
        </extensions>
      </trkpt>
      <trkpt lat="32.28134698234498500823974609375" lon="118.2848246209323406219482421875">
        <ele>115</ele>
        <time>2026-09-20T07:03:51.000Z</time>
        <extensions>
          <ns3:TrackPointExtension>
            <ns3:hr>109</ns3:hr>
            <ns3:cad>0</ns3:cad>
          </ns3:TrackPointExtension>
        </extensions>
      </trkpt>
      <trkpt lat="32.281360141932964324951171875" lon="118.28483342193067073822021484375">
        <ele>115.40000152587890625</ele>
        <time>2026-09-20T07:03:54.000Z</time>
        <extensions>
          <ns3:TrackPointExtension>
            <ns3:hr>110</ns3:hr>
            <ns3:cad>41</ns3:cad>
          </ns3:TrackPointExtension>
        </extensions>
      </trkpt>
      <trkpt lat="32.2813846170902252197265625" lon="118.28484817408025264739990234375">
        <ele>116.1999969482421875</ele>
        <time>2026-09-20T07:03:58.000Z</time>
        <extensions>
          <ns3:TrackPointExtension>
            <ns3:hr>110</ns3:hr>
            <ns3:cad>44</ns3:cad>
          </ns3:TrackPointExtension>
        </extensions>
      </trkpt>
      <trkpt lat="32.28141353465616703033447265625" lon="118.28487432561814785003662109375">
        <ele>116.59999847412109375</ele>
        <time>2026-09-20T07:04:01.000Z</time>
        <extensions>
          <ns3:TrackPointExtension>
            <ns3:hr>109</ns3:hr>
            <ns3:cad>48</ns3:cad>
          </ns3:TrackPointExtension>
        </extensions>
      </trkpt>
      <trkpt lat="32.28143356740474700927734375" lon="118.28489025123417377471923828125">
        <ele>117.1999969482421875</ele>
        <time>2026-09-20T07:04:04.000Z</time>
        <extensions>
          <ns3:TrackPointExtension>
            <ns3:hr>109</ns3:hr>
            <ns3:cad>49</ns3:cad>
          </ns3:TrackPointExtension>
        </extensions>
      </trkpt>
      <trkpt lat="32.2814543545246124267578125" lon="118.28489963896572589874267578125">
        <ele>117.59999847412109375</ele>
        <time>2026-09-20T07:04:07.000Z</time>
        <extensions>
          <ns3:TrackPointExtension>
            <ns3:hr>110</ns3:hr>
            <ns3:cad>51</ns3:cad>
          </ns3:TrackPointExtension>
        </extensions>
      </trkpt>
      <trkpt lat="32.28146768175065517425537109375" lon="118.284915648400783538818359375">
        <ele>118.1999969482421875</ele>
        <time>2026-09-20T07:04:10.000Z</time>
        <extensions>
          <ns3:TrackPointExtension>
            <ns3:hr>111</ns3:hr>
            <ns3:cad>51</ns3:cad>
          </ns3:TrackPointExtension>
        </extensions>
      </trkpt>
      <trkpt lat="32.2815017960965633392333984375" lon="118.2849226891994476318359375">
        <ele>119</ele>
        <time>2026-09-20T07:04:16.000Z</time>
        <extensions>
          <ns3:TrackPointExtension>
            <ns3:hr>110</ns3:hr>
            <ns3:cad>0</ns3:cad>
          </ns3:TrackPointExtension>
        </extensions>
      </trkpt>
      <trkpt lat="32.281508333981037139892578125" lon="118.2849231921136379241943359375">
        <ele>119.40000152587890625</ele>
        <time>2026-09-20T07:04:17.000Z</time>
        <extensions>
          <ns3:TrackPointExtension>
            <ns3:hr>109</ns3:hr>
            <ns3:cad>0</ns3:cad>
          </ns3:TrackPointExtension>
        </extensions>
      </trkpt>
      <trkpt lat="32.28153272531926631927490234375" lon="118.28492243774235248565673828125">
        <ele>120.40000152587890625</ele>
        <time>2026-09-20T07:04:21.000Z</time>
        <extensions>
          <ns3:TrackPointExtension>
            <ns3:hr>105</ns3:hr>
            <ns3:cad>0</ns3:cad>
          </ns3:TrackPointExtension>
        </extensions>
      </trkpt>
      <trkpt lat="32.28153876028954982757568359375" lon="118.2849231921136379241943359375">
        <ele>120.40000152587890625</ele>
        <time>2026-09-20T07:04:22.000Z</time>
        <extensions>
          <ns3:TrackPointExtension>
            <ns3:hr>105</ns3:hr>
            <ns3:cad>0</ns3:cad>
          </ns3:TrackPointExtension>
        </extensions>
      </trkpt>
      <trkpt lat="32.28154513053596019744873046875" lon="118.2849231921136379241943359375">
        <ele>120.59999847412109375</ele>
        <time>2026-09-20T07:04:23.000Z</time>
        <extensions>
          <ns3:TrackPointExtension>
            <ns3:hr>104</ns3:hr>
            <ns3:cad>0</ns3:cad>
          </ns3:TrackPointExtension>
        </extensions>
      </trkpt>
      <trkpt lat="32.2815789096057415008544921875" lon="118.28494858928024768829345703125">
        <ele>121.59999847412109375</ele>
        <time>2026-09-20T07:04:29.000Z</time>
        <extensions>
          <ns3:TrackPointExtension>
            <ns3:hr>105</ns3:hr>
            <ns3:cad>0</ns3:cad>
          </ns3:TrackPointExtension>
        </extensions>
      </trkpt>
      <trkpt lat="32.28158888407051563262939453125" lon="118.28495043329894542694091796875">
        <ele>122</ele>
        <time>2026-09-20T07:04:31.000Z</time>
        <extensions>
          <ns3:TrackPointExtension>
            <ns3:hr>105</ns3:hr>
            <ns3:cad>0</ns3:cad>
          </ns3:TrackPointExtension>
        </extensions>
      </trkpt>
      <trkpt lat="32.2816067375242710113525390625" lon="118.28494959510862827301025390625">
        <ele>122.59999847412109375</ele>
        <time>2026-09-20T07:04:35.000Z</time>
        <extensions>
          <ns3:TrackPointExtension>
            <ns3:hr>106</ns3:hr>
            <ns3:cad>49</ns3:cad>
          </ns3:TrackPointExtension>
        </extensions>
      </trkpt>
      <trkpt lat="32.28161654435098171234130859375" lon="118.284948505461215972900390625">
        <ele>123.40000152587890625</ele>
        <time>2026-09-20T07:04:38.000Z</time>
        <extensions>
          <ns3:TrackPointExtension>
            <ns3:hr>107</ns3:hr>
            <ns3:cad>47</ns3:cad>
          </ns3:TrackPointExtension>
        </extensions>
      </trkpt>
      <trkpt lat="32.28163682855665683746337890625" lon="118.28494942747056484222412109375">
        <ele>123.8000030517578125</ele>
        <time>2026-09-20T07:04:40.000Z</time>
        <extensions>
          <ns3:TrackPointExtension>
            <ns3:hr>106</ns3:hr>
            <ns3:cad>0</ns3:cad>
          </ns3:TrackPointExtension>
        </extensions>
      </trkpt>
      <trkpt lat="32.28165753185749053955078125" lon="118.2849563844501972198486328125">
        <ele>124.40000152587890625</ele>
        <time>2026-09-20T07:04:44.000Z</time>
        <extensions>
          <ns3:TrackPointExtension>
            <ns3:hr>107</ns3:hr>
            <ns3:cad>0</ns3:cad>
          </ns3:TrackPointExtension>
        </extensions>
      </trkpt>
      <trkpt lat="32.28167018853127956390380859375" lon="118.284953199326992034912109375">
        <ele>124.8000030517578125</ele>
        <time>2026-09-20T07:04:46.000Z</time>
        <extensions>
          <ns3:TrackPointExtension>
            <ns3:hr>107</ns3:hr>
            <ns3:cad>0</ns3:cad>
          </ns3:TrackPointExtension>
        </extensions>
      </trkpt>
      <trkpt lat="32.28169902227818965911865234375" lon="118.28494540415704250335693359375">
        <ele>125.8000030517578125</ele>
        <time>2026-09-20T07:04:51.000Z</time>
        <extensions>
          <ns3:TrackPointExtension>
            <ns3:hr>107</ns3:hr>
            <ns3:cad>48</ns3:cad>
          </ns3:TrackPointExtension>
        </extensions>
      </trkpt>
      <trkpt lat="32.28170287795364856719970703125" lon="118.2849414646625518798828125">
        <ele>125.8000030517578125</ele>
        <time>2026-09-20T07:04:52.000Z</time>
        <extensions>
          <ns3:TrackPointExtension>
            <ns3:hr>107</ns3:hr>
            <ns3:cad>52</ns3:cad>
          </ns3:TrackPointExtension>
        </extensions>
      </trkpt>
      <trkpt lat="32.2817284427583217620849609375" lon="118.284914307296276092529296875">
        <ele>126.8000030517578125</ele>
        <time>2026-09-20T07:04:59.000Z</time>
        <extensions>
          <ns3:TrackPointExtension>
            <ns3:hr>107</ns3:hr>
            <ns3:cad>41</ns3:cad>
          </ns3:TrackPointExtension>
        </extensions>
      </trkpt>
      <trkpt lat="32.28172584436833858489990234375" lon="118.28491204418241977691650390625">
        <ele>127</ele>
        <time>2026-09-20T07:05:00.000Z</time>
        <extensions>
          <ns3:TrackPointExtension>
            <ns3:hr>106</ns3:hr>
            <ns3:cad>41</ns3:cad>
          </ns3:TrackPointExtension>
        </extensions>
      </trkpt>
      <trkpt lat="32.28172416798770427703857421875" lon="118.28488891012966632843017578125">
        <ele>127</ele>
        <time>2026-09-20T07:05:08.000Z</time>
        <extensions>
          <ns3:TrackPointExtension>
            <ns3:hr>105</ns3:hr>
            <ns3:cad>0</ns3:cad>
          </ns3:TrackPointExtension>
        </extensions>
      </trkpt>
      <trkpt lat="32.28172701783478260040283203125" lon="118.284904249012470245361328125">
        <ele>126.59999847412109375</ele>
        <time>2026-09-20T07:05:15.000Z</time>
        <extensions>
          <ns3:TrackPointExtension>
            <ns3:hr>104</ns3:hr>
            <ns3:cad>0</ns3:cad>
          </ns3:TrackPointExtension>
        </extensions>
      </trkpt>
      <trkpt lat="32.281734980642795562744140625" lon="118.28490852378308773040771484375">
        <ele>126.8000030517578125</ele>
        <time>2026-09-20T07:05:22.000Z</time>
        <extensions>
          <ns3:TrackPointExtension>
            <ns3:hr>106</ns3:hr>
            <ns3:cad>0</ns3:cad>
          </ns3:TrackPointExtension>
        </extensions>
      </trkpt>
      <trkpt lat="32.2817519120872020721435546875" lon="118.28491405583918094635009765625">
        <ele>126.8000030517578125</ele>
        <time>2026-09-20T07:05:30.000Z</time>
        <extensions>
          <ns3:TrackPointExtension>
            <ns3:hr>105</ns3:hr>
            <ns3:cad>0</ns3:cad>
          </ns3:TrackPointExtension>
        </extensions>
      </trkpt>
      <trkpt lat="32.28173196315765380859375" lon="118.28491472639143466949462890625">
        <ele>126.8000030517578125</ele>
        <time>2026-09-20T07:05:42.000Z</time>
        <extensions>
          <ns3:TrackPointExtension>
            <ns3:hr>106</ns3:hr>
            <ns3:cad>0</ns3:cad>
          </ns3:TrackPointExtension>
        </extensions>
      </trkpt>
      <trkpt lat="32.28173665702342987060546875" lon="118.28493685461580753326416015625">
        <ele>126.59999847412109375</ele>
        <time>2026-09-20T07:05:51.000Z</time>
        <extensions>
          <ns3:TrackPointExtension>
            <ns3:hr>103</ns3:hr>
            <ns3:cad>0</ns3:cad>
          </ns3:TrackPointExtension>
        </extensions>
      </trkpt>
      <trkpt lat="32.2817388363182544708251953125" lon="118.284939788281917572021484375">
        <ele>126.59999847412109375</ele>
        <time>2026-09-20T07:05:53.000Z</time>
        <extensions>
          <ns3:TrackPointExtension>
            <ns3:hr>100</ns3:hr>
            <ns3:cad>0</ns3:cad>
          </ns3:TrackPointExtension>
        </extensions>
      </trkpt>
      <trkpt lat="32.28174176998436450958251953125" lon="118.28494749963283538818359375">
        <ele>126.8000030517578125</ele>
        <time>2026-09-20T07:05:57.000Z</time>
        <extensions>
          <ns3:TrackPointExtension>
            <ns3:hr>98</ns3:hr>
            <ns3:cad>0</ns3:cad>
          </ns3:TrackPointExtension>
        </extensions>
      </trkpt>
      <trkpt lat="32.28175065480172634124755859375" lon="118.28497189097106456756591796875">
        <ele>126.8000030517578125</ele>
        <time>2026-09-20T07:06:14.000Z</time>
        <extensions>
          <ns3:TrackPointExtension>
            <ns3:hr>95</ns3:hr>
            <ns3:cad>0</ns3:cad>
          </ns3:TrackPointExtension>
        </extensions>
      </trkpt>
      <trkpt lat="32.28174948133528232574462890625" lon="118.28497189097106456756591796875">
        <ele>126.8000030517578125</ele>
        <time>2026-09-20T07:06:15.000Z</time>
        <extensions>
          <ns3:TrackPointExtension>
            <ns3:hr>95</ns3:hr>
            <ns3:cad>0</ns3:cad>
          </ns3:TrackPointExtension>
        </extensions>
      </trkpt>
      <trkpt lat="32.28173757903277873992919921875" lon="118.2849620841443538665771484375">
        <ele>126.59999847412109375</ele>
        <time>2026-09-20T07:06:23.000Z</time>
        <extensions>
          <ns3:TrackPointExtension>
            <ns3:hr>92</ns3:hr>
            <ns3:cad>0</ns3:cad>
          </ns3:TrackPointExtension>
        </extensions>
      </trkpt>
      <trkpt lat="32.28173322044312953948974609375" lon="118.2849602401256561279296875">
        <ele>126.59999847412109375</ele>
        <time>2026-09-20T07:06:25.000Z</time>
        <extensions>
          <ns3:TrackPointExtension>
            <ns3:hr>88</ns3:hr>
            <ns3:cad>0</ns3:cad>
          </ns3:TrackPointExtension>
        </extensions>
      </trkpt>
      <trkpt lat="32.28173573501408100128173828125" lon="118.2849562168121337890625">
        <ele>126.59999847412109375</ele>
        <time>2026-09-20T07:06:28.000Z</time>
        <extensions>
          <ns3:TrackPointExtension>
            <ns3:hr>85</ns3:hr>
            <ns3:cad>0</ns3:cad>
          </ns3:TrackPointExtension>
        </extensions>
      </trkpt>
      <trkpt lat="32.28174336254596710205078125" lon="118.28496250323951244354248046875">
        <ele>126.8000030517578125</ele>
        <time>2026-09-20T07:06:31.000Z</time>
        <extensions>
          <ns3:TrackPointExtension>
            <ns3:hr>85</ns3:hr>
            <ns3:cad>0</ns3:cad>
          </ns3:TrackPointExtension>
        </extensions>
      </trkpt>
      <trkpt lat="32.2817646525800228118896484375" lon="118.2849547080695629119873046875">
        <ele>126.8000030517578125</ele>
        <time>2026-09-20T07:06:36.000Z</time>
        <extensions>
          <ns3:TrackPointExtension>
            <ns3:hr>82</ns3:hr>
            <ns3:cad>0</ns3:cad>
          </ns3:TrackPointExtension>
        </extensions>
      </trkpt>
      <trkpt lat="32.2817690111696720123291015625" lon="118.28495143912732601165771484375">
        <ele>127</ele>
        <time>2026-09-20T07:06:38.000Z</time>
        <extensions>
          <ns3:TrackPointExtension>
            <ns3:hr>81</ns3:hr>
            <ns3:cad>0</ns3:cad>
          </ns3:TrackPointExtension>
        </extensions>
      </trkpt>
      <trkpt lat="32.2817995212972164154052734375" lon="118.28493517823517322540283203125">
        <ele>127.8000030517578125</ele>
        <time>2026-09-20T07:06:45.000Z</time>
        <extensions>
          <ns3:TrackPointExtension>
            <ns3:hr>81</ns3:hr>
            <ns3:cad>0</ns3:cad>
          </ns3:TrackPointExtension>
        </extensions>
      </trkpt>
      <trkpt lat="32.28180597536265850067138671875" lon="118.2849325798451900482177734375">
        <ele>128</ele>
        <time>2026-09-20T07:06:46.000Z</time>
        <extensions>
          <ns3:TrackPointExtension>
            <ns3:hr>81</ns3:hr>
            <ns3:cad>0</ns3:cad>
          </ns3:TrackPointExtension>
        </extensions>
      </trkpt>
      <trkpt lat="32.2818317078053951263427734375" lon="118.28492872416973114013671875">
        <ele>129</ele>
        <time>2026-09-20T07:06:52.000Z</time>
        <extensions>
          <ns3:TrackPointExtension>
            <ns3:hr>82</ns3:hr>
            <ns3:cad>0</ns3:cad>
          </ns3:TrackPointExtension>
        </extensions>
      </trkpt>
      <trkpt lat="32.28185601532459259033203125" lon="118.28492277301847934722900390625">
        <ele>129.600006103515625</ele>
        <time>2026-09-20T07:06:58.000Z</time>
        <extensions>
          <ns3:TrackPointExtension>
            <ns3:hr>82</ns3:hr>
            <ns3:cad>0</ns3:cad>
          </ns3:TrackPointExtension>
        </extensions>
      </trkpt>
      <trkpt lat="32.281866408884525299072265625" lon="118.28491891734302043914794921875">
        <ele>130.1999969482421875</ele>
        <time>2026-09-20T07:07:01.000Z</time>
        <extensions>
          <ns3:TrackPointExtension>
            <ns3:hr>82</ns3:hr>
            <ns3:cad>79</ns3:cad>
          </ns3:TrackPointExtension>
        </extensions>
      </trkpt>
      <trkpt lat="32.2818860225379467010498046875" lon="118.2849205099046230316162109375">
        <ele>131</ele>
        <time>2026-09-20T07:07:05.000Z</time>
        <extensions>
          <ns3:TrackPointExtension>
            <ns3:hr>82</ns3:hr>
            <ns3:cad>76</ns3:cad>
          </ns3:TrackPointExtension>
        </extensions>
      </trkpt>
      <trkpt lat="32.2819021157920360565185546875" lon="118.28492176719009876251220703125">
        <ele>131.1999969482421875</ele>
        <time>2026-09-20T07:07:08.000Z</time>
        <extensions>
          <ns3:TrackPointExtension>
            <ns3:hr>83</ns3:hr>
            <ns3:cad>75</ns3:cad>
          </ns3:TrackPointExtension>
        </extensions>
      </trkpt>
      <trkpt lat="32.2819235734641551971435546875" lon="118.28492612577974796295166015625">
        <ele>132</ele>
        <time>2026-09-20T07:07:12.000Z</time>
        <extensions>
          <ns3:TrackPointExtension>
            <ns3:hr>85</ns3:hr>
            <ns3:cad>0</ns3:cad>
          </ns3:TrackPointExtension>
        </extensions>
      </trkpt>
      <trkpt lat="32.28192508220672607421875" lon="118.2849265448749065399169921875">
        <ele>132.399993896484375</ele>
        <time>2026-09-20T07:07:14.000Z</time>
        <extensions>
          <ns3:TrackPointExtension>
            <ns3:hr>85</ns3:hr>
            <ns3:cad>0</ns3:cad>
          </ns3:TrackPointExtension>
        </extensions>
      </trkpt>
      <trkpt lat="32.28194712661206722259521484375" lon="118.284924365580081939697265625">
        <ele>133.1999969482421875</ele>
        <time>2026-09-20T07:07:19.000Z</time>
        <extensions>
          <ns3:TrackPointExtension>
            <ns3:hr>87</ns3:hr>
            <ns3:cad>0</ns3:cad>
          </ns3:TrackPointExtension>
        </extensions>
      </trkpt>
      <trkpt lat="32.28196330368518829345703125" lon="118.2849211804568767547607421875">
        <ele>133.600006103515625</ele>
        <time>2026-09-20T07:07:22.000Z</time>
        <extensions>
          <ns3:TrackPointExtension>
            <ns3:hr>90</ns3:hr>
            <ns3:cad>75</ns3:cad>
          </ns3:TrackPointExtension>
        </extensions>
      </trkpt>
      <trkpt lat="32.28197403252124786376953125" lon="118.28491690568625926971435546875">
        <ele>134.1999969482421875</ele>
        <time>2026-09-20T07:07:26.000Z</time>
        <extensions>
          <ns3:TrackPointExtension>
            <ns3:hr>92</ns3:hr>
            <ns3:cad>69</ns3:cad>
          </ns3:TrackPointExtension>
        </extensions>
      </trkpt>
      <trkpt lat="32.28197797201573848724365234375" lon="118.2849168218672275543212890625">
        <ele>134.8000030517578125</ele>
        <time>2026-09-20T07:07:28.000Z</time>
        <extensions>
          <ns3:TrackPointExtension>
            <ns3:hr>93</ns3:hr>
            <ns3:cad>69</ns3:cad>
          </ns3:TrackPointExtension>
        </extensions>
      </trkpt>
      <trkpt lat="32.2819907963275909423828125" lon="118.28491020016372203826904296875">
        <ele>135.1999969482421875</ele>
        <time>2026-09-20T07:07:31.000Z</time>
        <extensions>
          <ns3:TrackPointExtension>
            <ns3:hr>96</ns3:hr>
            <ns3:cad>69</ns3:cad>
          </ns3:TrackPointExtension>
        </extensions>
      </trkpt>
      <trkpt lat="32.28200211189687252044677734375" lon="118.28490651212632656097412109375">
        <ele>135.399993896484375</ele>
        <time>2026-09-20T07:07:33.000Z</time>
        <extensions>
          <ns3:TrackPointExtension>
            <ns3:hr>98</ns3:hr>
            <ns3:cad>0</ns3:cad>
          </ns3:TrackPointExtension>
        </extensions>
      </trkpt>
      <trkpt lat="32.282016612589359283447265625" lon="118.284899890422821044921875">
        <ele>135.8000030517578125</ele>
        <time>2026-09-20T07:07:36.000Z</time>
        <extensions>
          <ns3:TrackPointExtension>
            <ns3:hr>98</ns3:hr>
            <ns3:cad>0</ns3:cad>
          </ns3:TrackPointExtension>
        </extensions>
      </trkpt>
      <trkpt lat="32.28202273137867450714111328125" lon="118.2848970405757427215576171875">
        <ele>136.399993896484375</ele>
        <time>2026-09-20T07:07:39.000Z</time>
        <extensions>
          <ns3:TrackPointExtension>
            <ns3:hr>97</ns3:hr>
            <ns3:cad>40</ns3:cad>
          </ns3:TrackPointExtension>
        </extensions>
      </trkpt>
      <trkpt lat="32.2820218093693256378173828125" lon="118.284900225698947906494140625">
        <ele>136.8000030517578125</ele>
        <time>2026-09-20T07:07:41.000Z</time>
        <extensions>
          <ns3:TrackPointExtension>
            <ns3:hr>97</ns3:hr>
            <ns3:cad>40</ns3:cad>
          </ns3:TrackPointExtension>
        </extensions>
      </trkpt>
      <trkpt lat="32.28203178383409976959228515625" lon="118.2848883233964443206787109375">
        <ele>137.600006103515625</ele>
        <time>2026-09-20T07:07:46.000Z</time>
        <extensions>
          <ns3:TrackPointExtension>
            <ns3:hr>96</ns3:hr>
            <ns3:cad>41</ns3:cad>
          </ns3:TrackPointExtension>
        </extensions>
      </trkpt>
      <trkpt lat="32.28205324150621891021728515625" lon="118.28487700782716274261474609375">
        <ele>138</ele>
        <time>2026-09-20T07:07:49.000Z</time>
        <extensions>
          <ns3:TrackPointExtension>
            <ns3:hr>97</ns3:hr>
            <ns3:cad>0</ns3:cad>
          </ns3:TrackPointExtension>
        </extensions>
      </trkpt>
      <trkpt lat="32.2820767946541309356689453125" lon="118.2848655246198177337646484375">
        <ele>138.600006103515625</ele>
        <time>2026-09-20T07:07:55.000Z</time>
        <extensions>
          <ns3:TrackPointExtension>
            <ns3:hr>99</ns3:hr>
            <ns3:cad>0</ns3:cad>
          </ns3:TrackPointExtension>
        </extensions>
      </trkpt>
      <trkpt lat="32.28207553736865520477294921875" lon="118.2848678715527057647705078125">
        <ele>138.8000030517578125</ele>
        <time>2026-09-20T07:08:07.000Z</time>
        <extensions>
          <ns3:TrackPointExtension>
            <ns3:hr>100</ns3:hr>
            <ns3:cad>0</ns3:cad>
          </ns3:TrackPointExtension>
        </extensions>
      </trkpt>
      <trkpt lat="32.28208693675696849822998046875" lon="118.2848608307540416717529296875">
        <ele>138.8000030517578125</ele>
        <time>2026-09-20T07:08:13.000Z</time>
        <extensions>
          <ns3:TrackPointExtension>
            <ns3:hr>97</ns3:hr>
            <ns3:cad>0</ns3:cad>
          </ns3:TrackPointExtension>
        </extensions>
      </trkpt>
      <trkpt lat="32.2821005992591381072998046875" lon="118.28486074693500995635986328125">
        <ele>138.8000030517578125</ele>
        <time>2026-09-20T07:08:18.000Z</time>
        <extensions>
          <ns3:TrackPointExtension>
            <ns3:hr>94</ns3:hr>
            <ns3:cad>0</ns3:cad>
          </ns3:TrackPointExtension>
        </extensions>
      </trkpt>
      <trkpt lat="32.2821096517145633697509765625" lon="118.28485957346856594085693359375">
        <ele>138.8000030517578125</ele>
        <time>2026-09-20T07:08:25.000Z</time>
        <extensions>
          <ns3:TrackPointExtension>
            <ns3:hr>91</ns3:hr>
            <ns3:cad>0</ns3:cad>
          </ns3:TrackPointExtension>
        </extensions>
      </trkpt>
      <trkpt lat="32.28211560286581516265869140625" lon="118.28485655598342418670654296875">
        <ele>138.8000030517578125</ele>
        <time>2026-09-20T07:08:28.000Z</time>
        <extensions>
          <ns3:TrackPointExtension>
            <ns3:hr>89</ns3:hr>
            <ns3:cad>0</ns3:cad>
          </ns3:TrackPointExtension>
        </extensions>
      </trkpt>
      <trkpt lat="32.28209548629820346832275390625" lon="118.28486577607691287994384765625">
        <ele>139.1999969482421875</ele>
        <time>2026-09-20T07:08:35.000Z</time>
        <extensions>
          <ns3:TrackPointExtension>
            <ns3:hr>89</ns3:hr>
            <ns3:cad>0</ns3:cad>
          </ns3:TrackPointExtension>
        </extensions>
      </trkpt>
      <trkpt lat="32.282114513218402862548828125" lon="118.28486594371497631072998046875">
        <ele>140</ele>
        <time>2026-09-20T07:08:39.000Z</time>
        <extensions>
          <ns3:TrackPointExtension>
            <ns3:hr>88</ns3:hr>
            <ns3:cad>48</ns3:cad>
          </ns3:TrackPointExtension>
        </extensions>
      </trkpt>
      <trkpt lat="32.28211912326514720916748046875" lon="118.28486644662916660308837890625">
        <ele>140.1999969482421875</ele>
        <time>2026-09-20T07:08:40.000Z</time>
        <extensions>
          <ns3:TrackPointExtension>
            <ns3:hr>88</ns3:hr>
            <ns3:cad>48</ns3:cad>
          </ns3:TrackPointExtension>
        </extensions>
      </trkpt>
      <trkpt lat="32.28214996866881847381591796875" lon="118.2848782651126384735107421875">
        <ele>141.399993896484375</ele>
        <time>2026-09-20T07:08:45.000Z</time>
        <extensions>
          <ns3:TrackPointExtension>
            <ns3:hr>89</ns3:hr>
            <ns3:cad>52</ns3:cad>
          </ns3:TrackPointExtension>
        </extensions>
      </trkpt>
      <trkpt lat="32.28216807357966899871826171875" lon="118.28488203696906566619873046875">
        <ele>142</ele>
        <time>2026-09-20T07:08:48.000Z</time>
        <extensions>
          <ns3:TrackPointExtension>
            <ns3:hr>89</ns3:hr>
            <ns3:cad>48</ns3:cad>
          </ns3:TrackPointExtension>
        </extensions>
      </trkpt>
      <trkpt lat="32.28218232281506061553955078125" lon="118.28488421626389026641845703125">
        <ele>142.399993896484375</ele>
        <time>2026-09-20T07:08:51.000Z</time>
        <extensions>
          <ns3:TrackPointExtension>
            <ns3:hr>89</ns3:hr>
            <ns3:cad>48</ns3:cad>
          </ns3:TrackPointExtension>
        </extensions>
      </trkpt>
      <trkpt lat="32.28219942189753055572509765625" lon="118.28488388098776340484619140625">
        <ele>143.399993896484375</ele>
        <time>2026-09-20T07:08:56.000Z</time>
        <extensions>
          <ns3:TrackPointExtension>
            <ns3:hr>92</ns3:hr>
            <ns3:cad>78</ns3:cad>
          </ns3:TrackPointExtension>
        </extensions>
      </trkpt>
      <trkpt lat="32.28220512159168720245361328125" lon="118.28488438390195369720458984375">
        <ele>143.600006103515625</ele>
        <time>2026-09-20T07:08:57.000Z</time>
        <extensions>
          <ns3:TrackPointExtension>
            <ns3:hr>92</ns3:hr>
            <ns3:cad>0</ns3:cad>
          </ns3:TrackPointExtension>
        </extensions>
      </trkpt>
      <trkpt lat="32.28223412297666072845458984375" lon="118.284878097474575042724609375">
        <ele>144.600006103515625</ele>
        <time>2026-09-20T07:09:04.000Z</time>
        <extensions>
          <ns3:TrackPointExtension>
            <ns3:hr>93</ns3:hr>
            <ns3:cad>40</ns3:cad>
          </ns3:TrackPointExtension>
        </extensions>
      </trkpt>
      <trkpt lat="32.28223797865211963653564453125" lon="118.28487566672265529632568359375">
        <ele>144.8000030517578125</ele>
        <time>2026-09-20T07:09:05.000Z</time>
        <extensions>
          <ns3:TrackPointExtension>
            <ns3:hr>94</ns3:hr>
            <ns3:cad>40</ns3:cad>
          </ns3:TrackPointExtension>
        </extensions>
      </trkpt>
      <trkpt lat="32.28226664476096630096435546875" lon="118.28486108221113681793212890625">
        <ele>145.600006103515625</ele>
        <time>2026-09-20T07:09:14.000Z</time>
        <extensions>
          <ns3:TrackPointExtension>
            <ns3:hr>97</ns3:hr>
            <ns3:cad>0</ns3:cad>
          </ns3:TrackPointExtension>
        </extensions>
      </trkpt>
      <trkpt lat="32.282268740236759185791015625" lon="118.2848621718585491180419921875">
        <ele>145.600006103515625</ele>
        <time>2026-09-20T07:09:15.000Z</time>
        <extensions>
          <ns3:TrackPointExtension>
            <ns3:hr>97</ns3:hr>
            <ns3:cad>0</ns3:cad>
          </ns3:TrackPointExtension>
        </extensions>
      </trkpt>
      <trkpt lat="32.28226982988417148590087890625" lon="118.28486301004886627197265625">
        <ele>145.600006103515625</ele>
        <time>2026-09-20T07:09:16.000Z</time>
        <extensions>
          <ns3:TrackPointExtension>
            <ns3:hr>97</ns3:hr>
            <ns3:cad>0</ns3:cad>
          </ns3:TrackPointExtension>
        </extensions>
      </trkpt>
      <trkpt lat="32.28229128755629062652587890625" lon="118.2848698832094669342041015625">
        <ele>146.8000030517578125</ele>
        <time>2026-09-20T07:09:22.000Z</time>
        <extensions>
          <ns3:TrackPointExtension>
            <ns3:hr>97</ns3:hr>
            <ns3:cad>44</ns3:cad>
          </ns3:TrackPointExtension>
        </extensions>
      </trkpt>
      <trkpt lat="32.28230201639235019683837890625" lon="118.28487239778041839599609375">
        <ele>147.1999969482421875</ele>
        <time>2026-09-20T07:09:25.000Z</time>
        <extensions>
          <ns3:TrackPointExtension>
            <ns3:hr>97</ns3:hr>
            <ns3:cad>0</ns3:cad>
          </ns3:TrackPointExtension>
        </extensions>
      </trkpt>
      <trkpt lat="32.28232095949351787567138671875" lon="118.2848769240081310272216796875">
        <ele>147.8000030517578125</ele>
        <time>2026-09-20T07:09:30.000Z</time>
        <extensions>
          <ns3:TrackPointExtension>
            <ns3:hr>99</ns3:hr>
            <ns3:cad>0</ns3:cad>
          </ns3:TrackPointExtension>
        </extensions>
      </trkpt>
      <trkpt lat="32.2823389805853366851806640625" lon="118.284885473549365997314453125">
        <ele>148.600006103515625</ele>
        <time>2026-09-20T07:09:34.000Z</time>
        <extensions>
          <ns3:TrackPointExtension>
            <ns3:hr>102</ns3:hr>
            <ns3:cad>72</ns3:cad>
          </ns3:TrackPointExtension>
        </extensions>
      </trkpt>
      <trkpt lat="32.28234308771789073944091796875" lon="118.28488991595804691314697265625">
        <ele>149</ele>
        <time>2026-09-20T07:09:36.000Z</time>
        <extensions>
          <ns3:TrackPointExtension>
            <ns3:hr>102</ns3:hr>
            <ns3:cad>74</ns3:cad>
          </ns3:TrackPointExtension>
        </extensions>
      </trkpt>
      <trkpt lat="32.28234593756496906280517578125" lon="118.28489209525287151336669921875">
        <ele>149.1999969482421875</ele>
        <time>2026-09-20T07:09:37.000Z</time>
        <extensions>
          <ns3:TrackPointExtension>
            <ns3:hr>101</ns3:hr>
            <ns3:cad>74</ns3:cad>
          </ns3:TrackPointExtension>
        </extensions>
      </trkpt>
      <trkpt lat="32.2823849134147167205810546875" lon="118.28489410690963268280029296875">
        <ele>149.8000030517578125</ele>
        <time>2026-09-20T07:09:46.000Z</time>
        <extensions>
          <ns3:TrackPointExtension>
            <ns3:hr>102</ns3:hr>
            <ns3:cad>0</ns3:cad>
          </ns3:TrackPointExtension>
        </extensions>
      </trkpt>
      <trkpt lat="32.28238734416663646697998046875" lon="118.28489125706255435943603515625">
        <ele>150</ele>
        <time>2026-09-20T07:09:47.000Z</time>
        <extensions>
          <ns3:TrackPointExtension>
            <ns3:hr>102</ns3:hr>
            <ns3:cad>44</ns3:cad>
          </ns3:TrackPointExtension>
        </extensions>
      </trkpt>
      <trkpt lat="32.282408885657787322998046875" lon="118.2848906703293323516845703125">
        <ele>150.8000030517578125</ele>
        <time>2026-09-20T07:09:52.000Z</time>
        <extensions>
          <ns3:TrackPointExtension>
            <ns3:hr>101</ns3:hr>
            <ns3:cad>0</ns3:cad>
          </ns3:TrackPointExtension>
        </extensions>
      </trkpt>
      <trkpt lat="32.28241835720837116241455078125" lon="118.2848916761577129364013671875">
        <ele>151.1999969482421875</ele>
        <time>2026-09-20T07:09:54.000Z</time>
        <extensions>
          <ns3:TrackPointExtension>
            <ns3:hr>101</ns3:hr>
            <ns3:cad>0</ns3:cad>
          </ns3:TrackPointExtension>
        </extensions>
      </trkpt>
      <trkpt lat="32.28243730030953884124755859375" lon="118.284890837967395782470703125">
        <ele>152</ele>
        <time>2026-09-20T07:09:58.000Z</time>
        <extensions>
          <ns3:TrackPointExtension>
            <ns3:hr>102</ns3:hr>
            <ns3:cad>44</ns3:cad>
          </ns3:TrackPointExtension>
        </extensions>
      </trkpt>
      <trkpt lat="32.28244341909885406494140625" lon="118.28489209525287151336669921875">
        <ele>152.399993896484375</ele>
        <time>2026-09-20T07:09:59.000Z</time>
        <extensions>
          <ns3:TrackPointExtension>
            <ns3:hr>102</ns3:hr>
            <ns3:cad>43</ns3:cad>
          </ns3:TrackPointExtension>
        </extensions>
      </trkpt>
      <trkpt lat="32.282456494867801666259765625" lon="118.28491690568625926971435546875">
        <ele>153.1999969482421875</ele>
        <time>2026-09-20T07:10:06.000Z</time>
        <extensions>
          <ns3:TrackPointExtension>
            <ns3:hr>102</ns3:hr>
            <ns3:cad>0</ns3:cad>
          </ns3:TrackPointExtension>
        </extensions>
      </trkpt>
      <trkpt lat="32.2824546508491039276123046875" lon="118.28491975553333759307861328125">
        <ele>153.399993896484375</ele>
        <time>2026-09-20T07:10:08.000Z</time>
        <extensions>
          <ns3:TrackPointExtension>
            <ns3:hr>103</ns3:hr>
            <ns3:cad>0</ns3:cad>
          </ns3:TrackPointExtension>
        </extensions>
      </trkpt>
      <trkpt lat="32.2824566625058650970458984375" lon="118.2849141396582126617431640625">
        <ele>153.399993896484375</ele>
        <time>2026-09-20T07:10:12.000Z</time>
        <extensions>
          <ns3:TrackPointExtension>
            <ns3:hr>100</ns3:hr>
            <ns3:cad>0</ns3:cad>
          </ns3:TrackPointExtension>
        </extensions>
      </trkpt>
      <trkpt lat="32.2824569977819919586181640625" lon="118.2849138043820858001708984375">
        <ele>153.399993896484375</ele>
        <time>2026-09-20T07:10:17.000Z</time>
        <extensions>
          <ns3:TrackPointExtension>
            <ns3:hr>100</ns3:hr>
            <ns3:cad>0</ns3:cad>
          </ns3:TrackPointExtension>
        </extensions>
      </trkpt>
      <trkpt lat="32.28249228559434413909912109375" lon="118.2849319092929363250732421875">
        <ele>154.1999969482421875</ele>
        <time>2026-09-20T07:10:29.000Z</time>
        <extensions>
          <ns3:TrackPointExtension>
            <ns3:hr>100</ns3:hr>
            <ns3:cad>0</ns3:cad>
          </ns3:TrackPointExtension>
        </extensions>
      </trkpt>
      <trkpt lat="32.282492034137248992919921875" lon="118.28493266366422176361083984375">
        <ele>154.399993896484375</ele>
        <time>2026-09-20T07:10:30.000Z</time>
        <extensions>
          <ns3:TrackPointExtension>
            <ns3:hr>99</ns3:hr>
            <ns3:cad>0</ns3:cad>
          </ns3:TrackPointExtension>
        </extensions>
      </trkpt>
      <trkpt lat="32.2825173474848270416259765625" lon="118.28493551351130008697509765625">
        <ele>155.399993896484375</ele>
        <time>2026-09-20T07:10:36.000Z</time>
        <extensions>
          <ns3:TrackPointExtension>
            <ns3:hr>99</ns3:hr>
            <ns3:cad>0</ns3:cad>
          </ns3:TrackPointExtension>
        </extensions>
      </trkpt>
      <trkpt lat="32.2825414873659610748291015625" lon="118.284928388893604278564453125">
        <ele>156.600006103515625</ele>
        <time>2026-09-20T07:10:41.000Z</time>
        <extensions>
          <ns3:TrackPointExtension>
            <ns3:hr>99</ns3:hr>
            <ns3:cad>0</ns3:cad>
          </ns3:TrackPointExtension>
        </extensions>
      </trkpt>
      <trkpt lat="32.2825532220304012298583984375" lon="118.28492864035069942474365234375">
        <ele>157.1999969482421875</ele>
        <time>2026-09-20T07:10:44.000Z</time>
        <extensions>
          <ns3:TrackPointExtension>
            <ns3:hr>101</ns3:hr>
            <ns3:cad>0</ns3:cad>
          </ns3:TrackPointExtension>
        </extensions>
      </trkpt>
      <trkpt lat="32.2825880907475948333740234375" lon="118.2849362678825855255126953125">
        <ele>157.8000030517578125</ele>
        <time>2026-09-20T07:10:48.000Z</time>
        <extensions>
          <ns3:TrackPointExtension>
            <ns3:hr>102</ns3:hr>
            <ns3:cad>50</ns3:cad>
          </ns3:TrackPointExtension>
        </extensions>
      </trkpt>
      <trkpt lat="32.282614409923553466796875" lon="118.28494691289961338043212890625">
        <ele>158.1999969482421875</ele>
        <time>2026-09-20T07:10:51.000Z</time>
        <extensions>
          <ns3:TrackPointExtension>
            <ns3:hr>103</ns3:hr>
            <ns3:cad>47</ns3:cad>
          </ns3:TrackPointExtension>
        </extensions>
      </trkpt>
      <trkpt lat="32.28266310878098011016845703125" lon="118.284959234297275543212890625">
        <ele>158.8000030517578125</ele>
        <time>2026-09-20T07:10:57.000Z</time>
        <extensions>
          <ns3:TrackPointExtension>
            <ns3:hr>104</ns3:hr>
            <ns3:cad>0</ns3:cad>
          </ns3:TrackPointExtension>
        </extensions>
      </trkpt>
      <trkpt lat="32.28270635940134525299072265625" lon="118.28496887348592281341552734375">
        <ele>159.600006103515625</ele>
        <time>2026-09-20T07:11:04.000Z</time>
        <extensions>
          <ns3:TrackPointExtension>
            <ns3:hr>105</ns3:hr>
            <ns3:cad>77</ns3:cad>
          </ns3:TrackPointExtension>
        </extensions>
      </trkpt>
      <trkpt lat="32.2827208600938320159912109375" lon="118.284969963133335113525390625">
        <ele>160</ele>
        <time>2026-09-20T07:11:06.000Z</time>
        <extensions>
          <ns3:TrackPointExtension>
            <ns3:hr>105</ns3:hr>
            <ns3:cad>0</ns3:cad>
          </ns3:TrackPointExtension>
        </extensions>
      </trkpt>
      <trkpt lat="32.2827560640871524810791015625" lon="118.2849763333797454833984375">
        <ele>161</ele>
        <time>2026-09-20T07:11:13.000Z</time>
        <extensions>
          <ns3:TrackPointExtension>
            <ns3:hr>105</ns3:hr>
            <ns3:cad>0</ns3:cad>
          </ns3:TrackPointExtension>
        </extensions>
      </trkpt>
      <trkpt lat="32.28282563388347625732421875" lon="118.284990079700946807861328125">
        <ele>161.600006103515625</ele>
        <time>2026-09-20T07:11:21.000Z</time>
        <extensions>
          <ns3:TrackPointExtension>
            <ns3:hr>107</ns3:hr>
            <ns3:cad>0</ns3:cad>
          </ns3:TrackPointExtension>
        </extensions>
      </trkpt>
      <trkpt lat="32.2828693874180316925048828125" lon="118.285002820193767547607421875">
        <ele>162</ele>
        <time>2026-09-20T07:11:27.000Z</time>
        <extensions>
          <ns3:TrackPointExtension>
            <ns3:hr>108</ns3:hr>
            <ns3:cad>41</ns3:cad>
          </ns3:TrackPointExtension>
        </extensions>
      </trkpt>
      <trkpt lat="32.28287181816995143890380859375" lon="118.28501296229660511016845703125">
        <ele>162.1999969482421875</ele>
        <time>2026-09-20T07:11:30.000Z</time>
        <extensions>
          <ns3:TrackPointExtension>
            <ns3:hr>107</ns3:hr>
            <ns3:cad>0</ns3:cad>
          </ns3:TrackPointExtension>
        </extensions>
      </trkpt>
      <trkpt lat="32.28285924531519412994384765625" lon="118.28503374941647052764892578125">
        <ele>162.1999969482421875</ele>
        <time>2026-09-20T07:11:36.000Z</time>
        <extensions>
          <ns3:TrackPointExtension>
            <ns3:hr>105</ns3:hr>
            <ns3:cad>0</ns3:cad>
          </ns3:TrackPointExtension>
        </extensions>
      </trkpt>
      <trkpt lat="32.2828408889472484588623046875" lon="118.28504296950995922088623046875">
        <ele>162.1999969482421875</ele>
        <time>2026-09-20T07:11:41.000Z</time>
        <extensions>
          <ns3:TrackPointExtension>
            <ns3:hr>102</ns3:hr>
            <ns3:cad>0</ns3:cad>
          </ns3:TrackPointExtension>
        </extensions>
      </trkpt>
      <trkpt lat="32.282834351062774658203125" lon="118.28505068086087703704833984375">
        <ele>162.1999969482421875</ele>
        <time>2026-09-20T07:11:44.000Z</time>
        <extensions>
          <ns3:TrackPointExtension>
            <ns3:hr>99</ns3:hr>
            <ns3:cad>0</ns3:cad>
          </ns3:TrackPointExtension>
        </extensions>
      </trkpt>
      <trkpt lat="32.28283368051052093505859375" lon="118.2850541174411773681640625">
        <ele>162.1999969482421875</ele>
        <time>2026-09-20T07:11:47.000Z</time>
        <extensions>
          <ns3:TrackPointExtension>
            <ns3:hr>97</ns3:hr>
            <ns3:cad>0</ns3:cad>
          </ns3:TrackPointExtension>
        </extensions>
      </trkpt>
      <trkpt lat="32.28283636271953582763671875" lon="118.28504749573767185211181640625">
        <ele>162.1999969482421875</ele>
        <time>2026-09-20T07:11:49.000Z</time>
        <extensions>
          <ns3:TrackPointExtension>
            <ns3:hr>94</ns3:hr>
            <ns3:cad>0</ns3:cad>
          </ns3:TrackPointExtension>
        </extensions>
      </trkpt>
      <trkpt lat="32.2828358598053455352783203125" lon="118.28504280187189579010009765625">
        <ele>162.1999969482421875</ele>
        <time>2026-09-20T07:11:51.000Z</time>
        <extensions>
          <ns3:TrackPointExtension>
            <ns3:hr>91</ns3:hr>
            <ns3:cad>0</ns3:cad>
          </ns3:TrackPointExtension>
        </extensions>
      </trkpt>
      <trkpt lat="32.2828422300517559051513671875" lon="118.2850308157503604888916015625">
        <ele>162</ele>
        <time>2026-09-20T07:11:59.000Z</time>
        <extensions>
          <ns3:TrackPointExtension>
            <ns3:hr>92</ns3:hr>
            <ns3:cad>0</ns3:cad>
          </ns3:TrackPointExtension>
        </extensions>
      </trkpt>
      <trkpt lat="32.28284549899399280548095703125" lon="118.2850244455039501190185546875">
        <ele>162</ele>
        <time>2026-09-20T07:12:02.000Z</time>
        <extensions>
          <ns3:TrackPointExtension>
            <ns3:hr>89</ns3:hr>
            <ns3:cad>0</ns3:cad>
          </ns3:TrackPointExtension>
        </extensions>
      </trkpt>
      <trkpt lat="32.2828356921672821044921875" lon="118.2850165665149688720703125">
        <ele>162</ele>
        <time>2026-09-20T07:12:18.000Z</time>
        <extensions>
          <ns3:TrackPointExtension>
            <ns3:hr>92</ns3:hr>
            <ns3:cad>0</ns3:cad>
          </ns3:TrackPointExtension>
        </extensions>
      </trkpt>
      <trkpt lat="32.2828499414026737213134765625" lon="118.28500893898308277130126953125">
        <ele>161.8000030517578125</ele>
        <time>2026-09-20T07:12:28.000Z</time>
        <extensions>
          <ns3:TrackPointExtension>
            <ns3:hr>89</ns3:hr>
            <ns3:cad>0</ns3:cad>
          </ns3:TrackPointExtension>
        </extensions>
      </trkpt>
      <trkpt lat="32.28283703327178955078125" lon="118.28500558622181415557861328125">
        <ele>161.8000030517578125</ele>
        <time>2026-09-20T07:12:37.000Z</time>
        <extensions>
          <ns3:TrackPointExtension>
            <ns3:hr>88</ns3:hr>
            <ns3:cad>0</ns3:cad>
          </ns3:TrackPointExtension>
        </extensions>
      </trkpt>
      <trkpt lat="32.28283426724374294281005859375" lon="118.28500189818441867828369140625">
        <ele>161.8000030517578125</ele>
        <time>2026-09-20T07:12:43.000Z</time>
        <extensions>
          <ns3:TrackPointExtension>
            <ns3:hr>84</ns3:hr>
            <ns3:cad>0</ns3:cad>
          </ns3:TrackPointExtension>
        </extensions>
      </trkpt>
      <trkpt lat="32.28286192752420902252197265625" lon="118.28499552793800830841064453125">
        <ele>161.600006103515625</ele>
        <time>2026-09-20T07:12:47.000Z</time>
        <extensions>
          <ns3:TrackPointExtension>
            <ns3:hr>81</ns3:hr>
            <ns3:cad>0</ns3:cad>
          </ns3:TrackPointExtension>
        </extensions>
      </trkpt>
      <trkpt lat="32.28286779485642910003662109375" lon="118.28499971888959407806396484375">
        <ele>161.600006103515625</ele>
        <time>2026-09-20T07:12:50.000Z</time>
        <extensions>
          <ns3:TrackPointExtension>
            <ns3:hr>83</ns3:hr>
            <ns3:cad>0</ns3:cad>
          </ns3:TrackPointExtension>
        </extensions>
      </trkpt>
      <trkpt lat="32.28288455866277217864990234375" lon="118.28502117656171321868896484375">
        <ele>161.8000030517578125</ele>
        <time>2026-09-20T07:13:03.000Z</time>
        <extensions>
          <ns3:TrackPointExtension>
            <ns3:hr>84</ns3:hr>
            <ns3:cad>0</ns3:cad>
          </ns3:TrackPointExtension>
        </extensions>
      </trkpt>
      <trkpt lat="32.2829156555235385894775390625" lon="118.285048417747020721435546875">
        <ele>162.1999969482421875</ele>
        <time>2026-09-20T07:13:09.000Z</time>
        <extensions>
          <ns3:TrackPointExtension>
            <ns3:hr>82</ns3:hr>
            <ns3:cad>41</ns3:cad>
          </ns3:TrackPointExtension>
        </extensions>
      </trkpt>
      <trkpt lat="32.2829273901879787445068359375" lon="118.28508563339710235595703125">
        <ele>162.399993896484375</ele>
        <time>2026-09-20T07:13:16.000Z</time>
        <extensions>
          <ns3:TrackPointExtension>
            <ns3:hr>84</ns3:hr>
            <ns3:cad>0</ns3:cad>
          </ns3:TrackPointExtension>
        </extensions>
      </trkpt>
      <trkpt lat="32.28291171602904796600341796875" lon="118.285077922046184539794921875">
        <ele>162.399993896484375</ele>
        <time>2026-09-20T07:13:23.000Z</time>
        <extensions>
          <ns3:TrackPointExtension>
            <ns3:hr>87</ns3:hr>
            <ns3:cad>0</ns3:cad>
          </ns3:TrackPointExtension>
        </extensions>
      </trkpt>
      <trkpt lat="32.2829102911055088043212890625" lon="118.28507398255169391632080078125">
        <ele>162.399993896484375</ele>
        <time>2026-09-20T07:13:24.000Z</time>
        <extensions>
          <ns3:TrackPointExtension>
            <ns3:hr>87</ns3:hr>
            <ns3:cad>0</ns3:cad>
          </ns3:TrackPointExtension>
        </extensions>
      </trkpt>
      <trkpt lat="32.2828960418701171875" lon="118.28506660647690296173095703125">
        <ele>162.399993896484375</ele>
        <time>2026-09-20T07:13:33.000Z</time>
        <extensions>
          <ns3:TrackPointExtension>
            <ns3:hr>88</ns3:hr>
            <ns3:cad>0</ns3:cad>
          </ns3:TrackPointExtension>
        </extensions>
      </trkpt>
      <trkpt lat="32.28290165774524211883544921875" lon="118.2850150577723979949951171875">
        <ele>162.1999969482421875</ele>
        <time>2026-09-20T07:13:39.000Z</time>
        <extensions>
          <ns3:TrackPointExtension>
            <ns3:hr>89</ns3:hr>
            <ns3:cad>0</ns3:cad>
          </ns3:TrackPointExtension>
        </extensions>
      </trkpt>
      <trkpt lat="32.2829159907996654510498046875" lon="118.28500575385987758636474609375">
        <ele>162.1999969482421875</ele>
        <time>2026-09-20T07:13:45.000Z</time>
        <extensions>
          <ns3:TrackPointExtension>
            <ns3:hr>90</ns3:hr>
            <ns3:cad>0</ns3:cad>
          </ns3:TrackPointExtension>
        </extensions>
      </trkpt>
      <trkpt lat="32.28291071020066738128662109375" lon="118.2850073464214801788330078125">
        <ele>162.399993896484375</ele>
        <time>2026-09-20T07:13:52.000Z</time>
        <extensions>
          <ns3:TrackPointExtension>
            <ns3:hr>92</ns3:hr>
            <ns3:cad>0</ns3:cad>
          </ns3:TrackPointExtension>
        </extensions>
      </trkpt>
      <trkpt lat="32.282917499542236328125" lon="118.28501245938241481781005859375">
        <ele>162.1999969482421875</ele>
        <time>2026-09-20T07:14:00.000Z</time>
        <extensions>
          <ns3:TrackPointExtension>
            <ns3:hr>90</ns3:hr>
            <ns3:cad>0</ns3:cad>
          </ns3:TrackPointExtension>
        </extensions>
      </trkpt>
      <trkpt lat="32.2829448245465755462646484375" lon="118.28500776551663875579833984375">
        <ele>161.8000030517578125</ele>
        <time>2026-09-20T07:14:10.000Z</time>
        <extensions>
          <ns3:TrackPointExtension>
            <ns3:hr>89</ns3:hr>
            <ns3:cad>0</ns3:cad>
          </ns3:TrackPointExtension>
        </extensions>
      </trkpt>
      <trkpt lat="32.28296083398163318634033203125" lon="118.28499083407223224639892578125">
        <ele>161.600006103515625</ele>
        <time>2026-09-20T07:14:20.000Z</time>
        <extensions>
          <ns3:TrackPointExtension>
            <ns3:hr>88</ns3:hr>
            <ns3:cad>0</ns3:cad>
          </ns3:TrackPointExtension>
        </extensions>
      </trkpt>
      <trkpt lat="32.2829644381999969482421875" lon="118.28497909940779209136962890625">
        <ele>161.600006103515625</ele>
        <time>2026-09-20T07:14:27.000Z</time>
        <extensions>
          <ns3:TrackPointExtension>
            <ns3:hr>85</ns3:hr>
            <ns3:cad>0</ns3:cad>
          </ns3:TrackPointExtension>
        </extensions>
      </trkpt>
      <trkpt lat="32.2829689644277095794677734375" lon="118.2849744893610477447509765625">
        <ele>161.600006103515625</ele>
        <time>2026-09-20T07:14:29.000Z</time>
        <extensions>
          <ns3:TrackPointExtension>
            <ns3:hr>85</ns3:hr>
            <ns3:cad>0</ns3:cad>
          </ns3:TrackPointExtension>
        </extensions>
      </trkpt>
      <trkpt lat="32.2829582355916500091552734375" lon="118.2850076816976070404052734375">
        <ele>161.399993896484375</ele>
        <time>2026-09-20T07:14:40.000Z</time>
        <extensions>
          <ns3:TrackPointExtension>
            <ns3:hr>87</ns3:hr>
            <ns3:cad>0</ns3:cad>
          </ns3:TrackPointExtension>
        </extensions>
      </trkpt>
      <trkpt lat="32.28295077569782733917236328125" lon="118.2850234396755695343017578125">
        <ele>161.399993896484375</ele>
        <time>2026-09-20T07:14:45.000Z</time>
        <extensions>
          <ns3:TrackPointExtension>
            <ns3:hr>84</ns3:hr>
            <ns3:cad>0</ns3:cad>
          </ns3:TrackPointExtension>
        </extensions>
      </trkpt>
      <trkpt lat="32.28294876404106616973876953125" lon="118.28502796590328216552734375">
        <ele>161.399993896484375</ele>
        <time>2026-09-20T07:14:50.000Z</time>
        <extensions>
          <ns3:TrackPointExtension>
            <ns3:hr>83</ns3:hr>
            <ns3:cad>0</ns3:cad>
          </ns3:TrackPointExtension>
        </extensions>
      </trkpt>
      <trkpt lat="32.28295194916427135467529296875" lon="118.285032324492931365966796875">
        <ele>161.399993896484375</ele>
        <time>2026-09-20T07:14:53.000Z</time>
        <extensions>
          <ns3:TrackPointExtension>
            <ns3:hr>86</ns3:hr>
            <ns3:cad>0</ns3:cad>
          </ns3:TrackPointExtension>
        </extensions>
      </trkpt>
      <trkpt lat="32.28295278735458850860595703125" lon="118.28504028730094432830810546875">
        <ele>161.399993896484375</ele>
        <time>2026-09-20T07:14:56.000Z</time>
        <extensions>
          <ns3:TrackPointExtension>
            <ns3:hr>89</ns3:hr>
            <ns3:cad>0</ns3:cad>
          </ns3:TrackPointExtension>
        </extensions>
      </trkpt>
      <trkpt lat="32.282960079610347747802734375" lon="118.28504129312932491302490234375">
        <ele>161.399993896484375</ele>
        <time>2026-09-20T07:15:01.000Z</time>
        <extensions>
          <ns3:TrackPointExtension>
            <ns3:hr>91</ns3:hr>
            <ns3:cad>0</ns3:cad>
          </ns3:TrackPointExtension>
        </extensions>
      </trkpt>
      <trkpt lat="32.2829568944871425628662109375" lon="118.28504011966288089752197265625">
        <ele>161.399993896484375</ele>
        <time>2026-09-20T07:15:11.000Z</time>
        <extensions>
          <ns3:TrackPointExtension>
            <ns3:hr>90</ns3:hr>
            <ns3:cad>0</ns3:cad>
          </ns3:TrackPointExtension>
        </extensions>
      </trkpt>
      <trkpt lat="32.28295865468680858612060546875" lon="118.28503609634935855865478515625">
        <ele>161.399993896484375</ele>
        <time>2026-09-20T07:15:19.000Z</time>
        <extensions>
          <ns3:TrackPointExtension>
            <ns3:hr>87</ns3:hr>
            <ns3:cad>0</ns3:cad>
          </ns3:TrackPointExtension>
        </extensions>
      </trkpt>
      <trkpt lat="32.28295898996293544769287109375" lon="118.28503492288291454315185546875">
        <ele>161.399993896484375</ele>
        <time>2026-09-20T07:15:23.000Z</time>
        <extensions>
          <ns3:TrackPointExtension>
            <ns3:hr>87</ns3:hr>
            <ns3:cad>0</ns3:cad>
          </ns3:TrackPointExtension>
        </extensions>
      </trkpt>
      <trkpt lat="32.28295748122036457061767578125" lon="118.28503064811229705810546875">
        <ele>161.1999969482421875</ele>
        <time>2026-09-20T07:15:28.000Z</time>
        <extensions>
          <ns3:TrackPointExtension>
            <ns3:hr>90</ns3:hr>
            <ns3:cad>0</ns3:cad>
          </ns3:TrackPointExtension>
        </extensions>
      </trkpt>
      <trkpt lat="32.282955385744571685791015625" lon="118.28503291122615337371826171875">
        <ele>161.1999969482421875</ele>
        <time>2026-09-20T07:15:36.000Z</time>
        <extensions>
          <ns3:TrackPointExtension>
            <ns3:hr>91</ns3:hr>
            <ns3:cad>0</ns3:cad>
          </ns3:TrackPointExtension>
        </extensions>
      </trkpt>
      <trkpt lat="32.282951362431049346923828125" lon="118.28503643162548542022705078125">
        <ele>161.1999969482421875</ele>
        <time>2026-09-20T07:15:44.000Z</time>
        <extensions>
          <ns3:TrackPointExtension>
            <ns3:hr>91</ns3:hr>
            <ns3:cad>0</ns3:cad>
          </ns3:TrackPointExtension>
        </extensions>
      </trkpt>
      <trkpt lat="32.2829454950988292694091796875" lon="118.28504028730094432830810546875">
        <ele>161</ele>
        <time>2026-09-20T07:15:49.000Z</time>
        <extensions>
          <ns3:TrackPointExtension>
            <ns3:hr>92</ns3:hr>
            <ns3:cad>0</ns3:cad>
          </ns3:TrackPointExtension>
        </extensions>
      </trkpt>
      <trkpt lat="32.28294339962303638458251953125" lon="118.28503425233066082000732421875">
        <ele>161</ele>
        <time>2026-09-20T07:16:02.000Z</time>
        <extensions>
          <ns3:TrackPointExtension>
            <ns3:hr>92</ns3:hr>
            <ns3:cad>0</ns3:cad>
          </ns3:TrackPointExtension>
        </extensions>
      </trkpt>
      <trkpt lat="32.28294759057462215423583984375" lon="118.2850294746458530426025390625">
        <ele>161</ele>
        <time>2026-09-20T07:16:10.000Z</time>
        <extensions>
          <ns3:TrackPointExtension>
            <ns3:hr>89</ns3:hr>
            <ns3:cad>0</ns3:cad>
          </ns3:TrackPointExtension>
        </extensions>
      </trkpt>
      <trkpt lat="32.28294775821268558502197265625" lon="118.2850272953510284423828125">
        <ele>161</ele>
        <time>2026-09-20T07:16:12.000Z</time>
        <extensions>
          <ns3:TrackPointExtension>
            <ns3:hr>89</ns3:hr>
            <ns3:cad>0</ns3:cad>
          </ns3:TrackPointExtension>
        </extensions>
      </trkpt>
      <trkpt lat="32.282946668565273284912109375" lon="118.285026960074901580810546875">
        <ele>161</ele>
        <time>2026-09-20T07:16:20.000Z</time>
        <extensions>
          <ns3:TrackPointExtension>
            <ns3:hr>86</ns3:hr>
            <ns3:cad>0</ns3:cad>
          </ns3:TrackPointExtension>
        </extensions>
      </trkpt>
      <trkpt lat="32.28294809348881244659423828125" lon="118.285027630627155303955078125">
        <ele>161</ele>
        <time>2026-09-20T07:16:23.000Z</time>
        <extensions>
          <ns3:TrackPointExtension>
            <ns3:hr>86</ns3:hr>
            <ns3:cad>0</ns3:cad>
          </ns3:TrackPointExtension>
        </extensions>
      </trkpt>
      <trkpt lat="32.28294859640300273895263671875" lon="118.28502989374101161956787109375">
        <ele>161</ele>
        <time>2026-09-20T07:16:36.000Z</time>
        <extensions>
          <ns3:TrackPointExtension>
            <ns3:hr>87</ns3:hr>
            <ns3:cad>0</ns3:cad>
          </ns3:TrackPointExtension>
        </extensions>
      </trkpt>
      <trkpt lat="32.282943315804004669189453125" lon="118.28502126038074493408203125">
        <ele>160.8000030517578125</ele>
        <time>2026-09-20T07:16:47.000Z</time>
        <extensions>
          <ns3:TrackPointExtension>
            <ns3:hr>85</ns3:hr>
            <ns3:cad>0</ns3:cad>
          </ns3:TrackPointExtension>
        </extensions>
      </trkpt>
      <trkpt lat="32.28294004686176776885986328125" lon="118.285008184611797332763671875">
        <ele>160.8000030517578125</ele>
        <time>2026-09-20T07:16:56.000Z</time>
        <extensions>
          <ns3:TrackPointExtension>
            <ns3:hr>82</ns3:hr>
            <ns3:cad>0</ns3:cad>
          </ns3:TrackPointExtension>
        </extensions>
      </trkpt>
      <trkpt lat="32.2829401306807994842529296875" lon="118.285007514059543609619140625">
        <ele>160.8000030517578125</ele>
        <time>2026-09-20T07:16:58.000Z</time>
        <extensions>
          <ns3:TrackPointExtension>
            <ns3:hr>81</ns3:hr>
            <ns3:cad>0</ns3:cad>
          </ns3:TrackPointExtension>
        </extensions>
      </trkpt>
      <trkpt lat="32.28293954394757747650146484375" lon="118.28500089235603809356689453125">
        <ele>160.8000030517578125</ele>
        <time>2026-09-20T07:17:11.000Z</time>
        <extensions>
          <ns3:TrackPointExtension>
            <ns3:hr>81</ns3:hr>
            <ns3:cad>0</ns3:cad>
          </ns3:TrackPointExtension>
        </extensions>
      </trkpt>
      <trkpt lat="32.2829394601285457611083984375" lon="118.28499720431864261627197265625">
        <ele>160.600006103515625</ele>
        <time>2026-09-20T07:17:23.000Z</time>
        <extensions>
          <ns3:TrackPointExtension>
            <ns3:hr>79</ns3:hr>
            <ns3:cad>0</ns3:cad>
          </ns3:TrackPointExtension>
        </extensions>
      </trkpt>
      <trkpt lat="32.2829384543001651763916015625" lon="118.28499980270862579345703125">
        <ele>160.600006103515625</ele>
        <time>2026-09-20T07:17:27.000Z</time>
        <extensions>
          <ns3:TrackPointExtension>
            <ns3:hr>76</ns3:hr>
            <ns3:cad>0</ns3:cad>
          </ns3:TrackPointExtension>
        </extensions>
      </trkpt>
      <trkpt lat="32.282941639423370361328125" lon="118.28500156290829181671142578125">
        <ele>160.600006103515625</ele>
        <time>2026-09-20T07:17:38.000Z</time>
        <extensions>
          <ns3:TrackPointExtension>
            <ns3:hr>74</ns3:hr>
            <ns3:cad>0</ns3:cad>
          </ns3:TrackPointExtension>
        </extensions>
      </trkpt>
      <trkpt lat="32.2829451598227024078369140625" lon="118.2849976234138011932373046875">
        <ele>160.600006103515625</ele>
        <time>2026-09-20T07:17:52.000Z</time>
        <extensions>
          <ns3:TrackPointExtension>
            <ns3:hr>74</ns3:hr>
            <ns3:cad>0</ns3:cad>
          </ns3:TrackPointExtension>
        </extensions>
      </trkpt>
      <trkpt lat="32.282945998013019561767578125" lon="118.28501832671463489532470703125">
        <ele>160.600006103515625</ele>
        <time>2026-09-20T07:18:06.000Z</time>
        <extensions>
          <ns3:TrackPointExtension>
            <ns3:hr>74</ns3:hr>
            <ns3:cad>0</ns3:cad>
          </ns3:TrackPointExtension>
        </extensions>
      </trkpt>
      <trkpt lat="32.28294574655592441558837890625" lon="118.28503157012164592742919921875">
        <ele>160.600006103515625</ele>
        <time>2026-09-20T07:18:18.000Z</time>
        <extensions>
          <ns3:TrackPointExtension>
            <ns3:hr>75</ns3:hr>
            <ns3:cad>0</ns3:cad>
          </ns3:TrackPointExtension>
        </extensions>
      </trkpt>
      <trkpt lat="32.282946668565273284912109375" lon="118.28503911383450031280517578125">
        <ele>160.600006103515625</ele>
        <time>2026-09-20T07:18:29.000Z</time>
        <extensions>
          <ns3:TrackPointExtension>
            <ns3:hr>74</ns3:hr>
            <ns3:cad>0</ns3:cad>
          </ns3:TrackPointExtension>
        </extensions>
      </trkpt>
      <trkpt lat="32.2829478420317173004150390625" lon="118.28504129312932491302490234375">
        <ele>160.600006103515625</ele>
        <time>2026-09-20T07:18:42.000Z</time>
        <extensions>
          <ns3:TrackPointExtension>
            <ns3:hr>74</ns3:hr>
            <ns3:cad>0</ns3:cad>
          </ns3:TrackPointExtension>
        </extensions>
      </trkpt>
      <trkpt lat="32.28293359279632568359375" lon="118.28502285294234752655029296875">
        <ele>160.8000030517578125</ele>
        <time>2026-09-20T07:18:51.000Z</time>
        <extensions>
          <ns3:TrackPointExtension>
            <ns3:hr>75</ns3:hr>
            <ns3:cad>0</ns3:cad>
          </ns3:TrackPointExtension>
        </extensions>
      </trkpt>
      <trkpt lat="32.282934598624706268310546875" lon="118.28502620570361614227294921875">
        <ele>160.600006103515625</ele>
        <time>2026-09-20T07:19:01.000Z</time>
        <extensions>
          <ns3:TrackPointExtension>
            <ns3:hr>75</ns3:hr>
            <ns3:cad>0</ns3:cad>
          </ns3:TrackPointExtension>
        </extensions>
      </trkpt>
      <trkpt lat="32.282935939729213714599609375" lon="118.28502503223717212677001953125">
        <ele>160.8000030517578125</ele>
        <time>2026-09-20T07:19:11.000Z</time>
        <extensions>
          <ns3:TrackPointExtension>
            <ns3:hr>74</ns3:hr>
            <ns3:cad>0</ns3:cad>
          </ns3:TrackPointExtension>
        </extensions>
      </trkpt>
      <trkpt lat="32.28293082676827907562255859375" lon="118.285011537373065948486328125">
        <ele>160.8000030517578125</ele>
        <time>2026-09-20T07:19:15.000Z</time>
        <extensions>
          <ns3:TrackPointExtension>
            <ns3:hr>77</ns3:hr>
            <ns3:cad>0</ns3:cad>
          </ns3:TrackPointExtension>
        </extensions>
      </trkpt>
      <trkpt lat="32.2829320840537548065185546875" lon="118.28500994481146335601806640625">
        <ele>160.600006103515625</ele>
        <time>2026-09-20T07:19:25.000Z</time>
        <extensions>
          <ns3:TrackPointExtension>
            <ns3:hr>76</ns3:hr>
            <ns3:cad>0</ns3:cad>
          </ns3:TrackPointExtension>
        </extensions>
      </trkpt>
      <trkpt lat="32.28293350897729396820068359375" lon="118.285010866820812225341796875">
        <ele>160.600006103515625</ele>
        <time>2026-09-20T07:19:28.000Z</time>
        <extensions>
          <ns3:TrackPointExtension>
            <ns3:hr>73</ns3:hr>
            <ns3:cad>0</ns3:cad>
          </ns3:TrackPointExtension>
        </extensions>
      </trkpt>
      <trkpt lat="32.28293837048113346099853515625" lon="118.28500390984117984771728515625">
        <ele>160.600006103515625</ele>
        <time>2026-09-20T07:19:37.000Z</time>
        <extensions>
          <ns3:TrackPointExtension>
            <ns3:hr>74</ns3:hr>
            <ns3:cad>0</ns3:cad>
          </ns3:TrackPointExtension>
        </extensions>
      </trkpt>
      <trkpt lat="32.2829384543001651763916015625" lon="118.2850029878318309783935546875">
        <ele>160.600006103515625</ele>
        <time>2026-09-20T07:19:39.000Z</time>
        <extensions>
          <ns3:TrackPointExtension>
            <ns3:hr>77</ns3:hr>
            <ns3:cad>0</ns3:cad>
          </ns3:TrackPointExtension>
        </extensions>
      </trkpt>
      <trkpt lat="32.282936610281467437744140625" lon="118.285010196268558502197265625">
        <ele>160.600006103515625</ele>
        <time>2026-09-20T07:19:45.000Z</time>
        <extensions>
          <ns3:TrackPointExtension>
            <ns3:hr>74</ns3:hr>
            <ns3:cad>0</ns3:cad>
          </ns3:TrackPointExtension>
        </extensions>
      </trkpt>
      <trkpt lat="32.282936610281467437744140625" lon="118.285010196268558502197265625">
        <ele>160.600006103515625</ele>
        <time>2026-09-20T07:19:51.000Z</time>
        <extensions>
          <ns3:TrackPointExtension>
            <ns3:hr>73</ns3:hr>
            <ns3:cad>0</ns3:cad>
          </ns3:TrackPointExtension>
        </extensions>
      </trkpt>
      <trkpt lat="32.28292831219732761383056640625" lon="118.2850093580782413482666015625">
        <ele>160.600006103515625</ele>
        <time>2026-09-20T07:19:57.000Z</time>
        <extensions>
          <ns3:TrackPointExtension>
            <ns3:hr>72</ns3:hr>
            <ns3:cad>0</ns3:cad>
          </ns3:TrackPointExtension>
        </extensions>
      </trkpt>
      <trkpt lat="32.2829280607402324676513671875" lon="118.2850073464214801788330078125">
        <ele>160.1999969482421875</ele>
        <time>2026-09-20T07:20:02.000Z</time>
        <extensions>
          <ns3:TrackPointExtension>
            <ns3:hr>75</ns3:hr>
            <ns3:cad>0</ns3:cad>
          </ns3:TrackPointExtension>
        </extensions>
      </trkpt>
      <trkpt lat="32.282931916415691375732421875" lon="118.285008184611797332763671875">
        <ele>160.399993896484375</ele>
        <time>2026-09-20T07:20:06.000Z</time>
        <extensions>
          <ns3:TrackPointExtension>
            <ns3:hr>77</ns3:hr>
            <ns3:cad>0</ns3:cad>
          </ns3:TrackPointExtension>
        </extensions>
      </trkpt>
      <trkpt lat="32.282947003841400146484375" lon="118.28502486459910869598388671875">
        <ele>160.600006103515625</ele>
        <time>2026-09-20T07:20:14.000Z</time>
        <extensions>
          <ns3:TrackPointExtension>
            <ns3:hr>77</ns3:hr>
            <ns3:cad>0</ns3:cad>
          </ns3:TrackPointExtension>
        </extensions>
      </trkpt>
      <trkpt lat="32.2829418070614337921142578125" lon="118.28503006137907505035400390625">
        <ele>161.1999969482421875</ele>
        <time>2026-09-20T07:20:21.000Z</time>
        <extensions>
          <ns3:TrackPointExtension>
            <ns3:hr>80</ns3:hr>
            <ns3:cad>0</ns3:cad>
          </ns3:TrackPointExtension>
        </extensions>
      </trkpt>
      <trkpt lat="32.2829448245465755462646484375" lon="118.28503006137907505035400390625">
        <ele>161.1999969482421875</ele>
        <time>2026-09-20T07:20:23.000Z</time>
        <extensions>
          <ns3:TrackPointExtension>
            <ns3:hr>83</ns3:hr>
            <ns3:cad>0</ns3:cad>
          </ns3:TrackPointExtension>
        </extensions>
      </trkpt>
      <trkpt lat="32.28295379318296909332275390625" lon="118.28502704389393329620361328125">
        <ele>160.8000030517578125</ele>
        <time>2026-09-20T07:20:31.000Z</time>
        <extensions>
          <ns3:TrackPointExtension>
            <ns3:hr>86</ns3:hr>
            <ns3:cad>0</ns3:cad>
          </ns3:TrackPointExtension>
        </extensions>
      </trkpt>
      <trkpt lat="32.28295513428747653961181640625" lon="118.28502519987523555755615234375">
        <ele>160.8000030517578125</ele>
        <time>2026-09-20T07:20:32.000Z</time>
        <extensions>
          <ns3:TrackPointExtension>
            <ns3:hr>86</ns3:hr>
            <ns3:cad>0</ns3:cad>
          </ns3:TrackPointExtension>
        </extensions>
      </trkpt>
      <trkpt lat="32.282936275005340576171875" lon="118.2850351743400096893310546875">
        <ele>161</ele>
        <time>2026-09-20T07:20:40.000Z</time>
        <extensions>
          <ns3:TrackPointExtension>
            <ns3:hr>88</ns3:hr>
            <ns3:cad>0</ns3:cad>
          </ns3:TrackPointExtension>
        </extensions>
      </trkpt>
      <trkpt lat="32.282913140952587127685546875" lon="118.28507917933166027069091796875">
        <ele>160.8000030517578125</ele>
        <time>2026-09-20T07:20:48.000Z</time>
        <extensions>
          <ns3:TrackPointExtension>
            <ns3:hr>88</ns3:hr>
            <ns3:cad>0</ns3:cad>
          </ns3:TrackPointExtension>
        </extensions>
      </trkpt>
      <trkpt lat="32.2829136438667774200439453125" lon="118.28508831560611724853515625">
        <ele>160.8000030517578125</ele>
        <time>2026-09-20T07:20:49.000Z</time>
        <extensions>
          <ns3:TrackPointExtension>
            <ns3:hr>91</ns3:hr>
            <ns3:cad>40</ns3:cad>
          </ns3:TrackPointExtension>
        </extensions>
      </trkpt>
      <trkpt lat="32.2829134762287139892578125" lon="118.2851099409162998199462890625">
        <ele>161</ele>
        <time>2026-09-20T07:20:52.000Z</time>
        <extensions>
          <ns3:TrackPointExtension>
            <ns3:hr>94</ns3:hr>
            <ns3:cad>0</ns3:cad>
          </ns3:TrackPointExtension>
        </extensions>
      </trkpt>
      <trkpt lat="32.28291506879031658172607421875" lon="118.28511890955269336700439453125">
        <ele>161.1999969482421875</ele>
        <time>2026-09-20T07:20:54.000Z</time>
        <extensions>
          <ns3:TrackPointExtension>
            <ns3:hr>93</ns3:hr>
            <ns3:cad>0</ns3:cad>
          </ns3:TrackPointExtension>
        </extensions>
      </trkpt>
      <trkpt lat="32.282929904758930206298828125" lon="118.28514154069125652313232421875">
        <ele>160</ele>
        <time>2026-09-20T07:21:02.000Z</time>
        <extensions>
          <ns3:TrackPointExtension>
            <ns3:hr>92</ns3:hr>
            <ns3:cad>41</ns3:cad>
          </ns3:TrackPointExtension>
        </extensions>
      </trkpt>
      <trkpt lat="32.28293451480567455291748046875" lon="118.285150341689586639404296875">
        <ele>159.600006103515625</ele>
        <time>2026-09-20T07:21:03.000Z</time>
        <extensions>
          <ns3:TrackPointExtension>
            <ns3:hr>92</ns3:hr>
            <ns3:cad>41</ns3:cad>
          </ns3:TrackPointExtension>
        </extensions>
      </trkpt>
      <trkpt lat="32.28295161388814449310302734375" lon="118.28517138026654720306396484375">
        <ele>158.8000030517578125</ele>
        <time>2026-09-20T07:21:06.000Z</time>
        <extensions>
          <ns3:TrackPointExtension>
            <ns3:hr>95</ns3:hr>
            <ns3:cad>41</ns3:cad>
          </ns3:TrackPointExtension>
        </extensions>
      </trkpt>
      <trkpt lat="32.28297122754156589508056640625" lon="118.28519434668123722076416015625">
        <ele>158.600006103515625</ele>
        <time>2026-09-20T07:21:09.000Z</time>
        <extensions>
          <ns3:TrackPointExtension>
            <ns3:hr>98</ns3:hr>
            <ns3:cad>55</ns3:cad>
          </ns3:TrackPointExtension>
        </extensions>
      </trkpt>
      <trkpt lat="32.282991595566272735595703125" lon="118.2852189056575298309326171875">
        <ele>158.399993896484375</ele>
        <time>2026-09-20T07:21:12.000Z</time>
        <extensions>
          <ns3:TrackPointExtension>
            <ns3:hr>100</ns3:hr>
            <ns3:cad>0</ns3:cad>
          </ns3:TrackPointExtension>
        </extensions>
      </trkpt>
      <trkpt lat="32.283033169806003570556640625" lon="118.28525335527956485748291015625">
        <ele>158.600006103515625</ele>
        <time>2026-09-20T07:21:19.000Z</time>
        <extensions>
          <ns3:TrackPointExtension>
            <ns3:hr>100</ns3:hr>
            <ns3:cad>49</ns3:cad>
          </ns3:TrackPointExtension>
        </extensions>
      </trkpt>
      <trkpt lat="32.28308706544339656829833984375" lon="118.2852722145617008209228515625">
        <ele>159</ele>
        <time>2026-09-20T07:21:26.000Z</time>
        <extensions>
          <ns3:TrackPointExtension>
            <ns3:hr>99</ns3:hr>
            <ns3:cad>0</ns3:cad>
          </ns3:TrackPointExtension>
        </extensions>
      </trkpt>
      <trkpt lat="32.2831325791776180267333984375" lon="118.2852816022932529449462890625">
        <ele>158.8000030517578125</ele>
        <time>2026-09-20T07:21:31.000Z</time>
        <extensions>
          <ns3:TrackPointExtension>
            <ns3:hr>98</ns3:hr>
            <ns3:cad>0</ns3:cad>
          </ns3:TrackPointExtension>
        </extensions>
      </trkpt>
      <trkpt lat="32.2831721417605876922607421875" lon="118.285290487110614776611328125">
        <ele>159.1999969482421875</ele>
        <time>2026-09-20T07:21:36.000Z</time>
        <extensions>
          <ns3:TrackPointExtension>
            <ns3:hr>98</ns3:hr>
            <ns3:cad>46</ns3:cad>
          </ns3:TrackPointExtension>
        </extensions>
      </trkpt>
      <trkpt lat="32.28320089168846607208251953125" lon="118.28528034500777721405029296875">
        <ele>159.399993896484375</ele>
        <time>2026-09-20T07:21:41.000Z</time>
        <extensions>
          <ns3:TrackPointExtension>
            <ns3:hr>97</ns3:hr>
            <ns3:cad>0</ns3:cad>
          </ns3:TrackPointExtension>
        </extensions>
      </trkpt>
      <trkpt lat="32.28320558555424213409423828125" lon="118.285275399684906005859375">
        <ele>159.399993896484375</ele>
        <time>2026-09-20T07:21:43.000Z</time>
        <extensions>
          <ns3:TrackPointExtension>
            <ns3:hr>98</ns3:hr>
            <ns3:cad>0</ns3:cad>
          </ns3:TrackPointExtension>
        </extensions>
      </trkpt>
      <trkpt lat="32.28321145288646221160888671875" lon="118.2852698676288127899169921875">
        <ele>159.600006103515625</ele>
        <time>2026-09-20T07:21:52.000Z</time>
        <extensions>
          <ns3:TrackPointExtension>
            <ns3:hr>97</ns3:hr>
            <ns3:cad>0</ns3:cad>
          </ns3:TrackPointExtension>
        </extensions>
      </trkpt>
      <trkpt lat="32.283216230571269989013671875" lon="118.285302557051181793212890625">
        <ele>159.600006103515625</ele>
        <time>2026-09-20T07:22:00.000Z</time>
        <extensions>
          <ns3:TrackPointExtension>
            <ns3:hr>98</ns3:hr>
            <ns3:cad>0</ns3:cad>
          </ns3:TrackPointExtension>
        </extensions>
      </trkpt>
      <trkpt lat="32.2832241095602512359619140625" lon="118.28531286679208278656005859375">
        <ele>160</ele>
        <time>2026-09-20T07:22:03.000Z</time>
        <extensions>
          <ns3:TrackPointExtension>
            <ns3:hr>98</ns3:hr>
            <ns3:cad>0</ns3:cad>
          </ns3:TrackPointExtension>
        </extensions>
      </trkpt>
      <trkpt lat="32.28325453586876392364501953125" lon="118.28533901832997798919677734375">
        <ele>160</ele>
        <time>2026-09-20T07:22:08.000Z</time>
        <extensions>
          <ns3:TrackPointExtension>
            <ns3:hr>95</ns3:hr>
            <ns3:cad>0</ns3:cad>
          </ns3:TrackPointExtension>
        </extensions>
      </trkpt>
      <trkpt lat="32.28326861746609210968017578125" lon="118.28534907661378383636474609375">
        <ele>160.1999969482421875</ele>
        <time>2026-09-20T07:22:12.000Z</time>
        <extensions>
          <ns3:TrackPointExtension>
            <ns3:hr>92</ns3:hr>
            <ns3:cad>0</ns3:cad>
          </ns3:TrackPointExtension>
        </extensions>
      </trkpt>
      <trkpt lat="32.283289991319179534912109375" lon="118.28536592423915863037109375">
        <ele>160.1999969482421875</ele>
        <time>2026-09-20T07:22:17.000Z</time>
        <extensions>
          <ns3:TrackPointExtension>
            <ns3:hr>91</ns3:hr>
            <ns3:cad>0</ns3:cad>
          </ns3:TrackPointExtension>
        </extensions>
      </trkpt>
      <trkpt lat="32.28335780091583728790283203125" lon="118.28545016236603260040283203125">
        <ele>160.1999969482421875</ele>
        <time>2026-09-20T07:22:26.000Z</time>
        <extensions>
          <ns3:TrackPointExtension>
            <ns3:hr>89</ns3:hr>
            <ns3:cad>0</ns3:cad>
          </ns3:TrackPointExtension>
        </extensions>
      </trkpt>
      <trkpt lat="32.28340658359229564666748046875" lon="118.28550674021244049072265625">
        <ele>160.399993896484375</ele>
        <time>2026-09-20T07:22:33.000Z</time>
        <extensions>
          <ns3:TrackPointExtension>
            <ns3:hr>89</ns3:hr>
            <ns3:cad>0</ns3:cad>
          </ns3:TrackPointExtension>
        </extensions>
      </trkpt>
      <trkpt lat="32.28345452807843685150146484375" lon="118.28555644489824771881103515625">
        <ele>161</ele>
        <time>2026-09-20T07:22:39.000Z</time>
        <extensions>
          <ns3:TrackPointExtension>
            <ns3:hr>89</ns3:hr>
            <ns3:cad>0</ns3:cad>
          </ns3:TrackPointExtension>
        </extensions>
      </trkpt>
      <trkpt lat="32.28350431658327579498291015625" lon="118.28558594919741153717041015625">
        <ele>161.1999969482421875</ele>
        <time>2026-09-20T07:22:44.000Z</time>
        <extensions>
          <ns3:TrackPointExtension>
            <ns3:hr>91</ns3:hr>
            <ns3:cad>51</ns3:cad>
          </ns3:TrackPointExtension>
        </extensions>
      </trkpt>
      <trkpt lat="32.28354178369045257568359375" lon="118.2856173813343048095703125">
        <ele>161.399993896484375</ele>
        <time>2026-09-20T07:22:49.000Z</time>
        <extensions>
          <ns3:TrackPointExtension>
            <ns3:hr>94</ns3:hr>
            <ns3:cad>0</ns3:cad>
          </ns3:TrackPointExtension>
        </extensions>
      </trkpt>
      <trkpt lat="32.28359132073819637298583984375" lon="118.28565560281276702880859375">
        <ele>161.8000030517578125</ele>
        <time>2026-09-20T07:22:54.000Z</time>
        <extensions>
          <ns3:TrackPointExtension>
            <ns3:hr>95</ns3:hr>
            <ns3:cad>0</ns3:cad>
          </ns3:TrackPointExtension>
        </extensions>
      </trkpt>
      <trkpt lat="32.28359936736524105072021484375" lon="118.28566105104982852935791015625">
        <ele>162</ele>
        <time>2026-09-20T07:22:55.000Z</time>
        <extensions>
          <ns3:TrackPointExtension>
            <ns3:hr>94</ns3:hr>
            <ns3:cad>0</ns3:cad>
          </ns3:TrackPointExtension>
        </extensions>
      </trkpt>
      <trkpt lat="32.2836318053305149078369140625" lon="118.2856906391680240631103515625">
        <ele>162.399993896484375</ele>
        <time>2026-09-20T07:23:00.000Z</time>
        <extensions>
          <ns3:TrackPointExtension>
            <ns3:hr>93</ns3:hr>
            <ns3:cad>43</ns3:cad>
          </ns3:TrackPointExtension>
        </extensions>
      </trkpt>
      <trkpt lat="32.283672876656055450439453125" lon="118.28573011793196201324462890625">
        <ele>163</ele>
        <time>2026-09-20T07:23:06.000Z</time>
        <extensions>
          <ns3:TrackPointExtension>
            <ns3:hr>94</ns3:hr>
            <ns3:cad>45</ns3:cad>
          </ns3:TrackPointExtension>
        </extensions>
      </trkpt>
      <trkpt lat="32.28367866016924381256103515625" lon="118.285736739635467529296875">
        <ele>163</ele>
        <time>2026-09-20T07:23:07.000Z</time>
        <extensions>
          <ns3:TrackPointExtension>
            <ns3:hr>93</ns3:hr>
            <ns3:cad>0</ns3:cad>
          </ns3:TrackPointExtension>
        </extensions>
      </trkpt>
      <trkpt lat="32.283710427582263946533203125" lon="118.28577269800007343292236328125">
        <ele>163.399993896484375</ele>
        <time>2026-09-20T07:23:12.000Z</time>
        <extensions>
          <ns3:TrackPointExtension>
            <ns3:hr>93</ns3:hr>
            <ns3:cad>45</ns3:cad>
          </ns3:TrackPointExtension>
        </extensions>
      </trkpt>
      <trkpt lat="32.28375577367842197418212890625" lon="118.28581058420240879058837890625">
        <ele>163.8000030517578125</ele>
        <time>2026-09-20T07:23:18.000Z</time>
        <extensions>
          <ns3:TrackPointExtension>
            <ns3:hr>94</ns3:hr>
            <ns3:cad>0</ns3:cad>
          </ns3:TrackPointExtension>
        </extensions>
      </trkpt>
      <trkpt lat="32.28377287276089191436767578125" lon="118.28582550399005413055419921875">
        <ele>164</ele>
        <time>2026-09-20T07:23:26.000Z</time>
        <extensions>
          <ns3:TrackPointExtension>
            <ns3:hr>96</ns3:hr>
            <ns3:cad>0</ns3:cad>
          </ns3:TrackPointExtension>
        </extensions>
      </trkpt>
      <trkpt lat="32.28376834653317928314208984375" lon="118.28582349233329296112060546875">
        <ele>164</ele>
        <time>2026-09-20T07:23:28.000Z</time>
        <extensions>
          <ns3:TrackPointExtension>
            <ns3:hr>97</ns3:hr>
            <ns3:cad>0</ns3:cad>
          </ns3:TrackPointExtension>
        </extensions>
      </trkpt>
      <trkpt lat="32.28376214392483234405517578125" lon="118.285821564495563507080078125">
        <ele>164</ele>
        <time>2026-09-20T07:23:35.000Z</time>
        <extensions>
          <ns3:TrackPointExtension>
            <ns3:hr>102</ns3:hr>
            <ns3:cad>0</ns3:cad>
          </ns3:TrackPointExtension>
        </extensions>
      </trkpt>
      <trkpt lat="32.2837595455348491668701171875" lon="118.28581477515399456024169921875">
        <ele>164.1999969482421875</ele>
        <time>2026-09-20T07:23:40.000Z</time>
        <extensions>
          <ns3:TrackPointExtension>
            <ns3:hr>103</ns3:hr>
            <ns3:cad>0</ns3:cad>
          </ns3:TrackPointExtension>
        </extensions>
      </trkpt>
      <trkpt lat="32.2837582044303417205810546875" lon="118.28581251204013824462890625">
        <ele>164.1999969482421875</ele>
        <time>2026-09-20T07:23:42.000Z</time>
        <extensions>
          <ns3:TrackPointExtension>
            <ns3:hr>99</ns3:hr>
            <ns3:cad>0</ns3:cad>
          </ns3:TrackPointExtension>
        </extensions>
      </trkpt>
      <trkpt lat="32.283758036792278289794921875" lon="118.2858110032975673675537109375">
        <ele>164.1999969482421875</ele>
        <time>2026-09-20T07:23:43.000Z</time>
        <extensions>
          <ns3:TrackPointExtension>
            <ns3:hr>95</ns3:hr>
            <ns3:cad>0</ns3:cad>
          </ns3:TrackPointExtension>
        </extensions>
      </trkpt>
      <trkpt lat="32.28375862352550029754638671875" lon="118.28580915927886962890625">
        <ele>164</ele>
        <time>2026-09-20T07:23:44.000Z</time>
        <extensions>
          <ns3:TrackPointExtension>
            <ns3:hr>91</ns3:hr>
            <ns3:cad>0</ns3:cad>
          </ns3:TrackPointExtension>
        </extensions>
      </trkpt>
      <trkpt lat="32.28375828824937343597412109375" lon="118.28580672852694988250732421875">
        <ele>164</ele>
        <time>2026-09-20T07:23:45.000Z</time>
        <extensions>
          <ns3:TrackPointExtension>
            <ns3:hr>87</ns3:hr>
            <ns3:cad>0</ns3:cad>
          </ns3:TrackPointExtension>
        </extensions>
      </trkpt>
      <trkpt lat="32.2837665863335132598876953125" lon="118.2858066447079181671142578125">
        <ele>164.1999969482421875</ele>
        <time>2026-09-20T07:23:50.000Z</time>
        <extensions>
          <ns3:TrackPointExtension>
            <ns3:hr>84</ns3:hr>
            <ns3:cad>0</ns3:cad>
          </ns3:TrackPointExtension>
        </extensions>
      </trkpt>
      <trkpt lat="32.28378997184336185455322265625" lon="118.28582994639873504638671875">
        <ele>164.399993896484375</ele>
        <time>2026-09-20T07:23:54.000Z</time>
        <extensions>
          <ns3:TrackPointExtension>
            <ns3:hr>81</ns3:hr>
            <ns3:cad>0</ns3:cad>
          </ns3:TrackPointExtension>
        </extensions>
      </trkpt>
      <trkpt lat="32.28379483334720134735107421875" lon="118.2858373224735260009765625">
        <ele>164.600006103515625</ele>
        <time>2026-09-20T07:23:56.000Z</time>
        <extensions>
          <ns3:TrackPointExtension>
            <ns3:hr>79</ns3:hr>
            <ns3:cad>0</ns3:cad>
          </ns3:TrackPointExtension>
        </extensions>
      </trkpt>
      <trkpt lat="32.2838175483047962188720703125" lon="118.28585182316601276397705078125">
        <ele>164.600006103515625</ele>
        <time>2026-09-20T07:24:05.000Z</time>
        <extensions>
          <ns3:TrackPointExtension>
            <ns3:hr>78</ns3:hr>
            <ns3:cad>0</ns3:cad>
          </ns3:TrackPointExtension>
        </extensions>
      </trkpt>
      <trkpt lat="32.28382182307541370391845703125" lon="118.285841681063175201416015625">
        <ele>164.600006103515625</ele>
        <time>2026-09-20T07:24:14.000Z</time>
        <extensions>
          <ns3:TrackPointExtension>
            <ns3:hr>77</ns3:hr>
            <ns3:cad>0</ns3:cad>
          </ns3:TrackPointExtension>
        </extensions>
      </trkpt>
      <trkpt lat="32.28382718749344348907470703125" lon="118.285861797630786895751953125">
        <ele>164.399993896484375</ele>
        <time>2026-09-20T07:24:26.000Z</time>
        <extensions>
          <ns3:TrackPointExtension>
            <ns3:hr>76</ns3:hr>
            <ns3:cad>0</ns3:cad>
          </ns3:TrackPointExtension>
        </extensions>
      </trkpt>
      <trkpt lat="32.2838200628757476806640625" lon="118.28584478236734867095947265625">
        <ele>164.600006103515625</ele>
        <time>2026-09-20T07:24:37.000Z</time>
        <extensions>
          <ns3:TrackPointExtension>
            <ns3:hr>76</ns3:hr>
            <ns3:cad>0</ns3:cad>
          </ns3:TrackPointExtension>
        </extensions>
      </trkpt>
      <trkpt lat="32.2838259302079677581787109375" lon="118.285846710205078125">
        <ele>164.600006103515625</ele>
        <time>2026-09-20T07:24:45.000Z</time>
        <extensions>
          <ns3:TrackPointExtension>
            <ns3:hr>73</ns3:hr>
            <ns3:cad>0</ns3:cad>
          </ns3:TrackPointExtension>
        </extensions>
      </trkpt>
      <trkpt lat="32.2838254272937774658203125" lon="118.2858462072908878326416015625">
        <ele>164.600006103515625</ele>
        <time>2026-09-20T07:24:46.000Z</time>
        <extensions>
          <ns3:TrackPointExtension>
            <ns3:hr>74</ns3:hr>
            <ns3:cad>0</ns3:cad>
          </ns3:TrackPointExtension>
        </extensions>
      </trkpt>
      <trkpt lat="32.2838266007602214813232421875" lon="118.28584562055766582489013671875">
        <ele>164.600006103515625</ele>
        <time>2026-09-20T07:25:00.000Z</time>
        <extensions>
          <ns3:TrackPointExtension>
            <ns3:hr>77</ns3:hr>
            <ns3:cad>0</ns3:cad>
          </ns3:TrackPointExtension>
        </extensions>
      </trkpt>
      <trkpt lat="32.2838567756116390228271484375" lon="118.285863138735294342041015625">
        <ele>164.600006103515625</ele>
        <time>2026-09-20T07:25:04.000Z</time>
        <extensions>
          <ns3:TrackPointExtension>
            <ns3:hr>78</ns3:hr>
            <ns3:cad>0</ns3:cad>
          </ns3:TrackPointExtension>
        </extensions>
      </trkpt>
      <trkpt lat="32.2838886268436908721923828125" lon="118.2858726941049098968505859375">
        <ele>164.8000030517578125</ele>
        <time>2026-09-20T07:25:11.000Z</time>
        <extensions>
          <ns3:TrackPointExtension>
            <ns3:hr>79</ns3:hr>
            <ns3:cad>0</ns3:cad>
          </ns3:TrackPointExtension>
        </extensions>
      </trkpt>
      <trkpt lat="32.28389726020395755767822265625" lon="118.2858884520828723907470703125">
        <ele>164.8000030517578125</ele>
        <time>2026-09-20T07:25:18.000Z</time>
        <extensions>
          <ns3:TrackPointExtension>
            <ns3:hr>76</ns3:hr>
            <ns3:cad>0</ns3:cad>
          </ns3:TrackPointExtension>
        </extensions>
      </trkpt>
      <trkpt lat="32.28390027768909931182861328125" lon="118.28589423559606075286865234375">
        <ele>164.8000030517578125</ele>
        <time>2026-09-20T07:25:19.000Z</time>
        <extensions>
          <ns3:TrackPointExtension>
            <ns3:hr>73</ns3:hr>
            <ns3:cad>0</ns3:cad>
          </ns3:TrackPointExtension>
        </extensions>
      </trkpt>
      <trkpt lat="32.28390279226005077362060546875" lon="118.285895325243473052978515625">
        <ele>164.8000030517578125</ele>
        <time>2026-09-20T07:25:20.000Z</time>
        <extensions>
          <ns3:TrackPointExtension>
            <ns3:hr>72</ns3:hr>
            <ns3:cad>0</ns3:cad>
          </ns3:TrackPointExtension>
        </extensions>
      </trkpt>
      <trkpt lat="32.283912263810634613037109375" lon="118.28589339740574359893798828125">
        <ele>164.8000030517578125</ele>
        <time>2026-09-20T07:25:24.000Z</time>
        <extensions>
          <ns3:TrackPointExtension>
            <ns3:hr>69</ns3:hr>
            <ns3:cad>0</ns3:cad>
          </ns3:TrackPointExtension>
        </extensions>
      </trkpt>
      <trkpt lat="32.2839058935642242431640625" lon="118.2858871109783649444580078125">
        <ele>164.8000030517578125</ele>
        <time>2026-09-20T07:25:28.000Z</time>
        <extensions>
          <ns3:TrackPointExtension>
            <ns3:hr>73</ns3:hr>
            <ns3:cad>0</ns3:cad>
          </ns3:TrackPointExtension>
        </extensions>
      </trkpt>
      <trkpt lat="32.28389038704335689544677734375" lon="118.28587328083813190460205078125">
        <ele>164.8000030517578125</ele>
        <time>2026-09-20T07:25:38.000Z</time>
        <extensions>
          <ns3:TrackPointExtension>
            <ns3:hr>72</ns3:hr>
            <ns3:cad>0</ns3:cad>
          </ns3:TrackPointExtension>
        </extensions>
      </trkpt>
      <trkpt lat="32.283923663198947906494140625" lon="118.285919465124607086181640625">
        <ele>165</ele>
        <time>2026-09-20T07:25:47.000Z</time>
        <extensions>
          <ns3:TrackPointExtension>
            <ns3:hr>72</ns3:hr>
            <ns3:cad>0</ns3:cad>
          </ns3:TrackPointExtension>
        </extensions>
      </trkpt>
      <trkpt lat="32.28393916971981525421142578125" lon="118.28593597747385501861572265625">
        <ele>165.1999969482421875</ele>
        <time>2026-09-20T07:25:49.000Z</time>
        <extensions>
          <ns3:TrackPointExtension>
            <ns3:hr>73</ns3:hr>
            <ns3:cad>0</ns3:cad>
          </ns3:TrackPointExtension>
        </extensions>
      </trkpt>
      <trkpt lat="32.28395828045904636383056640625" lon="118.2859374023973941802978515625">
        <ele>165.399993896484375</ele>
        <time>2026-09-20T07:25:57.000Z</time>
        <extensions>
          <ns3:TrackPointExtension>
            <ns3:hr>73</ns3:hr>
            <ns3:cad>0</ns3:cad>
          </ns3:TrackPointExtension>
        </extensions>
      </trkpt>
      <trkpt lat="32.28395140729844570159912109375" lon="118.28592977486550807952880859375">
        <ele>165.399993896484375</ele>
        <time>2026-09-20T07:26:17.000Z</time>
        <extensions>
          <ns3:TrackPointExtension>
            <ns3:hr>76</ns3:hr>
            <ns3:cad>0</ns3:cad>
          </ns3:TrackPointExtension>
        </extensions>
      </trkpt>
      <trkpt lat="32.28395140729844570159912109375" lon="118.28592977486550807952880859375">
        <ele>165.399993896484375</ele>
        <time>2026-09-20T07:26:20.000Z</time>
        <extensions>
          <ns3:TrackPointExtension>
            <ns3:hr>75</ns3:hr>
            <ns3:cad>0</ns3:cad>
          </ns3:TrackPointExtension>
        </extensions>
      </trkpt>
      <trkpt lat="32.283971607685089111328125" lon="118.28594469465315341949462890625">
        <ele>165.1999969482421875</ele>
        <time>2026-09-20T07:26:33.000Z</time>
        <extensions>
          <ns3:TrackPointExtension>
            <ns3:hr>76</ns3:hr>
            <ns3:cad>0</ns3:cad>
          </ns3:TrackPointExtension>
        </extensions>
      </trkpt>
      <trkpt lat="32.2839697636663913726806640625" lon="118.28594536520540714263916015625">
        <ele>165.1999969482421875</ele>
        <time>2026-09-20T07:26:38.000Z</time>
        <extensions>
          <ns3:TrackPointExtension>
            <ns3:hr>72</ns3:hr>
            <ns3:cad>0</ns3:cad>
          </ns3:TrackPointExtension>
        </extensions>
      </trkpt>
      <trkpt lat="32.2839697636663913726806640625" lon="118.28594301827251911163330078125">
        <ele>165.1999969482421875</ele>
        <time>2026-09-20T07:26:52.000Z</time>
        <extensions>
          <ns3:TrackPointExtension>
            <ns3:hr>72</ns3:hr>
            <ns3:cad>0</ns3:cad>
          </ns3:TrackPointExtension>
        </extensions>
      </trkpt>
      <trkpt lat="32.28396381251513957977294921875" lon="118.285959027707576751708984375">
        <ele>165.1999969482421875</ele>
        <time>2026-09-20T07:27:05.000Z</time>
        <extensions>
          <ns3:TrackPointExtension>
            <ns3:hr>73</ns3:hr>
            <ns3:cad>0</ns3:cad>
          </ns3:TrackPointExtension>
        </extensions>
      </trkpt>
      <trkpt lat="32.28395928628742694854736328125" lon="118.285957686603069305419921875">
        <ele>165.1999969482421875</ele>
        <time>2026-09-20T07:27:14.000Z</time>
        <extensions>
          <ns3:TrackPointExtension>
            <ns3:hr>72</ns3:hr>
            <ns3:cad>0</ns3:cad>
          </ns3:TrackPointExtension>
        </extensions>
      </trkpt>
      <trkpt lat="32.2839536704123020172119140625" lon="118.28593731857836246490478515625">
        <ele>165.1999969482421875</ele>
        <time>2026-09-20T07:27:30.000Z</time>
        <extensions>
          <ns3:TrackPointExtension>
            <ns3:hr>73</ns3:hr>
            <ns3:cad>0</ns3:cad>
          </ns3:TrackPointExtension>
        </extensions>
      </trkpt>
      <trkpt lat="32.2839700989425182342529296875" lon="118.2859806530177593231201171875">
        <ele>165.1999969482421875</ele>
        <time>2026-09-20T07:27:43.000Z</time>
        <extensions>
          <ns3:TrackPointExtension>
            <ns3:hr>72</ns3:hr>
            <ns3:cad>0</ns3:cad>
          </ns3:TrackPointExtension>
        </extensions>
      </trkpt>
      <trkpt lat="32.28399214334785938262939453125" lon="118.28603119589388370513916015625">
        <ele>166</ele>
        <time>2026-09-20T07:27:49.000Z</time>
        <extensions>
          <ns3:TrackPointExtension>
            <ns3:hr>72</ns3:hr>
            <ns3:cad>0</ns3:cad>
          </ns3:TrackPointExtension>
        </extensions>
      </trkpt>
      <trkpt lat="32.28401309810578823089599609375" lon="118.28609255142509937286376953125">
        <ele>166.1999969482421875</ele>
        <time>2026-09-20T07:27:57.000Z</time>
        <extensions>
          <ns3:TrackPointExtension>
            <ns3:hr>73</ns3:hr>
            <ns3:cad>44</ns3:cad>
          </ns3:TrackPointExtension>
        </extensions>
      </trkpt>
      <trkpt lat="32.28401678614318370819091796875" lon="118.28610093332827091217041015625">
        <ele>166.399993896484375</ele>
        <time>2026-09-20T07:27:58.000Z</time>
        <extensions>
          <ns3:TrackPointExtension>
            <ns3:hr>73</ns3:hr>
            <ns3:cad>44</ns3:cad>
          </ns3:TrackPointExtension>
        </extensions>
      </trkpt>
      <trkpt lat="32.2840284369885921478271484375" lon="118.2861271686851978302001953125">
        <ele>167.1999969482421875</ele>
        <time>2026-09-20T07:28:03.000Z</time>
        <extensions>
          <ns3:TrackPointExtension>
            <ns3:hr>75</ns3:hr>
            <ns3:cad>41</ns3:cad>
          </ns3:TrackPointExtension>
        </extensions>
      </trkpt>
      <trkpt lat="32.28403287939727306365966796875" lon="118.2861348800361156463623046875">
        <ele>167.600006103515625</ele>
        <time>2026-09-20T07:28:05.000Z</time>
        <extensions>
          <ns3:TrackPointExtension>
            <ns3:hr>76</ns3:hr>
            <ns3:cad>41</ns3:cad>
          </ns3:TrackPointExtension>
        </extensions>
      </trkpt>
      <trkpt lat="32.2840395011007785797119140625" lon="118.28615742735564708709716796875">
        <ele>168.399993896484375</ele>
        <time>2026-09-20T07:28:09.000Z</time>
        <extensions>
          <ns3:TrackPointExtension>
            <ns3:hr>78</ns3:hr>
            <ns3:cad>46</ns3:cad>
          </ns3:TrackPointExtension>
        </extensions>
      </trkpt>
      <trkpt lat="32.284046374261379241943359375" lon="118.2861788012087345123291015625">
        <ele>168.600006103515625</ele>
        <time>2026-09-20T07:28:11.000Z</time>
        <extensions>
          <ns3:TrackPointExtension>
            <ns3:hr>78</ns3:hr>
            <ns3:cad>46</ns3:cad>
          </ns3:TrackPointExtension>
        </extensions>
      </trkpt>
      <trkpt lat="32.2840639762580394744873046875" lon="118.28620838932693004608154296875">
        <ele>169</ele>
        <time>2026-09-20T07:28:16.000Z</time>
        <extensions>
          <ns3:TrackPointExtension>
            <ns3:hr>81</ns3:hr>
            <ns3:cad>42</ns3:cad>
          </ns3:TrackPointExtension>
        </extensions>
      </trkpt>
      <trkpt lat="32.284069843590259552001953125" lon="118.2862240634858608245849609375">
        <ele>169.1999969482421875</ele>
        <time>2026-09-20T07:28:18.000Z</time>
        <extensions>
          <ns3:TrackPointExtension>
            <ns3:hr>82</ns3:hr>
            <ns3:cad>40</ns3:cad>
          </ns3:TrackPointExtension>
        </extensions>
      </trkpt>
      <trkpt lat="32.284076549112796783447265625" lon="118.2862398214638233184814453125">
        <ele>169.600006103515625</ele>
        <time>2026-09-20T07:28:20.000Z</time>
        <extensions>
          <ns3:TrackPointExtension>
            <ns3:hr>83</ns3:hr>
            <ns3:cad>78</ns3:cad>
          </ns3:TrackPointExtension>
        </extensions>
      </trkpt>
      <trkpt lat="32.28409255854785442352294921875" lon="118.28626739792525768280029296875">
        <ele>170.1999969482421875</ele>
        <time>2026-09-20T07:28:24.000Z</time>
        <extensions>
          <ns3:TrackPointExtension>
            <ns3:hr>85</ns3:hr>
            <ns3:cad>45</ns3:cad>
          </ns3:TrackPointExtension>
        </extensions>
      </trkpt>
      <trkpt lat="32.28412206284701824188232421875" lon="118.28629723750054836273193359375">
        <ele>170.600006103515625</ele>
        <time>2026-09-20T07:28:30.000Z</time>
        <extensions>
          <ns3:TrackPointExtension>
            <ns3:hr>87</ns3:hr>
            <ns3:cad>44</ns3:cad>
          </ns3:TrackPointExtension>
        </extensions>
      </trkpt>
      <trkpt lat="32.284142263233661651611328125" lon="118.2863149233162403106689453125">
        <ele>170.8000030517578125</ele>
        <time>2026-09-20T07:28:32.000Z</time>
        <extensions>
          <ns3:TrackPointExtension>
            <ns3:hr>88</ns3:hr>
            <ns3:cad>45</ns3:cad>
          </ns3:TrackPointExtension>
        </extensions>
      </trkpt>
      <trkpt lat="32.28418107144534587860107421875" lon="118.2863628678023815155029296875">
        <ele>171.1999969482421875</ele>
        <time>2026-09-20T07:28:37.000Z</time>
        <extensions>
          <ns3:TrackPointExtension>
            <ns3:hr>89</ns3:hr>
            <ns3:cad>0</ns3:cad>
          </ns3:TrackPointExtension>
        </extensions>
      </trkpt>
      <trkpt lat="32.284231446683406829833984375" lon="118.28642229549586772918701171875">
        <ele>171.399993896484375</ele>
        <time>2026-09-20T07:28:44.000Z</time>
        <extensions>
          <ns3:TrackPointExtension>
            <ns3:hr>90</ns3:hr>
            <ns3:cad>0</ns3:cad>
          </ns3:TrackPointExtension>
        </extensions>
      </trkpt>
      <trkpt lat="32.2842369787395000457763671875" lon="118.28644157387316226959228515625">
        <ele>171.399993896484375</ele>
        <time>2026-09-20T07:28:46.000Z</time>
        <extensions>
          <ns3:TrackPointExtension>
            <ns3:hr>91</ns3:hr>
            <ns3:cad>0</ns3:cad>
          </ns3:TrackPointExtension>
        </extensions>
      </trkpt>
      <trkpt lat="32.28424041531980037689208984375" lon="118.28646202571690082550048828125">
        <ele>171.8000030517578125</ele>
        <time>2026-09-20T07:28:48.000Z</time>
        <extensions>
          <ns3:TrackPointExtension>
            <ns3:hr>91</ns3:hr>
            <ns3:cad>0</ns3:cad>
          </ns3:TrackPointExtension>
        </extensions>
      </trkpt>
      <trkpt lat="32.28424251079559326171875" lon="118.28648214228451251983642578125">
        <ele>172</ele>
        <time>2026-09-20T07:28:50.000Z</time>
        <extensions>
          <ns3:TrackPointExtension>
            <ns3:hr>91</ns3:hr>
            <ns3:cad>0</ns3:cad>
          </ns3:TrackPointExtension>
        </extensions>
      </trkpt>
      <trkpt lat="32.2842420078814029693603515625" lon="118.28654752112925052642822265625">
        <ele>172.600006103515625</ele>
        <time>2026-09-20T07:28:56.000Z</time>
        <extensions>
          <ns3:TrackPointExtension>
            <ns3:hr>90</ns3:hr>
            <ns3:cad>0</ns3:cad>
          </ns3:TrackPointExtension>
        </extensions>
      </trkpt>
      <trkpt lat="32.2842403315007686614990234375" lon="118.28656378202140331268310546875">
        <ele>172.8000030517578125</ele>
        <time>2026-09-20T07:28:58.000Z</time>
        <extensions>
          <ns3:TrackPointExtension>
            <ns3:hr>89</ns3:hr>
            <ns3:cad>47</ns3:cad>
          </ns3:TrackPointExtension>
        </extensions>
      </trkpt>
      <trkpt lat="32.28424862958490848541259765625" lon="118.2866258919239044189453125">
        <ele>173.1999969482421875</ele>
        <time>2026-09-20T07:29:05.000Z</time>
        <extensions>
          <ns3:TrackPointExtension>
            <ns3:hr>89</ns3:hr>
            <ns3:cad>45</ns3:cad>
          </ns3:TrackPointExtension>
        </extensions>
      </trkpt>
      <trkpt lat="32.28426438756287097930908203125" lon="118.28665464185178279876708984375">
        <ele>173.399993896484375</ele>
        <time>2026-09-20T07:29:08.000Z</time>
        <extensions>
          <ns3:TrackPointExtension>
            <ns3:hr>92</ns3:hr>
            <ns3:cad>44</ns3:cad>
          </ns3:TrackPointExtension>
        </extensions>
      </trkpt>
      <trkpt lat="32.284282408654689788818359375" lon="118.28668431378901004791259765625">
        <ele>173.8000030517578125</ele>
        <time>2026-09-20T07:29:12.000Z</time>
        <extensions>
          <ns3:TrackPointExtension>
            <ns3:hr>94</ns3:hr>
            <ns3:cad>44</ns3:cad>
          </ns3:TrackPointExtension>
        </extensions>
      </trkpt>
      <trkpt lat="32.28428752161562442779541015625" lon="118.28669118694961071014404296875">
        <ele>174</ele>
        <time>2026-09-20T07:29:13.000Z</time>
        <extensions>
          <ns3:TrackPointExtension>
            <ns3:hr>94</ns3:hr>
            <ns3:cad>44</ns3:cad>
          </ns3:TrackPointExtension>
        </extensions>
      </trkpt>
      <trkpt lat="32.28432406671345233917236328125" lon="118.28674583695828914642333984375">
        <ele>174.8000030517578125</ele>
        <time>2026-09-20T07:29:21.000Z</time>
        <extensions>
          <ns3:TrackPointExtension>
            <ns3:hr>94</ns3:hr>
            <ns3:cad>41</ns3:cad>
          </ns3:TrackPointExtension>
        </extensions>
      </trkpt>
      <trkpt lat="32.28432976640760898590087890625" lon="118.28675455413758754730224609375">
        <ele>175</ele>
        <time>2026-09-20T07:29:22.000Z</time>
        <extensions>
          <ns3:TrackPointExtension>
            <ns3:hr>95</ns3:hr>
            <ns3:cad>75</ns3:cad>
          </ns3:TrackPointExtension>
        </extensions>
      </trkpt>
      <trkpt lat="32.2843932174146175384521484375" lon="118.28679562546312808990478515625">
        <ele>175.600006103515625</ele>
        <time>2026-09-20T07:29:31.000Z</time>
        <extensions>
          <ns3:TrackPointExtension>
            <ns3:hr>95</ns3:hr>
            <ns3:cad>0</ns3:cad>
          </ns3:TrackPointExtension>
        </extensions>
      </trkpt>
      <trkpt lat="32.28443303145468235015869140625" lon="118.28683217056095600128173828125">
        <ele>176</ele>
        <time>2026-09-20T07:29:37.000Z</time>
        <extensions>
          <ns3:TrackPointExtension>
            <ns3:hr>96</ns3:hr>
            <ns3:cad>20</ns3:cad>
          </ns3:TrackPointExtension>
        </extensions>
      </trkpt>
      <trkpt lat="32.28443705476820468902587890625" lon="118.2868433184921741485595703125">
        <ele>176</ele>
        <time>2026-09-20T07:29:39.000Z</time>
        <extensions>
          <ns3:TrackPointExtension>
            <ns3:hr>97</ns3:hr>
            <ns3:cad>0</ns3:cad>
          </ns3:TrackPointExtension>
        </extensions>
      </trkpt>
      <trkpt lat="32.28446270339190959930419921875" lon="118.28688916750252246856689453125">
        <ele>176.1999969482421875</ele>
        <time>2026-09-20T07:29:47.000Z</time>
        <extensions>
          <ns3:TrackPointExtension>
            <ns3:hr>96</ns3:hr>
            <ns3:cad>0</ns3:cad>
          </ns3:TrackPointExtension>
        </extensions>
      </trkpt>
      <trkpt lat="32.28449388407170772552490234375" lon="118.2869397103786468505859375">
        <ele>176.399993896484375</ele>
        <time>2026-09-20T07:29:54.000Z</time>
        <extensions>
          <ns3:TrackPointExtension>
            <ns3:hr>93</ns3:hr>
            <ns3:cad>78</ns3:cad>
          </ns3:TrackPointExtension>
        </extensions>
      </trkpt>
      <trkpt lat="32.28452120907604694366455078125" lon="118.2870072685182094573974609375">
        <ele>177</ele>
        <time>2026-09-20T07:30:02.000Z</time>
        <extensions>
          <ns3:TrackPointExtension>
            <ns3:hr>93</ns3:hr>
            <ns3:cad>44</ns3:cad>
          </ns3:TrackPointExtension>
        </extensions>
      </trkpt>
      <trkpt lat="32.2845226339995861053466796875" lon="118.2870169915258884429931640625">
        <ele>177</ele>
        <time>2026-09-20T07:30:03.000Z</time>
        <extensions>
          <ns3:TrackPointExtension>
            <ns3:hr>93</ns3:hr>
            <ns3:cad>44</ns3:cad>
          </ns3:TrackPointExtension>
        </extensions>
      </trkpt>
      <trkpt lat="32.284541912376880645751953125" lon="118.28709117136895656585693359375">
        <ele>177.399993896484375</ele>
        <time>2026-09-20T07:30:10.000Z</time>
        <extensions>
          <ns3:TrackPointExtension>
            <ns3:hr>93</ns3:hr>
            <ns3:cad>47</ns3:cad>
          </ns3:TrackPointExtension>
        </extensions>
      </trkpt>
      <trkpt lat="32.284578122198581695556640625" lon="118.28717214055359363555908203125">
        <ele>177.8000030517578125</ele>
        <time>2026-09-20T07:30:18.000Z</time>
        <extensions>
          <ns3:TrackPointExtension>
            <ns3:hr>92</ns3:hr>
            <ns3:cad>43</ns3:cad>
          </ns3:TrackPointExtension>
        </extensions>
      </trkpt>
      <trkpt lat="32.28458357043564319610595703125" lon="118.287191502749919891357421875">
        <ele>178</ele>
        <time>2026-09-20T07:30:20.000Z</time>
        <extensions>
          <ns3:TrackPointExtension>
            <ns3:hr>91</ns3:hr>
            <ns3:cad>43</ns3:cad>
          </ns3:TrackPointExtension>
        </extensions>
      </trkpt>
      <trkpt lat="32.28457954712212085723876953125" lon="118.287228383123874664306640625">
        <ele>179</ele>
        <time>2026-09-20T07:30:27.000Z</time>
        <extensions>
          <ns3:TrackPointExtension>
            <ns3:hr>90</ns3:hr>
            <ns3:cad>70</ns3:cad>
          </ns3:TrackPointExtension>
        </extensions>
      </trkpt>
      <trkpt lat="32.28457971476018428802490234375" lon="118.28723249025642871856689453125">
        <ele>179</ele>
        <time>2026-09-20T07:30:28.000Z</time>
        <extensions>
          <ns3:TrackPointExtension>
            <ns3:hr>90</ns3:hr>
            <ns3:cad>70</ns3:cad>
          </ns3:TrackPointExtension>
        </extensions>
      </trkpt>
      <trkpt lat="32.284577451646327972412109375" lon="118.2872657664120197296142578125">
        <ele>179.8000030517578125</ele>
        <time>2026-09-20T07:30:34.000Z</time>
        <extensions>
          <ns3:TrackPointExtension>
            <ns3:hr>92</ns3:hr>
            <ns3:cad>0</ns3:cad>
          </ns3:TrackPointExtension>
        </extensions>
      </trkpt>
      <trkpt lat="32.28457585908472537994384765625" lon="118.2872761599719524383544921875">
        <ele>180</ele>
        <time>2026-09-20T07:30:35.000Z</time>
        <extensions>
          <ns3:TrackPointExtension>
            <ns3:hr>92</ns3:hr>
            <ns3:cad>75</ns3:cad>
          </ns3:TrackPointExtension>
        </extensions>
      </trkpt>
      <trkpt lat="32.284573428332805633544921875" lon="118.28730625100433826446533203125">
        <ele>180.8000030517578125</ele>
        <time>2026-09-20T07:30:40.000Z</time>
        <extensions>
          <ns3:TrackPointExtension>
            <ns3:hr>92</ns3:hr>
            <ns3:cad>75</ns3:cad>
          </ns3:TrackPointExtension>
        </extensions>
      </trkpt>
      <trkpt lat="32.28458122350275516510009765625" lon="118.28731630928814411163330078125">
        <ele>181</ele>
        <time>2026-09-20T07:30:42.000Z</time>
        <extensions>
          <ns3:TrackPointExtension>
            <ns3:hr>92</ns3:hr>
            <ns3:cad>72</ns3:cad>
          </ns3:TrackPointExtension>
        </extensions>
      </trkpt>
      <trkpt lat="32.28460905142128467559814453125" lon="118.28734941780567169189453125">
        <ele>181.399993896484375</ele>
        <time>2026-09-20T07:30:48.000Z</time>
        <extensions>
          <ns3:TrackPointExtension>
            <ns3:hr>92</ns3:hr>
            <ns3:cad>40</ns3:cad>
          </ns3:TrackPointExtension>
        </extensions>
      </trkpt>
      <trkpt lat="32.28464358486235141754150390625" lon="118.28740381635725498199462890625">
        <ele>181.8000030517578125</ele>
        <time>2026-09-20T07:30:58.000Z</time>
        <extensions>
          <ns3:TrackPointExtension>
            <ns3:hr>90</ns3:hr>
            <ns3:cad>0</ns3:cad>
          </ns3:TrackPointExtension>
        </extensions>
      </trkpt>
      <trkpt lat="32.2846828959882259368896484375" lon="118.28743952326476573944091796875">
        <ele>181.8000030517578125</ele>
        <time>2026-09-20T07:31:06.000Z</time>
        <extensions>
          <ns3:TrackPointExtension>
            <ns3:hr>90</ns3:hr>
            <ns3:cad>41</ns3:cad>
          </ns3:TrackPointExtension>
        </extensions>
      </trkpt>
      <trkpt lat="32.28471851907670497894287109375" lon="118.28748243860900402069091796875">
        <ele>181.8000030517578125</ele>
        <time>2026-09-20T07:31:13.000Z</time>
        <extensions>
          <ns3:TrackPointExtension>
            <ns3:hr>91</ns3:hr>
            <ns3:cad>0</ns3:cad>
          </ns3:TrackPointExtension>
        </extensions>
      </trkpt>
      <trkpt lat="32.284737043082714080810546875" lon="118.287470452487468719482421875">
        <ele>181.8000030517578125</ele>
        <time>2026-09-20T07:31:21.000Z</time>
        <extensions>
          <ns3:TrackPointExtension>
            <ns3:hr>91</ns3:hr>
            <ns3:cad>0</ns3:cad>
          </ns3:TrackPointExtension>
        </extensions>
      </trkpt>
      <trkpt lat="32.28473125956952571868896484375" lon="118.28746567480266094207763671875">
        <ele>181.8000030517578125</ele>
        <time>2026-09-20T07:31:27.000Z</time>
        <extensions>
          <ns3:TrackPointExtension>
            <ns3:hr>95</ns3:hr>
            <ns3:cad>0</ns3:cad>
          </ns3:TrackPointExtension>
        </extensions>
      </trkpt>
      <trkpt lat="32.2847271524369716644287109375" lon="118.28746852464973926544189453125">
        <ele>181.8000030517578125</ele>
        <time>2026-09-20T07:31:29.000Z</time>
        <extensions>
          <ns3:TrackPointExtension>
            <ns3:hr>99</ns3:hr>
            <ns3:cad>0</ns3:cad>
          </ns3:TrackPointExtension>
        </extensions>
      </trkpt>
      <trkpt lat="32.28472153656184673309326171875" lon="118.28746634535491466522216796875">
        <ele>181.8000030517578125</ele>
        <time>2026-09-20T07:31:31.000Z</time>
        <extensions>
          <ns3:TrackPointExtension>
            <ns3:hr>103</ns3:hr>
            <ns3:cad>0</ns3:cad>
          </ns3:TrackPointExtension>
        </extensions>
      </trkpt>
      <trkpt lat="32.2847124002873897552490234375" lon="118.28746114857494831085205078125">
        <ele>181.600006103515625</ele>
        <time>2026-09-20T07:31:35.000Z</time>
        <extensions>
          <ns3:TrackPointExtension>
            <ns3:hr>105</ns3:hr>
            <ns3:cad>0</ns3:cad>
          </ns3:TrackPointExtension>
        </extensions>
      </trkpt>
      <trkpt lat="32.2847325168550014495849609375" lon="118.28746684826910495758056640625">
        <ele>181.399993896484375</ele>
        <time>2026-09-20T07:31:42.000Z</time>
        <extensions>
          <ns3:TrackPointExtension>
            <ns3:hr>104</ns3:hr>
            <ns3:cad>48</ns3:cad>
          </ns3:TrackPointExtension>
        </extensions>
      </trkpt>
      <trkpt lat="32.284774594008922576904296875" lon="118.28749534673988819122314453125">
        <ele>180.600006103515625</ele>
        <time>2026-09-20T07:31:49.000Z</time>
        <extensions>
          <ns3:TrackPointExtension>
            <ns3:hr>102</ns3:hr>
            <ns3:cad>40</ns3:cad>
          </ns3:TrackPointExtension>
        </extensions>
      </trkpt>
      <trkpt lat="32.28480602614581584930419921875" lon="118.287518061697483062744140625">
        <ele>180.1999969482421875</ele>
        <time>2026-09-20T07:31:54.000Z</time>
        <extensions>
          <ns3:TrackPointExtension>
            <ns3:hr>99</ns3:hr>
            <ns3:cad>0</ns3:cad>
          </ns3:TrackPointExtension>
        </extensions>
      </trkpt>
      <trkpt lat="32.284811474382877349853515625" lon="118.28751839697360992431640625">
        <ele>180</ele>
        <time>2026-09-20T07:31:55.000Z</time>
        <extensions>
          <ns3:TrackPointExtension>
            <ns3:hr>99</ns3:hr>
            <ns3:cad>0</ns3:cad>
          </ns3:TrackPointExtension>
        </extensions>
      </trkpt>
      <trkpt lat="32.28484936058521270751953125" lon="118.2875477336347103118896484375">
        <ele>179.399993896484375</ele>
        <time>2026-09-20T07:32:02.000Z</time>
        <extensions>
          <ns3:TrackPointExtension>
            <ns3:hr>98</ns3:hr>
            <ns3:cad>0</ns3:cad>
          </ns3:TrackPointExtension>
        </extensions>
      </trkpt>
      <trkpt lat="32.28486754931509494781494140625" lon="118.28757212497293949127197265625">
        <ele>179</ele>
        <time>2026-09-20T07:32:06.000Z</time>
        <extensions>
          <ns3:TrackPointExtension>
            <ns3:hr>98</ns3:hr>
            <ns3:cad>43</ns3:cad>
          </ns3:TrackPointExtension>
        </extensions>
      </trkpt>
      <trkpt lat="32.28487760759890079498291015625" lon="118.2875946722924709320068359375">
        <ele>178.600006103515625</ele>
        <time>2026-09-20T07:32:09.000Z</time>
        <extensions>
          <ns3:TrackPointExtension>
            <ns3:hr>97</ns3:hr>
            <ns3:cad>0</ns3:cad>
          </ns3:TrackPointExtension>
        </extensions>
      </trkpt>
      <trkpt lat="32.28490241803228855133056640625" lon="118.28762476332485675811767578125">
        <ele>178</ele>
        <time>2026-09-20T07:32:15.000Z</time>
        <extensions>
          <ns3:TrackPointExtension>
            <ns3:hr>94</ns3:hr>
            <ns3:cad>0</ns3:cad>
          </ns3:TrackPointExtension>
        </extensions>
      </trkpt>
      <trkpt lat="32.28492085821926593780517578125" lon="118.2876540161669254302978515625">
        <ele>177</ele>
        <time>2026-09-20T07:32:22.000Z</time>
        <extensions>
          <ns3:TrackPointExtension>
            <ns3:hr>93</ns3:hr>
            <ns3:cad>0</ns3:cad>
          </ns3:TrackPointExtension>
        </extensions>
      </trkpt>
      <trkpt lat="32.28492521680891513824462890625" lon="118.28765787184238433837890625">
        <ele>176.8000030517578125</ele>
        <time>2026-09-20T07:32:23.000Z</time>
        <extensions>
          <ns3:TrackPointExtension>
            <ns3:hr>93</ns3:hr>
            <ns3:cad>0</ns3:cad>
          </ns3:TrackPointExtension>
        </extensions>
      </trkpt>
      <trkpt lat="32.28495069779455661773681640625" lon="118.28768578357994556427001953125">
        <ele>176</ele>
        <time>2026-09-20T07:32:30.000Z</time>
        <extensions>
          <ns3:TrackPointExtension>
            <ns3:hr>92</ns3:hr>
            <ns3:cad>0</ns3:cad>
          </ns3:TrackPointExtension>
        </extensions>
      </trkpt>
      <trkpt lat="32.2849524579942226409912109375" lon="118.28768947161734104156494140625">
        <ele>175.8000030517578125</ele>
        <time>2026-09-20T07:32:31.000Z</time>
        <extensions>
          <ns3:TrackPointExtension>
            <ns3:hr>92</ns3:hr>
            <ns3:cad>0</ns3:cad>
          </ns3:TrackPointExtension>
        </extensions>
      </trkpt>
      <trkpt lat="32.2849638573825359344482421875" lon="118.28770707361400127410888671875">
        <ele>174.8000030517578125</ele>
        <time>2026-09-20T07:32:37.000Z</time>
        <extensions>
          <ns3:TrackPointExtension>
            <ns3:hr>93</ns3:hr>
            <ns3:cad>43</ns3:cad>
          </ns3:TrackPointExtension>
        </extensions>
      </trkpt>
      <trkpt lat="32.28496846742928028106689453125" lon="118.28771193511784076690673828125">
        <ele>174.600006103515625</ele>
        <time>2026-09-20T07:32:39.000Z</time>
        <extensions>
          <ns3:TrackPointExtension>
            <ns3:hr>93</ns3:hr>
            <ns3:cad>83</ns3:cad>
          </ns3:TrackPointExtension>
        </extensions>
      </trkpt>
      <trkpt lat="32.28498774580657482147216796875" lon="118.2877368293702602386474609375">
        <ele>173.8000030517578125</ele>
        <time>2026-09-20T07:32:45.000Z</time>
        <extensions>
          <ns3:TrackPointExtension>
            <ns3:hr>94</ns3:hr>
            <ns3:cad>41</ns3:cad>
          </ns3:TrackPointExtension>
        </extensions>
      </trkpt>
      <trkpt lat="32.2849916853010654449462890625" lon="118.287744708359241485595703125">
        <ele>173.600006103515625</ele>
        <time>2026-09-20T07:32:47.000Z</time>
        <extensions>
          <ns3:TrackPointExtension>
            <ns3:hr>94</ns3:hr>
            <ns3:cad>41</ns3:cad>
          </ns3:TrackPointExtension>
        </extensions>
      </trkpt>
      <trkpt lat="32.28503736667335033416748046875" lon="118.287773542106151580810546875">
        <ele>172.600006103515625</ele>
        <time>2026-09-20T07:32:53.000Z</time>
        <extensions>
          <ns3:TrackPointExtension>
            <ns3:hr>92</ns3:hr>
            <ns3:cad>0</ns3:cad>
          </ns3:TrackPointExtension>
        </extensions>
      </trkpt>
      <trkpt lat="32.28504457511007785797119140625" lon="118.28777798451483249664306640625">
        <ele>172.600006103515625</ele>
        <time>2026-09-20T07:32:55.000Z</time>
        <extensions>
          <ns3:TrackPointExtension>
            <ns3:hr>91</ns3:hr>
            <ns3:cad>0</ns3:cad>
          </ns3:TrackPointExtension>
        </extensions>
      </trkpt>
      <trkpt lat="32.2850721515715122222900390625" lon="118.28779600560665130615234375">
        <ele>171.600006103515625</ele>
        <time>2026-09-20T07:33:04.000Z</time>
        <extensions>
          <ns3:TrackPointExtension>
            <ns3:hr>90</ns3:hr>
            <ns3:cad>0</ns3:cad>
          </ns3:TrackPointExtension>
        </extensions>
      </trkpt>
      <trkpt lat="32.28507257066667079925537109375" lon="118.28779759816825389862060546875">
        <ele>171.399993896484375</ele>
        <time>2026-09-20T07:33:05.000Z</time>
        <extensions>
          <ns3:TrackPointExtension>
            <ns3:hr>90</ns3:hr>
            <ns3:cad>41</ns3:cad>
          </ns3:TrackPointExtension>
        </extensions>
      </trkpt>
      <trkpt lat="32.2850795276463031768798828125" lon="118.2878139428794384002685546875">
        <ele>170.600006103515625</ele>
        <time>2026-09-20T07:33:11.000Z</time>
        <extensions>
          <ns3:TrackPointExtension>
            <ns3:hr>91</ns3:hr>
            <ns3:cad>0</ns3:cad>
          </ns3:TrackPointExtension>
        </extensions>
      </trkpt>
      <trkpt lat="32.2850915975868701934814453125" lon="118.28782307915389537811279296875">
        <ele>170.1999969482421875</ele>
        <time>2026-09-20T07:33:15.000Z</time>
        <extensions>
          <ns3:TrackPointExtension>
            <ns3:hr>92</ns3:hr>
            <ns3:cad>0</ns3:cad>
          </ns3:TrackPointExtension>
        </extensions>
      </trkpt>
      <trkpt lat="32.2851227782666683197021484375" lon="118.28784973360598087310791015625">
        <ele>169.600006103515625</ele>
        <time>2026-09-20T07:33:21.000Z</time>
        <extensions>
          <ns3:TrackPointExtension>
            <ns3:hr>95</ns3:hr>
            <ns3:cad>0</ns3:cad>
          </ns3:TrackPointExtension>
        </extensions>
      </trkpt>
      <trkpt lat="32.28513794951140880584716796875" lon="118.2878451235592365264892578125">
        <ele>169.1999969482421875</ele>
        <time>2026-09-20T07:33:24.000Z</time>
        <extensions>
          <ns3:TrackPointExtension>
            <ns3:hr>95</ns3:hr>
            <ns3:cad>0</ns3:cad>
          </ns3:TrackPointExtension>
        </extensions>
      </trkpt>
      <trkpt lat="32.2851687110960483551025390625" lon="118.2878581993281841278076171875">
        <ele>168.600006103515625</ele>
        <time>2026-09-20T07:33:30.000Z</time>
        <extensions>
          <ns3:TrackPointExtension>
            <ns3:hr>95</ns3:hr>
            <ns3:cad>0</ns3:cad>
          </ns3:TrackPointExtension>
        </extensions>
      </trkpt>
      <trkpt lat="32.28519000113010406494140625" lon="118.28788108192384243011474609375">
        <ele>168</ele>
        <time>2026-09-20T07:33:34.000Z</time>
        <extensions>
          <ns3:TrackPointExtension>
            <ns3:hr>94</ns3:hr>
            <ns3:cad>0</ns3:cad>
          </ns3:TrackPointExtension>
        </extensions>
      </trkpt>
      <trkpt lat="32.28520450182259082794189453125" lon="118.28790605999529361724853515625">
        <ele>167.399993896484375</ele>
        <time>2026-09-20T07:33:40.000Z</time>
        <extensions>
          <ns3:TrackPointExtension>
            <ns3:hr>92</ns3:hr>
            <ns3:cad>0</ns3:cad>
          </ns3:TrackPointExtension>
        </extensions>
      </trkpt>
      <trkpt lat="32.2852136380970478057861328125" lon="118.287917710840702056884765625">
        <ele>167.1999969482421875</ele>
        <time>2026-09-20T07:33:44.000Z</time>
        <extensions>
          <ns3:TrackPointExtension>
            <ns3:hr>91</ns3:hr>
            <ns3:cad>0</ns3:cad>
          </ns3:TrackPointExtension>
        </extensions>
      </trkpt>
      <trkpt lat="32.2852270491421222686767578125" lon="118.287927098572254180908203125">
        <ele>166.399993896484375</ele>
        <time>2026-09-20T07:33:48.000Z</time>
        <extensions>
          <ns3:TrackPointExtension>
            <ns3:hr>90</ns3:hr>
            <ns3:cad>0</ns3:cad>
          </ns3:TrackPointExtension>
        </extensions>
      </trkpt>
      <trkpt lat="32.2852424718439579010009765625" lon="118.28793690539896488189697265625">
        <ele>166</ele>
        <time>2026-09-20T07:33:52.000Z</time>
        <extensions>
          <ns3:TrackPointExtension>
            <ns3:hr>87</ns3:hr>
            <ns3:cad>0</ns3:cad>
          </ns3:TrackPointExtension>
        </extensions>
      </trkpt>
      <trkpt lat="32.28525546379387378692626953125" lon="118.2879473827779293060302734375">
        <ele>165.600006103515625</ele>
        <time>2026-09-20T07:33:55.000Z</time>
        <extensions>
          <ns3:TrackPointExtension>
            <ns3:hr>84</ns3:hr>
            <ns3:cad>0</ns3:cad>
          </ns3:TrackPointExtension>
        </extensions>
      </trkpt>
      <trkpt lat="32.28526242077350616455078125" lon="118.28795702196657657623291015625">
        <ele>165.1999969482421875</ele>
        <time>2026-09-20T07:33:57.000Z</time>
        <extensions>
          <ns3:TrackPointExtension>
            <ns3:hr>83</ns3:hr>
            <ns3:cad>0</ns3:cad>
          </ns3:TrackPointExtension>
        </extensions>
      </trkpt>
      <trkpt lat="32.2852890752255916595458984375" lon="118.28798468224704265594482421875">
        <ele>164.399993896484375</ele>
        <time>2026-09-20T07:34:04.000Z</time>
        <extensions>
          <ns3:TrackPointExtension>
            <ns3:hr>81</ns3:hr>
            <ns3:cad>0</ns3:cad>
          </ns3:TrackPointExtension>
        </extensions>
      </trkpt>
      <trkpt lat="32.28529334999620914459228515625" lon="118.28799021430313587188720703125">
        <ele>164.1999969482421875</ele>
        <time>2026-09-20T07:34:05.000Z</time>
        <extensions>
          <ns3:TrackPointExtension>
            <ns3:hr>81</ns3:hr>
            <ns3:cad>0</ns3:cad>
          </ns3:TrackPointExtension>
        </extensions>
      </trkpt>
      <trkpt lat="32.2853430546820163726806640625" lon="118.2880295254290103912353515625">
        <ele>163.1999969482421875</ele>
        <time>2026-09-20T07:34:14.000Z</time>
        <extensions>
          <ns3:TrackPointExtension>
            <ns3:hr>82</ns3:hr>
            <ns3:cad>0</ns3:cad>
          </ns3:TrackPointExtension>
        </extensions>
      </trkpt>
      <trkpt lat="32.28534959256649017333984375" lon="118.28803338110446929931640625">
        <ele>163</ele>
        <time>2026-09-20T07:34:15.000Z</time>
        <extensions>
          <ns3:TrackPointExtension>
            <ns3:hr>82</ns3:hr>
            <ns3:cad>0</ns3:cad>
          </ns3:TrackPointExtension>
        </extensions>
      </trkpt>
      <trkpt lat="32.28541354648768901824951171875" lon="118.2880503125488758087158203125">
        <ele>162.399993896484375</ele>
        <time>2026-09-20T07:34:24.000Z</time>
        <extensions>
          <ns3:TrackPointExtension>
            <ns3:hr>83</ns3:hr>
            <ns3:cad>53</ns3:cad>
          </ns3:TrackPointExtension>
        </extensions>
      </trkpt>
      <trkpt lat="32.285437099635601043701171875" lon="118.288053162395954132080078125">
        <ele>162.1999969482421875</ele>
        <time>2026-09-20T07:34:28.000Z</time>
        <extensions>
          <ns3:TrackPointExtension>
            <ns3:hr>82</ns3:hr>
            <ns3:cad>52</ns3:cad>
          </ns3:TrackPointExtension>
        </extensions>
      </trkpt>
      <trkpt lat="32.285475321114063262939453125" lon="118.288069926202297210693359375">
        <ele>161.8000030517578125</ele>
        <time>2026-09-20T07:34:33.000Z</time>
        <extensions>
          <ns3:TrackPointExtension>
            <ns3:hr>84</ns3:hr>
            <ns3:cad>53</ns3:cad>
          </ns3:TrackPointExtension>
        </extensions>
      </trkpt>
      <trkpt lat="32.28556207381188869476318359375" lon="118.28809984959661960601806640625">
        <ele>161.399993896484375</ele>
        <time>2026-09-20T07:34:43.000Z</time>
        <extensions>
          <ns3:TrackPointExtension>
            <ns3:hr>83</ns3:hr>
            <ns3:cad>52</ns3:cad>
          </ns3:TrackPointExtension>
        </extensions>
      </trkpt>
      <trkpt lat="32.28558403439819812774658203125" lon="118.288107477128505706787109375">
        <ele>161</ele>
        <time>2026-09-20T07:34:46.000Z</time>
        <extensions>
          <ns3:TrackPointExtension>
            <ns3:hr>82</ns3:hr>
            <ns3:cad>51</ns3:cad>
          </ns3:TrackPointExtension>
        </extensions>
      </trkpt>
      <trkpt lat="32.28563197888433933258056640625" lon="118.28811678104102611541748046875">
        <ele>160.399993896484375</ele>
        <time>2026-09-20T07:34:54.000Z</time>
        <extensions>
          <ns3:TrackPointExtension>
            <ns3:hr>85</ns3:hr>
            <ns3:cad>0</ns3:cad>
          </ns3:TrackPointExtension>
        </extensions>
      </trkpt>
      <trkpt lat="32.2856109403073787689208984375" lon="118.2881280966103076934814453125">
        <ele>160.399993896484375</ele>
        <time>2026-09-20T07:34:58.000Z</time>
        <extensions>
          <ns3:TrackPointExtension>
            <ns3:hr>86</ns3:hr>
            <ns3:cad>0</ns3:cad>
          </ns3:TrackPointExtension>
        </extensions>
      </trkpt>
      <trkpt lat="32.2855727188289165496826171875" lon="118.288140334188938140869140625">
        <ele>160.600006103515625</ele>
        <time>2026-09-20T07:35:04.000Z</time>
        <extensions>
          <ns3:TrackPointExtension>
            <ns3:hr>86</ns3:hr>
            <ns3:cad>0</ns3:cad>
          </ns3:TrackPointExtension>
        </extensions>
      </trkpt>
      <trkpt lat="32.28557095862925052642822265625" lon="118.28812616877257823944091796875">
        <ele>160.600006103515625</ele>
        <time>2026-09-20T07:35:12.000Z</time>
        <extensions>
          <ns3:TrackPointExtension>
            <ns3:hr>83</ns3:hr>
            <ns3:cad>0</ns3:cad>
          </ns3:TrackPointExtension>
        </extensions>
      </trkpt>
      <trkpt lat="32.2855680249631404876708984375" lon="118.28812365420162677764892578125">
        <ele>160.600006103515625</ele>
        <time>2026-09-20T07:35:14.000Z</time>
        <extensions>
          <ns3:TrackPointExtension>
            <ns3:hr>79</ns3:hr>
            <ns3:cad>0</ns3:cad>
          </ns3:TrackPointExtension>
        </extensions>
      </trkpt>
      <trkpt lat="32.28556861169636249542236328125" lon="118.288122229278087615966796875">
        <ele>160.600006103515625</ele>
        <time>2026-09-20T07:35:15.000Z</time>
        <extensions>
          <ns3:TrackPointExtension>
            <ns3:hr>78</ns3:hr>
            <ns3:cad>0</ns3:cad>
          </ns3:TrackPointExtension>
        </extensions>
      </trkpt>
      <trkpt lat="32.2855874709784984588623046875" lon="118.28812315128743648529052734375">
        <ele>160.399993896484375</ele>
        <time>2026-09-20T07:35:18.000Z</time>
        <extensions>
          <ns3:TrackPointExtension>
            <ns3:hr>75</ns3:hr>
            <ns3:cad>0</ns3:cad>
          </ns3:TrackPointExtension>
        </extensions>
      </trkpt>
      <trkpt lat="32.28563130833208560943603515625" lon="118.2881327904760837554931640625">
        <ele>160.1999969482421875</ele>
        <time>2026-09-20T07:35:24.000Z</time>
        <extensions>
          <ns3:TrackPointExtension>
            <ns3:hr>73</ns3:hr>
            <ns3:cad>47</ns3:cad>
          </ns3:TrackPointExtension>
        </extensions>
      </trkpt>
      <trkpt lat="32.28563667275011539459228515625" lon="118.28813220374286174774169921875">
        <ele>160</ele>
        <time>2026-09-20T07:35:25.000Z</time>
        <extensions>
          <ns3:TrackPointExtension>
            <ns3:hr>72</ns3:hr>
            <ns3:cad>47</ns3:cad>
          </ns3:TrackPointExtension>
        </extensions>
      </trkpt>
      <trkpt lat="32.28569559752941131591796875" lon="118.2881260849535465240478515625">
        <ele>159</ele>
        <time>2026-09-20T07:35:33.000Z</time>
        <extensions>
          <ns3:TrackPointExtension>
            <ns3:hr>70</ns3:hr>
            <ns3:cad>57</ns3:cad>
          </ns3:TrackPointExtension>
        </extensions>
      </trkpt>
      <trkpt lat="32.285736501216888427734375" lon="118.2881091535091400146484375">
        <ele>158.8000030517578125</ele>
        <time>2026-09-20T07:35:43.000Z</time>
        <extensions>
          <ns3:TrackPointExtension>
            <ns3:hr>69</ns3:hr>
            <ns3:cad>0</ns3:cad>
          </ns3:TrackPointExtension>
        </extensions>
      </trkpt>
      <trkpt lat="32.2857383452355861663818359375" lon="118.28809440135955810546875">
        <ele>158.8000030517578125</ele>
        <time>2026-09-20T07:35:50.000Z</time>
        <extensions>
          <ns3:TrackPointExtension>
            <ns3:hr>66</ns3:hr>
            <ns3:cad>0</ns3:cad>
          </ns3:TrackPointExtension>
        </extensions>
      </trkpt>
      <trkpt lat="32.285716049373149871826171875" lon="118.28809767030179500579833984375">
        <ele>158.8000030517578125</ele>
        <time>2026-09-20T07:35:59.000Z</time>
        <extensions>
          <ns3:TrackPointExtension>
            <ns3:hr>66</ns3:hr>
            <ns3:cad>0</ns3:cad>
          </ns3:TrackPointExtension>
        </extensions>
      </trkpt>
      <trkpt lat="32.28571378625929355621337890625" lon="118.28806380741298198699951171875">
        <ele>158.8000030517578125</ele>
        <time>2026-09-20T07:36:08.000Z</time>
        <extensions>
          <ns3:TrackPointExtension>
            <ns3:hr>68</ns3:hr>
            <ns3:cad>0</ns3:cad>
          </ns3:TrackPointExtension>
        </extensions>
      </trkpt>
      <trkpt lat="32.28571345098316669464111328125" lon="118.2880533300340175628662109375">
        <ele>158.8000030517578125</ele>
        <time>2026-09-20T07:36:15.000Z</time>
        <extensions>
          <ns3:TrackPointExtension>
            <ns3:hr>71</ns3:hr>
            <ns3:cad>0</ns3:cad>
          </ns3:TrackPointExtension>
        </extensions>
      </trkpt>
      <trkpt lat="32.28570875711739063262939453125" lon="118.28807688318192958831787109375">
        <ele>158.8000030517578125</ele>
        <time>2026-09-20T07:36:22.000Z</time>
        <extensions>
          <ns3:TrackPointExtension>
            <ns3:hr>69</ns3:hr>
            <ns3:cad>0</ns3:cad>
          </ns3:TrackPointExtension>
        </extensions>
      </trkpt>
      <trkpt lat="32.28572937659919261932373046875" lon="118.288116864860057830810546875">
        <ele>158.8000030517578125</ele>
        <time>2026-09-20T07:36:40.000Z</time>
        <extensions>
          <ns3:TrackPointExtension>
            <ns3:hr>71</ns3:hr>
            <ns3:cad>0</ns3:cad>
          </ns3:TrackPointExtension>
        </extensions>
      </trkpt>
      <trkpt lat="32.2857376746833324432373046875" lon="118.2881172001361846923828125">
        <ele>158.8000030517578125</ele>
        <time>2026-09-20T07:36:52.000Z</time>
        <extensions>
          <ns3:TrackPointExtension>
            <ns3:hr>73</ns3:hr>
            <ns3:cad>0</ns3:cad>
          </ns3:TrackPointExtension>
        </extensions>
      </trkpt>
      <trkpt lat="32.2857458889484405517578125" lon="118.2881172001361846923828125">
        <ele>158.600006103515625</ele>
        <time>2026-09-20T07:36:59.000Z</time>
        <extensions>
          <ns3:TrackPointExtension>
            <ns3:hr>70</ns3:hr>
            <ns3:cad>0</ns3:cad>
          </ns3:TrackPointExtension>
        </extensions>
      </trkpt>
      <trkpt lat="32.2857487387955188751220703125" lon="118.28812248073518276214599609375">
        <ele>158.600006103515625</ele>
        <time>2026-09-20T07:37:10.000Z</time>
        <extensions>
          <ns3:TrackPointExtension>
            <ns3:hr>71</ns3:hr>
            <ns3:cad>0</ns3:cad>
          </ns3:TrackPointExtension>
        </extensions>
      </trkpt>
      <trkpt lat="32.28574982844293117523193359375" lon="118.28813455067574977874755859375">
        <ele>158.600006103515625</ele>
        <time>2026-09-20T07:37:25.000Z</time>
        <extensions>
          <ns3:TrackPointExtension>
            <ns3:hr>71</ns3:hr>
            <ns3:cad>0</ns3:cad>
          </ns3:TrackPointExtension>
        </extensions>
      </trkpt>
      <trkpt lat="32.2857463918626308441162109375" lon="118.2881250791251659393310546875">
        <ele>158</ele>
        <time>2026-09-20T07:37:38.000Z</time>
        <extensions>
          <ns3:TrackPointExtension>
            <ns3:hr>73</ns3:hr>
            <ns3:cad>0</ns3:cad>
          </ns3:TrackPointExtension>
        </extensions>
      </trkpt>
      <trkpt lat="32.28575083427131175994873046875" lon="118.2881244085729122161865234375">
        <ele>157.8000030517578125</ele>
        <time>2026-09-20T07:37:39.000Z</time>
        <extensions>
          <ns3:TrackPointExtension>
            <ns3:hr>73</ns3:hr>
            <ns3:cad>0</ns3:cad>
          </ns3:TrackPointExtension>
        </extensions>
      </trkpt>
      <trkpt lat="32.28578276932239532470703125" lon="118.2881063036620616912841796875">
        <ele>157</ele>
        <time>2026-09-20T07:37:47.000Z</time>
        <extensions>
          <ns3:TrackPointExtension>
            <ns3:hr>72</ns3:hr>
            <ns3:cad>0</ns3:cad>
          </ns3:TrackPointExtension>
        </extensions>
      </trkpt>
      <trkpt lat="32.28578620590269565582275390625" lon="118.2881049625575542449951171875">
        <ele>156.8000030517578125</ele>
        <time>2026-09-20T07:37:49.000Z</time>
        <extensions>
          <ns3:TrackPointExtension>
            <ns3:hr>73</ns3:hr>
            <ns3:cad>0</ns3:cad>
          </ns3:TrackPointExtension>
        </extensions>
      </trkpt>
      <trkpt lat="32.28582040406763553619384765625" lon="118.2880982570350170135498046875">
        <ele>156.399993896484375</ele>
        <time>2026-09-20T07:37:55.000Z</time>
        <extensions>
          <ns3:TrackPointExtension>
            <ns3:hr>73</ns3:hr>
            <ns3:cad>0</ns3:cad>
          </ns3:TrackPointExtension>
        </extensions>
      </trkpt>
      <trkpt lat="32.28581386618316173553466796875" lon="118.28810873441398143768310546875">
        <ele>156</ele>
        <time>2026-09-20T07:38:05.000Z</time>
        <extensions>
          <ns3:TrackPointExtension>
            <ns3:hr>71</ns3:hr>
            <ns3:cad>0</ns3:cad>
          </ns3:TrackPointExtension>
        </extensions>
      </trkpt>
      <trkpt lat="32.28582660667598247528076171875" lon="118.28810387291014194488525390625">
        <ele>155.600006103515625</ele>
        <time>2026-09-20T07:38:07.000Z</time>
        <extensions>
          <ns3:TrackPointExtension>
            <ns3:hr>71</ns3:hr>
            <ns3:cad>0</ns3:cad>
          </ns3:TrackPointExtension>
        </extensions>
      </trkpt>
      <trkpt lat="32.2858737967908382415771484375" lon="118.288080990314483642578125">
        <ele>154.8000030517578125</ele>
        <time>2026-09-20T07:38:13.000Z</time>
        <extensions>
          <ns3:TrackPointExtension>
            <ns3:hr>72</ns3:hr>
            <ns3:cad>41</ns3:cad>
          </ns3:TrackPointExtension>
        </extensions>
      </trkpt>
      <trkpt lat="32.2858835197985172271728515625" lon="118.2880742847919464111328125">
        <ele>154.600006103515625</ele>
        <time>2026-09-20T07:38:15.000Z</time>
        <extensions>
          <ns3:TrackPointExtension>
            <ns3:hr>71</ns3:hr>
            <ns3:cad>42</ns3:cad>
          </ns3:TrackPointExtension>
        </extensions>
      </trkpt>
      <trkpt lat="32.285915873944759368896484375" lon="118.28806481324136257171630859375">
        <ele>154</ele>
        <time>2026-09-20T07:38:20.000Z</time>
        <extensions>
          <ns3:TrackPointExtension>
            <ns3:hr>71</ns3:hr>
            <ns3:cad>41</ns3:cad>
          </ns3:TrackPointExtension>
        </extensions>
      </trkpt>
      <trkpt lat="32.2859381698071956634521484375" lon="118.288061209022998809814453125">
        <ele>153.399993896484375</ele>
        <time>2026-09-20T07:38:23.000Z</time>
        <extensions>
          <ns3:TrackPointExtension>
            <ns3:hr>72</ns3:hr>
            <ns3:cad>42</ns3:cad>
          </ns3:TrackPointExtension>
        </extensions>
      </trkpt>
      <trkpt lat="32.28596650063991546630859375" lon="118.2880432717502117156982421875">
        <ele>152.600006103515625</ele>
        <time>2026-09-20T07:38:28.000Z</time>
        <extensions>
          <ns3:TrackPointExtension>
            <ns3:hr>75</ns3:hr>
            <ns3:cad>46</ns3:cad>
          </ns3:TrackPointExtension>
        </extensions>
      </trkpt>
      <trkpt lat="32.285972535610198974609375" lon="118.288039751350879669189453125">
        <ele>152.600006103515625</ele>
        <time>2026-09-20T07:38:29.000Z</time>
        <extensions>
          <ns3:TrackPointExtension>
            <ns3:hr>75</ns3:hr>
            <ns3:cad>46</ns3:cad>
          </ns3:TrackPointExtension>
        </extensions>
      </trkpt>
      <trkpt lat="32.2859780676662921905517578125" lon="118.2880367338657379150390625">
        <ele>152.399993896484375</ele>
        <time>2026-09-20T07:38:30.000Z</time>
        <extensions>
          <ns3:TrackPointExtension>
            <ns3:hr>75</ns3:hr>
            <ns3:cad>46</ns3:cad>
          </ns3:TrackPointExtension>
        </extensions>
      </trkpt>
      <trkpt lat="32.2860246710479259490966796875" lon="118.28802089206874370574951171875">
        <ele>151.1999969482421875</ele>
        <time>2026-09-20T07:38:38.000Z</time>
        <extensions>
          <ns3:TrackPointExtension>
            <ns3:hr>74</ns3:hr>
            <ns3:cad>44</ns3:cad>
          </ns3:TrackPointExtension>
        </extensions>
      </trkpt>
      <trkpt lat="32.28607839904725551605224609375" lon="118.28800966031849384307861328125">
        <ele>150</ele>
        <time>2026-09-20T07:38:45.000Z</time>
        <extensions>
          <ns3:TrackPointExtension>
            <ns3:hr>74</ns3:hr>
            <ns3:cad>47</ns3:cad>
          </ns3:TrackPointExtension>
        </extensions>
      </trkpt>
      <trkpt lat="32.28608678095042705535888671875" lon="118.28800764866173267364501953125">
        <ele>149.8000030517578125</ele>
        <time>2026-09-20T07:38:47.000Z</time>
        <extensions>
          <ns3:TrackPointExtension>
            <ns3:hr>74</ns3:hr>
            <ns3:cad>47</ns3:cad>
          </ns3:TrackPointExtension>
        </extensions>
      </trkpt>
      <trkpt lat="32.2861279360949993133544921875" lon="118.287983424961566925048828125">
        <ele>149.1999969482421875</ele>
        <time>2026-09-20T07:38:53.000Z</time>
        <extensions>
          <ns3:TrackPointExtension>
            <ns3:hr>71</ns3:hr>
            <ns3:cad>48</ns3:cad>
          </ns3:TrackPointExtension>
        </extensions>
      </trkpt>
      <trkpt lat="32.28613824583590030670166015625" lon="118.28798241913318634033203125">
        <ele>149</ele>
        <time>2026-09-20T07:38:55.000Z</time>
        <extensions>
          <ns3:TrackPointExtension>
            <ns3:hr>71</ns3:hr>
            <ns3:cad>0</ns3:cad>
          </ns3:TrackPointExtension>
        </extensions>
      </trkpt>
      <trkpt lat="32.2861802391707897186279296875" lon="118.28796900808811187744140625">
        <ele>148</ele>
        <time>2026-09-20T07:39:04.000Z</time>
        <extensions>
          <ns3:TrackPointExtension>
            <ns3:hr>72</ns3:hr>
            <ns3:cad>76</ns3:cad>
          </ns3:TrackPointExtension>
        </extensions>
      </trkpt>
      <trkpt lat="32.28618669323623180389404296875" lon="118.28796724788844585418701171875">
        <ele>147.8000030517578125</ele>
        <time>2026-09-20T07:39:05.000Z</time>
        <extensions>
          <ns3:TrackPointExtension>
            <ns3:hr>73</ns3:hr>
            <ns3:cad>76</ns3:cad>
          </ns3:TrackPointExtension>
        </extensions>
      </trkpt>
      <trkpt lat="32.286192812025547027587890625" lon="118.28796691261231899261474609375">
        <ele>147.600006103515625</ele>
        <time>2026-09-20T07:39:06.000Z</time>
        <extensions>
          <ns3:TrackPointExtension>
            <ns3:hr>76</ns3:hr>
            <ns3:cad>0</ns3:cad>
          </ns3:TrackPointExtension>
        </extensions>
      </trkpt>
      <trkpt lat="32.28620027191936969757080078125" lon="118.2879661582410335540771484375">
        <ele>147.600006103515625</ele>
        <time>2026-09-20T07:39:07.000Z</time>
        <extensions>
          <ns3:TrackPointExtension>
            <ns3:hr>79</ns3:hr>
            <ns3:cad>0</ns3:cad>
          </ns3:TrackPointExtension>
        </extensions>
      </trkpt>
      <trkpt lat="32.28620362468063831329345703125" lon="118.28796540386974811553955078125">
        <ele>147.399993896484375</ele>
        <time>2026-09-20T07:39:08.000Z</time>
        <extensions>
          <ns3:TrackPointExtension>
            <ns3:hr>83</ns3:hr>
            <ns3:cad>0</ns3:cad>
          </ns3:TrackPointExtension>
        </extensions>
      </trkpt>
      <trkpt lat="32.2862179577350616455078125" lon="118.28796842135488986968994140625">
        <ele>147</ele>
        <time>2026-09-20T07:39:12.000Z</time>
        <extensions>
          <ns3:TrackPointExtension>
            <ns3:hr>86</ns3:hr>
            <ns3:cad>0</ns3:cad>
          </ns3:TrackPointExtension>
        </extensions>
      </trkpt>
      <trkpt lat="32.28625140152871608734130859375" lon="118.2879701815545558929443359375">
        <ele>146.1999969482421875</ele>
        <time>2026-09-20T07:39:16.000Z</time>
        <extensions>
          <ns3:TrackPointExtension>
            <ns3:hr>86</ns3:hr>
            <ns3:cad>76</ns3:cad>
          </ns3:TrackPointExtension>
        </extensions>
      </trkpt>
      <trkpt lat="32.286268584430217742919921875" lon="118.2879691757261753082275390625">
        <ele>145.8000030517578125</ele>
        <time>2026-09-20T07:39:20.000Z</time>
        <extensions>
          <ns3:TrackPointExtension>
            <ns3:hr>86</ns3:hr>
            <ns3:cad>0</ns3:cad>
          </ns3:TrackPointExtension>
        </extensions>
      </trkpt>
      <trkpt lat="32.28628476150333881378173828125" lon="118.28795970417559146881103515625">
        <ele>145.8000030517578125</ele>
        <time>2026-09-20T07:39:24.000Z</time>
        <extensions>
          <ns3:TrackPointExtension>
            <ns3:hr>80</ns3:hr>
            <ns3:cad>0</ns3:cad>
          </ns3:TrackPointExtension>
        </extensions>
      </trkpt>
      <trkpt lat="32.28628643788397312164306640625" lon="118.2879550941288471221923828125">
        <ele>145.8000030517578125</ele>
        <time>2026-09-20T07:39:25.000Z</time>
        <extensions>
          <ns3:TrackPointExtension>
            <ns3:hr>75</ns3:hr>
            <ns3:cad>0</ns3:cad>
          </ns3:TrackPointExtension>
        </extensions>
      </trkpt>
      <trkpt lat="32.286291383206844329833984375" lon="118.2879514060914516448974609375">
        <ele>145.8000030517578125</ele>
        <time>2026-09-20T07:39:26.000Z</time>
        <extensions>
          <ns3:TrackPointExtension>
            <ns3:hr>71</ns3:hr>
            <ns3:cad>0</ns3:cad>
          </ns3:TrackPointExtension>
        </extensions>
      </trkpt>
      <trkpt lat="32.28629046119749546051025390625" lon="118.287959955632686614990234375">
        <ele>144.8000030517578125</ele>
        <time>2026-09-20T07:39:34.000Z</time>
        <extensions>
          <ns3:TrackPointExtension>
            <ns3:hr>70</ns3:hr>
            <ns3:cad>41</ns3:cad>
          </ns3:TrackPointExtension>
        </extensions>
      </trkpt>
      <trkpt lat="32.2863130085170269012451171875" lon="118.28797043301165103912353515625">
        <ele>143.8000030517578125</ele>
        <time>2026-09-20T07:39:42.000Z</time>
        <extensions>
          <ns3:TrackPointExtension>
            <ns3:hr>72</ns3:hr>
            <ns3:cad>0</ns3:cad>
          </ns3:TrackPointExtension>
        </extensions>
      </trkpt>
      <trkpt lat="32.286320887506008148193359375" lon="118.28796674497425556182861328125">
        <ele>143.399993896484375</ele>
        <time>2026-09-20T07:39:44.000Z</time>
        <extensions>
          <ns3:TrackPointExtension>
            <ns3:hr>73</ns3:hr>
            <ns3:cad>0</ns3:cad>
          </ns3:TrackPointExtension>
        </extensions>
      </trkpt>
      <trkpt lat="32.2863529063761234283447265625" lon="118.28797462396323680877685546875">
        <ele>142.600006103515625</ele>
        <time>2026-09-20T07:39:50.000Z</time>
        <extensions>
          <ns3:TrackPointExtension>
            <ns3:hr>72</ns3:hr>
            <ns3:cad>41</ns3:cad>
          </ns3:TrackPointExtension>
        </extensions>
      </trkpt>
      <trkpt lat="32.28637394495308399200439453125" lon="118.28798241913318634033203125">
        <ele>142.399993896484375</ele>
        <time>2026-09-20T07:39:52.000Z</time>
        <extensions>
          <ns3:TrackPointExtension>
            <ns3:hr>71</ns3:hr>
            <ns3:cad>41</ns3:cad>
          </ns3:TrackPointExtension>
        </extensions>
      </trkpt>
      <trkpt lat="32.28640462271869182586669921875" lon="118.28799926675856113433837890625">
        <ele>141.600006103515625</ele>
        <time>2026-09-20T07:39:59.000Z</time>
        <extensions>
          <ns3:TrackPointExtension>
            <ns3:hr>72</ns3:hr>
            <ns3:cad>0</ns3:cad>
          </ns3:TrackPointExtension>
        </extensions>
      </trkpt>
      <trkpt lat="32.28640998713672161102294921875" lon="118.288002200424671173095703125">
        <ele>141.399993896484375</ele>
        <time>2026-09-20T07:40:00.000Z</time>
        <extensions>
          <ns3:TrackPointExtension>
            <ns3:hr>73</ns3:hr>
            <ns3:cad>0</ns3:cad>
          </ns3:TrackPointExtension>
        </extensions>
      </trkpt>
      <trkpt lat="32.2864327020943164825439453125" lon="118.2880238257348537445068359375">
        <ele>140.399993896484375</ele>
        <time>2026-09-20T07:40:08.000Z</time>
        <extensions>
          <ns3:TrackPointExtension>
            <ns3:hr>73</ns3:hr>
            <ns3:cad>0</ns3:cad>
          </ns3:TrackPointExtension>
        </extensions>
      </trkpt>
      <trkpt lat="32.28644619695842266082763671875" lon="118.2880291901528835296630859375">
        <ele>140.1999969482421875</ele>
        <time>2026-09-20T07:40:10.000Z</time>
        <extensions>
          <ns3:TrackPointExtension>
            <ns3:hr>72</ns3:hr>
            <ns3:cad>0</ns3:cad>
          </ns3:TrackPointExtension>
        </extensions>
      </trkpt>
      <trkpt lat="32.2864861786365509033203125" lon="118.288051150739192962646484375">
        <ele>139.399993896484375</ele>
        <time>2026-09-20T07:40:19.000Z</time>
        <extensions>
          <ns3:TrackPointExtension>
            <ns3:hr>71</ns3:hr>
            <ns3:cad>0</ns3:cad>
          </ns3:TrackPointExtension>
        </extensions>
      </trkpt>
      <trkpt lat="32.286493219435214996337890625" lon="118.28805224038660526275634765625">
        <ele>139</ele>
        <time>2026-09-20T07:40:21.000Z</time>
        <extensions>
          <ns3:TrackPointExtension>
            <ns3:hr>71</ns3:hr>
            <ns3:cad>0</ns3:cad>
          </ns3:TrackPointExtension>
        </extensions>
      </trkpt>
      <trkpt lat="32.2865383140742778778076171875" lon="118.28807369805872440338134765625">
        <ele>138.399993896484375</ele>
        <time>2026-09-20T07:40:28.000Z</time>
        <extensions>
          <ns3:TrackPointExtension>
            <ns3:hr>71</ns3:hr>
            <ns3:cad>50</ns3:cad>
          </ns3:TrackPointExtension>
        </extensions>
      </trkpt>
      <trkpt lat="32.286546528339385986328125" lon="118.2880791462957859039306640625">
        <ele>138</ele>
        <time>2026-09-20T07:40:30.000Z</time>
        <extensions>
          <ns3:TrackPointExtension>
            <ns3:hr>71</ns3:hr>
            <ns3:cad>50</ns3:cad>
          </ns3:TrackPointExtension>
        </extensions>
      </trkpt>
      <trkpt lat="32.28660729713737964630126953125" lon="118.288118205964565277099609375">
        <ele>137.399993896484375</ele>
        <time>2026-09-20T07:40:40.000Z</time>
        <extensions>
          <ns3:TrackPointExtension>
            <ns3:hr>70</ns3:hr>
            <ns3:cad>0</ns3:cad>
          </ns3:TrackPointExtension>
        </extensions>
      </trkpt>
      <trkpt lat="32.28661182336509227752685546875" lon="118.28812189400196075439453125">
        <ele>137.1999969482421875</ele>
        <time>2026-09-20T07:40:42.000Z</time>
        <extensions>
          <ns3:TrackPointExtension>
            <ns3:hr>71</ns3:hr>
            <ns3:cad>47</ns3:cad>
          </ns3:TrackPointExtension>
        </extensions>
      </trkpt>
      <trkpt lat="32.28664166294038295745849609375" lon="118.2881398312747478485107421875">
        <ele>136.399993896484375</ele>
        <time>2026-09-20T07:40:49.000Z</time>
        <extensions>
          <ns3:TrackPointExtension>
            <ns3:hr>70</ns3:hr>
            <ns3:cad>43</ns3:cad>
          </ns3:TrackPointExtension>
        </extensions>
      </trkpt>
      <trkpt lat="32.286643423140048980712890625" lon="118.288142345845699310302734375">
        <ele>136.1999969482421875</ele>
        <time>2026-09-20T07:40:51.000Z</time>
        <extensions>
          <ns3:TrackPointExtension>
            <ns3:hr>70</ns3:hr>
            <ns3:cad>0</ns3:cad>
          </ns3:TrackPointExtension>
        </extensions>
      </trkpt>
      <trkpt lat="32.28667535819113254547119140625" lon="118.28816254623234272003173828125">
        <ele>135.1999969482421875</ele>
        <time>2026-09-20T07:40:59.000Z</time>
        <extensions>
          <ns3:TrackPointExtension>
            <ns3:hr>68</ns3:hr>
            <ns3:cad>0</ns3:cad>
          </ns3:TrackPointExtension>
        </extensions>
      </trkpt>
      <trkpt lat="32.286678962409496307373046875" lon="118.288165144622325897216796875">
        <ele>135.1999969482421875</ele>
        <time>2026-09-20T07:41:00.000Z</time>
        <extensions>
          <ns3:TrackPointExtension>
            <ns3:hr>67</ns3:hr>
            <ns3:cad>0</ns3:cad>
          </ns3:TrackPointExtension>
        </extensions>
      </trkpt>
      <trkpt lat="32.2867072932422161102294921875" lon="118.28817780129611492156982421875">
        <ele>135</ele>
        <time>2026-09-20T07:41:10.000Z</time>
        <extensions>
          <ns3:TrackPointExtension>
            <ns3:hr>68</ns3:hr>
            <ns3:cad>0</ns3:cad>
          </ns3:TrackPointExtension>
        </extensions>
      </trkpt>
      <trkpt lat="32.28673587553203105926513671875" lon="118.28821049071848392486572265625">
        <ele>135</ele>
        <time>2026-09-20T07:41:21.000Z</time>
        <extensions>
          <ns3:TrackPointExtension>
            <ns3:hr>70</ns3:hr>
            <ns3:cad>0</ns3:cad>
          </ns3:TrackPointExtension>
        </extensions>
      </trkpt>
      <trkpt lat="32.2867391444742679595947265625" lon="118.28820965252816677093505859375">
        <ele>135</ele>
        <time>2026-09-20T07:41:38.000Z</time>
        <extensions>
          <ns3:TrackPointExtension>
            <ns3:hr>73</ns3:hr>
            <ns3:cad>0</ns3:cad>
          </ns3:TrackPointExtension>
        </extensions>
      </trkpt>
      <trkpt lat="32.2867240570485591888427734375" lon="118.28821216709911823272705078125">
        <ele>135.1999969482421875</ele>
        <time>2026-09-20T07:41:44.000Z</time>
        <extensions>
          <ns3:TrackPointExtension>
            <ns3:hr>72</ns3:hr>
            <ns3:cad>0</ns3:cad>
          </ns3:TrackPointExtension>
        </extensions>
      </trkpt>
      <trkpt lat="32.28668390773236751556396484375" lon="118.2881896197795867919921875">
        <ele>135.1999969482421875</ele>
        <time>2026-09-20T07:42:00.000Z</time>
        <extensions>
          <ns3:TrackPointExtension>
            <ns3:hr>75</ns3:hr>
            <ns3:cad>0</ns3:cad>
          </ns3:TrackPointExtension>
        </extensions>
      </trkpt>
      <trkpt lat="32.28669865988194942474365234375" lon="118.2881914637982845306396484375">
        <ele>134.8000030517578125</ele>
        <time>2026-09-20T07:42:04.000Z</time>
        <extensions>
          <ns3:TrackPointExtension>
            <ns3:hr>74</ns3:hr>
            <ns3:cad>0</ns3:cad>
          </ns3:TrackPointExtension>
        </extensions>
      </trkpt>
      <trkpt lat="32.286723218858242034912109375" lon="118.28819976188242435455322265625">
        <ele>134</ele>
        <time>2026-09-20T07:42:09.000Z</time>
        <extensions>
          <ns3:TrackPointExtension>
            <ns3:hr>74</ns3:hr>
            <ns3:cad>45</ns3:cad>
          </ns3:TrackPointExtension>
        </extensions>
      </trkpt>
      <trkpt lat="32.2867317683994770050048828125" lon="118.2882031984627246856689453125">
        <ele>133.8000030517578125</ele>
        <time>2026-09-20T07:42:11.000Z</time>
        <extensions>
          <ns3:TrackPointExtension>
            <ns3:hr>74</ns3:hr>
            <ns3:cad>0</ns3:cad>
          </ns3:TrackPointExtension>
        </extensions>
      </trkpt>
      <trkpt lat="32.28675934486091136932373046875" lon="118.28822356648743152618408203125">
        <ele>133</ele>
        <time>2026-09-20T07:42:16.000Z</time>
        <extensions>
          <ns3:TrackPointExtension>
            <ns3:hr>77</ns3:hr>
            <ns3:cad>43</ns3:cad>
          </ns3:TrackPointExtension>
        </extensions>
      </trkpt>
      <trkpt lat="32.2867800481617450714111328125" lon="118.288246281445026397705078125">
        <ele>132.600006103515625</ele>
        <time>2026-09-20T07:42:20.000Z</time>
        <extensions>
          <ns3:TrackPointExtension>
            <ns3:hr>79</ns3:hr>
            <ns3:cad>0</ns3:cad>
          </ns3:TrackPointExtension>
        </extensions>
      </trkpt>
      <trkpt lat="32.2867998294532299041748046875" lon="118.2882789708673954010009765625">
        <ele>132</ele>
        <time>2026-09-20T07:42:25.000Z</time>
        <extensions>
          <ns3:TrackPointExtension>
            <ns3:hr>79</ns3:hr>
            <ns3:cad>0</ns3:cad>
          </ns3:TrackPointExtension>
        </extensions>
      </trkpt>
      <trkpt lat="32.28680376894772052764892578125" lon="118.28827335499227046966552734375">
        <ele>132</ele>
        <time>2026-09-20T07:42:30.000Z</time>
        <extensions>
          <ns3:TrackPointExtension>
            <ns3:hr>79</ns3:hr>
            <ns3:cad>0</ns3:cad>
          </ns3:TrackPointExtension>
        </extensions>
      </trkpt>
      <trkpt lat="32.28682170622050762176513671875" lon="118.28826597891747951507568359375">
        <ele>132</ele>
        <time>2026-09-20T07:42:38.000Z</time>
        <extensions>
          <ns3:TrackPointExtension>
            <ns3:hr>77</ns3:hr>
            <ns3:cad>0</ns3:cad>
          </ns3:TrackPointExtension>
        </extensions>
      </trkpt>
      <trkpt lat="32.2868375480175018310546875" lon="118.28828056342899799346923828125">
        <ele>131.8000030517578125</ele>
        <time>2026-09-20T07:42:50.000Z</time>
        <extensions>
          <ns3:TrackPointExtension>
            <ns3:hr>76</ns3:hr>
            <ns3:cad>0</ns3:cad>
          </ns3:TrackPointExtension>
        </extensions>
      </trkpt>
      <trkpt lat="32.28683327324688434600830078125" lon="118.2882727682590484619140625">
        <ele>131.8000030517578125</ele>
        <time>2026-09-20T07:42:53.000Z</time>
        <extensions>
          <ns3:TrackPointExtension>
            <ns3:hr>73</ns3:hr>
            <ns3:cad>0</ns3:cad>
          </ns3:TrackPointExtension>
        </extensions>
      </trkpt>
      <trkpt lat="32.286809049546718597412109375" lon="118.28825893811881542205810546875">
        <ele>131.8000030517578125</ele>
        <time>2026-09-20T07:43:05.000Z</time>
        <extensions>
          <ns3:TrackPointExtension>
            <ns3:hr>72</ns3:hr>
            <ns3:cad>0</ns3:cad>
          </ns3:TrackPointExtension>
        </extensions>
      </trkpt>
      <trkpt lat="32.28684165515005588531494140625" lon="118.28831777907907962799072265625">
        <ele>131.399993896484375</ele>
        <time>2026-09-20T07:43:12.000Z</time>
        <extensions>
          <ns3:TrackPointExtension>
            <ns3:hr>72</ns3:hr>
            <ns3:cad>0</ns3:cad>
          </ns3:TrackPointExtension>
        </extensions>
      </trkpt>
      <trkpt lat="32.28687400929629802703857421875" lon="118.288338147103786468505859375">
        <ele>130.8000030517578125</ele>
        <time>2026-09-20T07:43:19.000Z</time>
        <extensions>
          <ns3:TrackPointExtension>
            <ns3:hr>73</ns3:hr>
            <ns3:cad>0</ns3:cad>
          </ns3:TrackPointExtension>
        </extensions>
      </trkpt>
      <trkpt lat="32.28688356466591358184814453125" lon="118.28834912739694118499755859375">
        <ele>130.1999969482421875</ele>
        <time>2026-09-20T07:43:28.000Z</time>
        <extensions>
          <ns3:TrackPointExtension>
            <ns3:hr>74</ns3:hr>
            <ns3:cad>0</ns3:cad>
          </ns3:TrackPointExtension>
        </extensions>
      </trkpt>
      <trkpt lat="32.28689496405422687530517578125" lon="118.288368321955204010009765625">
        <ele>130.1999969482421875</ele>
        <time>2026-09-20T07:43:34.000Z</time>
        <extensions>
          <ns3:TrackPointExtension>
            <ns3:hr>71</ns3:hr>
            <ns3:cad>0</ns3:cad>
          </ns3:TrackPointExtension>
        </extensions>
      </trkpt>
      <trkpt lat="32.286905609071254730224609375" lon="118.28837427310645580291748046875">
        <ele>130</ele>
        <time>2026-09-20T07:43:37.000Z</time>
        <extensions>
          <ns3:TrackPointExtension>
            <ns3:hr>71</ns3:hr>
            <ns3:cad>0</ns3:cad>
          </ns3:TrackPointExtension>
        </extensions>
      </trkpt>
      <trkpt lat="32.28691088967025279998779296875" lon="118.28837938606739044189453125">
        <ele>129.600006103515625</ele>
        <time>2026-09-20T07:43:43.000Z</time>
        <extensions>
          <ns3:TrackPointExtension>
            <ns3:hr>71</ns3:hr>
            <ns3:cad>0</ns3:cad>
          </ns3:TrackPointExtension>
        </extensions>
      </trkpt>
      <trkpt lat="32.28692002594470977783203125" lon="118.2883876003324985504150390625">
        <ele>129.1999969482421875</ele>
        <time>2026-09-20T07:43:46.000Z</time>
        <extensions>
          <ns3:TrackPointExtension>
            <ns3:hr>72</ns3:hr>
            <ns3:cad>41</ns3:cad>
          </ns3:TrackPointExtension>
        </extensions>
      </trkpt>
      <trkpt lat="32.28693419136106967926025390625" lon="118.2884122431278228759765625">
        <ele>128.600006103515625</ele>
        <time>2026-09-20T07:43:53.000Z</time>
        <extensions>
          <ns3:TrackPointExtension>
            <ns3:hr>74</ns3:hr>
            <ns3:cad>0</ns3:cad>
          </ns3:TrackPointExtension>
        </extensions>
      </trkpt>
      <trkpt lat="32.2869394719600677490234375" lon="118.288418948650360107421875">
        <ele>128.399993896484375</ele>
        <time>2026-09-20T07:43:56.000Z</time>
        <extensions>
          <ns3:TrackPointExtension>
            <ns3:hr>74</ns3:hr>
            <ns3:cad>0</ns3:cad>
          </ns3:TrackPointExtension>
        </extensions>
      </trkpt>
      <trkpt lat="32.2869895957410335540771484375" lon="118.28843914903700351715087890625">
        <ele>127.8000030517578125</ele>
        <time>2026-09-20T07:44:04.000Z</time>
        <extensions>
          <ns3:TrackPointExtension>
            <ns3:hr>75</ns3:hr>
            <ns3:cad>0</ns3:cad>
          </ns3:TrackPointExtension>
        </extensions>
      </trkpt>
      <trkpt lat="32.28699387051165103912353515625" lon="118.28843210823833942413330078125">
        <ele>127.59999847412109375</ele>
        <time>2026-09-20T07:44:16.000Z</time>
        <extensions>
          <ns3:TrackPointExtension>
            <ns3:hr>77</ns3:hr>
            <ns3:cad>0</ns3:cad>
          </ns3:TrackPointExtension>
        </extensions>
      </trkpt>
      <trkpt lat="32.28699219413101673126220703125" lon="118.28843026421964168548583984375">
        <ele>127.59999847412109375</ele>
        <time>2026-09-20T07:44:18.000Z</time>
        <extensions>
          <ns3:TrackPointExtension>
            <ns3:hr>78</ns3:hr>
            <ns3:cad>0</ns3:cad>
          </ns3:TrackPointExtension>
        </extensions>
      </trkpt>
      <trkpt lat="32.28700443170964717864990234375" lon="118.28844937495887279510498046875">
        <ele>126.59999847412109375</ele>
        <time>2026-09-20T07:44:24.000Z</time>
        <extensions>
          <ns3:TrackPointExtension>
            <ns3:hr>77</ns3:hr>
            <ns3:cad>41</ns3:cad>
          </ns3:TrackPointExtension>
        </extensions>
      </trkpt>
      <trkpt lat="32.28700987994670867919921875" lon="118.28845423646271228790283203125">
        <ele>126.40000152587890625</ele>
        <time>2026-09-20T07:44:25.000Z</time>
        <extensions>
          <ns3:TrackPointExtension>
            <ns3:hr>77</ns3:hr>
            <ns3:cad>0</ns3:cad>
          </ns3:TrackPointExtension>
        </extensions>
      </trkpt>
      <trkpt lat="32.2870395518839359283447265625" lon="118.28847535885870456695556640625">
        <ele>125.59999847412109375</ele>
        <time>2026-09-20T07:44:32.000Z</time>
        <extensions>
          <ns3:TrackPointExtension>
            <ns3:hr>77</ns3:hr>
            <ns3:cad>0</ns3:cad>
          </ns3:TrackPointExtension>
        </extensions>
      </trkpt>
      <trkpt lat="32.2870546393096446990966796875" lon="118.28848860226571559906005859375">
        <ele>125.1999969482421875</ele>
        <time>2026-09-20T07:44:35.000Z</time>
        <extensions>
          <ns3:TrackPointExtension>
            <ns3:hr>76</ns3:hr>
            <ns3:cad>0</ns3:cad>
          </ns3:TrackPointExtension>
        </extensions>
      </trkpt>
      <trkpt lat="32.2870655357837677001953125" lon="118.28850771300494670867919921875">
        <ele>124.40000152587890625</ele>
        <time>2026-09-20T07:44:40.000Z</time>
        <extensions>
          <ns3:TrackPointExtension>
            <ns3:hr>76</ns3:hr>
            <ns3:cad>44</ns3:cad>
          </ns3:TrackPointExtension>
        </extensions>
      </trkpt>
      <trkpt lat="32.28707903064787387847900390625" lon="118.2885448448359966278076171875">
        <ele>123.40000152587890625</ele>
        <time>2026-09-20T07:44:47.000Z</time>
        <extensions>
          <ns3:TrackPointExtension>
            <ns3:hr>74</ns3:hr>
            <ns3:cad>0</ns3:cad>
          </ns3:TrackPointExtension>
        </extensions>
      </trkpt>
      <trkpt lat="32.287109456956386566162109375" lon="118.2885834015905857086181640625">
        <ele>122.40000152587890625</ele>
        <time>2026-09-20T07:44:54.000Z</time>
        <extensions>
          <ns3:TrackPointExtension>
            <ns3:hr>74</ns3:hr>
            <ns3:cad>50</ns3:cad>
          </ns3:TrackPointExtension>
        </extensions>
      </trkpt>
      <trkpt lat="32.2871156595647335052490234375" lon="118.2885954715311527252197265625">
        <ele>122</ele>
        <time>2026-09-20T07:44:57.000Z</time>
        <extensions>
          <ns3:TrackPointExtension>
            <ns3:hr>74</ns3:hr>
            <ns3:cad>53</ns3:cad>
          </ns3:TrackPointExtension>
        </extensions>
      </trkpt>
      <trkpt lat="32.28712144307792186737060546875" lon="118.2886142469942569732666015625">
        <ele>121.1999969482421875</ele>
        <time>2026-09-20T07:45:02.000Z</time>
        <extensions>
          <ns3:TrackPointExtension>
            <ns3:hr>73</ns3:hr>
            <ns3:cad>47</ns3:cad>
          </ns3:TrackPointExtension>
        </extensions>
      </trkpt>
      <trkpt lat="32.2871263884007930755615234375" lon="118.288619108498096466064453125">
        <ele>120.40000152587890625</ele>
        <time>2026-09-20T07:45:05.000Z</time>
        <extensions>
          <ns3:TrackPointExtension>
            <ns3:hr>74</ns3:hr>
            <ns3:cad>47</ns3:cad>
          </ns3:TrackPointExtension>
        </extensions>
      </trkpt>
      <trkpt lat="32.28713166899979114532470703125" lon="118.2886196114122867584228515625">
        <ele>120.1999969482421875</ele>
        <time>2026-09-20T07:45:06.000Z</time>
        <extensions>
          <ns3:TrackPointExtension>
            <ns3:hr>73</ns3:hr>
            <ns3:cad>47</ns3:cad>
          </ns3:TrackPointExtension>
        </extensions>
      </trkpt>
      <trkpt lat="32.28715714998543262481689453125" lon="118.28862187452614307403564453125">
        <ele>119</ele>
        <time>2026-09-20T07:45:14.000Z</time>
        <extensions>
          <ns3:TrackPointExtension>
            <ns3:hr>74</ns3:hr>
            <ns3:cad>44</ns3:cad>
          </ns3:TrackPointExtension>
        </extensions>
      </trkpt>
      <trkpt lat="32.2871652804315090179443359375" lon="118.28862288035452365875244140625">
        <ele>118.8000030517578125</ele>
        <time>2026-09-20T07:45:15.000Z</time>
        <extensions>
          <ns3:TrackPointExtension>
            <ns3:hr>74</ns3:hr>
            <ns3:cad>44</ns3:cad>
          </ns3:TrackPointExtension>
        </extensions>
      </trkpt>
      <trkpt lat="32.28720073588192462921142578125" lon="118.288621790707111358642578125">
        <ele>117.8000030517578125</ele>
        <time>2026-09-20T07:45:21.000Z</time>
        <extensions>
          <ns3:TrackPointExtension>
            <ns3:hr>74</ns3:hr>
            <ns3:cad>45</ns3:cad>
          </ns3:TrackPointExtension>
        </extensions>
      </trkpt>
      <trkpt lat="32.28722353465855121612548828125" lon="118.2886268198490142822265625">
        <ele>117.1999969482421875</ele>
        <time>2026-09-20T07:45:25.000Z</time>
        <extensions>
          <ns3:TrackPointExtension>
            <ns3:hr>74</ns3:hr>
            <ns3:cad>45</ns3:cad>
          </ns3:TrackPointExtension>
        </extensions>
      </trkpt>
      <trkpt lat="32.28723443113267421722412109375" lon="118.28862740658223628997802734375">
        <ele>116.8000030517578125</ele>
        <time>2026-09-20T07:45:27.000Z</time>
        <extensions>
          <ns3:TrackPointExtension>
            <ns3:hr>74</ns3:hr>
            <ns3:cad>45</ns3:cad>
          </ns3:TrackPointExtension>
        </extensions>
      </trkpt>
      <trkpt lat="32.28725320659577846527099609375" lon="118.28862992115318775177001953125">
        <ele>115.8000030517578125</ele>
        <time>2026-09-20T07:45:32.000Z</time>
        <extensions>
          <ns3:TrackPointExtension>
            <ns3:hr>74</ns3:hr>
            <ns3:cad>43</ns3:cad>
          </ns3:TrackPointExtension>
        </extensions>
      </trkpt>
      <trkpt lat="32.28726980276405811309814453125" lon="118.2886353693902492523193359375">
        <ele>115.40000152587890625</ele>
        <time>2026-09-20T07:45:35.000Z</time>
        <extensions>
          <ns3:TrackPointExtension>
            <ns3:hr>75</ns3:hr>
            <ns3:cad>43</ns3:cad>
          </ns3:TrackPointExtension>
        </extensions>
      </trkpt>
      <trkpt lat="32.287291176617145538330078125" lon="118.2886363752186298370361328125">
        <ele>114.59999847412109375</ele>
        <time>2026-09-20T07:45:39.000Z</time>
        <extensions>
          <ns3:TrackPointExtension>
            <ns3:hr>76</ns3:hr>
            <ns3:cad>43</ns3:cad>
          </ns3:TrackPointExtension>
        </extensions>
      </trkpt>
      <trkpt lat="32.2873231954872608184814453125" lon="118.288649953901767730712890625">
        <ele>113.59999847412109375</ele>
        <time>2026-09-20T07:45:45.000Z</time>
        <extensions>
          <ns3:TrackPointExtension>
            <ns3:hr>78</ns3:hr>
            <ns3:cad>45</ns3:cad>
          </ns3:TrackPointExtension>
        </extensions>
      </trkpt>
      <trkpt lat="32.2873480059206485748291015625" lon="118.28867032192647457122802734375">
        <ele>112.59999847412109375</ele>
        <time>2026-09-20T07:45:51.000Z</time>
        <extensions>
          <ns3:TrackPointExtension>
            <ns3:hr>79</ns3:hr>
            <ns3:cad>44</ns3:cad>
          </ns3:TrackPointExtension>
        </extensions>
      </trkpt>
      <trkpt lat="32.287368290126323699951171875" lon="118.28869228251278400421142578125">
        <ele>111.59999847412109375</ele>
        <time>2026-09-20T07:45:55.000Z</time>
        <extensions>
          <ns3:TrackPointExtension>
            <ns3:hr>78</ns3:hr>
            <ns3:cad>44</ns3:cad>
          </ns3:TrackPointExtension>
        </extensions>
      </trkpt>
      <trkpt lat="32.28737197816371917724609375" lon="118.2886973954737186431884765625">
        <ele>111.40000152587890625</ele>
        <time>2026-09-20T07:45:56.000Z</time>
        <extensions>
          <ns3:TrackPointExtension>
            <ns3:hr>77</ns3:hr>
            <ns3:cad>44</ns3:cad>
          </ns3:TrackPointExtension>
        </extensions>
      </trkpt>
      <trkpt lat="32.2873892448842525482177734375" lon="118.28873821534216403961181640625">
        <ele>110.1999969482421875</ele>
        <time>2026-09-20T07:46:04.000Z</time>
        <extensions>
          <ns3:TrackPointExtension>
            <ns3:hr>77</ns3:hr>
            <ns3:cad>46</ns3:cad>
          </ns3:TrackPointExtension>
        </extensions>
      </trkpt>
      <trkpt lat="32.28739209473133087158203125" lon="118.2887433283030986785888671875">
        <ele>110.1999969482421875</ele>
        <time>2026-09-20T07:46:05.000Z</time>
        <extensions>
          <ns3:TrackPointExtension>
            <ns3:hr>76</ns3:hr>
            <ns3:cad>46</ns3:cad>
          </ns3:TrackPointExtension>
        </extensions>
      </trkpt>
      <trkpt lat="32.28740751743316650390625" lon="118.2887748442590236663818359375">
        <ele>109.1999969482421875</ele>
        <time>2026-09-20T07:46:11.000Z</time>
        <extensions>
          <ns3:TrackPointExtension>
            <ns3:hr>76</ns3:hr>
            <ns3:cad>47</ns3:cad>
          </ns3:TrackPointExtension>
        </extensions>
      </trkpt>
      <trkpt lat="32.2874200902879238128662109375" lon="118.28879286535084247589111328125">
        <ele>108.40000152587890625</ele>
        <time>2026-09-20T07:46:15.000Z</time>
        <extensions>
          <ns3:TrackPointExtension>
            <ns3:hr>78</ns3:hr>
            <ns3:cad>46</ns3:cad>
          </ns3:TrackPointExtension>
        </extensions>
      </trkpt>
      <trkpt lat="32.28742134757339954376220703125" lon="118.2887966372072696685791015625">
        <ele>108</ele>
        <time>2026-09-20T07:46:16.000Z</time>
        <extensions>
          <ns3:TrackPointExtension>
            <ns3:hr>78</ns3:hr>
            <ns3:cad>48</ns3:cad>
          </ns3:TrackPointExtension>
        </extensions>
      </trkpt>
      <trkpt lat="32.28744213469326496124267578125" lon="118.28882622532546520233154296875">
        <ele>107</ele>
        <time>2026-09-20T07:46:21.000Z</time>
        <extensions>
          <ns3:TrackPointExtension>
            <ns3:hr>79</ns3:hr>
            <ns3:cad>47</ns3:cad>
          </ns3:TrackPointExtension>
        </extensions>
      </trkpt>
      <trkpt lat="32.2874485887587070465087890625" lon="118.2888328470289707183837890625">
        <ele>106.59999847412109375</ele>
        <time>2026-09-20T07:46:23.000Z</time>
        <extensions>
          <ns3:TrackPointExtension>
            <ns3:hr>79</ns3:hr>
            <ns3:cad>47</ns3:cad>
          </ns3:TrackPointExtension>
        </extensions>
      </trkpt>
      <trkpt lat="32.28745470754802227020263671875" lon="118.28883896581828594207763671875">
        <ele>106</ele>
        <time>2026-09-20T07:46:26.000Z</time>
        <extensions>
          <ns3:TrackPointExtension>
            <ns3:hr>78</ns3:hr>
            <ns3:cad>45</ns3:cad>
          </ns3:TrackPointExtension>
        </extensions>
      </trkpt>
      <trkpt lat="32.28748186491429805755615234375" lon="118.28883930109441280364990234375">
        <ele>105</ele>
        <time>2026-09-20T07:46:32.000Z</time>
        <extensions>
          <ns3:TrackPointExtension>
            <ns3:hr>78</ns3:hr>
            <ns3:cad>46</ns3:cad>
          </ns3:TrackPointExtension>
        </extensions>
      </trkpt>
      <trkpt lat="32.28748152963817119598388671875" lon="118.2888372056186199188232421875">
        <ele>104.8000030517578125</ele>
        <time>2026-09-20T07:46:33.000Z</time>
        <extensions>
          <ns3:TrackPointExtension>
            <ns3:hr>78</ns3:hr>
            <ns3:cad>46</ns3:cad>
          </ns3:TrackPointExtension>
        </extensions>
      </trkpt>
      <trkpt lat="32.28750315494835376739501953125" lon="118.2888375408947467803955078125">
        <ele>103.8000030517578125</ele>
        <time>2026-09-20T07:46:38.000Z</time>
        <extensions>
          <ns3:TrackPointExtension>
            <ns3:hr>79</ns3:hr>
            <ns3:cad>44</ns3:cad>
          </ns3:TrackPointExtension>
        </extensions>
      </trkpt>
      <trkpt lat="32.2875109501183032989501953125" lon="118.28883762471377849578857421875">
        <ele>103.40000152587890625</ele>
        <time>2026-09-20T07:46:40.000Z</time>
        <extensions>
          <ns3:TrackPointExtension>
            <ns3:hr>79</ns3:hr>
            <ns3:cad>44</ns3:cad>
          </ns3:TrackPointExtension>
        </extensions>
      </trkpt>
      <trkpt lat="32.28751924820244312286376953125" lon="118.2888425700366497039794921875">
        <ele>102.8000030517578125</ele>
        <time>2026-09-20T07:46:45.000Z</time>
        <extensions>
          <ns3:TrackPointExtension>
            <ns3:hr>79</ns3:hr>
            <ns3:cad>43</ns3:cad>
          </ns3:TrackPointExtension>
        </extensions>
      </trkpt>
      <trkpt lat="32.287552021443843841552734375" lon="118.2888449169695377349853515625">
        <ele>102</ele>
        <time>2026-09-20T07:46:49.000Z</time>
        <extensions>
          <ns3:TrackPointExtension>
            <ns3:hr>79</ns3:hr>
            <ns3:cad>41</ns3:cad>
          </ns3:TrackPointExtension>
        </extensions>
      </trkpt>
      <trkpt lat="32.28755931369960308074951171875" lon="118.28884433023631572723388671875">
        <ele>101.59999847412109375</ele>
        <time>2026-09-20T07:46:51.000Z</time>
        <extensions>
          <ns3:TrackPointExtension>
            <ns3:hr>79</ns3:hr>
            <ns3:cad>41</ns3:cad>
          </ns3:TrackPointExtension>
        </extensions>
      </trkpt>
      <trkpt lat="32.287569455802440643310546875" lon="118.28884718008339405059814453125">
        <ele>101.40000152587890625</ele>
        <time>2026-09-20T07:46:54.000Z</time>
        <extensions>
          <ns3:TrackPointExtension>
            <ns3:hr>76</ns3:hr>
            <ns3:cad>45</ns3:cad>
          </ns3:TrackPointExtension>
        </extensions>
      </trkpt>
      <trkpt lat="32.28757339529693126678466796875" lon="118.288852460682392120361328125">
        <ele>100.59999847412109375</ele>
        <time>2026-09-20T07:46:57.000Z</time>
        <extensions>
          <ns3:TrackPointExtension>
            <ns3:hr>76</ns3:hr>
            <ns3:cad>43</ns3:cad>
          </ns3:TrackPointExtension>
        </extensions>
      </trkpt>
      <trkpt lat="32.28759887628257274627685546875" lon="118.2888526283204555511474609375">
        <ele>99.59999847412109375</ele>
        <time>2026-09-20T07:47:02.000Z</time>
        <extensions>
          <ns3:TrackPointExtension>
            <ns3:hr>75</ns3:hr>
            <ns3:cad>78</ns3:cad>
          </ns3:TrackPointExtension>
        </extensions>
      </trkpt>
      <trkpt lat="32.28762418963015079498291015625" lon="118.28883779235184192657470703125">
        <ele>99</ele>
        <time>2026-09-20T07:47:07.000Z</time>
        <extensions>
          <ns3:TrackPointExtension>
            <ns3:hr>76</ns3:hr>
            <ns3:cad>45</ns3:cad>
          </ns3:TrackPointExtension>
        </extensions>
      </trkpt>
      <trkpt lat="32.28762938641011714935302734375" lon="118.28882999718189239501953125">
        <ele>98.59999847412109375</ele>
        <time>2026-09-20T07:47:09.000Z</time>
        <extensions>
          <ns3:TrackPointExtension>
            <ns3:hr>76</ns3:hr>
            <ns3:cad>46</ns3:cad>
          </ns3:TrackPointExtension>
        </extensions>
      </trkpt>
      <trkpt lat="32.2876517660915851593017578125" lon="118.28880342654883861541748046875">
        <ele>97.8000030517578125</ele>
        <time>2026-09-20T07:47:14.000Z</time>
        <extensions>
          <ns3:TrackPointExtension>
            <ns3:hr>77</ns3:hr>
            <ns3:cad>47</ns3:cad>
          </ns3:TrackPointExtension>
        </extensions>
      </trkpt>
      <trkpt lat="32.287658639252185821533203125" lon="118.28879957087337970733642578125">
        <ele>97.40000152587890625</ele>
        <time>2026-09-20T07:47:16.000Z</time>
        <extensions>
          <ns3:TrackPointExtension>
            <ns3:hr>78</ns3:hr>
            <ns3:cad>47</ns3:cad>
          </ns3:TrackPointExtension>
        </extensions>
      </trkpt>
      <trkpt lat="32.2876849584281444549560546875" lon="118.28880946151912212371826171875">
        <ele>97</ele>
        <time>2026-09-20T07:47:20.000Z</time>
        <extensions>
          <ns3:TrackPointExtension>
            <ns3:hr>82</ns3:hr>
            <ns3:cad>44</ns3:cad>
          </ns3:TrackPointExtension>
        </extensions>
      </trkpt>
      <trkpt lat="32.287696190178394317626953125" lon="118.28882471658289432525634765625">
        <ele>96.8000030517578125</ele>
        <time>2026-09-20T07:47:22.000Z</time>
        <extensions>
          <ns3:TrackPointExtension>
            <ns3:hr>85</ns3:hr>
            <ns3:cad>0</ns3:cad>
          </ns3:TrackPointExtension>
        </extensions>
      </trkpt>
      <trkpt lat="32.28770080022513866424560546875" lon="118.28884785063564777374267578125">
        <ele>96.40000152587890625</ele>
        <time>2026-09-20T07:47:25.000Z</time>
        <extensions>
          <ns3:TrackPointExtension>
            <ns3:hr>85</ns3:hr>
            <ns3:cad>15</ns3:cad>
          </ns3:TrackPointExtension>
        </extensions>
      </trkpt>
      <trkpt lat="32.287720330059528350830078125" lon="118.28886763192713260650634765625">
        <ele>95.59999847412109375</ele>
        <time>2026-09-20T07:47:29.000Z</time>
        <extensions>
          <ns3:TrackPointExtension>
            <ns3:hr>86</ns3:hr>
            <ns3:cad>44</ns3:cad>
          </ns3:TrackPointExtension>
        </extensions>
      </trkpt>
      <trkpt lat="32.287728376686573028564453125" lon="118.28887701965868473052978515625">
        <ele>95.40000152587890625</ele>
        <time>2026-09-20T07:47:31.000Z</time>
        <extensions>
          <ns3:TrackPointExtension>
            <ns3:hr>86</ns3:hr>
            <ns3:cad>45</ns3:cad>
          </ns3:TrackPointExtension>
        </extensions>
      </trkpt>
      <trkpt lat="32.287751846015453338623046875" lon="118.28892462886869907379150390625">
        <ele>94.59999847412109375</ele>
        <time>2026-09-20T07:47:37.000Z</time>
        <extensions>
          <ns3:TrackPointExtension>
            <ns3:hr>89</ns3:hr>
            <ns3:cad>44</ns3:cad>
          </ns3:TrackPointExtension>
        </extensions>
      </trkpt>
      <trkpt lat="32.2877540253102779388427734375" lon="118.28892831690609455108642578125">
        <ele>94.59999847412109375</ele>
        <time>2026-09-20T07:47:38.000Z</time>
        <extensions>
          <ns3:TrackPointExtension>
            <ns3:hr>89</ns3:hr>
            <ns3:cad>0</ns3:cad>
          </ns3:TrackPointExtension>
        </extensions>
      </trkpt>
      <trkpt lat="32.2877562046051025390625" lon="118.28893954865634441375732421875">
        <ele>94.1999969482421875</ele>
        <time>2026-09-20T07:47:40.000Z</time>
        <extensions>
          <ns3:TrackPointExtension>
            <ns3:hr>89</ns3:hr>
            <ns3:cad>0</ns3:cad>
          </ns3:TrackPointExtension>
        </extensions>
      </trkpt>
      <trkpt lat="32.28776450268924236297607421875" lon="118.28897994942963123321533203125">
        <ele>93</ele>
        <time>2026-09-20T07:47:47.000Z</time>
        <extensions>
          <ns3:TrackPointExtension>
            <ns3:hr>91</ns3:hr>
            <ns3:cad>45</ns3:cad>
          </ns3:TrackPointExtension>
        </extensions>
      </trkpt>
      <trkpt lat="32.28777137584984302520751953125" lon="118.28898397274315357208251953125">
        <ele>92.59999847412109375</ele>
        <time>2026-09-20T07:47:52.000Z</time>
        <extensions>
          <ns3:TrackPointExtension>
            <ns3:hr>94</ns3:hr>
            <ns3:cad>44</ns3:cad>
          </ns3:TrackPointExtension>
        </extensions>
      </trkpt>
      <trkpt lat="32.28777523152530193328857421875" lon="118.28896670602262020111083984375">
        <ele>92</ele>
        <time>2026-09-20T07:47:55.000Z</time>
        <extensions>
          <ns3:TrackPointExtension>
            <ns3:hr>92</ns3:hr>
            <ns3:cad>0</ns3:cad>
          </ns3:TrackPointExtension>
        </extensions>
      </trkpt>
      <trkpt lat="32.28780691511929035186767578125" lon="118.28893401660025119781494140625">
        <ele>91</ele>
        <time>2026-09-20T07:48:02.000Z</time>
        <extensions>
          <ns3:TrackPointExtension>
            <ns3:hr>91</ns3:hr>
            <ns3:cad>44</ns3:cad>
          </ns3:TrackPointExtension>
        </extensions>
      </trkpt>
      <trkpt lat="32.28780775330960750579833984375" lon="118.2889297418296337127685546875">
        <ele>90.8000030517578125</ele>
        <time>2026-09-20T07:48:03.000Z</time>
        <extensions>
          <ns3:TrackPointExtension>
            <ns3:hr>90</ns3:hr>
            <ns3:cad>41</ns3:cad>
          </ns3:TrackPointExtension>
        </extensions>
      </trkpt>
      <trkpt lat="32.28781680576503276824951171875" lon="118.28890954144299030303955078125">
        <ele>90</ele>
        <time>2026-09-20T07:48:10.000Z</time>
        <extensions>
          <ns3:TrackPointExtension>
            <ns3:hr>90</ns3:hr>
            <ns3:cad>41</ns3:cad>
          </ns3:TrackPointExtension>
        </extensions>
      </trkpt>
      <trkpt lat="32.2878251038491725921630859375" lon="118.288906775414943695068359375">
        <ele>89.8000030517578125</ele>
        <time>2026-09-20T07:48:11.000Z</time>
        <extensions>
          <ns3:TrackPointExtension>
            <ns3:hr>89</ns3:hr>
            <ns3:cad>0</ns3:cad>
          </ns3:TrackPointExtension>
        </extensions>
      </trkpt>
      <trkpt lat="32.287867851555347442626953125" lon="118.28891851007938385009765625">
        <ele>88.59999847412109375</ele>
        <time>2026-09-20T07:48:18.000Z</time>
        <extensions>
          <ns3:TrackPointExtension>
            <ns3:hr>89</ns3:hr>
            <ns3:cad>42</ns3:cad>
          </ns3:TrackPointExtension>
        </extensions>
      </trkpt>
      <trkpt lat="32.28789475746452808380126953125" lon="118.28892831690609455108642578125">
        <ele>87.59999847412109375</ele>
        <time>2026-09-20T07:48:23.000Z</time>
        <extensions>
          <ns3:TrackPointExtension>
            <ns3:hr>88</ns3:hr>
            <ns3:cad>43</ns3:cad>
          </ns3:TrackPointExtension>
        </extensions>
      </trkpt>
      <trkpt lat="32.28791722096502780914306640625" lon="118.28895094804465770721435546875">
        <ele>86.8000030517578125</ele>
        <time>2026-09-20T07:48:28.000Z</time>
        <extensions>
          <ns3:TrackPointExtension>
            <ns3:hr>88</ns3:hr>
            <ns3:cad>44</ns3:cad>
          </ns3:TrackPointExtension>
        </extensions>
      </trkpt>
      <trkpt lat="32.2879206575453281402587890625" lon="118.288960754871368408203125">
        <ele>86.40000152587890625</ele>
        <time>2026-09-20T07:48:30.000Z</time>
        <extensions>
          <ns3:TrackPointExtension>
            <ns3:hr>88</ns3:hr>
            <ns3:cad>41</ns3:cad>
          </ns3:TrackPointExtension>
        </extensions>
      </trkpt>
      <trkpt lat="32.2879333980381488800048828125" lon="118.2889951206743717193603515625">
        <ele>85.8000030517578125</ele>
        <time>2026-09-20T07:48:34.000Z</time>
        <extensions>
          <ns3:TrackPointExtension>
            <ns3:hr>88</ns3:hr>
            <ns3:cad>43</ns3:cad>
          </ns3:TrackPointExtension>
        </extensions>
      </trkpt>
      <trkpt lat="32.28793951682746410369873046875" lon="118.2890157401561737060546875">
        <ele>85.40000152587890625</ele>
        <time>2026-09-20T07:48:38.000Z</time>
        <extensions>
          <ns3:TrackPointExtension>
            <ns3:hr>88</ns3:hr>
            <ns3:cad>0</ns3:cad>
          </ns3:TrackPointExtension>
        </extensions>
      </trkpt>
      <trkpt lat="32.28794789873063564300537109375" lon="118.28905270434916019439697265625">
        <ele>84.1999969482421875</ele>
        <time>2026-09-20T07:48:43.000Z</time>
        <extensions>
          <ns3:TrackPointExtension>
            <ns3:hr>88</ns3:hr>
            <ns3:cad>41</ns3:cad>
          </ns3:TrackPointExtension>
        </extensions>
      </trkpt>
      <trkpt lat="32.28796214796602725982666015625" lon="118.28911070711910724639892578125">
        <ele>83.1999969482421875</ele>
        <time>2026-09-20T07:48:51.000Z</time>
        <extensions>
          <ns3:TrackPointExtension>
            <ns3:hr>86</ns3:hr>
            <ns3:cad>0</ns3:cad>
          </ns3:TrackPointExtension>
        </extensions>
      </trkpt>
      <trkpt lat="32.28796332143247127532958984375" lon="118.289124034345149993896484375">
        <ele>82.59999847412109375</ele>
        <time>2026-09-20T07:48:53.000Z</time>
        <extensions>
          <ns3:TrackPointExtension>
            <ns3:hr>85</ns3:hr>
            <ns3:cad>41</ns3:cad>
          </ns3:TrackPointExtension>
        </extensions>
      </trkpt>
      <trkpt lat="32.287968434393405914306640625" lon="118.28916854225099086761474609375">
        <ele>82</ele>
        <time>2026-09-20T07:48:57.000Z</time>
        <extensions>
          <ns3:TrackPointExtension>
            <ns3:hr>85</ns3:hr>
            <ns3:cad>47</ns3:cad>
          </ns3:TrackPointExtension>
        </extensions>
      </trkpt>
      <trkpt lat="32.28796885348856449127197265625" lon="118.28918597660958766937255859375">
        <ele>81.8000030517578125</ele>
        <time>2026-09-20T07:49:00.000Z</time>
        <extensions>
          <ns3:TrackPointExtension>
            <ns3:hr>86</ns3:hr>
            <ns3:cad>0</ns3:cad>
          </ns3:TrackPointExtension>
        </extensions>
      </trkpt>
      <trkpt lat="32.28796918876469135284423828125" lon="118.289204500615596771240234375">
        <ele>81</ele>
        <time>2026-09-20T07:49:04.000Z</time>
        <extensions>
          <ns3:TrackPointExtension>
            <ns3:hr>85</ns3:hr>
            <ns3:cad>42</ns3:cad>
          </ns3:TrackPointExtension>
        </extensions>
      </trkpt>
      <trkpt lat="32.28796583600342273712158203125" lon="118.28918983228504657745361328125">
        <ele>80.59999847412109375</ele>
        <time>2026-09-20T07:49:08.000Z</time>
        <extensions>
          <ns3:TrackPointExtension>
            <ns3:hr>85</ns3:hr>
            <ns3:cad>44</ns3:cad>
          </ns3:TrackPointExtension>
        </extensions>
      </trkpt>
      <trkpt lat="32.28797153569757938385009765625" lon="118.28917005099356174468994140625">
        <ele>79.8000030517578125</ele>
        <time>2026-09-20T07:49:13.000Z</time>
        <extensions>
          <ns3:TrackPointExtension>
            <ns3:hr>84</ns3:hr>
            <ns3:cad>0</ns3:cad>
          </ns3:TrackPointExtension>
        </extensions>
      </trkpt>
      <trkpt lat="32.2879994474351406097412109375" lon="118.2891597412526607513427734375">
        <ele>78.8000030517578125</ele>
        <time>2026-09-20T07:49:18.000Z</time>
        <extensions>
          <ns3:TrackPointExtension>
            <ns3:hr>85</ns3:hr>
            <ns3:cad>44</ns3:cad>
          </ns3:TrackPointExtension>
        </extensions>
      </trkpt>
      <trkpt lat="32.28800254873931407928466796875" lon="118.2891597412526607513427734375">
        <ele>78.59999847412109375</ele>
        <time>2026-09-20T07:49:19.000Z</time>
        <extensions>
          <ns3:TrackPointExtension>
            <ns3:hr>85</ns3:hr>
            <ns3:cad>0</ns3:cad>
          </ns3:TrackPointExtension>
        </extensions>
      </trkpt>
      <trkpt lat="32.28801797144114971160888671875" lon="118.28916049562394618988037109375">
        <ele>78</ele>
        <time>2026-09-20T07:49:24.000Z</time>
        <extensions>
          <ns3:TrackPointExtension>
            <ns3:hr>82</ns3:hr>
            <ns3:cad>45</ns3:cad>
          </ns3:TrackPointExtension>
        </extensions>
      </trkpt>
      <trkpt lat="32.28803372941911220550537109375" lon="118.2891657762229442596435546875">
        <ele>77.59999847412109375</ele>
        <time>2026-09-20T07:49:26.000Z</time>
        <extensions>
          <ns3:TrackPointExtension>
            <ns3:hr>81</ns3:hr>
            <ns3:cad>45</ns3:cad>
          </ns3:TrackPointExtension>
        </extensions>
      </trkpt>
      <trkpt lat="32.28805820457637310028076171875" lon="118.2891900837421417236328125">
        <ele>77.1999969482421875</ele>
        <time>2026-09-20T07:49:30.000Z</time>
        <extensions>
          <ns3:TrackPointExtension>
            <ns3:hr>80</ns3:hr>
            <ns3:cad>47</ns3:cad>
          </ns3:TrackPointExtension>
        </extensions>
      </trkpt>
      <trkpt lat="32.28807480074465274810791015625" lon="118.28921011649072170257568359375">
        <ele>76.59999847412109375</ele>
        <time>2026-09-20T07:49:33.000Z</time>
        <extensions>
          <ns3:TrackPointExtension>
            <ns3:hr>80</ns3:hr>
            <ns3:cad>44</ns3:cad>
          </ns3:TrackPointExtension>
        </extensions>
      </trkpt>
      <trkpt lat="32.288107573986053466796875" lon="118.28921715728938579559326171875">
        <ele>75.59999847412109375</ele>
        <time>2026-09-20T07:49:38.000Z</time>
        <extensions>
          <ns3:TrackPointExtension>
            <ns3:hr>80</ns3:hr>
            <ns3:cad>0</ns3:cad>
          </ns3:TrackPointExtension>
        </extensions>
      </trkpt>
      <trkpt lat="32.288111262023448944091796875" lon="118.2892100326716899871826171875">
        <ele>75.59999847412109375</ele>
        <time>2026-09-20T07:49:42.000Z</time>
        <extensions>
          <ns3:TrackPointExtension>
            <ns3:hr>80</ns3:hr>
            <ns3:cad>0</ns3:cad>
          </ns3:TrackPointExtension>
        </extensions>
      </trkpt>
      <trkpt lat="32.28810489177703857421875" lon="118.289195783436298370361328125">
        <ele>75.59999847412109375</ele>
        <time>2026-09-20T07:49:51.000Z</time>
        <extensions>
          <ns3:TrackPointExtension>
            <ns3:hr>79</ns3:hr>
            <ns3:cad>0</ns3:cad>
          </ns3:TrackPointExtension>
        </extensions>
      </trkpt>
      <trkpt lat="32.28810489177703857421875" lon="118.289195783436298370361328125">
        <ele>75.59999847412109375</ele>
        <time>2026-09-20T07:49:55.000Z</time>
        <extensions>
          <ns3:TrackPointExtension>
            <ns3:hr>76</ns3:hr>
            <ns3:cad>0</ns3:cad>
          </ns3:TrackPointExtension>
        </extensions>
      </trkpt>
      <trkpt lat="32.28810489177703857421875" lon="118.289195783436298370361328125">
        <ele>75.59999847412109375</ele>
        <time>2026-09-20T07:50:00.000Z</time>
        <extensions>
          <ns3:TrackPointExtension>
            <ns3:hr>73</ns3:hr>
            <ns3:cad>0</ns3:cad>
          </ns3:TrackPointExtension>
        </extensions>
      </trkpt>
      <trkpt lat="32.28810489177703857421875" lon="118.289195783436298370361328125">
        <ele>75.59999847412109375</ele>
        <time>2026-09-20T07:50:09.000Z</time>
        <extensions>
          <ns3:TrackPointExtension>
            <ns3:hr>76</ns3:hr>
            <ns3:cad>0</ns3:cad>
          </ns3:TrackPointExtension>
        </extensions>
      </trkpt>
      <trkpt lat="32.28810489177703857421875" lon="118.289195783436298370361328125">
        <ele>75.59999847412109375</ele>
        <time>2026-09-20T07:50:15.000Z</time>
        <extensions>
          <ns3:TrackPointExtension>
            <ns3:hr>78</ns3:hr>
            <ns3:cad>0</ns3:cad>
          </ns3:TrackPointExtension>
        </extensions>
      </trkpt>
      <trkpt lat="32.2881070710718631744384765625" lon="118.28918547369539737701416015625">
        <ele>75.1999969482421875</ele>
        <time>2026-09-20T07:50:34.000Z</time>
        <extensions>
          <ns3:TrackPointExtension>
            <ns3:hr>78</ns3:hr>
            <ns3:cad>0</ns3:cad>
          </ns3:TrackPointExtension>
        </extensions>
      </trkpt>
      <trkpt lat="32.2881291992962360382080078125" lon="118.2892006449401378631591796875">
        <ele>74.59999847412109375</ele>
        <time>2026-09-20T07:50:38.000Z</time>
        <extensions>
          <ns3:TrackPointExtension>
            <ns3:hr>78</ns3:hr>
            <ns3:cad>0</ns3:cad>
          </ns3:TrackPointExtension>
        </extensions>
      </trkpt>
      <trkpt lat="32.28814780712127685546875" lon="118.2892197556793689727783203125">
        <ele>74.1999969482421875</ele>
        <time>2026-09-20T07:50:41.000Z</time>
        <extensions>
          <ns3:TrackPointExtension>
            <ns3:hr>78</ns3:hr>
            <ns3:cad>44</ns3:cad>
          </ns3:TrackPointExtension>
        </extensions>
      </trkpt>
      <trkpt lat="32.28816725313663482666015625" lon="118.2892517745494842529296875">
        <ele>73.40000152587890625</ele>
        <time>2026-09-20T07:50:46.000Z</time>
        <extensions>
          <ns3:TrackPointExtension>
            <ns3:hr>75</ns3:hr>
            <ns3:cad>70</ns3:cad>
          </ns3:TrackPointExtension>
        </extensions>
      </trkpt>
      <trkpt lat="32.28817454539239406585693359375" lon="118.28926342539489269256591796875">
        <ele>73</ele>
        <time>2026-09-20T07:50:49.000Z</time>
        <extensions>
          <ns3:TrackPointExtension>
            <ns3:hr>70</ns3:hr>
            <ns3:cad>67</ns3:cad>
          </ns3:TrackPointExtension>
        </extensions>
      </trkpt>
      <trkpt lat="32.2881754674017429351806640625" lon="118.28925973735749721527099609375">
        <ele>72.8000030517578125</ele>
        <time>2026-09-20T07:50:50.000Z</time>
        <extensions>
          <ns3:TrackPointExtension>
            <ns3:hr>69</ns3:hr>
            <ns3:cad>67</ns3:cad>
          </ns3:TrackPointExtension>
        </extensions>
      </trkpt>
      <trkpt lat="32.2881815023720264434814453125" lon="118.28925244510173797607421875">
        <ele>72.8000030517578125</ele>
        <time>2026-09-20T07:50:54.000Z</time>
        <extensions>
          <ns3:TrackPointExtension>
            <ns3:hr>66</ns3:hr>
            <ns3:cad>0</ns3:cad>
          </ns3:TrackPointExtension>
        </extensions>
      </trkpt>
      <trkpt lat="32.2881865315139293670654296875" lon="118.28926325775682926177978515625">
        <ele>72.40000152587890625</ele>
        <time>2026-09-20T07:50:58.000Z</time>
        <extensions>
          <ns3:TrackPointExtension>
            <ns3:hr>66</ns3:hr>
            <ns3:cad>0</ns3:cad>
          </ns3:TrackPointExtension>
        </extensions>
      </trkpt>
      <trkpt lat="32.28818644769489765167236328125" lon="118.28926443122327327728271484375">
        <ele>72.1999969482421875</ele>
        <time>2026-09-20T07:50:59.000Z</time>
        <extensions>
          <ns3:TrackPointExtension>
            <ns3:hr>67</ns3:hr>
            <ns3:cad>0</ns3:cad>
          </ns3:TrackPointExtension>
        </extensions>
      </trkpt>
      <trkpt lat="32.28819332085549831390380859375" lon="118.2892874814569950103759765625">
        <ele>71.1999969482421875</ele>
        <time>2026-09-20T07:51:05.000Z</time>
        <extensions>
          <ns3:TrackPointExtension>
            <ns3:hr>68</ns3:hr>
            <ns3:cad>0</ns3:cad>
          </ns3:TrackPointExtension>
        </extensions>
      </trkpt>
      <trkpt lat="32.28819717653095722198486328125" lon="118.28930114395916461944580078125">
        <ele>70.1999969482421875</ele>
        <time>2026-09-20T07:51:10.000Z</time>
        <extensions>
          <ns3:TrackPointExtension>
            <ns3:hr>69</ns3:hr>
            <ns3:cad>41</ns3:cad>
          </ns3:TrackPointExtension>
        </extensions>
      </trkpt>
      <trkpt lat="32.288199104368686676025390625" lon="118.289295695722103118896484375">
        <ele>70</ele>
        <time>2026-09-20T07:51:11.000Z</time>
        <extensions>
          <ns3:TrackPointExtension>
            <ns3:hr>69</ns3:hr>
            <ns3:cad>41</ns3:cad>
          </ns3:TrackPointExtension>
        </extensions>
      </trkpt>
      <trkpt lat="32.28819969110190868377685546875" lon="118.2892804406583309173583984375">
        <ele>69</ele>
        <time>2026-09-20T07:51:18.000Z</time>
        <extensions>
          <ns3:TrackPointExtension>
            <ns3:hr>69</ns3:hr>
            <ns3:cad>41</ns3:cad>
          </ns3:TrackPointExtension>
        </extensions>
      </trkpt>
      <trkpt lat="32.28820078074932098388671875" lon="118.28927834518253803253173828125">
        <ele>68.40000152587890625</ele>
        <time>2026-09-20T07:51:21.000Z</time>
        <extensions>
          <ns3:TrackPointExtension>
            <ns3:hr>69</ns3:hr>
            <ns3:cad>72</ns3:cad>
          </ns3:TrackPointExtension>
        </extensions>
      </trkpt>
      <trkpt lat="32.288207150995731353759765625" lon="118.28926225192844867706298828125">
        <ele>67.8000030517578125</ele>
        <time>2026-09-20T07:51:24.000Z</time>
        <extensions>
          <ns3:TrackPointExtension>
            <ns3:hr>69</ns3:hr>
            <ns3:cad>78</ns3:cad>
          </ns3:TrackPointExtension>
        </extensions>
      </trkpt>
      <trkpt lat="32.28822089731693267822265625" lon="118.28925018198788166046142578125">
        <ele>66.8000030517578125</ele>
        <time>2026-09-20T07:51:31.000Z</time>
        <extensions>
          <ns3:TrackPointExtension>
            <ns3:hr>70</ns3:hr>
            <ns3:cad>40</ns3:cad>
          </ns3:TrackPointExtension>
        </extensions>
      </trkpt>
      <trkpt lat="32.288265489041805267333984375" lon="118.28926317393779754638671875">
        <ele>65.8000030517578125</ele>
        <time>2026-09-20T07:51:38.000Z</time>
        <extensions>
          <ns3:TrackPointExtension>
            <ns3:hr>70</ns3:hr>
            <ns3:cad>0</ns3:cad>
          </ns3:TrackPointExtension>
        </extensions>
      </trkpt>
      <trkpt lat="32.28826917707920074462890625" lon="118.28926593996584415435791015625">
        <ele>65.59999847412109375</ele>
        <time>2026-09-20T07:51:39.000Z</time>
        <extensions>
          <ns3:TrackPointExtension>
            <ns3:hr>71</ns3:hr>
            <ns3:cad>0</ns3:cad>
          </ns3:TrackPointExtension>
        </extensions>
      </trkpt>
      <trkpt lat="32.2882840968668460845947265625" lon="118.2893000543117523193359375">
        <ele>64.59999847412109375</ele>
        <time>2026-09-20T07:51:44.000Z</time>
        <extensions>
          <ns3:TrackPointExtension>
            <ns3:hr>72</ns3:hr>
            <ns3:cad>0</ns3:cad>
          </ns3:TrackPointExtension>
        </extensions>
      </trkpt>
      <trkpt lat="32.288295328617095947265625" lon="118.28932075761258602142333984375">
        <ele>64.40000152587890625</ele>
        <time>2026-09-20T07:51:46.000Z</time>
        <extensions>
          <ns3:TrackPointExtension>
            <ns3:hr>71</ns3:hr>
            <ns3:cad>0</ns3:cad>
          </ns3:TrackPointExtension>
        </extensions>
      </trkpt>
      <trkpt lat="32.28831234388053417205810546875" lon="118.289332576096057891845703125">
        <ele>63.59999847412109375</ele>
        <time>2026-09-20T07:51:51.000Z</time>
        <extensions>
          <ns3:TrackPointExtension>
            <ns3:hr>71</ns3:hr>
            <ns3:cad>79</ns3:cad>
          </ns3:TrackPointExtension>
        </extensions>
      </trkpt>
      <trkpt lat="32.28833229281008243560791015625" lon="118.28935160301625728607177734375">
        <ele>62.799999237060546875</ele>
        <time>2026-09-20T07:51:55.000Z</time>
        <extensions>
          <ns3:TrackPointExtension>
            <ns3:hr>71</ns3:hr>
            <ns3:cad>42</ns3:cad>
          </ns3:TrackPointExtension>
        </extensions>
      </trkpt>
      <trkpt lat="32.28833430446684360504150390625" lon="118.2893550395965576171875">
        <ele>62.59999847412109375</ele>
        <time>2026-09-20T07:51:56.000Z</time>
        <extensions>
          <ns3:TrackPointExtension>
            <ns3:hr>72</ns3:hr>
            <ns3:cad>42</ns3:cad>
          </ns3:TrackPointExtension>
        </extensions>
      </trkpt>
      <trkpt lat="32.2883384115993976593017578125" lon="118.289379514753818511962890625">
        <ele>61.40000152587890625</ele>
        <time>2026-09-20T07:52:03.000Z</time>
        <extensions>
          <ns3:TrackPointExtension>
            <ns3:hr>71</ns3:hr>
            <ns3:cad>45</ns3:cad>
          </ns3:TrackPointExtension>
        </extensions>
      </trkpt>
      <trkpt lat="32.28834687732160091400146484375" lon="118.28939887695014476776123046875">
        <ele>61</ele>
        <time>2026-09-20T07:52:05.000Z</time>
        <extensions>
          <ns3:TrackPointExtension>
            <ns3:hr>71</ns3:hr>
            <ns3:cad>44</ns3:cad>
          </ns3:TrackPointExtension>
        </extensions>
      </trkpt>
      <trkpt lat="32.288366742432117462158203125" lon="118.28942276537418365478515625">
        <ele>60.40000152587890625</ele>
        <time>2026-09-20T07:52:10.000Z</time>
        <extensions>
          <ns3:TrackPointExtension>
            <ns3:hr>70</ns3:hr>
            <ns3:cad>46</ns3:cad>
          </ns3:TrackPointExtension>
        </extensions>
      </trkpt>
      <trkpt lat="32.28838845156133174896240234375" lon="118.28944556415081024169921875">
        <ele>59.200000762939453125</ele>
        <time>2026-09-20T07:52:17.000Z</time>
        <extensions>
          <ns3:TrackPointExtension>
            <ns3:hr>71</ns3:hr>
            <ns3:cad>46</ns3:cad>
          </ns3:TrackPointExtension>
        </extensions>
      </trkpt>
      <trkpt lat="32.28840605355799198150634765625" lon="118.2894692011177539825439453125">
        <ele>58</ele>
        <time>2026-09-20T07:52:23.000Z</time>
        <extensions>
          <ns3:TrackPointExtension>
            <ns3:hr>71</ns3:hr>
            <ns3:cad>41</ns3:cad>
          </ns3:TrackPointExtension>
        </extensions>
      </trkpt>
      <trkpt lat="32.28842583484947681427001953125" lon="118.28948051668703556060791015625">
        <ele>57.200000762939453125</ele>
        <time>2026-09-20T07:52:27.000Z</time>
        <extensions>
          <ns3:TrackPointExtension>
            <ns3:hr>70</ns3:hr>
            <ns3:cad>41</ns3:cad>
          </ns3:TrackPointExtension>
        </extensions>
      </trkpt>
      <trkpt lat="32.28843145072460174560546875" lon="118.28947615809738636016845703125">
        <ele>57</ele>
        <time>2026-09-20T07:52:29.000Z</time>
        <extensions>
          <ns3:TrackPointExtension>
            <ns3:hr>69</ns3:hr>
            <ns3:cad>0</ns3:cad>
          </ns3:TrackPointExtension>
        </extensions>
      </trkpt>
      <trkpt lat="32.288443855941295623779296875" lon="118.28945503570139408111572265625">
        <ele>56</ele>
        <time>2026-09-20T07:52:36.000Z</time>
        <extensions>
          <ns3:TrackPointExtension>
            <ns3:hr>70</ns3:hr>
            <ns3:cad>43</ns3:cad>
          </ns3:TrackPointExtension>
        </extensions>
      </trkpt>
      <trkpt lat="32.28844829834997653961181640625" lon="118.289447911083698272705078125">
        <ele>55.799999237060546875</ele>
        <time>2026-09-20T07:52:38.000Z</time>
        <extensions>
          <ns3:TrackPointExtension>
            <ns3:hr>70</ns3:hr>
            <ns3:cad>0</ns3:cad>
          </ns3:TrackPointExtension>
        </extensions>
      </trkpt>
      <trkpt lat="32.288457937538623809814453125" lon="118.289428465068340301513671875">
        <ele>55</ele>
        <time>2026-09-20T07:52:43.000Z</time>
        <extensions>
          <ns3:TrackPointExtension>
            <ns3:hr>69</ns3:hr>
            <ns3:cad>41</ns3:cad>
          </ns3:TrackPointExtension>
        </extensions>
      </trkpt>
      <trkpt lat="32.28847931139171123504638671875" lon="118.28942888416349887847900390625">
        <ele>54</ele>
        <time>2026-09-20T07:52:48.000Z</time>
        <extensions>
          <ns3:TrackPointExtension>
            <ns3:hr>69</ns3:hr>
            <ns3:cad>42</ns3:cad>
          </ns3:TrackPointExtension>
        </extensions>
      </trkpt>
      <trkpt lat="32.28848651982843875885009765625" lon="118.2894293032586574554443359375">
        <ele>53.799999237060546875</ele>
        <time>2026-09-20T07:52:49.000Z</time>
        <extensions>
          <ns3:TrackPointExtension>
            <ns3:hr>69</ns3:hr>
            <ns3:cad>42</ns3:cad>
          </ns3:TrackPointExtension>
        </extensions>
      </trkpt>
      <trkpt lat="32.28853899054229259490966796875" lon="118.28942536376416683197021484375">
        <ele>53</ele>
        <time>2026-09-20T07:52:57.000Z</time>
        <extensions>
          <ns3:TrackPointExtension>
            <ns3:hr>70</ns3:hr>
            <ns3:cad>0</ns3:cad>
          </ns3:TrackPointExtension>
        </extensions>
      </trkpt>
      <trkpt lat="32.2885744459927082061767578125" lon="118.28945201821625232696533203125">
        <ele>53.200000762939453125</ele>
        <time>2026-09-20T07:53:03.000Z</time>
        <extensions>
          <ns3:TrackPointExtension>
            <ns3:hr>72</ns3:hr>
            <ns3:cad>0</ns3:cad>
          </ns3:TrackPointExtension>
        </extensions>
      </trkpt>
      <trkpt lat="32.28858592920005321502685546875" lon="118.28946492634713649749755859375">
        <ele>53.200000762939453125</ele>
        <time>2026-09-20T07:53:11.000Z</time>
        <extensions>
          <ns3:TrackPointExtension>
            <ns3:hr>74</ns3:hr>
            <ns3:cad>0</ns3:cad>
          </ns3:TrackPointExtension>
        </extensions>
      </trkpt>
      <trkpt lat="32.28858727030456066131591796875" lon="118.2894708774983882904052734375">
        <ele>53.40000152587890625</ele>
        <time>2026-09-20T07:53:13.000Z</time>
        <extensions>
          <ns3:TrackPointExtension>
            <ns3:hr>77</ns3:hr>
            <ns3:cad>0</ns3:cad>
          </ns3:TrackPointExtension>
        </extensions>
      </trkpt>
      <trkpt lat="32.28860068134963512420654296875" lon="118.28943843953311443328857421875">
        <ele>53.200000762939453125</ele>
        <time>2026-09-20T07:53:23.000Z</time>
        <extensions>
          <ns3:TrackPointExtension>
            <ns3:hr>80</ns3:hr>
            <ns3:cad>0</ns3:cad>
          </ns3:TrackPointExtension>
        </extensions>
      </trkpt>
      <trkpt lat="32.28860269300639629364013671875" lon="118.289430141448974609375">
        <ele>53.799999237060546875</ele>
        <time>2026-09-20T07:53:31.000Z</time>
        <extensions>
          <ns3:TrackPointExtension>
            <ns3:hr>79</ns3:hr>
            <ns3:cad>0</ns3:cad>
          </ns3:TrackPointExtension>
        </extensions>
      </trkpt>
      <trkpt lat="32.288601435720920562744140625" lon="118.28939820639789104461669921875">
        <ele>53.59999847412109375</ele>
        <time>2026-09-20T07:53:40.000Z</time>
        <extensions>
          <ns3:TrackPointExtension>
            <ns3:hr>78</ns3:hr>
            <ns3:cad>0</ns3:cad>
          </ns3:TrackPointExtension>
        </extensions>
      </trkpt>
      <trkpt lat="32.2886131703853607177734375" lon="118.28935579396784305572509765625">
        <ele>53.200000762939453125</ele>
        <time>2026-09-20T07:53:51.000Z</time>
        <extensions>
          <ns3:TrackPointExtension>
            <ns3:hr>80</ns3:hr>
            <ns3:cad>0</ns3:cad>
          </ns3:TrackPointExtension>
        </extensions>
      </trkpt>
      <trkpt lat="32.28862415067851543426513671875" lon="118.2893488369882106781005859375">
        <ele>52.799999237060546875</ele>
        <time>2026-09-20T07:53:54.000Z</time>
        <extensions>
          <ns3:TrackPointExtension>
            <ns3:hr>79</ns3:hr>
            <ns3:cad>0</ns3:cad>
          </ns3:TrackPointExtension>
        </extensions>
      </trkpt>
      <trkpt lat="32.2886398248374462127685546875" lon="118.2893303968012332916259765625">
        <ele>52.799999237060546875</ele>
        <time>2026-09-20T07:53:56.000Z</time>
        <extensions>
          <ns3:TrackPointExtension>
            <ns3:hr>78</ns3:hr>
            <ns3:cad>0</ns3:cad>
          </ns3:TrackPointExtension>
        </extensions>
      </trkpt>
      <trkpt lat="32.28867226280272006988525390625" lon="118.28928605653345584869384765625">
        <ele>52.59999847412109375</ele>
        <time>2026-09-20T07:54:04.000Z</time>
        <extensions>
          <ns3:TrackPointExtension>
            <ns3:hr>78</ns3:hr>
            <ns3:cad>0</ns3:cad>
          </ns3:TrackPointExtension>
        </extensions>
      </trkpt>
      <trkpt lat="32.28871132247149944305419921875" lon="118.28926728107035160064697265625">
        <ele>52.59999847412109375</ele>
        <time>2026-09-20T07:54:13.000Z</time>
        <extensions>
          <ns3:TrackPointExtension>
            <ns3:hr>78</ns3:hr>
            <ns3:cad>0</ns3:cad>
          </ns3:TrackPointExtension>
        </extensions>
      </trkpt>
      <trkpt lat="32.28869724087417125701904296875" lon="118.28930214978754520416259765625">
        <ele>52.40000152587890625</ele>
        <time>2026-09-20T07:54:21.000Z</time>
        <extensions>
          <ns3:TrackPointExtension>
            <ns3:hr>78</ns3:hr>
            <ns3:cad>0</ns3:cad>
          </ns3:TrackPointExtension>
        </extensions>
      </trkpt>
      <trkpt lat="32.2887206263840198516845703125" lon="118.289271555840969085693359375">
        <ele>52.200000762939453125</ele>
        <time>2026-09-20T07:54:32.000Z</time>
        <extensions>
          <ns3:TrackPointExtension>
            <ns3:hr>76</ns3:hr>
            <ns3:cad>0</ns3:cad>
          </ns3:TrackPointExtension>
        </extensions>
      </trkpt>
      <trkpt lat="32.2887742705643177032470703125" lon="118.2892603240907192230224609375">
        <ele>52.799999237060546875</ele>
        <time>2026-09-20T07:54:40.000Z</time>
        <extensions>
          <ns3:TrackPointExtension>
            <ns3:hr>77</ns3:hr>
            <ns3:cad>0</ns3:cad>
          </ns3:TrackPointExtension>
        </extensions>
      </trkpt>
      <trkpt lat="32.2887896932661533355712890625" lon="118.289277255535125732421875">
        <ele>52.59999847412109375</ele>
        <time>2026-09-20T07:54:49.000Z</time>
        <extensions>
          <ns3:TrackPointExtension>
            <ns3:hr>76</ns3:hr>
            <ns3:cad>0</ns3:cad>
          </ns3:TrackPointExtension>
        </extensions>
      </trkpt>
      <trkpt lat="32.28881760500371456146240234375" lon="118.28929443843662738800048828125">
        <ele>52.799999237060546875</ele>
        <time>2026-09-20T07:55:00.000Z</time>
        <extensions>
          <ns3:TrackPointExtension>
            <ns3:hr>76</ns3:hr>
            <ns3:cad>0</ns3:cad>
          </ns3:TrackPointExtension>
        </extensions>
      </trkpt>
      <trkpt lat="32.288834787905216217041015625" lon="118.289317153394222259521484375">
        <ele>52.59999847412109375</ele>
        <time>2026-09-20T07:55:10.000Z</time>
        <extensions>
          <ns3:TrackPointExtension>
            <ns3:hr>76</ns3:hr>
            <ns3:cad>0</ns3:cad>
          </ns3:TrackPointExtension>
        </extensions>
      </trkpt>
      <trkpt lat="32.28878223337233066558837890625" lon="118.28933098353445529937744140625">
        <ele>52.59999847412109375</ele>
        <time>2026-09-20T07:55:19.000Z</time>
        <extensions>
          <ns3:TrackPointExtension>
            <ns3:hr>75</ns3:hr>
            <ns3:cad>0</ns3:cad>
          </ns3:TrackPointExtension>
        </extensions>
      </trkpt>
      <trkpt lat="32.28873177431523799896240234375" lon="118.28931019641458988189697265625">
        <ele>52.59999847412109375</ele>
        <time>2026-09-20T07:55:27.000Z</time>
        <extensions>
          <ns3:TrackPointExtension>
            <ns3:hr>74</ns3:hr>
            <ns3:cad>0</ns3:cad>
          </ns3:TrackPointExtension>
        </extensions>
      </trkpt>
      <trkpt lat="32.2887601889669895172119140625" lon="118.2892864756286144256591796875">
        <ele>52.59999847412109375</ele>
        <time>2026-09-20T07:55:36.000Z</time>
        <extensions>
          <ns3:TrackPointExtension>
            <ns3:hr>75</ns3:hr>
            <ns3:cad>0</ns3:cad>
          </ns3:TrackPointExtension>
        </extensions>
      </trkpt>
      <trkpt lat="32.28877921588718891143798828125" lon="118.28924800269305706024169921875">
        <ele>52.59999847412109375</ele>
        <time>2026-09-20T07:55:44.000Z</time>
        <extensions>
          <ns3:TrackPointExtension>
            <ns3:hr>76</ns3:hr>
            <ns3:cad>0</ns3:cad>
          </ns3:TrackPointExtension>
        </extensions>
      </trkpt>
      <trkpt lat="32.2888295911252498626708984375" lon="118.28923190943896770477294921875">
        <ele>52.40000152587890625</ele>
        <time>2026-09-20T07:55:51.000Z</time>
        <extensions>
          <ns3:TrackPointExtension>
            <ns3:hr>76</ns3:hr>
            <ns3:cad>74</ns3:cad>
          </ns3:TrackPointExtension>
        </extensions>
      </trkpt>
      <trkpt lat="32.28885767050087451934814453125" lon="118.28921346925199031829833984375">
        <ele>52.40000152587890625</ele>
        <time>2026-09-20T07:55:56.000Z</time>
        <extensions>
          <ns3:TrackPointExtension>
            <ns3:hr>76</ns3:hr>
            <ns3:cad>0</ns3:cad>
          </ns3:TrackPointExtension>
        </extensions>
      </trkpt>
      <trkpt lat="32.28891751728951930999755859375" lon="118.289177678525447845458984375">
        <ele>52.799999237060546875</ele>
        <time>2026-09-20T07:56:03.000Z</time>
        <extensions>
          <ns3:TrackPointExtension>
            <ns3:hr>76</ns3:hr>
            <ns3:cad>0</ns3:cad>
          </ns3:TrackPointExtension>
        </extensions>
      </trkpt>
      <trkpt lat="32.28894098661839962005615234375" lon="118.2891496829688549041748046875">
        <ele>53</ele>
        <time>2026-09-20T07:56:08.000Z</time>
        <extensions>
          <ns3:TrackPointExtension>
            <ns3:hr>79</ns3:hr>
            <ns3:cad>0</ns3:cad>
          </ns3:TrackPointExtension>
        </extensions>
      </trkpt>
      <trkpt lat="32.288946099579334259033203125" lon="118.289148174226284027099609375">
        <ele>53</ele>
        <time>2026-09-20T07:56:09.000Z</time>
        <extensions>
          <ns3:TrackPointExtension>
            <ns3:hr>79</ns3:hr>
            <ns3:cad>0</ns3:cad>
          </ns3:TrackPointExtension>
        </extensions>
      </trkpt>
      <trkpt lat="32.28897954337298870086669921875" lon="118.289172649383544921875">
        <ele>53</ele>
        <time>2026-09-20T07:56:15.000Z</time>
        <extensions>
          <ns3:TrackPointExtension>
            <ns3:hr>82</ns3:hr>
            <ns3:cad>0</ns3:cad>
          </ns3:TrackPointExtension>
        </extensions>
      </trkpt>
      <trkpt lat="32.28898323141038417816162109375" lon="118.28917868435382843017578125">
        <ele>53</ele>
        <time>2026-09-20T07:56:16.000Z</time>
        <extensions>
          <ns3:TrackPointExtension>
            <ns3:hr>84</ns3:hr>
            <ns3:cad>0</ns3:cad>
          </ns3:TrackPointExtension>
        </extensions>
      </trkpt>
      <trkpt lat="32.28901323862373828887939453125" lon="118.289234675467014312744140625">
        <ele>53</ele>
        <time>2026-09-20T07:56:24.000Z</time>
        <extensions>
          <ns3:TrackPointExtension>
            <ns3:hr>85</ns3:hr>
            <ns3:cad>0</ns3:cad>
          </ns3:TrackPointExtension>
        </extensions>
      </trkpt>
      <trkpt lat="32.28901877067983150482177734375" lon="118.28925906680524349212646484375">
        <ele>53</ele>
        <time>2026-09-20T07:56:29.000Z</time>
        <extensions>
          <ns3:TrackPointExtension>
            <ns3:hr>82</ns3:hr>
            <ns3:cad>0</ns3:cad>
          </ns3:TrackPointExtension>
        </extensions>
      </trkpt>
      <trkpt lat="32.28902447037398815155029296875" lon="118.2892650179564952850341796875">
        <ele>53</ele>
        <time>2026-09-20T07:56:31.000Z</time>
        <extensions>
          <ns3:TrackPointExtension>
            <ns3:hr>79</ns3:hr>
            <ns3:cad>0</ns3:cad>
          </ns3:TrackPointExtension>
        </extensions>
      </trkpt>
      <trkpt lat="32.2890287451446056365966796875" lon="118.28926979564130306243896484375">
        <ele>53</ele>
        <time>2026-09-20T07:56:32.000Z</time>
        <extensions>
          <ns3:TrackPointExtension>
            <ns3:hr>78</ns3:hr>
            <ns3:cad>0</ns3:cad>
          </ns3:TrackPointExtension>
        </extensions>
      </trkpt>
      <trkpt lat="32.2890103049576282501220703125" lon="118.28925873152911663055419921875">
        <ele>53.40000152587890625</ele>
        <time>2026-09-20T07:56:38.000Z</time>
        <extensions>
          <ns3:TrackPointExtension>
            <ns3:hr>78</ns3:hr>
            <ns3:cad>0</ns3:cad>
          </ns3:TrackPointExtension>
        </extensions>
      </trkpt>
      <trkpt lat="32.2890404798090457916259765625" lon="118.28929267823696136474609375">
        <ele>53.200000762939453125</ele>
        <time>2026-09-20T07:56:49.000Z</time>
        <extensions>
          <ns3:TrackPointExtension>
            <ns3:hr>78</ns3:hr>
            <ns3:cad>0</ns3:cad>
          </ns3:TrackPointExtension>
        </extensions>
      </trkpt>
      <trkpt lat="32.28910124860703945159912109375" lon="118.289368785917758941650390625">
        <ele>53.40000152587890625</ele>
        <time>2026-09-20T07:56:57.000Z</time>
        <extensions>
          <ns3:TrackPointExtension>
            <ns3:hr>76</ns3:hr>
            <ns3:cad>47</ns3:cad>
          </ns3:TrackPointExtension>
        </extensions>
      </trkpt>
      <trkpt lat="32.28914491832256317138671875" lon="118.28943273983895778656005859375">
        <ele>53.40000152587890625</ele>
        <time>2026-09-20T07:57:04.000Z</time>
        <extensions>
          <ns3:TrackPointExtension>
            <ns3:hr>76</ns3:hr>
            <ns3:cad>48</ns3:cad>
          </ns3:TrackPointExtension>
        </extensions>
      </trkpt>
      <trkpt lat="32.28916981257498264312744140625" lon="118.28950331546366214752197265625">
        <ele>53.59999847412109375</ele>
        <time>2026-09-20T07:57:13.000Z</time>
        <extensions>
          <ns3:TrackPointExtension>
            <ns3:hr>78</ns3:hr>
            <ns3:cad>44</ns3:cad>
          </ns3:TrackPointExtension>
        </extensions>
      </trkpt>
      <trkpt lat="32.28918540291488170623779296875" lon="118.28952913172543048858642578125">
        <ele>53.799999237060546875</ele>
        <time>2026-09-20T07:57:16.000Z</time>
        <extensions>
          <ns3:TrackPointExtension>
            <ns3:hr>78</ns3:hr>
            <ns3:cad>43</ns3:cad>
          </ns3:TrackPointExtension>
        </extensions>
      </trkpt>
      <trkpt lat="32.28921675123274326324462890625" lon="118.28956483863294124603271484375">
        <ele>54.200000762939453125</ele>
        <time>2026-09-20T07:57:22.000Z</time>
        <extensions>
          <ns3:TrackPointExtension>
            <ns3:hr>80</ns3:hr>
            <ns3:cad>0</ns3:cad>
          </ns3:TrackPointExtension>
        </extensions>
      </trkpt>
      <trkpt lat="32.2892490215599536895751953125" lon="118.28956886194646358489990234375">
        <ele>55</ele>
        <time>2026-09-20T07:57:31.000Z</time>
        <extensions>
          <ns3:TrackPointExtension>
            <ns3:hr>78</ns3:hr>
            <ns3:cad>0</ns3:cad>
          </ns3:TrackPointExtension>
        </extensions>
      </trkpt>
      <trkpt lat="32.28928430937230587005615234375" lon="118.289580680429935455322265625">
        <ele>55.200000762939453125</ele>
        <time>2026-09-20T07:57:37.000Z</time>
        <extensions>
          <ns3:TrackPointExtension>
            <ns3:hr>78</ns3:hr>
            <ns3:cad>74</ns3:cad>
          </ns3:TrackPointExtension>
        </extensions>
      </trkpt>
      <trkpt lat="32.2893190942704677581787109375" lon="118.2896111905574798583984375">
        <ele>55.799999237060546875</ele>
        <time>2026-09-20T07:57:45.000Z</time>
        <extensions>
          <ns3:TrackPointExtension>
            <ns3:hr>80</ns3:hr>
            <ns3:cad>0</ns3:cad>
          </ns3:TrackPointExtension>
        </extensions>
      </trkpt>
      <trkpt lat="32.289333008229732513427734375" lon="118.28961764462292194366455078125">
        <ele>56.200000762939453125</ele>
        <time>2026-09-20T07:57:47.000Z</time>
        <extensions>
          <ns3:TrackPointExtension>
            <ns3:hr>80</ns3:hr>
            <ns3:cad>0</ns3:cad>
          </ns3:TrackPointExtension>
        </extensions>
      </trkpt>
      <trkpt lat="32.289361841976642608642578125" lon="118.28963021747767925262451171875">
        <ele>56.799999237060546875</ele>
        <time>2026-09-20T07:57:51.000Z</time>
        <extensions>
          <ns3:TrackPointExtension>
            <ns3:hr>81</ns3:hr>
            <ns3:cad>0</ns3:cad>
          </ns3:TrackPointExtension>
        </extensions>
      </trkpt>
      <trkpt lat="32.28939277119934558868408203125" lon="118.28964144922792911529541015625">
        <ele>57.200000762939453125</ele>
        <time>2026-09-20T07:57:55.000Z</time>
        <extensions>
          <ns3:TrackPointExtension>
            <ns3:hr>84</ns3:hr>
            <ns3:cad>76</ns3:cad>
          </ns3:TrackPointExtension>
        </extensions>
      </trkpt>
      <trkpt lat="32.28940165601670742034912109375" lon="118.28964513726532459259033203125">
        <ele>57.59999847412109375</ele>
        <time>2026-09-20T07:57:57.000Z</time>
        <extensions>
          <ns3:TrackPointExtension>
            <ns3:hr>86</ns3:hr>
            <ns3:cad>0</ns3:cad>
          </ns3:TrackPointExtension>
        </extensions>
      </trkpt>
      <trkpt lat="32.28943082503974437713623046875" lon="118.2896569557487964630126953125">
        <ele>58.200000762939453125</ele>
        <time>2026-09-20T07:58:01.000Z</time>
        <extensions>
          <ns3:TrackPointExtension>
            <ns3:hr>89</ns3:hr>
            <ns3:cad>42</ns3:cad>
          </ns3:TrackPointExtension>
        </extensions>
      </trkpt>
      <trkpt lat="32.28943593800067901611328125" lon="118.2896593026816844940185546875">
        <ele>58.40000152587890625</ele>
        <time>2026-09-20T07:58:02.000Z</time>
        <extensions>
          <ns3:TrackPointExtension>
            <ns3:hr>90</ns3:hr>
            <ns3:cad>42</ns3:cad>
          </ns3:TrackPointExtension>
        </extensions>
      </trkpt>
      <trkpt lat="32.28947206400334835052490234375" lon="118.2896603085100650787353515625">
        <ele>59</ele>
        <time>2026-09-20T07:58:07.000Z</time>
        <extensions>
          <ns3:TrackPointExtension>
            <ns3:hr>93</ns3:hr>
            <ns3:cad>0</ns3:cad>
          </ns3:TrackPointExtension>
        </extensions>
      </trkpt>
      <trkpt lat="32.289486564695835113525390625" lon="118.28966340981423854827880859375">
        <ele>59.200000762939453125</ele>
        <time>2026-09-20T07:58:09.000Z</time>
        <extensions>
          <ns3:TrackPointExtension>
            <ns3:hr>94</ns3:hr>
            <ns3:cad>41</ns3:cad>
          </ns3:TrackPointExtension>
        </extensions>
      </trkpt>
      <trkpt lat="32.289490588009357452392578125" lon="118.28966324217617511749267578125">
        <ele>59.40000152587890625</ele>
        <time>2026-09-20T07:58:10.000Z</time>
        <extensions>
          <ns3:TrackPointExtension>
            <ns3:hr>95</ns3:hr>
            <ns3:cad>41</ns3:cad>
          </ns3:TrackPointExtension>
        </extensions>
      </trkpt>
      <trkpt lat="32.2895363532006740570068359375" lon="118.28968805260956287384033203125">
        <ele>60.200000762939453125</ele>
        <time>2026-09-20T07:58:15.000Z</time>
        <extensions>
          <ns3:TrackPointExtension>
            <ns3:hr>98</ns3:hr>
            <ns3:cad>75</ns3:cad>
          </ns3:TrackPointExtension>
        </extensions>
      </trkpt>
      <trkpt lat="32.289546914398670196533203125" lon="118.2896928302943706512451171875">
        <ele>60.200000762939453125</ele>
        <time>2026-09-20T07:58:16.000Z</time>
        <extensions>
          <ns3:TrackPointExtension>
            <ns3:hr>98</ns3:hr>
            <ns3:cad>75</ns3:cad>
          </ns3:TrackPointExtension>
        </extensions>
      </trkpt>
      <trkpt lat="32.28957281447947025299072265625" lon="118.2897025533020496368408203125">
        <ele>60.40000152587890625</ele>
        <time>2026-09-20T07:58:19.000Z</time>
        <extensions>
          <ns3:TrackPointExtension>
            <ns3:hr>99</ns3:hr>
            <ns3:cad>41</ns3:cad>
          </ns3:TrackPointExtension>
        </extensions>
      </trkpt>
      <trkpt lat="32.289613299071788787841796875" lon="118.2897052355110645294189453125">
        <ele>61.200000762939453125</ele>
        <time>2026-09-20T07:58:25.000Z</time>
        <extensions>
          <ns3:TrackPointExtension>
            <ns3:hr>99</ns3:hr>
            <ns3:cad>42</ns3:cad>
          </ns3:TrackPointExtension>
        </extensions>
      </trkpt>
      <trkpt lat="32.2896536998450756072998046875" lon="118.28970615752041339874267578125">
        <ele>61.59999847412109375</ele>
        <time>2026-09-20T07:58:29.000Z</time>
        <extensions>
          <ns3:TrackPointExtension>
            <ns3:hr>98</ns3:hr>
            <ns3:cad>45</ns3:cad>
          </ns3:TrackPointExtension>
        </extensions>
      </trkpt>
      <trkpt lat="32.28967842645943164825439453125" lon="118.28970951028168201446533203125">
        <ele>61.799999237060546875</ele>
        <time>2026-09-20T07:58:33.000Z</time>
        <extensions>
          <ns3:TrackPointExtension>
            <ns3:hr>99</ns3:hr>
            <ns3:cad>44</ns3:cad>
          </ns3:TrackPointExtension>
        </extensions>
      </trkpt>
      <trkpt lat="32.289729975163936614990234375" lon="118.28968000598251819610595703125">
        <ele>62.40000152587890625</ele>
        <time>2026-09-20T07:58:41.000Z</time>
        <extensions>
          <ns3:TrackPointExtension>
            <ns3:hr>98</ns3:hr>
            <ns3:cad>42</ns3:cad>
          </ns3:TrackPointExtension>
        </extensions>
      </trkpt>
      <trkpt lat="32.289749421179294586181640625" lon="118.289678581058979034423828125">
        <ele>62.59999847412109375</ele>
        <time>2026-09-20T07:58:44.000Z</time>
        <extensions>
          <ns3:TrackPointExtension>
            <ns3:hr>101</ns3:hr>
            <ns3:cad>45</ns3:cad>
          </ns3:TrackPointExtension>
        </extensions>
      </trkpt>
      <trkpt lat="32.28981287218630313873291015625" lon="118.28968302346765995025634765625">
        <ele>63</ele>
        <time>2026-09-20T07:58:51.000Z</time>
        <extensions>
          <ns3:TrackPointExtension>
            <ns3:hr>103</ns3:hr>
            <ns3:cad>42</ns3:cad>
          </ns3:TrackPointExtension>
        </extensions>
      </trkpt>
      <trkpt lat="32.289861738681793212890625" lon="118.289634995162487030029296875">
        <ele>63.200000762939453125</ele>
        <time>2026-09-20T07:59:00.000Z</time>
        <extensions>
          <ns3:TrackPointExtension>
            <ns3:hr>103</ns3:hr>
            <ns3:cad>44</ns3:cad>
          </ns3:TrackPointExtension>
        </extensions>
      </trkpt>
      <trkpt lat="32.28993927128612995147705078125" lon="118.28961789608001708984375">
        <ele>63.200000762939453125</ele>
        <time>2026-09-20T07:59:07.000Z</time>
        <extensions>
          <ns3:TrackPointExtension>
            <ns3:hr>101</ns3:hr>
            <ns3:cad>48</ns3:cad>
          </ns3:TrackPointExtension>
        </extensions>
      </trkpt>
      <trkpt lat="32.28999442420899868011474609375" lon="118.28963063657283782958984375">
        <ele>63.40000152587890625</ele>
        <time>2026-09-20T07:59:13.000Z</time>
        <extensions>
          <ns3:TrackPointExtension>
            <ns3:hr>98</ns3:hr>
            <ns3:cad>0</ns3:cad>
          </ns3:TrackPointExtension>
        </extensions>
      </trkpt>
      <trkpt lat="32.29001722298562526702880859375" lon="118.2896487414836883544921875">
        <ele>63.40000152587890625</ele>
        <time>2026-09-20T07:59:15.000Z</time>
        <extensions>
          <ns3:TrackPointExtension>
            <ns3:hr>97</ns3:hr>
            <ns3:cad>43</ns3:cad>
          </ns3:TrackPointExtension>
        </extensions>
      </trkpt>
      <trkpt lat="32.29004940949380397796630859375" lon="118.28968268819153308868408203125">
        <ele>63.59999847412109375</ele>
        <time>2026-09-20T07:59:19.000Z</time>
        <extensions>
          <ns3:TrackPointExtension>
            <ns3:hr>94</ns3:hr>
            <ns3:cad>0</ns3:cad>
          </ns3:TrackPointExtension>
        </extensions>
      </trkpt>
      <trkpt lat="32.2900637425482273101806640625" lon="118.28971588052809238433837890625">
        <ele>63.59999847412109375</ele>
        <time>2026-09-20T07:59:22.000Z</time>
        <extensions>
          <ns3:TrackPointExtension>
            <ns3:hr>94</ns3:hr>
            <ns3:cad>0</ns3:cad>
          </ns3:TrackPointExtension>
        </extensions>
      </trkpt>
      <trkpt lat="32.29008126072585582733154296875" lon="118.28982166014611721038818359375">
        <ele>63.799999237060546875</ele>
        <time>2026-09-20T07:59:30.000Z</time>
        <extensions>
          <ns3:TrackPointExtension>
            <ns3:hr>93</ns3:hr>
            <ns3:cad>0</ns3:cad>
          </ns3:TrackPointExtension>
        </extensions>
      </trkpt>
      <trkpt lat="32.29008444584906101226806640625" lon="118.28989961184561252593994140625">
        <ele>64</ele>
        <time>2026-09-20T07:59:38.000Z</time>
        <extensions>
          <ns3:TrackPointExtension>
            <ns3:hr>95</ns3:hr>
            <ns3:cad>47</ns3:cad>
          </ns3:TrackPointExtension>
        </extensions>
      </trkpt>
      <trkpt lat="32.29012333787977695465087890625" lon="118.289899192750453948974609375">
        <ele>64</ele>
        <time>2026-09-20T07:59:44.000Z</time>
        <extensions>
          <ns3:TrackPointExtension>
            <ns3:hr>95</ns3:hr>
            <ns3:cad>46</ns3:cad>
          </ns3:TrackPointExtension>
        </extensions>
      </trkpt>
      <trkpt lat="32.290141694247722625732421875" lon="118.28994621522724628448486328125">
        <ele>63.799999237060546875</ele>
        <time>2026-09-20T07:59:51.000Z</time>
        <extensions>
          <ns3:TrackPointExtension>
            <ns3:hr>95</ns3:hr>
            <ns3:cad>40</ns3:cad>
          </ns3:TrackPointExtension>
        </extensions>
      </trkpt>
      <trkpt lat="32.290122918784618377685546875" lon="118.2899975962936878204345703125">
        <ele>63.799999237060546875</ele>
        <time>2026-09-20T07:59:56.000Z</time>
        <extensions>
          <ns3:TrackPointExtension>
            <ns3:hr>95</ns3:hr>
            <ns3:cad>47</ns3:cad>
          </ns3:TrackPointExtension>
        </extensions>
      </trkpt>
      <trkpt lat="32.29011344723403453826904296875" lon="118.29005920328199863433837890625">
        <ele>63.799999237060546875</ele>
        <time>2026-09-20T08:00:02.000Z</time>
        <extensions>
          <ns3:TrackPointExtension>
            <ns3:hr>97</ns3:hr>
            <ns3:cad>47</ns3:cad>
          </ns3:TrackPointExtension>
        </extensions>
      </trkpt>
      <trkpt lat="32.29008997790515422821044921875" lon="118.29012743197381496429443359375">
        <ele>63.799999237060546875</ele>
        <time>2026-09-20T08:00:09.000Z</time>
        <extensions>
          <ns3:TrackPointExtension>
            <ns3:hr>96</ns3:hr>
            <ns3:cad>48</ns3:cad>
          </ns3:TrackPointExtension>
        </extensions>
      </trkpt>
      <trkpt lat="32.29006717912852764129638671875" lon="118.29019096679985523223876953125">
        <ele>63.799999237060546875</ele>
        <time>2026-09-20T08:00:15.000Z</time>
        <extensions>
          <ns3:TrackPointExtension>
            <ns3:hr>95</ns3:hr>
            <ns3:cad>0</ns3:cad>
          </ns3:TrackPointExtension>
        </extensions>
      </trkpt>
      <trkpt lat="32.29005309753119945526123046875" lon="118.2902172021567821502685546875">
        <ele>63.799999237060546875</ele>
        <time>2026-09-20T08:00:21.000Z</time>
        <extensions>
          <ns3:TrackPointExtension>
            <ns3:hr>96</ns3:hr>
            <ns3:cad>47</ns3:cad>
          </ns3:TrackPointExtension>
        </extensions>
      </trkpt>
      <trkpt lat="32.29007187299430370330810546875" lon="118.290239162743091583251953125">
        <ele>64.40000152587890625</ele>
        <time>2026-09-20T08:00:28.000Z</time>
        <extensions>
          <ns3:TrackPointExtension>
            <ns3:hr>95</ns3:hr>
            <ns3:cad>0</ns3:cad>
          </ns3:TrackPointExtension>
        </extensions>
      </trkpt>
      <trkpt lat="32.29007556103169918060302734375" lon="118.29023404978215694427490234375">
        <ele>64.59999847412109375</ele>
        <time>2026-09-20T08:00:29.000Z</time>
        <extensions>
          <ns3:TrackPointExtension>
            <ns3:hr>95</ns3:hr>
            <ns3:cad>0</ns3:cad>
          </ns3:TrackPointExtension>
        </extensions>
      </trkpt>
      <trkpt lat="32.2900803387165069580078125" lon="118.290235809981822967529296875">
        <ele>64.1999969482421875</ele>
        <time>2026-09-20T08:00:36.000Z</time>
        <extensions>
          <ns3:TrackPointExtension>
            <ns3:hr>98</ns3:hr>
            <ns3:cad>0</ns3:cad>
          </ns3:TrackPointExtension>
        </extensions>
      </trkpt>
      <trkpt lat="32.289994172751903533935546875" lon="118.29017856158316135406494140625">
        <ele>64.1999969482421875</ele>
        <time>2026-09-20T08:00:44.000Z</time>
        <extensions>
          <ns3:TrackPointExtension>
            <ns3:hr>96</ns3:hr>
            <ns3:cad>44</ns3:cad>
          </ns3:TrackPointExtension>
        </extensions>
      </trkpt>
      <trkpt lat="32.2900439612567424774169921875" lon="118.29029423184692859649658203125">
        <ele>64.1999969482421875</ele>
        <time>2026-09-20T08:00:54.000Z</time>
        <extensions>
          <ns3:TrackPointExtension>
            <ns3:hr>93</ns3:hr>
            <ns3:cad>0</ns3:cad>
          </ns3:TrackPointExtension>
        </extensions>
      </trkpt>
      <trkpt lat="32.29005795903503894805908203125" lon="118.29033044166862964630126953125">
        <ele>64.1999969482421875</ele>
        <time>2026-09-20T08:00:57.000Z</time>
        <extensions>
          <ns3:TrackPointExtension>
            <ns3:hr>94</ns3:hr>
            <ns3:cad>0</ns3:cad>
          </ns3:TrackPointExtension>
        </extensions>
      </trkpt>
      <trkpt lat="32.2902206517755985260009765625" lon="118.29044745303690433502197265625">
        <ele>64</ele>
        <time>2026-09-20T08:01:10.000Z</time>
        <extensions>
          <ns3:TrackPointExtension>
            <ns3:hr>94</ns3:hr>
            <ns3:cad>45</ns3:cad>
          </ns3:TrackPointExtension>
        </extensions>
      </trkpt>
      <trkpt lat="32.29023791849613189697265625" lon="118.29047377221286296844482421875">
        <ele>64</ele>
        <time>2026-09-20T08:01:12.000Z</time>
        <extensions>
          <ns3:TrackPointExtension>
            <ns3:hr>94</ns3:hr>
            <ns3:cad>45</ns3:cad>
          </ns3:TrackPointExtension>
        </extensions>
      </trkpt>
      <trkpt lat="32.290272451937198638916015625" lon="118.29051903448998928070068359375">
        <ele>63.799999237060546875</ele>
        <time>2026-09-20T08:01:20.000Z</time>
        <extensions>
          <ns3:TrackPointExtension>
            <ns3:hr>95</ns3:hr>
            <ns3:cad>49</ns3:cad>
          </ns3:TrackPointExtension>
        </extensions>
      </trkpt>
      <trkpt lat="32.29031545110046863555908203125" lon="118.2904921285808086395263671875">
        <ele>63.59999847412109375</ele>
        <time>2026-09-20T08:01:27.000Z</time>
        <extensions>
          <ns3:TrackPointExtension>
            <ns3:hr>93</ns3:hr>
            <ns3:cad>47</ns3:cad>
          </ns3:TrackPointExtension>
        </extensions>
      </trkpt>
      <trkpt lat="32.29032131843268871307373046875" lon="118.29048684798181056976318359375">
        <ele>63.59999847412109375</ele>
        <time>2026-09-20T08:01:28.000Z</time>
        <extensions>
          <ns3:TrackPointExtension>
            <ns3:hr>93</ns3:hr>
            <ns3:cad>47</ns3:cad>
          </ns3:TrackPointExtension>
        </extensions>
      </trkpt>
      <trkpt lat="32.290371693670749664306640625" lon="118.290445692837238311767578125">
        <ele>63.59999847412109375</ele>
        <time>2026-09-20T08:01:35.000Z</time>
        <extensions>
          <ns3:TrackPointExtension>
            <ns3:hr>90</ns3:hr>
            <ns3:cad>48</ns3:cad>
          </ns3:TrackPointExtension>
        </extensions>
      </trkpt>
      <trkpt lat="32.29038736782968044281005859375" lon="118.290433622896671295166015625">
        <ele>63.59999847412109375</ele>
        <time>2026-09-20T08:01:38.000Z</time>
        <extensions>
          <ns3:TrackPointExtension>
            <ns3:hr>87</ns3:hr>
            <ns3:cad>0</ns3:cad>
          </ns3:TrackPointExtension>
        </extensions>
      </trkpt>
      <trkpt lat="32.290408909320831298828125" lon="118.2904212176799774169921875">
        <ele>63.59999847412109375</ele>
        <time>2026-09-20T08:01:41.000Z</time>
        <extensions>
          <ns3:TrackPointExtension>
            <ns3:hr>84</ns3:hr>
            <ns3:cad>0</ns3:cad>
          </ns3:TrackPointExtension>
        </extensions>
      </trkpt>
      <trkpt lat="32.29044034145772457122802734375" lon="118.29036581330001354217529296875">
        <ele>63.59999847412109375</ele>
        <time>2026-09-20T08:01:48.000Z</time>
        <extensions>
          <ns3:TrackPointExtension>
            <ns3:hr>85</ns3:hr>
            <ns3:cad>49</ns3:cad>
          </ns3:TrackPointExtension>
        </extensions>
      </trkpt>
      <trkpt lat="32.29048275388777256011962890625" lon="118.290303535759449005126953125">
        <ele>63.59999847412109375</ele>
        <time>2026-09-20T08:01:55.000Z</time>
        <extensions>
          <ns3:TrackPointExtension>
            <ns3:hr>83</ns3:hr>
            <ns3:cad>0</ns3:cad>
          </ns3:TrackPointExtension>
        </extensions>
      </trkpt>
      <trkpt lat="32.2905250824987888336181640625" lon="118.2902245782315731048583984375">
        <ele>63.59999847412109375</ele>
        <time>2026-09-20T08:02:04.000Z</time>
        <extensions>
          <ns3:TrackPointExtension>
            <ns3:hr>81</ns3:hr>
            <ns3:cad>49</ns3:cad>
          </ns3:TrackPointExtension>
        </extensions>
      </trkpt>
      <trkpt lat="32.29054327122867107391357421875" lon="118.29015106894075870513916015625">
        <ele>63.59999847412109375</ele>
        <time>2026-09-20T08:02:11.000Z</time>
        <extensions>
          <ns3:TrackPointExtension>
            <ns3:hr>83</ns3:hr>
            <ns3:cad>0</ns3:cad>
          </ns3:TrackPointExtension>
        </extensions>
      </trkpt>
      <trkpt lat="32.29054477997124195098876953125" lon="118.2901400886476039886474609375">
        <ele>64.1999969482421875</ele>
        <time>2026-09-20T08:02:18.000Z</time>
        <extensions>
          <ns3:TrackPointExtension>
            <ns3:hr>82</ns3:hr>
            <ns3:cad>0</ns3:cad>
          </ns3:TrackPointExtension>
        </extensions>
      </trkpt>
      <trkpt lat="32.29054477997124195098876953125" lon="118.2901400886476039886474609375">
        <ele>64.1999969482421875</ele>
        <time>2026-09-20T08:02:23.000Z</time>
        <extensions>
          <ns3:TrackPointExtension>
            <ns3:hr>85</ns3:hr>
            <ns3:cad>0</ns3:cad>
          </ns3:TrackPointExtension>
        </extensions>
      </trkpt>
      <trkpt lat="32.29054477997124195098876953125" lon="118.2901400886476039886474609375">
        <ele>64.1999969482421875</ele>
        <time>2026-09-20T08:02:24.000Z</time>
        <extensions>
          <ns3:TrackPointExtension>
            <ns3:hr>93</ns3:hr>
            <ns3:cad>0</ns3:cad>
          </ns3:TrackPointExtension>
        </extensions>
      </trkpt>
      <trkpt lat="32.29054477997124195098876953125" lon="118.2901400886476039886474609375">
        <ele>64.1999969482421875</ele>
        <time>2026-09-20T08:02:25.000Z</time>
        <extensions>
          <ns3:TrackPointExtension>
            <ns3:hr>96</ns3:hr>
            <ns3:cad>0</ns3:cad>
          </ns3:TrackPointExtension>
        </extensions>
      </trkpt>
      <trkpt lat="32.29056288488209247589111328125" lon="118.29014335758984088897705078125">
        <ele>63.799999237060546875</ele>
        <time>2026-09-20T08:02:31.000Z</time>
        <extensions>
          <ns3:TrackPointExtension>
            <ns3:hr>97</ns3:hr>
            <ns3:cad>0</ns3:cad>
          </ns3:TrackPointExtension>
        </extensions>
      </trkpt>
      <trkpt lat="32.29062239639461040496826171875" lon="118.2902041263878345489501953125">
        <ele>63.40000152587890625</ele>
        <time>2026-09-20T08:02:38.000Z</time>
        <extensions>
          <ns3:TrackPointExtension>
            <ns3:hr>97</ns3:hr>
            <ns3:cad>53</ns3:cad>
          </ns3:TrackPointExtension>
        </extensions>
      </trkpt>
      <trkpt lat="32.2906677424907684326171875" lon="118.29024544917047023773193359375">
        <ele>63.40000152587890625</ele>
        <time>2026-09-20T08:02:45.000Z</time>
        <extensions>
          <ns3:TrackPointExtension>
            <ns3:hr>97</ns3:hr>
            <ns3:cad>0</ns3:cad>
          </ns3:TrackPointExtension>
        </extensions>
      </trkpt>
      <trkpt lat="32.29071979410946369171142578125" lon="118.29030579887330532073974609375">
        <ele>63.799999237060546875</ele>
        <time>2026-09-20T08:02:53.000Z</time>
        <extensions>
          <ns3:TrackPointExtension>
            <ns3:hr>95</ns3:hr>
            <ns3:cad>48</ns3:cad>
          </ns3:TrackPointExtension>
        </extensions>
      </trkpt>
      <trkpt lat="32.29072918184101581573486328125" lon="118.29031937755644321441650390625">
        <ele>63.59999847412109375</ele>
        <time>2026-09-20T08:02:55.000Z</time>
        <extensions>
          <ns3:TrackPointExtension>
            <ns3:hr>92</ns3:hr>
            <ns3:cad>48</ns3:cad>
          </ns3:TrackPointExtension>
        </extensions>
      </trkpt>
      <trkpt lat="32.29073488153517246246337890625" lon="118.29032809473574161529541015625">
        <ele>63.40000152587890625</ele>
        <time>2026-09-20T08:02:56.000Z</time>
        <extensions>
          <ns3:TrackPointExtension>
            <ns3:hr>88</ns3:hr>
            <ns3:cad>48</ns3:cad>
          </ns3:TrackPointExtension>
        </extensions>
      </trkpt>
      <trkpt lat="32.2907410003244876861572265625" lon="118.2903380692005157470703125">
        <ele>63.200000762939453125</ele>
        <time>2026-09-20T08:02:57.000Z</time>
        <extensions>
          <ns3:TrackPointExtension>
            <ns3:hr>84</ns3:hr>
            <ns3:cad>49</ns3:cad>
          </ns3:TrackPointExtension>
        </extensions>
      </trkpt>
      <trkpt lat="32.2907477058470249176025390625" lon="118.290350139141082763671875">
        <ele>63.200000762939453125</ele>
        <time>2026-09-20T08:02:58.000Z</time>
        <extensions>
          <ns3:TrackPointExtension>
            <ns3:hr>81</ns3:hr>
            <ns3:cad>49</ns3:cad>
          </ns3:TrackPointExtension>
        </extensions>
      </trkpt>
      <trkpt lat="32.29076857678592205047607421875" lon="118.29039263539016246795654296875">
        <ele>63.59999847412109375</ele>
        <time>2026-09-20T08:03:02.000Z</time>
        <extensions>
          <ns3:TrackPointExtension>
            <ns3:hr>80</ns3:hr>
            <ns3:cad>48</ns3:cad>
          </ns3:TrackPointExtension>
        </extensions>
      </trkpt>
      <trkpt lat="32.29078416712582111358642578125" lon="118.29047595150768756866455078125">
        <ele>62.59999847412109375</ele>
        <time>2026-09-20T08:03:09.000Z</time>
        <extensions>
          <ns3:TrackPointExtension>
            <ns3:hr>79</ns3:hr>
            <ns3:cad>52</ns3:cad>
          </ns3:TrackPointExtension>
        </extensions>
      </trkpt>
      <trkpt lat="32.29077846743166446685791015625" lon="118.290503360331058502197265625">
        <ele>62.40000152587890625</ele>
        <time>2026-09-20T08:03:11.000Z</time>
        <extensions>
          <ns3:TrackPointExtension>
            <ns3:hr>79</ns3:hr>
            <ns3:cad>52</ns3:cad>
          </ns3:TrackPointExtension>
        </extensions>
      </trkpt>
      <trkpt lat="32.2907160222530364990234375" lon="118.29056764952838420867919921875">
        <ele>62.200000762939453125</ele>
        <time>2026-09-20T08:03:18.000Z</time>
        <extensions>
          <ns3:TrackPointExtension>
            <ns3:hr>79</ns3:hr>
            <ns3:cad>0</ns3:cad>
          </ns3:TrackPointExtension>
        </extensions>
      </trkpt>
      <trkpt lat="32.290712334215641021728515625" lon="118.29055356793105602264404296875">
        <ele>62.59999847412109375</ele>
        <time>2026-09-20T08:03:25.000Z</time>
        <extensions>
          <ns3:TrackPointExtension>
            <ns3:hr>80</ns3:hr>
            <ns3:cad>0</ns3:cad>
          </ns3:TrackPointExtension>
        </extensions>
      </trkpt>
      <trkpt lat="32.29071845300495624542236328125" lon="118.2905437611043453216552734375">
        <ele>62.59999847412109375</ele>
        <time>2026-09-20T08:03:28.000Z</time>
        <extensions>
          <ns3:TrackPointExtension>
            <ns3:hr>80</ns3:hr>
            <ns3:cad>0</ns3:cad>
          </ns3:TrackPointExtension>
        </extensions>
      </trkpt>
      <trkpt lat="32.290720380842685699462890625" lon="118.2905226387083530426025390625">
        <ele>62.200000762939453125</ele>
        <time>2026-09-20T08:03:32.000Z</time>
        <extensions>
          <ns3:TrackPointExtension>
            <ns3:hr>83</ns3:hr>
            <ns3:cad>0</ns3:cad>
          </ns3:TrackPointExtension>
        </extensions>
      </trkpt>
      <trkpt lat="32.29072096757590770721435546875" lon="118.290513418614864349365234375">
        <ele>62.40000152587890625</ele>
        <time>2026-09-20T08:03:33.000Z</time>
        <extensions>
          <ns3:TrackPointExtension>
            <ns3:hr>83</ns3:hr>
            <ns3:cad>0</ns3:cad>
          </ns3:TrackPointExtension>
        </extensions>
      </trkpt>
      <trkpt lat="32.29073018766939640045166015625" lon="118.29050528816878795623779296875">
        <ele>62.200000762939453125</ele>
        <time>2026-09-20T08:03:42.000Z</time>
        <extensions>
          <ns3:TrackPointExtension>
            <ns3:hr>83</ns3:hr>
            <ns3:cad>0</ns3:cad>
          </ns3:TrackPointExtension>
        </extensions>
      </trkpt>
      <trkpt lat="32.2907321155071258544921875" lon="118.2905380614101886749267578125">
        <ele>62.200000762939453125</ele>
        <time>2026-09-20T08:03:53.000Z</time>
        <extensions>
          <ns3:TrackPointExtension>
            <ns3:hr>85</ns3:hr>
            <ns3:cad>0</ns3:cad>
          </ns3:TrackPointExtension>
        </extensions>
      </trkpt>
      <trkpt lat="32.29071803390979766845703125" lon="118.29054602421820163726806640625">
        <ele>62.200000762939453125</ele>
        <time>2026-09-20T08:04:01.000Z</time>
        <extensions>
          <ns3:TrackPointExtension>
            <ns3:hr>86</ns3:hr>
            <ns3:cad>0</ns3:cad>
          </ns3:TrackPointExtension>
        </extensions>
      </trkpt>
      <trkpt lat="32.29072180576622486114501953125" lon="118.29061073251068592071533203125">
        <ele>61.799999237060546875</ele>
        <time>2026-09-20T08:04:08.000Z</time>
        <extensions>
          <ns3:TrackPointExtension>
            <ns3:hr>87</ns3:hr>
            <ns3:cad>44</ns3:cad>
          </ns3:TrackPointExtension>
        </extensions>
      </trkpt>
      <trkpt lat="32.29073773138225078582763671875" lon="118.2906537316739559173583984375">
        <ele>61.40000152587890625</ele>
        <time>2026-09-20T08:04:12.000Z</time>
        <extensions>
          <ns3:TrackPointExtension>
            <ns3:hr>85</ns3:hr>
            <ns3:cad>49</ns3:cad>
          </ns3:TrackPointExtension>
        </extensions>
      </trkpt>
      <trkpt lat="32.29074418544769287109375" lon="118.2906788773834705352783203125">
        <ele>61.200000762939453125</ele>
        <time>2026-09-20T08:04:15.000Z</time>
        <extensions>
          <ns3:TrackPointExtension>
            <ns3:hr>85</ns3:hr>
            <ns3:cad>51</ns3:cad>
          </ns3:TrackPointExtension>
        </extensions>
      </trkpt>
      <trkpt lat="32.29078165255486965179443359375" lon="118.29074132256209850311279296875">
        <ele>60.59999847412109375</ele>
        <time>2026-09-20T08:04:22.000Z</time>
        <extensions>
          <ns3:TrackPointExtension>
            <ns3:hr>85</ns3:hr>
            <ns3:cad>51</ns3:cad>
          </ns3:TrackPointExtension>
        </extensions>
      </trkpt>
      <trkpt lat="32.29078852571547031402587890625" lon="118.29076521098613739013671875">
        <ele>60.40000152587890625</ele>
        <time>2026-09-20T08:04:24.000Z</time>
        <extensions>
          <ns3:TrackPointExtension>
            <ns3:hr>84</ns3:hr>
            <ns3:cad>51</ns3:cad>
          </ns3:TrackPointExtension>
        </extensions>
      </trkpt>
      <trkpt lat="32.29080897755920886993408203125" lon="118.29081692732870578765869140625">
        <ele>59.799999237060546875</ele>
        <time>2026-09-20T08:04:30.000Z</time>
        <extensions>
          <ns3:TrackPointExtension>
            <ns3:hr>82</ns3:hr>
            <ns3:cad>51</ns3:cad>
          </ns3:TrackPointExtension>
        </extensions>
      </trkpt>
      <trkpt lat="32.2908167727291584014892578125" lon="118.2908610999584197998046875">
        <ele>59.200000762939453125</ele>
        <time>2026-09-20T08:04:34.000Z</time>
        <extensions>
          <ns3:TrackPointExtension>
            <ns3:hr>83</ns3:hr>
            <ns3:cad>52</ns3:cad>
          </ns3:TrackPointExtension>
        </extensions>
      </trkpt>
      <trkpt lat="32.29081585071980953216552734375" lon="118.29088884405791759490966796875">
        <ele>59</ele>
        <time>2026-09-20T08:04:37.000Z</time>
        <extensions>
          <ns3:TrackPointExtension>
            <ns3:hr>83</ns3:hr>
            <ns3:cad>0</ns3:cad>
          </ns3:TrackPointExtension>
        </extensions>
      </trkpt>
      <trkpt lat="32.2908352129161357879638671875" lon="118.2908958010375499725341796875">
        <ele>58.799999237060546875</ele>
        <time>2026-09-20T08:04:44.000Z</time>
        <extensions>
          <ns3:TrackPointExtension>
            <ns3:hr>82</ns3:hr>
            <ns3:cad>0</ns3:cad>
          </ns3:TrackPointExtension>
        </extensions>
      </trkpt>
      <trkpt lat="32.29084569029510021209716796875" lon="118.2909410633146762847900390625">
        <ele>58.200000762939453125</ele>
        <time>2026-09-20T08:04:50.000Z</time>
        <extensions>
          <ns3:TrackPointExtension>
            <ns3:hr>83</ns3:hr>
            <ns3:cad>0</ns3:cad>
          </ns3:TrackPointExtension>
        </extensions>
      </trkpt>
      <trkpt lat="32.29083999060094356536865234375" lon="118.29094366170465946197509765625">
        <ele>58.200000762939453125</ele>
        <time>2026-09-20T08:04:51.000Z</time>
        <extensions>
          <ns3:TrackPointExtension>
            <ns3:hr>83</ns3:hr>
            <ns3:cad>0</ns3:cad>
          </ns3:TrackPointExtension>
        </extensions>
      </trkpt>
      <trkpt lat="32.290829010307788848876953125" lon="118.290965370833873748779296875">
        <ele>58</ele>
        <time>2026-09-20T08:05:01.000Z</time>
        <extensions>
          <ns3:TrackPointExtension>
            <ns3:hr>82</ns3:hr>
            <ns3:cad>0</ns3:cad>
          </ns3:TrackPointExtension>
        </extensions>
      </trkpt>
      <trkpt lat="32.29081484489142894744873046875" lon="118.29097576439380645751953125">
        <ele>57.799999237060546875</ele>
        <time>2026-09-20T08:05:04.000Z</time>
        <extensions>
          <ns3:TrackPointExtension>
            <ns3:hr>77</ns3:hr>
            <ns3:cad>0</ns3:cad>
          </ns3:TrackPointExtension>
        </extensions>
      </trkpt>
      <trkpt lat="32.2908033616840839385986328125" lon="118.29098221845924854278564453125">
        <ele>57.59999847412109375</ele>
        <time>2026-09-20T08:05:06.000Z</time>
        <extensions>
          <ns3:TrackPointExtension>
            <ns3:hr>73</ns3:hr>
            <ns3:cad>48</ns3:cad>
          </ns3:TrackPointExtension>
        </extensions>
      </trkpt>
      <trkpt lat="32.2907884418964385986328125" lon="118.29098590649664402008056640625">
        <ele>57.200000762939453125</ele>
        <time>2026-09-20T08:05:09.000Z</time>
        <extensions>
          <ns3:TrackPointExtension>
            <ns3:hr>72</ns3:hr>
            <ns3:cad>47</ns3:cad>
          </ns3:TrackPointExtension>
        </extensions>
      </trkpt>
      <trkpt lat="32.2907772101461887359619140625" lon="118.29098640941083431243896484375">
        <ele>57.200000762939453125</ele>
        <time>2026-09-20T08:05:10.000Z</time>
        <extensions>
          <ns3:TrackPointExtension>
            <ns3:hr>71</ns3:hr>
            <ns3:cad>42</ns3:cad>
          </ns3:TrackPointExtension>
        </extensions>
      </trkpt>
      <trkpt lat="32.2907426767051219940185546875" lon="118.29096478410065174102783203125">
        <ele>57.200000762939453125</ele>
        <time>2026-09-20T08:05:17.000Z</time>
        <extensions>
          <ns3:TrackPointExtension>
            <ns3:hr>70</ns3:hr>
            <ns3:cad>0</ns3:cad>
          </ns3:TrackPointExtension>
        </extensions>
      </trkpt>
      <trkpt lat="32.29072867892682552337646484375" lon="118.29094466753304004669189453125">
        <ele>57.200000762939453125</ele>
        <time>2026-09-20T08:05:22.000Z</time>
        <extensions>
          <ns3:TrackPointExtension>
            <ns3:hr>67</ns3:hr>
            <ns3:cad>0</ns3:cad>
          </ns3:TrackPointExtension>
        </extensions>
      </trkpt>
      <trkpt lat="32.2907279245555400848388671875" lon="118.2909340225160121917724609375">
        <ele>57.200000762939453125</ele>
        <time>2026-09-20T08:05:27.000Z</time>
        <extensions>
          <ns3:TrackPointExtension>
            <ns3:hr>67</ns3:hr>
            <ns3:cad>0</ns3:cad>
          </ns3:TrackPointExtension>
        </extensions>
      </trkpt>
      <trkpt lat="32.2907262481749057769775390625" lon="118.29092882573604583740234375">
        <ele>57.200000762939453125</ele>
        <time>2026-09-20T08:05:30.000Z</time>
        <extensions>
          <ns3:TrackPointExtension>
            <ns3:hr>70</ns3:hr>
            <ns3:cad>0</ns3:cad>
          </ns3:TrackPointExtension>
        </extensions>
      </trkpt>
      <trkpt lat="32.2907282598316669464111328125" lon="118.29092622734606266021728515625">
        <ele>57.200000762939453125</ele>
        <time>2026-09-20T08:05:32.000Z</time>
        <extensions>
          <ns3:TrackPointExtension>
            <ns3:hr>73</ns3:hr>
            <ns3:cad>0</ns3:cad>
          </ns3:TrackPointExtension>
        </extensions>
      </trkpt>
      <trkpt lat="32.29072951711714267730712890625" lon="118.2909219525754451751708984375">
        <ele>57</ele>
        <time>2026-09-20T08:05:41.000Z</time>
        <extensions>
          <ns3:TrackPointExtension>
            <ns3:hr>75</ns3:hr>
            <ns3:cad>0</ns3:cad>
          </ns3:TrackPointExtension>
        </extensions>
      </trkpt>
      <trkpt lat="32.29073655791580677032470703125" lon="118.290933854877948760986328125">
        <ele>56.799999237060546875</ele>
        <time>2026-09-20T08:05:51.000Z</time>
        <extensions>
          <ns3:TrackPointExtension>
            <ns3:hr>80</ns3:hr>
            <ns3:cad>0</ns3:cad>
          </ns3:TrackPointExtension>
        </extensions>
      </trkpt>
      <trkpt lat="32.290734462440013885498046875" lon="118.29093729145824909210205078125">
        <ele>56.799999237060546875</ele>
        <time>2026-09-20T08:05:53.000Z</time>
        <extensions>
          <ns3:TrackPointExtension>
            <ns3:hr>81</ns3:hr>
            <ns3:cad>0</ns3:cad>
          </ns3:TrackPointExtension>
        </extensions>
      </trkpt>
      <trkpt lat="32.29072339832782745361328125" lon="118.29093410633504390716552734375">
        <ele>56.59999847412109375</ele>
        <time>2026-09-20T08:06:00.000Z</time>
        <extensions>
          <ns3:TrackPointExtension>
            <ns3:hr>80</ns3:hr>
            <ns3:cad>0</ns3:cad>
          </ns3:TrackPointExtension>
        </extensions>
      </trkpt>
      <trkpt lat="32.29072767309844493865966796875" lon="118.29092974774539470672607421875">
        <ele>56.40000152587890625</ele>
        <time>2026-09-20T08:06:08.000Z</time>
        <extensions>
          <ns3:TrackPointExtension>
            <ns3:hr>82</ns3:hr>
            <ns3:cad>0</ns3:cad>
          </ns3:TrackPointExtension>
        </extensions>
      </trkpt>
      <trkpt lat="32.29073303751647472381591796875" lon="118.29091834835708141326904296875">
        <ele>56.799999237060546875</ele>
        <time>2026-09-20T08:06:16.000Z</time>
        <extensions>
          <ns3:TrackPointExtension>
            <ns3:hr>85</ns3:hr>
            <ns3:cad>0</ns3:cad>
          </ns3:TrackPointExtension>
        </extensions>
      </trkpt>
      <trkpt lat="32.29072851128876209259033203125" lon="118.290920443832874298095703125">
        <ele>56.799999237060546875</ele>
        <time>2026-09-20T08:06:18.000Z</time>
        <extensions>
          <ns3:TrackPointExtension>
            <ns3:hr>85</ns3:hr>
            <ns3:cad>0</ns3:cad>
          </ns3:TrackPointExtension>
        </extensions>
      </trkpt>
      <trkpt lat="32.29074083268642425537109375" lon="118.29093025065958499908447265625">
        <ele>56.59999847412109375</ele>
        <time>2026-09-20T08:06:25.000Z</time>
        <extensions>
          <ns3:TrackPointExtension>
            <ns3:hr>81</ns3:hr>
            <ns3:cad>0</ns3:cad>
          </ns3:TrackPointExtension>
        </extensions>
      </trkpt>
      <trkpt lat="32.29076723568141460418701171875" lon="118.29094600863754749298095703125">
        <ele>56.40000152587890625</ele>
        <time>2026-09-20T08:06:30.000Z</time>
        <extensions>
          <ns3:TrackPointExtension>
            <ns3:hr>84</ns3:hr>
            <ns3:cad>0</ns3:cad>
          </ns3:TrackPointExtension>
        </extensions>
      </trkpt>
      <trkpt lat="32.29079891927540302276611328125" lon="118.290966041386127471923828125">
        <ele>56.40000152587890625</ele>
        <time>2026-09-20T08:06:37.000Z</time>
        <extensions>
          <ns3:TrackPointExtension>
            <ns3:hr>84</ns3:hr>
            <ns3:cad>0</ns3:cad>
          </ns3:TrackPointExtension>
        </extensions>
      </trkpt>
      <trkpt lat="32.2907911241054534912109375" lon="118.290962018072605133056640625">
        <ele>56.40000152587890625</ele>
        <time>2026-09-20T08:06:48.000Z</time>
        <extensions>
          <ns3:TrackPointExtension>
            <ns3:hr>76</ns3:hr>
            <ns3:cad>0</ns3:cad>
          </ns3:TrackPointExtension>
        </extensions>
      </trkpt>
      <trkpt lat="32.29078902862966060638427734375" lon="118.2909603416919708251953125">
        <ele>56.40000152587890625</ele>
        <time>2026-09-20T08:06:49.000Z</time>
        <extensions>
          <ns3:TrackPointExtension>
            <ns3:hr>71</ns3:hr>
            <ns3:cad>0</ns3:cad>
          </ns3:TrackPointExtension>
        </extensions>
      </trkpt>
      <trkpt lat="32.2907896153628826141357421875" lon="118.29096428118646144866943359375">
        <ele>56.40000152587890625</ele>
        <time>2026-09-20T08:06:52.000Z</time>
        <extensions>
          <ns3:TrackPointExtension>
            <ns3:hr>70</ns3:hr>
            <ns3:cad>0</ns3:cad>
          </ns3:TrackPointExtension>
        </extensions>
      </trkpt>
      <trkpt lat="32.29081568308174610137939453125" lon="118.2909920252859592437744140625">
        <ele>56.40000152587890625</ele>
        <time>2026-09-20T08:07:00.000Z</time>
        <extensions>
          <ns3:TrackPointExtension>
            <ns3:hr>73</ns3:hr>
            <ns3:cad>0</ns3:cad>
          </ns3:TrackPointExtension>
        </extensions>
      </trkpt>
      <trkpt lat="32.29082004167139530181884765625" lon="118.29099294729530811309814453125">
        <ele>56.40000152587890625</ele>
        <time>2026-09-20T08:07:01.000Z</time>
        <extensions>
          <ns3:TrackPointExtension>
            <ns3:hr>73</ns3:hr>
            <ns3:cad>0</ns3:cad>
          </ns3:TrackPointExtension>
        </extensions>
      </trkpt>
      <trkpt lat="32.2908769547939300537109375" lon="118.2910362817347049713134765625">
        <ele>56.40000152587890625</ele>
        <time>2026-09-20T08:07:10.000Z</time>
        <extensions>
          <ns3:TrackPointExtension>
            <ns3:hr>72</ns3:hr>
            <ns3:cad>79</ns3:cad>
          </ns3:TrackPointExtension>
        </extensions>
      </trkpt>
      <trkpt lat="32.29091584682464599609375" lon="118.29105732031166553497314453125">
        <ele>56.200000762939453125</ele>
        <time>2026-09-20T08:07:16.000Z</time>
        <extensions>
          <ns3:TrackPointExtension>
            <ns3:hr>73</ns3:hr>
            <ns3:cad>48</ns3:cad>
          </ns3:TrackPointExtension>
        </extensions>
      </trkpt>
      <trkpt lat="32.29092213325202465057373046875" lon="118.2910595834255218505859375">
        <ele>56.200000762939453125</ele>
        <time>2026-09-20T08:07:17.000Z</time>
        <extensions>
          <ns3:TrackPointExtension>
            <ns3:hr>73</ns3:hr>
            <ns3:cad>48</ns3:cad>
          </ns3:TrackPointExtension>
        </extensions>
      </trkpt>
      <trkpt lat="32.29097611270844936370849609375" lon="118.291089423000812530517578125">
        <ele>55.59999847412109375</ele>
        <time>2026-09-20T08:07:24.000Z</time>
        <extensions>
          <ns3:TrackPointExtension>
            <ns3:hr>71</ns3:hr>
            <ns3:cad>53</ns3:cad>
          </ns3:TrackPointExtension>
        </extensions>
      </trkpt>
      <trkpt lat="32.29098432697355747222900390625" lon="118.29109780490398406982421875">
        <ele>55.59999847412109375</ele>
        <time>2026-09-20T08:07:25.000Z</time>
        <extensions>
          <ns3:TrackPointExtension>
            <ns3:hr>66</ns3:hr>
            <ns3:cad>53</ns3:cad>
          </ns3:TrackPointExtension>
        </extensions>
      </trkpt>
      <trkpt lat="32.290991954505443572998046875" lon="118.29110811464488506317138671875">
        <ele>55.40000152587890625</ele>
        <time>2026-09-20T08:07:26.000Z</time>
        <extensions>
          <ns3:TrackPointExtension>
            <ns3:hr>61</ns3:hr>
            <ns3:cad>53</ns3:cad>
          </ns3:TrackPointExtension>
        </extensions>
      </trkpt>
      <trkpt lat="32.2910142503678798675537109375" lon="118.29113728366792201995849609375">
        <ele>55.200000762939453125</ele>
        <time>2026-09-20T08:07:28.000Z</time>
        <extensions>
          <ns3:TrackPointExtension>
            <ns3:hr>57</ns3:hr>
            <ns3:cad>54</ns3:cad>
          </ns3:TrackPointExtension>
        </extensions>
      </trkpt>
      <trkpt lat="32.2910202853381633758544921875" lon="118.2911469228565692901611328125">
        <ele>55</ele>
        <time>2026-09-20T08:07:29.000Z</time>
        <extensions>
          <ns3:TrackPointExtension>
            <ns3:hr>56</ns3:hr>
            <ns3:cad>53</ns3:cad>
          </ns3:TrackPointExtension>
        </extensions>
      </trkpt>
      <trkpt lat="32.2910410724580287933349609375" lon="118.2911673747003078460693359375">
        <ele>54.799999237060546875</ele>
        <time>2026-09-20T08:07:31.000Z</time>
        <extensions>
          <ns3:TrackPointExtension>
            <ns3:hr>55</ns3:hr>
            <ns3:cad>53</ns3:cad>
          </ns3:TrackPointExtension>
        </extensions>
      </trkpt>
      <trkpt lat="32.2910870052874088287353515625" lon="118.29119428060948848724365234375">
        <ele>55</ele>
        <time>2026-09-20T08:07:36.000Z</time>
        <extensions>
          <ns3:TrackPointExtension>
            <ns3:hr>53</ns3:hr>
            <ns3:cad>55</ns3:cad>
          </ns3:TrackPointExtension>
        </extensions>
      </trkpt>
      <trkpt lat="32.29112061671912670135498046875" lon="118.291235268115997314453125">
        <ele>54.799999237060546875</ele>
        <time>2026-09-20T08:07:42.000Z</time>
        <extensions>
          <ns3:TrackPointExtension>
            <ns3:hr>55</ns3:hr>
            <ns3:cad>51</ns3:cad>
          </ns3:TrackPointExtension>
        </extensions>
      </trkpt>
      <trkpt lat="32.29115112684667110443115234375" lon="118.2912974618375301361083984375">
        <ele>54.59999847412109375</ele>
        <time>2026-09-20T08:07:49.000Z</time>
        <extensions>
          <ns3:TrackPointExtension>
            <ns3:hr>55</ns3:hr>
            <ns3:cad>51</ns3:cad>
          </ns3:TrackPointExtension>
        </extensions>
      </trkpt>
      <trkpt lat="32.2911641187965869903564453125" lon="118.29133744351565837860107421875">
        <ele>54</ele>
        <time>2026-09-20T08:07:55.000Z</time>
        <extensions>
          <ns3:TrackPointExtension>
            <ns3:hr>54</ns3:hr>
            <ns3:cad>50</ns3:cad>
          </ns3:TrackPointExtension>
        </extensions>
      </trkpt>
      <trkpt lat="32.29117107577621936798095703125" lon="118.2913470827043056488037109375">
        <ele>54</ele>
        <time>2026-09-20T08:07:56.000Z</time>
        <extensions>
          <ns3:TrackPointExtension>
            <ns3:hr>54</ns3:hr>
            <ns3:cad>50</ns3:cad>
          </ns3:TrackPointExtension>
        </extensions>
      </trkpt>
      <trkpt lat="32.29122438468039035797119140625" lon="118.29139259643852710723876953125">
        <ele>53.799999237060546875</ele>
        <time>2026-09-20T08:08:01.000Z</time>
        <extensions>
          <ns3:TrackPointExtension>
            <ns3:hr>54</ns3:hr>
            <ns3:cad>52</ns3:cad>
          </ns3:TrackPointExtension>
        </extensions>
      </trkpt>
      <trkpt lat="32.291242070496082305908203125" lon="118.29143333248794078826904296875">
        <ele>53.40000152587890625</ele>
        <time>2026-09-20T08:08:06.000Z</time>
        <extensions>
          <ns3:TrackPointExtension>
            <ns3:hr>54</ns3:hr>
            <ns3:cad>52</ns3:cad>
          </ns3:TrackPointExtension>
        </extensions>
      </trkpt>
      <trkpt lat="32.29128188453614711761474609375" lon="118.29148412682116031646728515625">
        <ele>53</ele>
        <time>2026-09-20T08:08:12.000Z</time>
        <extensions>
          <ns3:TrackPointExtension>
            <ns3:hr>53</ns3:hr>
            <ns3:cad>53</ns3:cad>
          </ns3:TrackPointExtension>
        </extensions>
      </trkpt>
      <trkpt lat="32.2912848182022571563720703125" lon="118.29149334691464900970458984375">
        <ele>53</ele>
        <time>2026-09-20T08:08:13.000Z</time>
        <extensions>
          <ns3:TrackPointExtension>
            <ns3:hr>53</ns3:hr>
            <ns3:cad>53</ns3:cad>
          </ns3:TrackPointExtension>
        </extensions>
      </trkpt>
      <trkpt lat="32.2913267277181148529052734375" lon="118.29156006686389446258544921875">
        <ele>52.40000152587890625</ele>
        <time>2026-09-20T08:08:21.000Z</time>
        <extensions>
          <ns3:TrackPointExtension>
            <ns3:hr>56</ns3:hr>
            <ns3:cad>0</ns3:cad>
          </ns3:TrackPointExtension>
        </extensions>
      </trkpt>
      <trkpt lat="32.29132932610809803009033203125" lon="118.29156761057674884796142578125">
        <ele>52.200000762939453125</ele>
        <time>2026-09-20T08:08:22.000Z</time>
        <extensions>
          <ns3:TrackPointExtension>
            <ns3:hr>60</ns3:hr>
            <ns3:cad>0</ns3:cad>
          </ns3:TrackPointExtension>
        </extensions>
      </trkpt>
      <trkpt lat="32.29133117012679576873779296875" lon="118.29157523810863494873046875">
        <ele>52.200000762939453125</ele>
        <time>2026-09-20T08:08:23.000Z</time>
        <extensions>
          <ns3:TrackPointExtension>
            <ns3:hr>70</ns3:hr>
            <ns3:cad>0</ns3:cad>
          </ns3:TrackPointExtension>
        </extensions>
      </trkpt>
      <trkpt lat="32.29133251123130321502685546875" lon="118.29161287285387516021728515625">
        <ele>52.200000762939453125</ele>
        <time>2026-09-20T08:08:27.000Z</time>
        <extensions>
          <ns3:TrackPointExtension>
            <ns3:hr>73</ns3:hr>
            <ns3:cad>0</ns3:cad>
          </ns3:TrackPointExtension>
        </extensions>
      </trkpt>
      <trkpt lat="32.29134659282863140106201171875" lon="118.29164589755237102508544921875">
        <ele>52</ele>
        <time>2026-09-20T08:08:31.000Z</time>
        <extensions>
          <ns3:TrackPointExtension>
            <ns3:hr>74</ns3:hr>
            <ns3:cad>47</ns3:cad>
          </ns3:TrackPointExtension>
        </extensions>
      </trkpt>
      <trkpt lat="32.2913505323231220245361328125" lon="118.2916545309126377105712890625">
        <ele>51.799999237060546875</ele>
        <time>2026-09-20T08:08:32.000Z</time>
        <extensions>
          <ns3:TrackPointExtension>
            <ns3:hr>74</ns3:hr>
            <ns3:cad>47</ns3:cad>
          </ns3:TrackPointExtension>
        </extensions>
      </trkpt>
      <trkpt lat="32.29137123562395572662353515625" lon="118.2917059957981109619140625">
        <ele>51.40000152587890625</ele>
        <time>2026-09-20T08:08:40.000Z</time>
        <extensions>
          <ns3:TrackPointExtension>
            <ns3:hr>74</ns3:hr>
            <ns3:cad>0</ns3:cad>
          </ns3:TrackPointExtension>
        </extensions>
      </trkpt>
      <trkpt lat="32.29142353869974613189697265625" lon="118.2917661778628826141357421875">
        <ele>50.799999237060546875</ele>
        <time>2026-09-20T08:08:48.000Z</time>
        <extensions>
          <ns3:TrackPointExtension>
            <ns3:hr>73</ns3:hr>
            <ns3:cad>53</ns3:cad>
          </ns3:TrackPointExtension>
        </extensions>
      </trkpt>
      <trkpt lat="32.29142555035650730133056640625" lon="118.29177481122314929962158203125">
        <ele>50.799999237060546875</ele>
        <time>2026-09-20T08:08:49.000Z</time>
        <extensions>
          <ns3:TrackPointExtension>
            <ns3:hr>73</ns3:hr>
            <ns3:cad>53</ns3:cad>
          </ns3:TrackPointExtension>
        </extensions>
      </trkpt>
      <trkpt lat="32.29139688424766063690185546875" lon="118.291851840913295745849609375">
        <ele>50.59999847412109375</ele>
        <time>2026-09-20T08:08:57.000Z</time>
        <extensions>
          <ns3:TrackPointExtension>
            <ns3:hr>73</ns3:hr>
            <ns3:cad>0</ns3:cad>
          </ns3:TrackPointExtension>
        </extensions>
      </trkpt>
      <trkpt lat="32.29138464666903018951416015625" lon="118.2918691076338291168212890625">
        <ele>50.59999847412109375</ele>
        <time>2026-09-20T08:09:07.000Z</time>
        <extensions>
          <ns3:TrackPointExtension>
            <ns3:hr>76</ns3:hr>
            <ns3:cad>0</ns3:cad>
          </ns3:TrackPointExtension>
        </extensions>
      </trkpt>
      <trkpt lat="32.2913793660700321197509765625" lon="118.29186902381479740142822265625">
        <ele>50.40000152587890625</ele>
        <time>2026-09-20T08:09:21.000Z</time>
        <extensions>
          <ns3:TrackPointExtension>
            <ns3:hr>73</ns3:hr>
            <ns3:cad>0</ns3:cad>
          </ns3:TrackPointExtension>
        </extensions>
      </trkpt>
      <trkpt lat="32.2913793660700321197509765625" lon="118.29186902381479740142822265625">
        <ele>50.40000152587890625</ele>
        <time>2026-09-20T08:09:26.000Z</time>
        <extensions>
          <ns3:TrackPointExtension>
            <ns3:hr>73</ns3:hr>
            <ns3:cad>0</ns3:cad>
          </ns3:TrackPointExtension>
        </extensions>
      </trkpt>
      <trkpt lat="32.2913793660700321197509765625" lon="118.29186902381479740142822265625">
        <ele>50.40000152587890625</ele>
        <time>2026-09-20T08:09:30.000Z</time>
        <extensions>
          <ns3:TrackPointExtension>
            <ns3:hr>70</ns3:hr>
            <ns3:cad>0</ns3:cad>
          </ns3:TrackPointExtension>
        </extensions>
      </trkpt>
      <trkpt lat="32.29137391783297061920166015625" lon="118.29188880510628223419189453125">
        <ele>50.200000762939453125</ele>
        <time>2026-09-20T08:09:47.000Z</time>
        <extensions>
          <ns3:TrackPointExtension>
            <ns3:hr>69</ns3:hr>
            <ns3:cad>0</ns3:cad>
          </ns3:TrackPointExtension>
        </extensions>
      </trkpt>
      <trkpt lat="32.29134810157120227813720703125" lon="118.2919177226722240447998046875">
        <ele>50</ele>
        <time>2026-09-20T08:09:55.000Z</time>
        <extensions>
          <ns3:TrackPointExtension>
            <ns3:hr>72</ns3:hr>
            <ns3:cad>0</ns3:cad>
          </ns3:TrackPointExtension>
        </extensions>
      </trkpt>
      <trkpt lat="32.291353046894073486328125" lon="118.2919140346348285675048828125">
        <ele>50</ele>
        <time>2026-09-20T08:09:57.000Z</time>
        <extensions>
          <ns3:TrackPointExtension>
            <ns3:hr>71</ns3:hr>
            <ns3:cad>0</ns3:cad>
          </ns3:TrackPointExtension>
        </extensions>
      </trkpt>
      <trkpt lat="32.291366122663021087646484375" lon="118.291892744600772857666015625">
        <ele>50</ele>
        <time>2026-09-20T08:10:05.000Z</time>
        <extensions>
          <ns3:TrackPointExtension>
            <ns3:hr>74</ns3:hr>
            <ns3:cad>0</ns3:cad>
          </ns3:TrackPointExtension>
        </extensions>
      </trkpt>
      <trkpt lat="32.29136310517787933349609375" lon="118.29188997857272624969482421875">
        <ele>49.799999237060546875</ele>
        <time>2026-09-20T08:10:08.000Z</time>
        <extensions>
          <ns3:TrackPointExtension>
            <ns3:hr>76</ns3:hr>
            <ns3:cad>0</ns3:cad>
          </ns3:TrackPointExtension>
        </extensions>
      </trkpt>
      <trkpt lat="32.29136654175817966461181640625" lon="118.291887380182743072509765625">
        <ele>49.799999237060546875</ele>
        <time>2026-09-20T08:10:13.000Z</time>
        <extensions>
          <ns3:TrackPointExtension>
            <ns3:hr>77</ns3:hr>
            <ns3:cad>0</ns3:cad>
          </ns3:TrackPointExtension>
        </extensions>
      </trkpt>
      <trkpt lat="32.29135262779891490936279296875" lon="118.291905485093593597412109375">
        <ele>49.799999237060546875</ele>
        <time>2026-09-20T08:10:29.000Z</time>
        <extensions>
          <ns3:TrackPointExtension>
            <ns3:hr>75</ns3:hr>
            <ns3:cad>0</ns3:cad>
          </ns3:TrackPointExtension>
        </extensions>
      </trkpt>
      <trkpt lat="32.29136587120592594146728515625" lon="118.29190246760845184326171875">
        <ele>49.59999847412109375</ele>
        <time>2026-09-20T08:10:46.000Z</time>
        <extensions>
          <ns3:TrackPointExtension>
            <ns3:hr>74</ns3:hr>
            <ns3:cad>0</ns3:cad>
          </ns3:TrackPointExtension>
        </extensions>
      </trkpt>
      <trkpt lat="32.29140124283730983734130859375" lon="118.29184019006788730621337890625">
        <ele>49.59999847412109375</ele>
        <time>2026-09-20T08:10:58.000Z</time>
        <extensions>
          <ns3:TrackPointExtension>
            <ns3:hr>74</ns3:hr>
            <ns3:cad>0</ns3:cad>
          </ns3:TrackPointExtension>
        </extensions>
      </trkpt>
      <trkpt lat="32.2913927771151065826416015625" lon="118.2918124459683895111083984375">
        <ele>49.59999847412109375</ele>
        <time>2026-09-20T08:11:07.000Z</time>
        <extensions>
          <ns3:TrackPointExtension>
            <ns3:hr>74</ns3:hr>
            <ns3:cad>0</ns3:cad>
          </ns3:TrackPointExtension>
        </extensions>
      </trkpt>
      <trkpt lat="32.2913914360105991363525390625" lon="118.29182761721312999725341796875">
        <ele>49.59999847412109375</ele>
        <time>2026-09-20T08:11:17.000Z</time>
        <extensions>
          <ns3:TrackPointExtension>
            <ns3:hr>72</ns3:hr>
            <ns3:cad>0</ns3:cad>
          </ns3:TrackPointExtension>
        </extensions>
      </trkpt>
      <trkpt lat="32.2914268076419830322265625" lon="118.2918231748044490814208984375">
        <ele>49.40000152587890625</ele>
        <time>2026-09-20T08:11:25.000Z</time>
        <extensions>
          <ns3:TrackPointExtension>
            <ns3:hr>73</ns3:hr>
            <ns3:cad>0</ns3:cad>
          </ns3:TrackPointExtension>
        </extensions>
      </trkpt>
      <trkpt lat="32.29143376462161540985107421875" lon="118.29185913316905498504638671875">
        <ele>49.40000152587890625</ele>
        <time>2026-09-20T08:11:31.000Z</time>
        <extensions>
          <ns3:TrackPointExtension>
            <ns3:hr>76</ns3:hr>
            <ns3:cad>0</ns3:cad>
          </ns3:TrackPointExtension>
        </extensions>
      </trkpt>
      <trkpt lat="32.29143108241260051727294921875" lon="118.2918607257306575775146484375">
        <ele>49.200000762939453125</ele>
        <time>2026-09-20T08:11:33.000Z</time>
        <extensions>
          <ns3:TrackPointExtension>
            <ns3:hr>81</ns3:hr>
            <ns3:cad>0</ns3:cad>
          </ns3:TrackPointExtension>
        </extensions>
      </trkpt>
      <trkpt lat="32.29143376462161540985107421875" lon="118.291861899197101593017578125">
        <ele>49.200000762939453125</ele>
        <time>2026-09-20T08:11:37.000Z</time>
        <extensions>
          <ns3:TrackPointExtension>
            <ns3:hr>84</ns3:hr>
            <ns3:cad>0</ns3:cad>
          </ns3:TrackPointExtension>
        </extensions>
      </trkpt>
      <trkpt lat="32.29143552482128143310546875" lon="118.291880674660205841064453125">
        <ele>49.200000762939453125</ele>
        <time>2026-09-20T08:11:51.000Z</time>
        <extensions>
          <ns3:TrackPointExtension>
            <ns3:hr>82</ns3:hr>
            <ns3:cad>0</ns3:cad>
          </ns3:TrackPointExtension>
        </extensions>
      </trkpt>
      <trkpt lat="32.29143552482128143310546875" lon="118.291880674660205841064453125">
        <ele>49.200000762939453125</ele>
        <time>2026-09-20T08:11:53.000Z</time>
        <extensions>
          <ns3:TrackPointExtension>
            <ns3:hr>79</ns3:hr>
            <ns3:cad>0</ns3:cad>
          </ns3:TrackPointExtension>
        </extensions>
      </trkpt>
      <trkpt lat="32.29143552482128143310546875" lon="118.291880674660205841064453125">
        <ele>49.200000762939453125</ele>
        <time>2026-09-20T08:11:54.000Z</time>
        <extensions>
          <ns3:TrackPointExtension>
            <ns3:hr>76</ns3:hr>
            <ns3:cad>0</ns3:cad>
          </ns3:TrackPointExtension>
        </extensions>
      </trkpt>
      <trkpt lat="32.2914477623999118804931640625" lon="118.2919002883136272430419921875">
        <ele>48.799999237060546875</ele>
        <time>2026-09-20T08:12:00.000Z</time>
        <extensions>
          <ns3:TrackPointExtension>
            <ns3:hr>74</ns3:hr>
            <ns3:cad>0</ns3:cad>
          </ns3:TrackPointExtension>
        </extensions>
      </trkpt>
      <trkpt lat="32.2914683818817138671875" lon="118.2919240929186344146728515625">
        <ele>48.799999237060546875</ele>
        <time>2026-09-20T08:12:05.000Z</time>
        <extensions>
          <ns3:TrackPointExtension>
            <ns3:hr>71</ns3:hr>
            <ns3:cad>0</ns3:cad>
          </ns3:TrackPointExtension>
        </extensions>
      </trkpt>
      <trkpt lat="32.29147600941359996795654296875" lon="118.29192602075636386871337890625">
        <ele>48.59999847412109375</ele>
        <time>2026-09-20T08:12:07.000Z</time>
        <extensions>
          <ns3:TrackPointExtension>
            <ns3:hr>68</ns3:hr>
            <ns3:cad>0</ns3:cad>
          </ns3:TrackPointExtension>
        </extensions>
      </trkpt>
      <trkpt lat="32.2914913482964038848876953125" lon="118.2919314689934253692626953125">
        <ele>48.59999847412109375</ele>
        <time>2026-09-20T08:12:10.000Z</time>
        <extensions>
          <ns3:TrackPointExtension>
            <ns3:hr>69</ns3:hr>
            <ns3:cad>0</ns3:cad>
          </ns3:TrackPointExtension>
        </extensions>
      </trkpt>
      <trkpt lat="32.2915044240653514862060546875" lon="118.29194831661880016326904296875">
        <ele>48.40000152587890625</ele>
        <time>2026-09-20T08:12:19.000Z</time>
        <extensions>
          <ns3:TrackPointExtension>
            <ns3:hr>71</ns3:hr>
            <ns3:cad>0</ns3:cad>
          </ns3:TrackPointExtension>
        </extensions>
      </trkpt>
      <trkpt lat="32.29152227751910686492919921875" lon="118.2919795811176300048828125">
        <ele>48.40000152587890625</ele>
        <time>2026-09-20T08:12:23.000Z</time>
        <extensions>
          <ns3:TrackPointExtension>
            <ns3:hr>74</ns3:hr>
            <ns3:cad>0</ns3:cad>
          </ns3:TrackPointExtension>
        </extensions>
      </trkpt>
      <trkpt lat="32.29154549539089202880859375" lon="118.2920095883309841156005859375">
        <ele>48</ele>
        <time>2026-09-20T08:12:28.000Z</time>
        <extensions>
          <ns3:TrackPointExtension>
            <ns3:hr>75</ns3:hr>
            <ns3:cad>0</ns3:cad>
          </ns3:TrackPointExtension>
        </extensions>
      </trkpt>
      <trkpt lat="32.29156955145299434661865234375" lon="118.29204261302947998046875">
        <ele>47.799999237060546875</ele>
        <time>2026-09-20T08:12:33.000Z</time>
        <extensions>
          <ns3:TrackPointExtension>
            <ns3:hr>75</ns3:hr>
            <ns3:cad>44</ns3:cad>
          </ns3:TrackPointExtension>
        </extensions>
      </trkpt>
      <trkpt lat="32.29158262722194194793701171875" lon="118.29206348396837711334228515625">
        <ele>47.799999237060546875</ele>
        <time>2026-09-20T08:12:36.000Z</time>
        <extensions>
          <ns3:TrackPointExtension>
            <ns3:hr>75</ns3:hr>
            <ns3:cad>0</ns3:cad>
          </ns3:TrackPointExtension>
        </extensions>
      </trkpt>
      <trkpt lat="32.2915905900299549102783203125" lon="118.2920867018401622772216796875">
        <ele>47.40000152587890625</ele>
        <time>2026-09-20T08:12:44.000Z</time>
        <extensions>
          <ns3:TrackPointExtension>
            <ns3:hr>72</ns3:hr>
            <ns3:cad>0</ns3:cad>
          </ns3:TrackPointExtension>
        </extensions>
      </trkpt>
      <trkpt lat="32.29157910682260990142822265625" lon="118.292090557515621185302734375">
        <ele>47.40000152587890625</ele>
        <time>2026-09-20T08:12:53.000Z</time>
        <extensions>
          <ns3:TrackPointExtension>
            <ns3:hr>74</ns3:hr>
            <ns3:cad>0</ns3:cad>
          </ns3:TrackPointExtension>
        </extensions>
      </trkpt>
      <trkpt lat="32.29159788228571414947509765625" lon="118.29209097661077976226806640625">
        <ele>47.200000762939453125</ele>
        <time>2026-09-20T08:13:02.000Z</time>
        <extensions>
          <ns3:TrackPointExtension>
            <ns3:hr>74</ns3:hr>
            <ns3:cad>0</ns3:cad>
          </ns3:TrackPointExtension>
        </extensions>
      </trkpt>
      <trkpt lat="32.291568629443645477294921875" lon="118.292099945247173309326171875">
        <ele>47.40000152587890625</ele>
        <time>2026-09-20T08:13:11.000Z</time>
        <extensions>
          <ns3:TrackPointExtension>
            <ns3:hr>75</ns3:hr>
            <ns3:cad>0</ns3:cad>
          </ns3:TrackPointExtension>
        </extensions>
      </trkpt>
      <trkpt lat="32.2915335930883884429931640625" lon="118.29207622446119785308837890625">
        <ele>47.40000152587890625</ele>
        <time>2026-09-20T08:13:18.000Z</time>
        <extensions>
          <ns3:TrackPointExtension>
            <ns3:hr>74</ns3:hr>
            <ns3:cad>0</ns3:cad>
          </ns3:TrackPointExtension>
        </extensions>
      </trkpt>
      <trkpt lat="32.2915030829608440399169921875" lon="118.29204068519175052642822265625">
        <ele>47.799999237060546875</ele>
        <time>2026-09-20T08:13:26.000Z</time>
        <extensions>
          <ns3:TrackPointExtension>
            <ns3:hr>73</ns3:hr>
            <ns3:cad>0</ns3:cad>
          </ns3:TrackPointExtension>
        </extensions>
      </trkpt>
      <trkpt lat="32.29150132276117801666259765625" lon="118.29201989807188510894775390625">
        <ele>47.799999237060546875</ele>
        <time>2026-09-20T08:13:32.000Z</time>
        <extensions>
          <ns3:TrackPointExtension>
            <ns3:hr>70</ns3:hr>
            <ns3:cad>0</ns3:cad>
          </ns3:TrackPointExtension>
        </extensions>
      </trkpt>
      <trkpt lat="32.291505597531795501708984375" lon="118.292016126215457916259765625">
        <ele>48</ele>
        <time>2026-09-20T08:13:34.000Z</time>
        <extensions>
          <ns3:TrackPointExtension>
            <ns3:hr>71</ns3:hr>
            <ns3:cad>0</ns3:cad>
          </ns3:TrackPointExtension>
        </extensions>
      </trkpt>
      <trkpt lat="32.29150702245533466339111328125" lon="118.29199424944818019866943359375">
        <ele>47.799999237060546875</ele>
        <time>2026-09-20T08:13:42.000Z</time>
        <extensions>
          <ns3:TrackPointExtension>
            <ns3:hr>74</ns3:hr>
            <ns3:cad>0</ns3:cad>
          </ns3:TrackPointExtension>
        </extensions>
      </trkpt>
      <trkpt lat="32.29150970466434955596923828125" lon="118.2920038886368274688720703125">
        <ele>47.799999237060546875</ele>
        <time>2026-09-20T08:13:44.000Z</time>
        <extensions>
          <ns3:TrackPointExtension>
            <ns3:hr>73</ns3:hr>
            <ns3:cad>0</ns3:cad>
          </ns3:TrackPointExtension>
        </extensions>
      </trkpt>
      <trkpt lat="32.29148774407804012298583984375" lon="118.2920002005994319915771484375">
        <ele>47.799999237060546875</ele>
        <time>2026-09-20T08:13:55.000Z</time>
        <extensions>
          <ns3:TrackPointExtension>
            <ns3:hr>75</ns3:hr>
            <ns3:cad>0</ns3:cad>
          </ns3:TrackPointExtension>
        </extensions>
      </trkpt>
      <trkpt lat="32.291498221457004547119140625" lon="118.29198352061212062835693359375">
        <ele>47.799999237060546875</ele>
        <time>2026-09-20T08:14:05.000Z</time>
        <extensions>
          <ns3:TrackPointExtension>
            <ns3:hr>75</ns3:hr>
            <ns3:cad>0</ns3:cad>
          </ns3:TrackPointExtension>
        </extensions>
      </trkpt>
      <trkpt lat="32.2915527038276195526123046875" lon="118.29198787920176982879638671875">
        <ele>47.799999237060546875</ele>
        <time>2026-09-20T08:14:13.000Z</time>
        <extensions>
          <ns3:TrackPointExtension>
            <ns3:hr>75</ns3:hr>
            <ns3:cad>0</ns3:cad>
          </ns3:TrackPointExtension>
        </extensions>
      </trkpt>
      <trkpt lat="32.29153300635516643524169921875" lon="118.2920099236071109771728515625">
        <ele>47.799999237060546875</ele>
        <time>2026-09-20T08:14:24.000Z</time>
        <extensions>
          <ns3:TrackPointExtension>
            <ns3:hr>74</ns3:hr>
            <ns3:cad>0</ns3:cad>
          </ns3:TrackPointExtension>
        </extensions>
      </trkpt>
      <trkpt lat="32.2915154881775379180908203125" lon="118.29201587475836277008056640625">
        <ele>47.799999237060546875</ele>
        <time>2026-09-20T08:14:34.000Z</time>
        <extensions>
          <ns3:TrackPointExtension>
            <ns3:hr>77</ns3:hr>
            <ns3:cad>0</ns3:cad>
          </ns3:TrackPointExtension>
        </extensions>
      </trkpt>
      <trkpt lat="32.291522361338138580322265625" lon="118.2920156233012676239013671875">
        <ele>47.59999847412109375</ele>
        <time>2026-09-20T08:14:38.000Z</time>
        <extensions>
          <ns3:TrackPointExtension>
            <ns3:hr>78</ns3:hr>
            <ns3:cad>0</ns3:cad>
          </ns3:TrackPointExtension>
        </extensions>
      </trkpt>
      <trkpt lat="32.2915205173194408416748046875" lon="118.2920216582715511322021484375">
        <ele>47.59999847412109375</ele>
        <time>2026-09-20T08:14:51.000Z</time>
        <extensions>
          <ns3:TrackPointExtension>
            <ns3:hr>78</ns3:hr>
            <ns3:cad>0</ns3:cad>
          </ns3:TrackPointExtension>
        </extensions>
      </trkpt>
      <trkpt lat="32.2915262170135974884033203125" lon="118.29201637767255306243896484375">
        <ele>47.59999847412109375</ele>
        <time>2026-09-20T08:15:06.000Z</time>
        <extensions>
          <ns3:TrackPointExtension>
            <ns3:hr>77</ns3:hr>
            <ns3:cad>0</ns3:cad>
          </ns3:TrackPointExtension>
        </extensions>
      </trkpt>
      <trkpt lat="32.29156804271042346954345703125" lon="118.29206583090126514434814453125">
        <ele>47.200000762939453125</ele>
        <time>2026-09-20T08:15:13.000Z</time>
        <extensions>
          <ns3:TrackPointExtension>
            <ns3:hr>77</ns3:hr>
            <ns3:cad>0</ns3:cad>
          </ns3:TrackPointExtension>
        </extensions>
      </trkpt>
      <trkpt lat="32.29158438742160797119140625" lon="118.29210086725652217864990234375">
        <ele>47</ele>
        <time>2026-09-20T08:15:20.000Z</time>
        <extensions>
          <ns3:TrackPointExtension>
            <ns3:hr>76</ns3:hr>
            <ns3:cad>0</ns3:cad>
          </ns3:TrackPointExtension>
        </extensions>
      </trkpt>
      <trkpt lat="32.291595451533794403076171875" lon="118.29210220836102962493896484375">
        <ele>47</ele>
        <time>2026-09-20T08:15:27.000Z</time>
        <extensions>
          <ns3:TrackPointExtension>
            <ns3:hr>76</ns3:hr>
            <ns3:cad>0</ns3:cad>
          </ns3:TrackPointExtension>
        </extensions>
      </trkpt>
      <trkpt lat="32.291578017175197601318359375" lon="118.29210975207388401031494140625">
        <ele>47</ele>
        <time>2026-09-20T08:15:39.000Z</time>
        <extensions>
          <ns3:TrackPointExtension>
            <ns3:hr>75</ns3:hr>
            <ns3:cad>0</ns3:cad>
          </ns3:TrackPointExtension>
        </extensions>
      </trkpt>
      <trkpt lat="32.291592098772525787353515625" lon="118.29208645038306713104248046875">
        <ele>46.799999237060546875</ele>
        <time>2026-09-20T08:15:46.000Z</time>
        <extensions>
          <ns3:TrackPointExtension>
            <ns3:hr>76</ns3:hr>
            <ns3:cad>0</ns3:cad>
          </ns3:TrackPointExtension>
        </extensions>
      </trkpt>
      <trkpt lat="32.29160089977085590362548828125" lon="118.2920960895717144012451171875">
        <ele>46.799999237060546875</ele>
        <time>2026-09-20T08:15:48.000Z</time>
        <extensions>
          <ns3:TrackPointExtension>
            <ns3:hr>75</ns3:hr>
            <ns3:cad>0</ns3:cad>
          </ns3:TrackPointExtension>
        </extensions>
      </trkpt>
      <trkpt lat="32.29159939102828502655029296875" lon="118.29213422723114490509033203125">
        <ele>46.40000152587890625</ele>
        <time>2026-09-20T08:15:54.000Z</time>
        <extensions>
          <ns3:TrackPointExtension>
            <ns3:hr>78</ns3:hr>
            <ns3:cad>0</ns3:cad>
          </ns3:TrackPointExtension>
        </extensions>
      </trkpt>
      <trkpt lat="32.2915983013808727264404296875" lon="118.29213313758373260498046875">
        <ele>46.59999847412109375</ele>
        <time>2026-09-20T08:15:55.000Z</time>
        <extensions>
          <ns3:TrackPointExtension>
            <ns3:hr>79</ns3:hr>
            <ns3:cad>0</ns3:cad>
          </ns3:TrackPointExtension>
        </extensions>
      </trkpt>
      <trkpt lat="32.2915962897241115570068359375" lon="118.2921299524605274200439453125">
        <ele>46.40000152587890625</ele>
        <time>2026-09-20T08:15:58.000Z</time>
        <extensions>
          <ns3:TrackPointExtension>
            <ns3:hr>83</ns3:hr>
            <ns3:cad>0</ns3:cad>
          </ns3:TrackPointExtension>
        </extensions>
      </trkpt>
      <trkpt lat="32.29153485037386417388916015625" lon="118.2920746318995952606201171875">
        <ele>46.40000152587890625</ele>
        <time>2026-09-20T08:16:01.000Z</time>
        <extensions>
          <ns3:TrackPointExtension>
            <ns3:hr>85</ns3:hr>
            <ns3:cad>0</ns3:cad>
          </ns3:TrackPointExtension>
        </extensions>
      </trkpt>
      <trkpt lat="32.29141364805400371551513671875" lon="118.291941024363040924072265625">
        <ele>47.59999847412109375</ele>
        <time>2026-09-20T08:16:07.000Z</time>
        <extensions>
          <ns3:TrackPointExtension>
            <ns3:hr>87</ns3:hr>
            <ns3:cad>0</ns3:cad>
          </ns3:TrackPointExtension>
        </extensions>
      </trkpt>
      <trkpt lat="32.2913458384573459625244140625" lon="118.29193490557372570037841796875">
        <ele>47.799999237060546875</ele>
        <time>2026-09-20T08:16:13.000Z</time>
        <extensions>
          <ns3:TrackPointExtension>
            <ns3:hr>90</ns3:hr>
            <ns3:cad>0</ns3:cad>
          </ns3:TrackPointExtension>
        </extensions>
      </trkpt>
      <trkpt lat="32.2913610935211181640625" lon="118.2919210754334926605224609375">
        <ele>47.799999237060546875</ele>
        <time>2026-09-20T08:16:15.000Z</time>
        <extensions>
          <ns3:TrackPointExtension>
            <ns3:hr>90</ns3:hr>
            <ns3:cad>0</ns3:cad>
          </ns3:TrackPointExtension>
        </extensions>
      </trkpt>
      <trkpt lat="32.29137492366135120391845703125" lon="118.29189618118107318878173828125">
        <ele>47.799999237060546875</ele>
        <time>2026-09-20T08:16:18.000Z</time>
        <extensions>
          <ns3:TrackPointExtension>
            <ns3:hr>90</ns3:hr>
            <ns3:cad>0</ns3:cad>
          </ns3:TrackPointExtension>
        </extensions>
      </trkpt>
      <trkpt lat="32.291406355798244476318359375" lon="118.29196072183549404144287109375">
        <ele>47.59999847412109375</ele>
        <time>2026-09-20T08:16:23.000Z</time>
        <extensions>
          <ns3:TrackPointExtension>
            <ns3:hr>91</ns3:hr>
            <ns3:cad>0</ns3:cad>
          </ns3:TrackPointExtension>
        </extensions>
      </trkpt>
      <trkpt lat="32.29151121340692043304443359375" lon="118.29208728857338428497314453125">
        <ele>47.40000152587890625</ele>
        <time>2026-09-20T08:16:26.000Z</time>
        <extensions>
          <ns3:TrackPointExtension>
            <ns3:hr>87</ns3:hr>
            <ns3:cad>0</ns3:cad>
          </ns3:TrackPointExtension>
        </extensions>
      </trkpt>
      <trkpt lat="32.291551195085048675537109375" lon="118.29213179647922515869140625">
        <ele>47.40000152587890625</ele>
        <time>2026-09-20T08:16:27.000Z</time>
        <extensions>
          <ns3:TrackPointExtension>
            <ns3:hr>85</ns3:hr>
            <ns3:cad>0</ns3:cad>
          </ns3:TrackPointExtension>
        </extensions>
      </trkpt>
      <trkpt lat="32.29164834134280681610107421875" lon="118.2922379113733768463134765625">
        <ele>47</ele>
        <time>2026-09-20T08:16:29.000Z</time>
        <extensions>
          <ns3:TrackPointExtension>
            <ns3:hr>81</ns3:hr>
            <ns3:cad>0</ns3:cad>
          </ns3:TrackPointExtension>
        </extensions>
      </trkpt>
      <trkpt lat="32.2918132133781909942626953125" lon="118.29243496991693973541259765625">
        <ele>46.200000762939453125</ele>
        <time>2026-09-20T08:16:32.000Z</time>
        <extensions>
          <ns3:TrackPointExtension>
            <ns3:hr>79</ns3:hr>
            <ns3:cad>0</ns3:cad>
          </ns3:TrackPointExtension>
        </extensions>
      </trkpt>
      <trkpt lat="32.29187616147100925445556640625" lon="118.2925098203122615814208984375">
        <ele>45.799999237060546875</ele>
        <time>2026-09-20T08:16:33.000Z</time>
        <extensions>
          <ns3:TrackPointExtension>
            <ns3:hr>79</ns3:hr>
            <ns3:cad>0</ns3:cad>
          </ns3:TrackPointExtension>
        </extensions>
      </trkpt>
      <trkpt lat="32.29200549423694610595703125" lon="118.29266865737736225128173828125">
        <ele>45.200000762939453125</ele>
        <time>2026-09-20T08:16:35.000Z</time>
        <extensions>
          <ns3:TrackPointExtension>
            <ns3:hr>78</ns3:hr>
            <ns3:cad>0</ns3:cad>
          </ns3:TrackPointExtension>
        </extensions>
      </trkpt>
      <trkpt lat="32.29212443344295024871826171875" lon="118.29283931292593479156494140625">
        <ele>44.799999237060546875</ele>
        <time>2026-09-20T08:16:37.000Z</time>
        <extensions>
          <ns3:TrackPointExtension>
            <ns3:hr>78</ns3:hr>
            <ns3:cad>0</ns3:cad>
          </ns3:TrackPointExtension>
        </extensions>
      </trkpt>
      <trkpt lat="32.2921858727931976318359375" lon="118.29292413778603076934814453125">
        <ele>44.799999237060546875</ele>
        <time>2026-09-20T08:16:38.000Z</time>
        <extensions>
          <ns3:TrackPointExtension>
            <ns3:hr>77</ns3:hr>
            <ns3:cad>0</ns3:cad>
          </ns3:TrackPointExtension>
        </extensions>
      </trkpt>
      <trkpt lat="32.2923617251217365264892578125" lon="118.2931793667376041412353515625">
        <ele>44.40000152587890625</ele>
        <time>2026-09-20T08:16:41.000Z</time>
        <extensions>
          <ns3:TrackPointExtension>
            <ns3:hr>77</ns3:hr>
            <ns3:cad>0</ns3:cad>
          </ns3:TrackPointExtension>
        </extensions>
      </trkpt>
      <trkpt lat="32.2924728691577911376953125" lon="118.29334842972457408905029296875">
        <ele>44.200000762939453125</ele>
        <time>2026-09-20T08:16:43.000Z</time>
        <extensions>
          <ns3:TrackPointExtension>
            <ns3:hr>76</ns3:hr>
            <ns3:cad>0</ns3:cad>
          </ns3:TrackPointExtension>
        </extensions>
      </trkpt>
      <trkpt lat="32.2925265133380889892578125" lon="118.29343308694660663604736328125">
        <ele>44</ele>
        <time>2026-09-20T08:16:44.000Z</time>
        <extensions>
          <ns3:TrackPointExtension>
            <ns3:hr>76</ns3:hr>
            <ns3:cad>0</ns3:cad>
          </ns3:TrackPointExtension>
        </extensions>
      </trkpt>
      <trkpt lat="32.2926339693367481231689453125" lon="118.2935917563736438751220703125">
        <ele>43.799999237060546875</ele>
        <time>2026-09-20T08:16:46.000Z</time>
        <extensions>
          <ns3:TrackPointExtension>
            <ns3:hr>75</ns3:hr>
            <ns3:cad>0</ns3:cad>
          </ns3:TrackPointExtension>
        </extensions>
      </trkpt>
      <trkpt lat="32.292686440050601959228515625" lon="118.29367138445377349853515625">
        <ele>43.59999847412109375</ele>
        <time>2026-09-20T08:16:47.000Z</time>
        <extensions>
          <ns3:TrackPointExtension>
            <ns3:hr>75</ns3:hr>
            <ns3:cad>0</ns3:cad>
          </ns3:TrackPointExtension>
        </extensions>
      </trkpt>
      <trkpt lat="32.29273463599383831024169921875" lon="118.29374849796295166015625">
        <ele>43.59999847412109375</ele>
        <time>2026-09-20T08:16:48.000Z</time>
        <extensions>
          <ns3:TrackPointExtension>
            <ns3:hr>78</ns3:hr>
            <ns3:cad>0</ns3:cad>
          </ns3:TrackPointExtension>
        </extensions>
      </trkpt>
      <trkpt lat="32.29278735816478729248046875" lon="118.2938311435282230377197265625">
        <ele>43.40000152587890625</ele>
        <time>2026-09-20T08:16:49.000Z</time>
        <extensions>
          <ns3:TrackPointExtension>
            <ns3:hr>82</ns3:hr>
            <ns3:cad>0</ns3:cad>
          </ns3:TrackPointExtension>
        </extensions>
      </trkpt>
      <trkpt lat="32.29283086024224758148193359375" lon="118.29390280880033969879150390625">
        <ele>43.40000152587890625</ele>
        <time>2026-09-20T08:16:50.000Z</time>
        <extensions>
          <ns3:TrackPointExtension>
            <ns3:hr>82</ns3:hr>
            <ns3:cad>0</ns3:cad>
          </ns3:TrackPointExtension>
        </extensions>
      </trkpt>
      <trkpt lat="32.29287377558648586273193359375" lon="118.29397539608180522918701171875">
        <ele>43.40000152587890625</ele>
        <time>2026-09-20T08:16:51.000Z</time>
        <extensions>
          <ns3:TrackPointExtension>
            <ns3:hr>83</ns3:hr>
            <ns3:cad>0</ns3:cad>
          </ns3:TrackPointExtension>
        </extensions>
      </trkpt>
      <trkpt lat="32.29302548803389072418212890625" lon="118.294238336384296417236328125">
        <ele>43.40000152587890625</ele>
        <time>2026-09-20T08:16:54.000Z</time>
        <extensions>
          <ns3:TrackPointExtension>
            <ns3:hr>82</ns3:hr>
            <ns3:cad>0</ns3:cad>
          </ns3:TrackPointExtension>
        </extensions>
      </trkpt>
      <trkpt lat="32.29308483190834522247314453125" lon="118.2943323813378810882568359375">
        <ele>43.799999237060546875</ele>
        <time>2026-09-20T08:16:55.000Z</time>
        <extensions>
          <ns3:TrackPointExtension>
            <ns3:hr>82</ns3:hr>
            <ns3:cad>0</ns3:cad>
          </ns3:TrackPointExtension>
        </extensions>
      </trkpt>
      <trkpt lat="32.29320905171334743499755859375" lon="118.29451359808444976806640625">
        <ele>44</ele>
        <time>2026-09-20T08:16:57.000Z</time>
        <extensions>
          <ns3:TrackPointExtension>
            <ns3:hr>81</ns3:hr>
            <ns3:cad>0</ns3:cad>
          </ns3:TrackPointExtension>
        </extensions>
      </trkpt>
      <trkpt lat="32.2933444194495677947998046875" lon="118.294674195349216461181640625">
        <ele>44</ele>
        <time>2026-09-20T08:16:59.000Z</time>
        <extensions>
          <ns3:TrackPointExtension>
            <ns3:hr>81</ns3:hr>
            <ns3:cad>0</ns3:cad>
          </ns3:TrackPointExtension>
        </extensions>
      </trkpt>
      <trkpt lat="32.293485738337039947509765625" lon="118.2948228903114795684814453125">
        <ele>43.59999847412109375</ele>
        <time>2026-09-20T08:17:01.000Z</time>
        <extensions>
          <ns3:TrackPointExtension>
            <ns3:hr>80</ns3:hr>
            <ns3:cad>0</ns3:cad>
          </ns3:TrackPointExtension>
        </extensions>
      </trkpt>
      <trkpt lat="32.2936223633587360382080078125" lon="118.29496362246572971343994140625">
        <ele>43</ele>
        <time>2026-09-20T08:17:03.000Z</time>
        <extensions>
          <ns3:TrackPointExtension>
            <ns3:hr>79</ns3:hr>
            <ns3:cad>0</ns3:cad>
          </ns3:TrackPointExtension>
        </extensions>
      </trkpt>
      <trkpt lat="32.29376996867358684539794921875" lon="118.2951008342206478118896484375">
        <ele>42.59999847412109375</ele>
        <time>2026-09-20T08:17:05.000Z</time>
        <extensions>
          <ns3:TrackPointExtension>
            <ns3:hr>79</ns3:hr>
            <ns3:cad>0</ns3:cad>
          </ns3:TrackPointExtension>
        </extensions>
      </trkpt>
      <trkpt lat="32.2938426397740840911865234375" lon="118.29517149366438388824462890625">
        <ele>42.40000152587890625</ele>
        <time>2026-09-20T08:17:06.000Z</time>
        <extensions>
          <ns3:TrackPointExtension>
            <ns3:hr>78</ns3:hr>
            <ns3:cad>0</ns3:cad>
          </ns3:TrackPointExtension>
        </extensions>
      </trkpt>
      <trkpt lat="32.293986976146697998046875" lon="118.2953187637031078338623046875">
        <ele>42</ele>
        <time>2026-09-20T08:17:08.000Z</time>
        <extensions>
          <ns3:TrackPointExtension>
            <ns3:hr>78</ns3:hr>
            <ns3:cad>0</ns3:cad>
          </ns3:TrackPointExtension>
        </extensions>
      </trkpt>
      <trkpt lat="32.2941224277019500732421875" lon="118.29547039233148097991943359375">
        <ele>41.59999847412109375</ele>
        <time>2026-09-20T08:17:10.000Z</time>
        <extensions>
          <ns3:TrackPointExtension>
            <ns3:hr>78</ns3:hr>
            <ns3:cad>0</ns3:cad>
          </ns3:TrackPointExtension>
        </extensions>
      </trkpt>
      <trkpt lat="32.2941879741847515106201171875" lon="118.29554650001227855682373046875">
        <ele>41.40000152587890625</ele>
        <time>2026-09-20T08:17:11.000Z</time>
        <extensions>
          <ns3:TrackPointExtension>
            <ns3:hr>78</ns3:hr>
            <ns3:cad>0</ns3:cad>
          </ns3:TrackPointExtension>
        </extensions>
      </trkpt>
      <trkpt lat="32.2943222522735595703125" lon="118.2957039959728717803955078125">
        <ele>41</ele>
        <time>2026-09-20T08:17:13.000Z</time>
        <extensions>
          <ns3:TrackPointExtension>
            <ns3:hr>79</ns3:hr>
            <ns3:cad>0</ns3:cad>
          </ns3:TrackPointExtension>
        </extensions>
      </trkpt>
      <trkpt lat="32.29446549899876117706298828125" lon="118.29587222076952457427978515625">
        <ele>40.40000152587890625</ele>
        <time>2026-09-20T08:17:15.000Z</time>
        <extensions>
          <ns3:TrackPointExtension>
            <ns3:hr>80</ns3:hr>
            <ns3:cad>0</ns3:cad>
          </ns3:TrackPointExtension>
        </extensions>
      </trkpt>
      <trkpt lat="32.29453959502279758453369140625" lon="118.2959594763815402984619140625">
        <ele>40.200000762939453125</ele>
        <time>2026-09-20T08:17:16.000Z</time>
        <extensions>
          <ns3:TrackPointExtension>
            <ns3:hr>80</ns3:hr>
            <ns3:cad>0</ns3:cad>
          </ns3:TrackPointExtension>
        </extensions>
      </trkpt>
      <trkpt lat="32.29468778707087039947509765625" lon="118.2961334846913814544677734375">
        <ele>39.40000152587890625</ele>
        <time>2026-09-20T08:17:18.000Z</time>
        <extensions>
          <ns3:TrackPointExtension>
            <ns3:hr>80</ns3:hr>
            <ns3:cad>0</ns3:cad>
          </ns3:TrackPointExtension>
        </extensions>
      </trkpt>
      <trkpt lat="32.294760458171367645263671875" lon="118.296217806637287139892578125">
        <ele>38.799999237060546875</ele>
        <time>2026-09-20T08:17:19.000Z</time>
        <extensions>
          <ns3:TrackPointExtension>
            <ns3:hr>80</ns3:hr>
            <ns3:cad>0</ns3:cad>
          </ns3:TrackPointExtension>
        </extensions>
      </trkpt>
      <trkpt lat="32.29490370489656925201416015625" lon="118.29637714661657810211181640625">
        <ele>37.799999237060546875</ele>
        <time>2026-09-20T08:17:21.000Z</time>
        <extensions>
          <ns3:TrackPointExtension>
            <ns3:hr>80</ns3:hr>
            <ns3:cad>0</ns3:cad>
          </ns3:TrackPointExtension>
        </extensions>
      </trkpt>
      <trkpt lat="32.29503999464213848114013671875" lon="118.29653003253042697906494140625">
        <ele>36.59999847412109375</ele>
        <time>2026-09-20T08:17:23.000Z</time>
        <extensions>
          <ns3:TrackPointExtension>
            <ns3:hr>81</ns3:hr>
            <ns3:cad>0</ns3:cad>
          </ns3:TrackPointExtension>
        </extensions>
      </trkpt>
      <trkpt lat="32.29510336183011531829833984375" lon="118.29659809358417987823486328125">
        <ele>36</ele>
        <time>2026-09-20T08:17:24.000Z</time>
        <extensions>
          <ns3:TrackPointExtension>
            <ns3:hr>80</ns3:hr>
            <ns3:cad>0</ns3:cad>
          </ns3:TrackPointExtension>
        </extensions>
      </trkpt>
      <trkpt lat="32.29516656138002872467041015625" lon="118.2966648973524570465087890625">
        <ele>35.40000152587890625</ele>
        <time>2026-09-20T08:17:25.000Z</time>
        <extensions>
          <ns3:TrackPointExtension>
            <ns3:hr>80</ns3:hr>
            <ns3:cad>0</ns3:cad>
          </ns3:TrackPointExtension>
        </extensions>
      </trkpt>
      <trkpt lat="32.29533545672893524169921875" lon="118.29684284515678882598876953125">
        <ele>33.799999237060546875</ele>
        <time>2026-09-20T08:17:28.000Z</time>
        <extensions>
          <ns3:TrackPointExtension>
            <ns3:hr>79</ns3:hr>
            <ns3:cad>0</ns3:cad>
          </ns3:TrackPointExtension>
        </extensions>
      </trkpt>
      <trkpt lat="32.2953857481479644775390625" lon="118.2968975789844989776611328125">
        <ele>33.200000762939453125</ele>
        <time>2026-09-20T08:17:29.000Z</time>
        <extensions>
          <ns3:TrackPointExtension>
            <ns3:hr>79</ns3:hr>
            <ns3:cad>0</ns3:cad>
          </ns3:TrackPointExtension>
        </extensions>
      </trkpt>
      <trkpt lat="32.29548239149153232574462890625" lon="118.2970085553824901580810546875">
        <ele>32.40000152587890625</ele>
        <time>2026-09-20T08:17:31.000Z</time>
        <extensions>
          <ns3:TrackPointExtension>
            <ns3:hr>79</ns3:hr>
            <ns3:cad>0</ns3:cad>
          </ns3:TrackPointExtension>
        </extensions>
      </trkpt>
      <trkpt lat="32.29556369595229625701904296875" lon="118.29711735248565673828125">
        <ele>31.6000003814697265625</ele>
        <time>2026-09-20T08:17:33.000Z</time>
        <extensions>
          <ns3:TrackPointExtension>
            <ns3:hr>82</ns3:hr>
            <ns3:cad>0</ns3:cad>
          </ns3:TrackPointExtension>
        </extensions>
      </trkpt>
      <trkpt lat="32.29560242034494876861572265625" lon="118.2971728406846523284912109375">
        <ele>31.3999996185302734375</ele>
        <time>2026-09-20T08:17:34.000Z</time>
        <extensions>
          <ns3:TrackPointExtension>
            <ns3:hr>86</ns3:hr>
            <ns3:cad>0</ns3:cad>
          </ns3:TrackPointExtension>
        </extensions>
      </trkpt>
      <trkpt lat="32.2956387139856815338134765625" lon="118.2972298376262187957763671875">
        <ele>31.200000762939453125</ele>
        <time>2026-09-20T08:17:35.000Z</time>
        <extensions>
          <ns3:TrackPointExtension>
            <ns3:hr>85</ns3:hr>
            <ns3:cad>0</ns3:cad>
          </ns3:TrackPointExtension>
        </extensions>
      </trkpt>
      <trkpt lat="32.29567131958901882171630859375" lon="118.29728566110134124755859375">
        <ele>31</ele>
        <time>2026-09-20T08:17:36.000Z</time>
        <extensions>
          <ns3:TrackPointExtension>
            <ns3:hr>85</ns3:hr>
            <ns3:cad>0</ns3:cad>
          </ns3:TrackPointExtension>
        </extensions>
      </trkpt>
      <trkpt lat="32.295789420604705810546875" lon="118.29747651703655719757080078125">
        <ele>30.3999996185302734375</ele>
        <time>2026-09-20T08:17:40.000Z</time>
        <extensions>
          <ns3:TrackPointExtension>
            <ns3:hr>85</ns3:hr>
            <ns3:cad>0</ns3:cad>
          </ns3:TrackPointExtension>
        </extensions>
      </trkpt>
      <trkpt lat="32.29582152329385280609130859375" lon="118.297513984143733978271484375">
        <ele>30.3999996185302734375</ele>
        <time>2026-09-20T08:17:41.000Z</time>
        <extensions>
          <ns3:TrackPointExtension>
            <ns3:hr>86</ns3:hr>
            <ns3:cad>0</ns3:cad>
          </ns3:TrackPointExtension>
        </extensions>
      </trkpt>
      <trkpt lat="32.29585178196430206298828125" lon="118.297543823719024658203125">
        <ele>30.200000762939453125</ele>
        <time>2026-09-20T08:17:42.000Z</time>
        <extensions>
          <ns3:TrackPointExtension>
            <ns3:hr>86</ns3:hr>
            <ns3:cad>0</ns3:cad>
          </ns3:TrackPointExtension>
        </extensions>
      </trkpt>
      <trkpt lat="32.29590416885912418365478515625" lon="118.2975827157497406005859375">
        <ele>30</ele>
        <time>2026-09-20T08:17:44.000Z</time>
        <extensions>
          <ns3:TrackPointExtension>
            <ns3:hr>86</ns3:hr>
            <ns3:cad>0</ns3:cad>
          </ns3:TrackPointExtension>
        </extensions>
      </trkpt>
      <trkpt lat="32.29596015997231006622314453125" lon="118.29761029221117496490478515625">
        <ele>29.799999237060546875</ele>
        <time>2026-09-20T08:17:46.000Z</time>
        <extensions>
          <ns3:TrackPointExtension>
            <ns3:hr>90</ns3:hr>
            <ns3:cad>0</ns3:cad>
          </ns3:TrackPointExtension>
        </extensions>
      </trkpt>
      <trkpt lat="32.29599419049918651580810546875" lon="118.2976264692842960357666015625">
        <ele>29.799999237060546875</ele>
        <time>2026-09-20T08:17:47.000Z</time>
        <extensions>
          <ns3:TrackPointExtension>
            <ns3:hr>93</ns3:hr>
            <ns3:cad>0</ns3:cad>
          </ns3:TrackPointExtension>
        </extensions>
      </trkpt>
      <trkpt lat="32.2960336692631244659423828125" lon="118.297644741833209991455078125">
        <ele>29.799999237060546875</ele>
        <time>2026-09-20T08:17:48.000Z</time>
        <extensions>
          <ns3:TrackPointExtension>
            <ns3:hr>96</ns3:hr>
            <ns3:cad>0</ns3:cad>
          </ns3:TrackPointExtension>
        </extensions>
      </trkpt>
      <trkpt lat="32.29618177749216556549072265625" lon="118.29778698273003101348876953125">
        <ele>30.6000003814697265625</ele>
        <time>2026-09-20T08:17:51.000Z</time>
        <extensions>
          <ns3:TrackPointExtension>
            <ns3:hr>97</ns3:hr>
            <ns3:cad>0</ns3:cad>
          </ns3:TrackPointExtension>
        </extensions>
      </trkpt>
      <trkpt lat="32.29629971086978912353515625" lon="118.29796317033469676971435546875">
        <ele>31.200000762939453125</ele>
        <time>2026-09-20T08:17:53.000Z</time>
        <extensions>
          <ns3:TrackPointExtension>
            <ns3:hr>95</ns3:hr>
            <ns3:cad>0</ns3:cad>
          </ns3:TrackPointExtension>
        </extensions>
      </trkpt>
      <trkpt lat="32.2963568754494190216064453125" lon="118.29806526191532611846923828125">
        <ele>31.3999996185302734375</ele>
        <time>2026-09-20T08:17:54.000Z</time>
        <extensions>
          <ns3:TrackPointExtension>
            <ns3:hr>95</ns3:hr>
            <ns3:cad>0</ns3:cad>
          </ns3:TrackPointExtension>
        </extensions>
      </trkpt>
      <trkpt lat="32.29646324180066585540771484375" lon="118.29825930297374725341796875">
        <ele>31.200000762939453125</ele>
        <time>2026-09-20T08:17:56.000Z</time>
        <extensions>
          <ns3:TrackPointExtension>
            <ns3:hr>94</ns3:hr>
            <ns3:cad>0</ns3:cad>
          </ns3:TrackPointExtension>
        </extensions>
      </trkpt>
      <trkpt lat="32.296558208763599395751953125" lon="118.2984391786158084869384765625">
        <ele>30.6000003814697265625</ele>
        <time>2026-09-20T08:17:58.000Z</time>
        <extensions>
          <ns3:TrackPointExtension>
            <ns3:hr>94</ns3:hr>
            <ns3:cad>0</ns3:cad>
          </ns3:TrackPointExtension>
        </extensions>
      </trkpt>
      <trkpt lat="32.2965982742607593536376953125" lon="118.298518471419811248779296875">
        <ele>30.200000762939453125</ele>
        <time>2026-09-20T08:17:59.000Z</time>
        <extensions>
          <ns3:TrackPointExtension>
            <ns3:hr>94</ns3:hr>
            <ns3:cad>0</ns3:cad>
          </ns3:TrackPointExtension>
        </extensions>
      </trkpt>
      <trkpt lat="32.2967042215168476104736328125" lon="118.29870714806020259857177734375">
        <ele>29.200000762939453125</ele>
        <time>2026-09-20T08:18:02.000Z</time>
        <extensions>
          <ns3:TrackPointExtension>
            <ns3:hr>94</ns3:hr>
            <ns3:cad>0</ns3:cad>
          </ns3:TrackPointExtension>
        </extensions>
      </trkpt>
      <trkpt lat="32.29672995395958423614501953125" lon="118.2987563498318195343017578125">
        <ele>29</ele>
        <time>2026-09-20T08:18:03.000Z</time>
        <extensions>
          <ns3:TrackPointExtension>
            <ns3:hr>94</ns3:hr>
            <ns3:cad>0</ns3:cad>
          </ns3:TrackPointExtension>
        </extensions>
      </trkpt>
      <trkpt lat="32.296766750514507293701171875" lon="118.29883354716002941131591796875">
        <ele>28.200000762939453125</ele>
        <time>2026-09-20T08:18:06.000Z</time>
        <extensions>
          <ns3:TrackPointExtension>
            <ns3:hr>93</ns3:hr>
            <ns3:cad>0</ns3:cad>
          </ns3:TrackPointExtension>
        </extensions>
      </trkpt>
      <trkpt lat="32.29675836861133575439453125" lon="118.29882767982780933380126953125">
        <ele>27.799999237060546875</ele>
        <time>2026-09-20T08:18:10.000Z</time>
        <extensions>
          <ns3:TrackPointExtension>
            <ns3:hr>95</ns3:hr>
            <ns3:cad>0</ns3:cad>
          </ns3:TrackPointExtension>
        </extensions>
      </trkpt>
      <trkpt lat="32.2968071512877941131591796875" lon="118.29893077723681926727294921875">
        <ele>27.799999237060546875</ele>
        <time>2026-09-20T08:18:16.000Z</time>
        <extensions>
          <ns3:TrackPointExtension>
            <ns3:hr>95</ns3:hr>
            <ns3:cad>0</ns3:cad>
          </ns3:TrackPointExtension>
        </extensions>
      </trkpt>
      <trkpt lat="32.296892143785953521728515625" lon="118.29907611943781375885009765625">
        <ele>28</ele>
        <time>2026-09-20T08:18:19.000Z</time>
        <extensions>
          <ns3:TrackPointExtension>
            <ns3:hr>98</ns3:hr>
            <ns3:cad>0</ns3:cad>
          </ns3:TrackPointExtension>
        </extensions>
      </trkpt>
      <trkpt lat="32.29694788344204425811767578125" lon="118.29916815273463726043701171875">
        <ele>27.799999237060546875</ele>
        <time>2026-09-20T08:18:21.000Z</time>
        <extensions>
          <ns3:TrackPointExtension>
            <ns3:hr>99</ns3:hr>
            <ns3:cad>0</ns3:cad>
          </ns3:TrackPointExtension>
        </extensions>
      </trkpt>
      <trkpt lat="32.29705735109746456146240234375" lon="118.29935490153729915618896484375">
        <ele>28</ele>
        <time>2026-09-20T08:18:24.000Z</time>
        <extensions>
          <ns3:TrackPointExtension>
            <ns3:hr>99</ns3:hr>
            <ns3:cad>0</ns3:cad>
          </ns3:TrackPointExtension>
        </extensions>
      </trkpt>
      <trkpt lat="32.29710110463201999664306640625" lon="118.299433775246143341064453125">
        <ele>28.200000762939453125</ele>
        <time>2026-09-20T08:18:25.000Z</time>
        <extensions>
          <ns3:TrackPointExtension>
            <ns3:hr>100</ns3:hr>
            <ns3:cad>0</ns3:cad>
          </ns3:TrackPointExtension>
        </extensions>
      </trkpt>
      <trkpt lat="32.29724812321364879608154296875" lon="118.2996855676174163818359375">
        <ele>28.799999237060546875</ele>
        <time>2026-09-20T08:18:28.000Z</time>
        <extensions>
          <ns3:TrackPointExtension>
            <ns3:hr>99</ns3:hr>
            <ns3:cad>0</ns3:cad>
          </ns3:TrackPointExtension>
        </extensions>
      </trkpt>
      <trkpt lat="32.29737485758960247039794921875" lon="118.29989637248218059539794921875">
        <ele>29.6000003814697265625</ele>
        <time>2026-09-20T08:18:30.000Z</time>
        <extensions>
          <ns3:TrackPointExtension>
            <ns3:hr>98</ns3:hr>
            <ns3:cad>0</ns3:cad>
          </ns3:TrackPointExtension>
        </extensions>
      </trkpt>
      <trkpt lat="32.2975430823862552642822265625" lon="118.3001715503633022308349609375">
        <ele>30.799999237060546875</ele>
        <time>2026-09-20T08:18:32.000Z</time>
        <extensions>
          <ns3:TrackPointExtension>
            <ns3:hr>99</ns3:hr>
            <ns3:cad>0</ns3:cad>
          </ns3:TrackPointExtension>
        </extensions>
      </trkpt>
      <trkpt lat="32.2976305894553661346435546875" lon="118.3003096841275691986083984375">
        <ele>31.3999996185302734375</ele>
        <time>2026-09-20T08:18:33.000Z</time>
        <extensions>
          <ns3:TrackPointExtension>
            <ns3:hr>100</ns3:hr>
            <ns3:cad>0</ns3:cad>
          </ns3:TrackPointExtension>
        </extensions>
      </trkpt>
      <trkpt lat="32.2977221198379993438720703125" lon="118.30045393668115139007568359375">
        <ele>32</ele>
        <time>2026-09-20T08:18:34.000Z</time>
        <extensions>
          <ns3:TrackPointExtension>
            <ns3:hr>99</ns3:hr>
            <ns3:cad>0</ns3:cad>
          </ns3:TrackPointExtension>
        </extensions>
      </trkpt>
      <trkpt lat="32.29789788834750652313232421875" lon="118.30074302852153778076171875">
        <ele>32</ele>
        <time>2026-09-20T08:18:36.000Z</time>
        <extensions>
          <ns3:TrackPointExtension>
            <ns3:hr>99</ns3:hr>
            <ns3:cad>0</ns3:cad>
          </ns3:TrackPointExtension>
        </extensions>
      </trkpt>
      <trkpt lat="32.2980426438152790069580078125" lon="118.3009980060160160064697265625">
        <ele>31.3999996185302734375</ele>
        <time>2026-09-20T08:18:38.000Z</time>
        <extensions>
          <ns3:TrackPointExtension>
            <ns3:hr>99</ns3:hr>
            <ns3:cad>0</ns3:cad>
          </ns3:TrackPointExtension>
        </extensions>
      </trkpt>
      <trkpt lat="32.29811489582061767578125" lon="118.301120884716510772705078125">
        <ele>30.799999237060546875</ele>
        <time>2026-09-20T08:18:39.000Z</time>
        <extensions>
          <ns3:TrackPointExtension>
            <ns3:hr>99</ns3:hr>
            <ns3:cad>0</ns3:cad>
          </ns3:TrackPointExtension>
        </extensions>
      </trkpt>
      <trkpt lat="32.298245318233966827392578125" lon="118.3013513870537281036376953125">
        <ele>30</ele>
        <time>2026-09-20T08:18:41.000Z</time>
        <extensions>
          <ns3:TrackPointExtension>
            <ns3:hr>99</ns3:hr>
            <ns3:cad>0</ns3:cad>
          </ns3:TrackPointExtension>
        </extensions>
      </trkpt>
      <trkpt lat="32.2983125410974025726318359375" lon="118.3014680631458759307861328125">
        <ele>29.6000003814697265625</ele>
        <time>2026-09-20T08:18:42.000Z</time>
        <extensions>
          <ns3:TrackPointExtension>
            <ns3:hr>98</ns3:hr>
            <ns3:cad>0</ns3:cad>
          </ns3:TrackPointExtension>
        </extensions>
      </trkpt>
      <trkpt lat="32.2983893193304538726806640625" lon="118.30159731209278106689453125">
        <ele>29.6000003814697265625</ele>
        <time>2026-09-20T08:18:43.000Z</time>
        <extensions>
          <ns3:TrackPointExtension>
            <ns3:hr>98</ns3:hr>
            <ns3:cad>0</ns3:cad>
          </ns3:TrackPointExtension>
        </extensions>
      </trkpt>
      <trkpt lat="32.2985375113785266876220703125" lon="118.30184080637991428375244140625">
        <ele>29.799999237060546875</ele>
        <time>2026-09-20T08:18:45.000Z</time>
        <extensions>
          <ns3:TrackPointExtension>
            <ns3:hr>98</ns3:hr>
            <ns3:cad>0</ns3:cad>
          </ns3:TrackPointExtension>
        </extensions>
      </trkpt>
      <trkpt lat="32.29869383387267589569091796875" lon="118.302099891006946563720703125">
        <ele>30</ele>
        <time>2026-09-20T08:18:47.000Z</time>
        <extensions>
          <ns3:TrackPointExtension>
            <ns3:hr>97</ns3:hr>
            <ns3:cad>0</ns3:cad>
          </ns3:TrackPointExtension>
        </extensions>
      </trkpt>
      <trkpt lat="32.2988484799861907958984375" lon="118.30236383713781833648681640625">
        <ele>30</ele>
        <time>2026-09-20T08:18:49.000Z</time>
        <extensions>
          <ns3:TrackPointExtension>
            <ns3:hr>96</ns3:hr>
            <ns3:cad>0</ns3:cad>
          </ns3:TrackPointExtension>
        </extensions>
      </trkpt>
      <trkpt lat="32.2989981807768344879150390625" lon="118.3026049844920635223388671875">
        <ele>29.6000003814697265625</ele>
        <time>2026-09-20T08:18:51.000Z</time>
        <extensions>
          <ns3:TrackPointExtension>
            <ns3:hr>96</ns3:hr>
            <ns3:cad>0</ns3:cad>
          </ns3:TrackPointExtension>
        </extensions>
      </trkpt>
      <trkpt lat="32.299135141074657440185546875" lon="118.302834816277027130126953125">
        <ele>29.200000762939453125</ele>
        <time>2026-09-20T08:18:53.000Z</time>
        <extensions>
          <ns3:TrackPointExtension>
            <ns3:hr>95</ns3:hr>
            <ns3:cad>0</ns3:cad>
          </ns3:TrackPointExtension>
        </extensions>
      </trkpt>
      <trkpt lat="32.2992593608796596527099609375" lon="118.30306104384362697601318359375">
        <ele>28.6000003814697265625</ele>
        <time>2026-09-20T08:18:55.000Z</time>
        <extensions>
          <ns3:TrackPointExtension>
            <ns3:hr>95</ns3:hr>
            <ns3:cad>0</ns3:cad>
          </ns3:TrackPointExtension>
        </extensions>
      </trkpt>
      <trkpt lat="32.29938014410436153411865234375" lon="118.303275369107723236083984375">
        <ele>28</ele>
        <time>2026-09-20T08:18:57.000Z</time>
        <extensions>
          <ns3:TrackPointExtension>
            <ns3:hr>94</ns3:hr>
            <ns3:cad>0</ns3:cad>
          </ns3:TrackPointExtension>
        </extensions>
      </trkpt>
      <trkpt lat="32.29949145577847957611083984375" lon="118.3034777082502841949462890625">
        <ele>27.6000003814697265625</ele>
        <time>2026-09-20T08:18:59.000Z</time>
        <extensions>
          <ns3:TrackPointExtension>
            <ns3:hr>94</ns3:hr>
            <ns3:cad>0</ns3:cad>
          </ns3:TrackPointExtension>
        </extensions>
      </trkpt>
      <trkpt lat="32.2995879314839839935302734375" lon="118.30366504378616809844970703125">
        <ele>27.200000762939453125</ele>
        <time>2026-09-20T08:19:01.000Z</time>
        <extensions>
          <ns3:TrackPointExtension>
            <ns3:hr>95</ns3:hr>
            <ns3:cad>0</ns3:cad>
          </ns3:TrackPointExtension>
        </extensions>
      </trkpt>
      <trkpt lat="32.2996667213737964630126953125" lon="118.30384232103824615478515625">
        <ele>26.6000003814697265625</ele>
        <time>2026-09-20T08:19:03.000Z</time>
        <extensions>
          <ns3:TrackPointExtension>
            <ns3:hr>94</ns3:hr>
            <ns3:cad>0</ns3:cad>
          </ns3:TrackPointExtension>
        </extensions>
      </trkpt>
      <trkpt lat="32.29972464032471179962158203125" lon="118.3039866574108600616455078125">
        <ele>25.799999237060546875</ele>
        <time>2026-09-20T08:19:05.000Z</time>
        <extensions>
          <ns3:TrackPointExtension>
            <ns3:hr>93</ns3:hr>
            <ns3:cad>0</ns3:cad>
          </ns3:TrackPointExtension>
        </extensions>
      </trkpt>
      <trkpt lat="32.29974810965359210968017578125" lon="118.3040265552699565887451171875">
        <ele>25.6000003814697265625</ele>
        <time>2026-09-20T08:19:06.000Z</time>
        <extensions>
          <ns3:TrackPointExtension>
            <ns3:hr>92</ns3:hr>
            <ns3:cad>0</ns3:cad>
          </ns3:TrackPointExtension>
        </extensions>
      </trkpt>
      <trkpt lat="32.29984366334974765777587890625" lon="118.304111547768115997314453125">
        <ele>25</ele>
        <time>2026-09-20T08:19:09.000Z</time>
        <extensions>
          <ns3:TrackPointExtension>
            <ns3:hr>91</ns3:hr>
            <ns3:cad>0</ns3:cad>
          </ns3:TrackPointExtension>
        </extensions>
      </trkpt>
      <trkpt lat="32.299984395503997802734375" lon="118.30415253527462482452392578125">
        <ele>25.799999237060546875</ele>
        <time>2026-09-20T08:19:11.000Z</time>
        <extensions>
          <ns3:TrackPointExtension>
            <ns3:hr>90</ns3:hr>
            <ns3:cad>0</ns3:cad>
          </ns3:TrackPointExtension>
        </extensions>
      </trkpt>
      <trkpt lat="32.30008288286626338958740234375" lon="118.3041690476238727569580078125">
        <ele>26.200000762939453125</ele>
        <time>2026-09-20T08:19:12.000Z</time>
        <extensions>
          <ns3:TrackPointExtension>
            <ns3:hr>90</ns3:hr>
            <ns3:cad>0</ns3:cad>
          </ns3:TrackPointExtension>
        </extensions>
      </trkpt>
      <trkpt lat="32.30020173825323581695556640625" lon="118.30416284501552581787109375">
        <ele>26.6000003814697265625</ele>
        <time>2026-09-20T08:19:13.000Z</time>
        <extensions>
          <ns3:TrackPointExtension>
            <ns3:hr>89</ns3:hr>
            <ns3:cad>0</ns3:cad>
          </ns3:TrackPointExtension>
        </extensions>
      </trkpt>
      <trkpt lat="32.3004633374512195587158203125" lon="118.30417684279382228851318359375">
        <ele>27.200000762939453125</ele>
        <time>2026-09-20T08:19:15.000Z</time>
        <extensions>
          <ns3:TrackPointExtension>
            <ns3:hr>89</ns3:hr>
            <ns3:cad>0</ns3:cad>
          </ns3:TrackPointExtension>
        </extensions>
      </trkpt>
      <trkpt lat="32.3007087595760822296142578125" lon="118.30421942286193370819091796875">
        <ele>27.6000003814697265625</ele>
        <time>2026-09-20T08:19:17.000Z</time>
        <extensions>
          <ns3:TrackPointExtension>
            <ns3:hr>89</ns3:hr>
            <ns3:cad>0</ns3:cad>
          </ns3:TrackPointExtension>
        </extensions>
      </trkpt>
      <trkpt lat="32.30097052641212940216064453125" lon="118.30425026826560497283935546875">
        <ele>27.3999996185302734375</ele>
        <time>2026-09-20T08:19:19.000Z</time>
        <extensions>
          <ns3:TrackPointExtension>
            <ns3:hr>88</ns3:hr>
            <ns3:cad>0</ns3:cad>
          </ns3:TrackPointExtension>
        </extensions>
      </trkpt>
      <trkpt lat="32.30124427936971187591552734375" lon="118.304277174174785614013671875">
        <ele>27</ele>
        <time>2026-09-20T08:19:21.000Z</time>
        <extensions>
          <ns3:TrackPointExtension>
            <ns3:hr>89</ns3:hr>
            <ns3:cad>0</ns3:cad>
          </ns3:TrackPointExtension>
        </extensions>
      </trkpt>
      <trkpt lat="32.30149657465517520904541015625" lon="118.304324112832546234130859375">
        <ele>26.3999996185302734375</ele>
        <time>2026-09-20T08:19:23.000Z</time>
        <extensions>
          <ns3:TrackPointExtension>
            <ns3:hr>89</ns3:hr>
            <ns3:cad>0</ns3:cad>
          </ns3:TrackPointExtension>
        </extensions>
      </trkpt>
      <trkpt lat="32.3017370514571666717529296875" lon="118.30435655079782009124755859375">
        <ele>26</ele>
        <time>2026-09-20T08:19:25.000Z</time>
        <extensions>
          <ns3:TrackPointExtension>
            <ns3:hr>89</ns3:hr>
            <ns3:cad>0</ns3:cad>
          </ns3:TrackPointExtension>
        </extensions>
      </trkpt>
      <trkpt lat="32.301854901015758514404296875" lon="118.304385133087635040283203125">
        <ele>25.6000003814697265625</ele>
        <time>2026-09-20T08:19:26.000Z</time>
        <extensions>
          <ns3:TrackPointExtension>
            <ns3:hr>89</ns3:hr>
            <ns3:cad>0</ns3:cad>
          </ns3:TrackPointExtension>
        </extensions>
      </trkpt>
      <trkpt lat="32.3019774444401264190673828125" lon="118.30440700985491275787353515625">
        <ele>25.3999996185302734375</ele>
        <time>2026-09-20T08:19:27.000Z</time>
        <extensions>
          <ns3:TrackPointExtension>
            <ns3:hr>89</ns3:hr>
            <ns3:cad>0</ns3:cad>
          </ns3:TrackPointExtension>
        </extensions>
      </trkpt>
      <trkpt lat="32.3022198490798473358154296875" lon="118.3044411242008209228515625">
        <ele>24.799999237060546875</ele>
        <time>2026-09-20T08:19:29.000Z</time>
        <extensions>
          <ns3:TrackPointExtension>
            <ns3:hr>88</ns3:hr>
            <ns3:cad>0</ns3:cad>
          </ns3:TrackPointExtension>
        </extensions>
      </trkpt>
      <trkpt lat="32.3024535365402698516845703125" lon="118.3044697903096675872802734375">
        <ele>24.3999996185302734375</ele>
        <time>2026-09-20T08:19:31.000Z</time>
        <extensions>
          <ns3:TrackPointExtension>
            <ns3:hr>88</ns3:hr>
            <ns3:cad>0</ns3:cad>
          </ns3:TrackPointExtension>
        </extensions>
      </trkpt>
      <trkpt lat="32.30268076993525028228759765625" lon="118.30450323410332202911376953125">
        <ele>24.200000762939453125</ele>
        <time>2026-09-20T08:19:33.000Z</time>
        <extensions>
          <ns3:TrackPointExtension>
            <ns3:hr>88</ns3:hr>
            <ns3:cad>0</ns3:cad>
          </ns3:TrackPointExtension>
        </extensions>
      </trkpt>
      <trkpt lat="32.30289232917129993438720703125" lon="118.30455101095139980316162109375">
        <ele>23.799999237060546875</ele>
        <time>2026-09-20T08:19:35.000Z</time>
        <extensions>
          <ns3:TrackPointExtension>
            <ns3:hr>88</ns3:hr>
            <ns3:cad>0</ns3:cad>
          </ns3:TrackPointExtension>
        </extensions>
      </trkpt>
      <trkpt lat="32.3030868731439113616943359375" lon="118.30456274561583995819091796875">
        <ele>23.3999996185302734375</ele>
        <time>2026-09-20T08:19:37.000Z</time>
        <extensions>
          <ns3:TrackPointExtension>
            <ns3:hr>89</ns3:hr>
            <ns3:cad>0</ns3:cad>
          </ns3:TrackPointExtension>
        </extensions>
      </trkpt>
      <trkpt lat="32.30318854562938213348388671875" lon="118.30454430542886257171630859375">
        <ele>23</ele>
        <time>2026-09-20T08:19:38.000Z</time>
        <extensions>
          <ns3:TrackPointExtension>
            <ns3:hr>89</ns3:hr>
            <ns3:cad>0</ns3:cad>
          </ns3:TrackPointExtension>
        </extensions>
      </trkpt>
      <trkpt lat="32.303374372422695159912109375" lon="118.304491080343723297119140625">
        <ele>22.6000003814697265625</ele>
        <time>2026-09-20T08:19:40.000Z</time>
        <extensions>
          <ns3:TrackPointExtension>
            <ns3:hr>89</ns3:hr>
            <ns3:cad>0</ns3:cad>
          </ns3:TrackPointExtension>
        </extensions>
      </trkpt>
      <trkpt lat="32.3035428486764430999755859375" lon="118.30443265847861766815185546875">
        <ele>22.200000762939453125</ele>
        <time>2026-09-20T08:19:42.000Z</time>
        <extensions>
          <ns3:TrackPointExtension>
            <ns3:hr>88</ns3:hr>
            <ns3:cad>0</ns3:cad>
          </ns3:TrackPointExtension>
        </extensions>
      </trkpt>
      <trkpt lat="32.30376739986240863800048828125" lon="118.304336182773113250732421875">
        <ele>22</ele>
        <time>2026-09-20T08:19:45.000Z</time>
        <extensions>
          <ns3:TrackPointExtension>
            <ns3:hr>88</ns3:hr>
            <ns3:cad>0</ns3:cad>
          </ns3:TrackPointExtension>
        </extensions>
      </trkpt>
      <trkpt lat="32.30398180894553661346435546875" lon="118.30422277562320232391357421875">
        <ele>22</ele>
        <time>2026-09-20T08:19:48.000Z</time>
        <extensions>
          <ns3:TrackPointExtension>
            <ns3:hr>87</ns3:hr>
            <ns3:cad>0</ns3:cad>
          </ns3:TrackPointExtension>
        </extensions>
      </trkpt>
      <trkpt lat="32.30414944700896739959716796875" lon="118.30411448143422603607177734375">
        <ele>21.200000762939453125</ele>
        <time>2026-09-20T08:19:51.000Z</time>
        <extensions>
          <ns3:TrackPointExtension>
            <ns3:hr>86</ns3:hr>
            <ns3:cad>0</ns3:cad>
          </ns3:TrackPointExtension>
        </extensions>
      </trkpt>
      <trkpt lat="32.3041875846683979034423828125" lon="118.304088413715362548828125">
        <ele>20.799999237060546875</ele>
        <time>2026-09-20T08:19:52.000Z</time>
        <extensions>
          <ns3:TrackPointExtension>
            <ns3:hr>86</ns3:hr>
            <ns3:cad>0</ns3:cad>
          </ns3:TrackPointExtension>
        </extensions>
      </trkpt>
      <trkpt lat="32.30420325882732868194580078125" lon="118.30406502820551395416259765625">
        <ele>20.200000762939453125</ele>
        <time>2026-09-20T08:19:55.000Z</time>
        <extensions>
          <ns3:TrackPointExtension>
            <ns3:hr>85</ns3:hr>
            <ns3:cad>0</ns3:cad>
          </ns3:TrackPointExtension>
        </extensions>
      </trkpt>
      <trkpt lat="32.30418867431581020355224609375" lon="118.304065279662609100341796875">
        <ele>20</ele>
        <time>2026-09-20T08:19:58.000Z</time>
        <extensions>
          <ns3:TrackPointExtension>
            <ns3:hr>88</ns3:hr>
            <ns3:cad>0</ns3:cad>
          </ns3:TrackPointExtension>
        </extensions>
      </trkpt>
      <trkpt lat="32.3041802085936069488525390625" lon="118.30407391302287578582763671875">
        <ele>20</ele>
        <time>2026-09-20T08:20:03.000Z</time>
        <extensions>
          <ns3:TrackPointExtension>
            <ns3:hr>89</ns3:hr>
            <ns3:cad>0</ns3:cad>
          </ns3:TrackPointExtension>
        </extensions>
      </trkpt>
      <trkpt lat="32.304191775619983673095703125" lon="118.3040812052786350250244140625">
        <ele>20</ele>
        <time>2026-09-20T08:20:09.000Z</time>
        <extensions>
          <ns3:TrackPointExtension>
            <ns3:hr>85</ns3:hr>
            <ns3:cad>0</ns3:cad>
          </ns3:TrackPointExtension>
        </extensions>
      </trkpt>
      <trkpt lat="32.304195798933506011962890625" lon="118.30408313311636447906494140625">
        <ele>20</ele>
        <time>2026-09-20T08:20:10.000Z</time>
        <extensions>
          <ns3:TrackPointExtension>
            <ns3:hr>78</ns3:hr>
            <ns3:cad>0</ns3:cad>
          </ns3:TrackPointExtension>
        </extensions>
      </trkpt>
      <trkpt lat="32.30419856496155261993408203125" lon="118.30408715642988681793212890625">
        <ele>20</ele>
        <time>2026-09-20T08:20:11.000Z</time>
        <extensions>
          <ns3:TrackPointExtension>
            <ns3:hr>67</ns3:hr>
            <ns3:cad>0</ns3:cad>
          </ns3:TrackPointExtension>
        </extensions>
      </trkpt>
      <trkpt lat="32.30420124717056751251220703125" lon="118.304090760648250579833984375">
        <ele>20</ele>
        <time>2026-09-20T08:20:12.000Z</time>
        <extensions>
          <ns3:TrackPointExtension>
            <ns3:hr>63</ns3:hr>
            <ns3:cad>0</ns3:cad>
          </ns3:TrackPointExtension>
        </extensions>
      </trkpt>
      <trkpt lat="32.304213903844356536865234375" lon="118.3040922693908214569091796875">
        <ele>20</ele>
        <time>2026-09-20T08:20:14.000Z</time>
        <extensions>
          <ns3:TrackPointExtension>
            <ns3:hr>62</ns3:hr>
            <ns3:cad>0</ns3:cad>
          </ns3:TrackPointExtension>
        </extensions>
      </trkpt>
      <trkpt lat="32.30432328768074512481689453125" lon="118.30401859246194362640380859375">
        <ele>20.3999996185302734375</ele>
        <time>2026-09-20T08:20:17.000Z</time>
        <extensions>
          <ns3:TrackPointExtension>
            <ns3:hr>63</ns3:hr>
            <ns3:cad>0</ns3:cad>
          </ns3:TrackPointExtension>
        </extensions>
      </trkpt>
      <trkpt lat="32.30446879751980304718017578125" lon="118.3039108850061893463134765625">
        <ele>21.3999996185302734375</ele>
        <time>2026-09-20T08:20:19.000Z</time>
        <extensions>
          <ns3:TrackPointExtension>
            <ns3:hr>66</ns3:hr>
            <ns3:cad>0</ns3:cad>
          </ns3:TrackPointExtension>
        </extensions>
      </trkpt>
      <trkpt lat="32.30455848388373851776123046875" lon="118.303844667971134185791015625">
        <ele>22</ele>
        <time>2026-09-20T08:20:20.000Z</time>
        <extensions>
          <ns3:TrackPointExtension>
            <ns3:hr>66</ns3:hr>
            <ns3:cad>0</ns3:cad>
          </ns3:TrackPointExtension>
        </extensions>
      </trkpt>
      <trkpt lat="32.3047753237187862396240234375" lon="118.303707875311374664306640625">
        <ele>23.3999996185302734375</ele>
        <time>2026-09-20T08:20:22.000Z</time>
        <extensions>
          <ns3:TrackPointExtension>
            <ns3:hr>66</ns3:hr>
            <ns3:cad>0</ns3:cad>
          </ns3:TrackPointExtension>
        </extensions>
      </trkpt>
      <trkpt lat="32.30488143861293792724609375" lon="118.3036466874182224273681640625">
        <ele>24</ele>
        <time>2026-09-20T08:20:23.000Z</time>
        <extensions>
          <ns3:TrackPointExtension>
            <ns3:hr>65</ns3:hr>
            <ns3:cad>0</ns3:cad>
          </ns3:TrackPointExtension>
        </extensions>
      </trkpt>
      <trkpt lat="32.305000461637973785400390625" lon="118.30357435159385204315185546875">
        <ele>24.6000003814697265625</ele>
        <time>2026-09-20T08:20:24.000Z</time>
        <extensions>
          <ns3:TrackPointExtension>
            <ns3:hr>65</ns3:hr>
            <ns3:cad>0</ns3:cad>
          </ns3:TrackPointExtension>
        </extensions>
      </trkpt>
      <trkpt lat="32.3052658326923847198486328125" lon="118.30342967994511127471923828125">
        <ele>25</ele>
        <time>2026-09-20T08:20:26.000Z</time>
        <extensions>
          <ns3:TrackPointExtension>
            <ns3:hr>64</ns3:hr>
            <ns3:cad>0</ns3:cad>
          </ns3:TrackPointExtension>
        </extensions>
      </trkpt>
      <trkpt lat="32.305397428572177886962890625" lon="118.303358852863311767578125">
        <ele>25</ele>
        <time>2026-09-20T08:20:27.000Z</time>
        <extensions>
          <ns3:TrackPointExtension>
            <ns3:hr>64</ns3:hr>
            <ns3:cad>0</ns3:cad>
          </ns3:TrackPointExtension>
        </extensions>
      </trkpt>
      <trkpt lat="32.30564863421022891998291015625" lon="118.30321468412876129150390625">
        <ele>24.6000003814697265625</ele>
        <time>2026-09-20T08:20:29.000Z</time>
        <extensions>
          <ns3:TrackPointExtension>
            <ns3:hr>64</ns3:hr>
            <ns3:cad>0</ns3:cad>
          </ns3:TrackPointExtension>
        </extensions>
      </trkpt>
      <trkpt lat="32.3058946430683135986328125" lon="118.30309130251407623291015625">
        <ele>23.6000003814697265625</ele>
        <time>2026-09-20T08:20:31.000Z</time>
        <extensions>
          <ns3:TrackPointExtension>
            <ns3:hr>63</ns3:hr>
            <ns3:cad>0</ns3:cad>
          </ns3:TrackPointExtension>
        </extensions>
      </trkpt>
      <trkpt lat="32.3059725947678089141845703125" lon="118.3030545897781848907470703125">
        <ele>22.799999237060546875</ele>
        <time>2026-09-20T08:20:32.000Z</time>
        <extensions>
          <ns3:TrackPointExtension>
            <ns3:hr>64</ns3:hr>
            <ns3:cad>0</ns3:cad>
          </ns3:TrackPointExtension>
        </extensions>
      </trkpt>
      <trkpt lat="32.30613805353641510009765625" lon="118.3030099980533123016357421875">
        <ele>21</ele>
        <time>2026-09-20T08:20:34.000Z</time>
        <extensions>
          <ns3:TrackPointExtension>
            <ns3:hr>65</ns3:hr>
            <ns3:cad>0</ns3:cad>
          </ns3:TrackPointExtension>
        </extensions>
      </trkpt>
      <trkpt lat="32.30623151175677776336669921875" lon="118.30298108048737049102783203125">
        <ele>20.3999996185302734375</ele>
        <time>2026-09-20T08:20:35.000Z</time>
        <extensions>
          <ns3:TrackPointExtension>
            <ns3:hr>65</ns3:hr>
            <ns3:cad>0</ns3:cad>
          </ns3:TrackPointExtension>
        </extensions>
      </trkpt>
      <trkpt lat="32.30632589198648929595947265625" lon="118.30293799750506877899169921875">
        <ele>19.799999237060546875</ele>
        <time>2026-09-20T08:20:36.000Z</time>
        <extensions>
          <ns3:TrackPointExtension>
            <ns3:hr>64</ns3:hr>
            <ns3:cad>0</ns3:cad>
          </ns3:TrackPointExtension>
        </extensions>
      </trkpt>
      <trkpt lat="32.3065988905727863311767578125" lon="118.30283020623028278350830078125">
        <ele>19.799999237060546875</ele>
        <time>2026-09-20T08:20:38.000Z</time>
        <extensions>
          <ns3:TrackPointExtension>
            <ns3:hr>65</ns3:hr>
            <ns3:cad>0</ns3:cad>
          </ns3:TrackPointExtension>
        </extensions>
      </trkpt>
      <trkpt lat="32.30678320862352848052978515625" lon="118.30279768444597721099853515625">
        <ele>20</ele>
        <time>2026-09-20T08:20:40.000Z</time>
        <extensions>
          <ns3:TrackPointExtension>
            <ns3:hr>65</ns3:hr>
            <ns3:cad>0</ns3:cad>
          </ns3:TrackPointExtension>
        </extensions>
      </trkpt>
      <trkpt lat="32.3068687878549098968505859375" lon="118.3027835190296173095703125">
        <ele>20</ele>
        <time>2026-09-20T08:20:41.000Z</time>
        <extensions>
          <ns3:TrackPointExtension>
            <ns3:hr>64</ns3:hr>
            <ns3:cad>0</ns3:cad>
          </ns3:TrackPointExtension>
        </extensions>
      </trkpt>
      <trkpt lat="32.307058386504650115966796875" lon="118.302761726081371307373046875">
        <ele>20</ele>
        <time>2026-09-20T08:20:43.000Z</time>
        <extensions>
          <ns3:TrackPointExtension>
            <ns3:hr>64</ns3:hr>
            <ns3:cad>0</ns3:cad>
          </ns3:TrackPointExtension>
        </extensions>
      </trkpt>
      <trkpt lat="32.3072563670575618743896484375" lon="118.30273180268704891204833984375">
        <ele>20.200000762939453125</ele>
        <time>2026-09-20T08:20:45.000Z</time>
        <extensions>
          <ns3:TrackPointExtension>
            <ns3:hr>66</ns3:hr>
            <ns3:cad>0</ns3:cad>
          </ns3:TrackPointExtension>
        </extensions>
      </trkpt>
      <trkpt lat="32.3074655793607234954833984375" lon="118.302697353065013885498046875">
        <ele>20.3999996185302734375</ele>
        <time>2026-09-20T08:20:47.000Z</time>
        <extensions>
          <ns3:TrackPointExtension>
            <ns3:hr>70</ns3:hr>
            <ns3:cad>0</ns3:cad>
          </ns3:TrackPointExtension>
        </extensions>
      </trkpt>
      <trkpt lat="32.307564318180084228515625" lon="118.30268335528671741485595703125">
        <ele>20.3999996185302734375</ele>
        <time>2026-09-20T08:20:48.000Z</time>
        <extensions>
          <ns3:TrackPointExtension>
            <ns3:hr>73</ns3:hr>
            <ns3:cad>0</ns3:cad>
          </ns3:TrackPointExtension>
        </extensions>
      </trkpt>
    </trkseg>
  </trk>
</gpx>
