<?xml version="1.0" encoding="UTF-8"?>
<gpx creator="Garmin Connect" version="1.1"
  xsi:schemaLocation="http://www.topografix.com/GPX/1/1 http://www.topografix.com/GPX/11.xsd"
  xmlns:ns3="http://www.garmin.com/xmlschemas/TrackPointExtension/v1"
  xmlns="http://www.topografix.com/GPX/1/1"
  xmlns:xsi="http://www.w3.org/2001/XMLSchema-instance" xmlns:ns2="http://www.garmin.com/xmlschemas/GpxExtensions/v3">
  <metadata>
    <link href="connect.garmin.com">
      <text>Garmin Connect</text>
    </link>
    <time>2026-09-28T01:23:35.000Z</time>
  </metadata>
  <trk>
    <name>Nanjing Hiking</name>
    <type>hiking</type>
    <trkseg>
      <trkpt lat="31.90780243836343288421630859375" lon="118.86703354306519031524658203125">
        <ele>58.40000152587890625</ele>
        <time>2026-09-28T01:23:44.000Z</time>
        <extensions>
          <ns3:TrackPointExtension>
            <ns3:hr>91</ns3:hr>
            <ns3:cad>0</ns3:cad>
          </ns3:TrackPointExtension>
        </extensions>
      </trkpt>
      <trkpt lat="31.90799589268863201141357421875" lon="118.86723051778972148895263671875">
        <ele>58.59999847412109375</ele>
        <time>2026-09-28T01:23:46.000Z</time>
        <extensions>
          <ns3:TrackPointExtension>
            <ns3:hr>88</ns3:hr>
            <ns3:cad>0</ns3:cad>
          </ns3:TrackPointExtension>
        </extensions>
      </trkpt>
      <trkpt lat="31.90799740143120288848876953125" lon="118.86723035015165805816650390625">
        <ele>58.59999847412109375</ele>
        <time>2026-09-28T01:23:48.000Z</time>
        <extensions>
          <ns3:TrackPointExtension>
            <ns3:hr>86</ns3:hr>
            <ns3:cad>0</ns3:cad>
          </ns3:TrackPointExtension>
        </extensions>
      </trkpt>
      <trkpt lat="31.90799170173704624176025390625" lon="118.867246694862842559814453125">
        <ele>58.40000152587890625</ele>
        <time>2026-09-28T01:23:51.000Z</time>
        <extensions>
          <ns3:TrackPointExtension>
            <ns3:hr>81</ns3:hr>
            <ns3:cad>0</ns3:cad>
          </ns3:TrackPointExtension>
        </extensions>
      </trkpt>
      <trkpt lat="31.90798834897577762603759765625" lon="118.86724493466317653656005859375">
        <ele>58.59999847412109375</ele>
        <time>2026-09-28T01:23:56.000Z</time>
        <extensions>
          <ns3:TrackPointExtension>
            <ns3:hr>80</ns3:hr>
            <ns3:cad>0</ns3:cad>
          </ns3:TrackPointExtension>
        </extensions>
      </trkpt>
      <trkpt lat="31.90798533149063587188720703125" lon="118.8672616146504878997802734375">
        <ele>58.59999847412109375</ele>
        <time>2026-09-28T01:24:09.000Z</time>
        <extensions>
          <ns3:TrackPointExtension>
            <ns3:hr>77</ns3:hr>
            <ns3:cad>0</ns3:cad>
          </ns3:TrackPointExtension>
        </extensions>
      </trkpt>
      <trkpt lat="31.90798533149063587188720703125" lon="118.8672616146504878997802734375">
        <ele>58.40000152587890625</ele>
        <time>2026-09-28T01:24:12.000Z</time>
        <extensions>
          <ns3:TrackPointExtension>
            <ns3:hr>77</ns3:hr>
            <ns3:cad>0</ns3:cad>
          </ns3:TrackPointExtension>
        </extensions>
      </trkpt>
      <trkpt lat="31.9079790450632572174072265625" lon="118.86728332377970218658447265625">
        <ele>58</ele>
        <time>2026-09-28T01:24:30.000Z</time>
        <extensions>
          <ns3:TrackPointExtension>
            <ns3:hr>77</ns3:hr>
            <ns3:cad>0</ns3:cad>
          </ns3:TrackPointExtension>
        </extensions>
      </trkpt>
      <trkpt lat="31.90793462097644805908203125" lon="118.86730126105248928070068359375">
        <ele>58</ele>
        <time>2026-09-28T01:24:35.000Z</time>
        <extensions>
          <ns3:TrackPointExtension>
            <ns3:hr>77</ns3:hr>
            <ns3:cad>0</ns3:cad>
          </ns3:TrackPointExtension>
        </extensions>
      </trkpt>
      <trkpt lat="31.9078700803220272064208984375" lon="118.8672959804534912109375">
        <ele>58.799999237060546875</ele>
        <time>2026-09-28T01:24:40.000Z</time>
        <extensions>
          <ns3:TrackPointExtension>
            <ns3:hr>76</ns3:hr>
            <ns3:cad>53</ns3:cad>
          </ns3:TrackPointExtension>
        </extensions>
      </trkpt>
      <trkpt lat="31.9078070484101772308349609375" lon="118.86727728880941867828369140625">
        <ele>59.200000762939453125</ele>
        <time>2026-09-28T01:24:46.000Z</time>
        <extensions>
          <ns3:TrackPointExtension>
            <ns3:hr>76</ns3:hr>
            <ns3:cad>52</ns3:cad>
          </ns3:TrackPointExtension>
        </extensions>
      </trkpt>
      <trkpt lat="31.907784081995487213134765625" lon="118.86727225966751575469970703125">
        <ele>59.40000152587890625</ele>
        <time>2026-09-28T01:24:48.000Z</time>
        <extensions>
          <ns3:TrackPointExtension>
            <ns3:hr>76</ns3:hr>
            <ns3:cad>52</ns3:cad>
          </ns3:TrackPointExtension>
        </extensions>
      </trkpt>
      <trkpt lat="31.9077523984014987945556640625" lon="118.86726605705916881561279296875">
        <ele>60</ele>
        <time>2026-09-28T01:24:52.000Z</time>
        <extensions>
          <ns3:TrackPointExtension>
            <ns3:hr>76</ns3:hr>
            <ns3:cad>51</ns3:cad>
          </ns3:TrackPointExtension>
        </extensions>
      </trkpt>
      <trkpt lat="31.90770135261118412017822265625" lon="118.86725633405148983001708984375">
        <ele>60.59999847412109375</ele>
        <time>2026-09-28T01:24:56.000Z</time>
        <extensions>
          <ns3:TrackPointExtension>
            <ns3:hr>79</ns3:hr>
            <ns3:cad>50</ns3:cad>
          </ns3:TrackPointExtension>
        </extensions>
      </trkpt>
      <trkpt lat="31.9076886959373950958251953125" lon="118.86725164018571376800537109375">
        <ele>60.799999237060546875</ele>
        <time>2026-09-28T01:24:57.000Z</time>
        <extensions>
          <ns3:TrackPointExtension>
            <ns3:hr>79</ns3:hr>
            <ns3:cad>50</ns3:cad>
          </ns3:TrackPointExtension>
        </extensions>
      </trkpt>
      <trkpt lat="31.907639242708683013916015625" lon="118.8672488741576671600341796875">
        <ele>61.40000152587890625</ele>
        <time>2026-09-28T01:25:02.000Z</time>
        <extensions>
          <ns3:TrackPointExtension>
            <ns3:hr>82</ns3:hr>
            <ns3:cad>52</ns3:cad>
          </ns3:TrackPointExtension>
        </extensions>
      </trkpt>
      <trkpt lat="31.9076125882565975189208984375" lon="118.867246694862842559814453125">
        <ele>61.59999847412109375</ele>
        <time>2026-09-28T01:25:05.000Z</time>
        <extensions>
          <ns3:TrackPointExtension>
            <ns3:hr>84</ns3:hr>
            <ns3:cad>51</ns3:cad>
          </ns3:TrackPointExtension>
        </extensions>
      </trkpt>
      <trkpt lat="31.90758551470935344696044921875" lon="118.867248706519603729248046875">
        <ele>62</ele>
        <time>2026-09-28T01:25:08.000Z</time>
        <extensions>
          <ns3:TrackPointExtension>
            <ns3:hr>88</ns3:hr>
            <ns3:cad>51</ns3:cad>
          </ns3:TrackPointExtension>
        </extensions>
      </trkpt>
      <trkpt lat="31.9075669907033443450927734375" lon="118.867254070937633514404296875">
        <ele>62.200000762939453125</ele>
        <time>2026-09-28T01:25:10.000Z</time>
        <extensions>
          <ns3:TrackPointExtension>
            <ns3:hr>91</ns3:hr>
            <ns3:cad>51</ns3:cad>
          </ns3:TrackPointExtension>
        </extensions>
      </trkpt>
      <trkpt lat="31.90755550749599933624267578125" lon="118.86725641787052154541015625">
        <ele>62.200000762939453125</ele>
        <time>2026-09-28T01:25:11.000Z</time>
        <extensions>
          <ns3:TrackPointExtension>
            <ns3:hr>92</ns3:hr>
            <ns3:cad>51</ns3:cad>
          </ns3:TrackPointExtension>
        </extensions>
      </trkpt>
      <trkpt lat="31.90751661546528339385986328125" lon="118.8672636263072490692138671875">
        <ele>62.59999847412109375</ele>
        <time>2026-09-28T01:25:14.000Z</time>
        <extensions>
          <ns3:TrackPointExtension>
            <ns3:hr>94</ns3:hr>
            <ns3:cad>50</ns3:cad>
          </ns3:TrackPointExtension>
        </extensions>
      </trkpt>
      <trkpt lat="31.90748308785259723663330078125" lon="118.86725583113729953765869140625">
        <ele>63</ele>
        <time>2026-09-28T01:25:17.000Z</time>
        <extensions>
          <ns3:TrackPointExtension>
            <ns3:hr>96</ns3:hr>
            <ns3:cad>52</ns3:cad>
          </ns3:TrackPointExtension>
        </extensions>
      </trkpt>
      <trkpt lat="31.90742877312004566192626953125" lon="118.86724577285349369049072265625">
        <ele>63.799999237060546875</ele>
        <time>2026-09-28T01:25:22.000Z</time>
        <extensions>
          <ns3:TrackPointExtension>
            <ns3:hr>95</ns3:hr>
            <ns3:cad>54</ns3:cad>
          </ns3:TrackPointExtension>
        </extensions>
      </trkpt>
      <trkpt lat="31.90740228630602359771728515625" lon="118.86723764240741729736328125">
        <ele>64</ele>
        <time>2026-09-28T01:25:24.000Z</time>
        <extensions>
          <ns3:TrackPointExtension>
            <ns3:hr>96</ns3:hr>
            <ns3:cad>54</ns3:cad>
          </ns3:TrackPointExtension>
        </extensions>
      </trkpt>
      <trkpt lat="31.9073426909744739532470703125" lon="118.86721442453563213348388671875">
        <ele>65</ele>
        <time>2026-09-28T01:25:29.000Z</time>
        <extensions>
          <ns3:TrackPointExtension>
            <ns3:hr>96</ns3:hr>
            <ns3:cad>52</ns3:cad>
          </ns3:TrackPointExtension>
        </extensions>
      </trkpt>
      <trkpt lat="31.907323412597179412841796875" lon="118.86720604263246059417724609375">
        <ele>65.1999969482421875</ele>
        <time>2026-09-28T01:25:31.000Z</time>
        <extensions>
          <ns3:TrackPointExtension>
            <ns3:hr>95</ns3:hr>
            <ns3:cad>54</ns3:cad>
          </ns3:TrackPointExtension>
        </extensions>
      </trkpt>
      <trkpt lat="31.907297931611537933349609375" lon="118.8672019354999065399169921875">
        <ele>65.1999969482421875</ele>
        <time>2026-09-28T01:25:34.000Z</time>
        <extensions>
          <ns3:TrackPointExtension>
            <ns3:hr>92</ns3:hr>
            <ns3:cad>54</ns3:cad>
          </ns3:TrackPointExtension>
        </extensions>
      </trkpt>
      <trkpt lat="31.90724386833608150482177734375" lon="118.867207802832126617431640625">
        <ele>65.59999847412109375</ele>
        <time>2026-09-28T01:25:38.000Z</time>
        <extensions>
          <ns3:TrackPointExtension>
            <ns3:hr>92</ns3:hr>
            <ns3:cad>52</ns3:cad>
          </ns3:TrackPointExtension>
        </extensions>
      </trkpt>
      <trkpt lat="31.90719257108867168426513671875" lon="118.86721559800207614898681640625">
        <ele>66</ele>
        <time>2026-09-28T01:25:43.000Z</time>
        <extensions>
          <ns3:TrackPointExtension>
            <ns3:hr>92</ns3:hr>
            <ns3:cad>53</ns3:cad>
          </ns3:TrackPointExtension>
        </extensions>
      </trkpt>
      <trkpt lat="31.907169185578823089599609375" lon="118.86722347699105739593505859375">
        <ele>66.1999969482421875</ele>
        <time>2026-09-28T01:25:45.000Z</time>
        <extensions>
          <ns3:TrackPointExtension>
            <ns3:hr>93</ns3:hr>
            <ns3:cad>53</ns3:cad>
          </ns3:TrackPointExtension>
        </extensions>
      </trkpt>
      <trkpt lat="31.90710456110537052154541015625" lon="118.8672378100454807281494140625">
        <ele>67</ele>
        <time>2026-09-28T01:25:52.000Z</time>
        <extensions>
          <ns3:TrackPointExtension>
            <ns3:hr>92</ns3:hr>
            <ns3:cad>53</ns3:cad>
          </ns3:TrackPointExtension>
        </extensions>
      </trkpt>
      <trkpt lat="31.907092072069644927978515625" lon="118.86723898351192474365234375">
        <ele>67</ele>
        <time>2026-09-28T01:25:53.000Z</time>
        <extensions>
          <ns3:TrackPointExtension>
            <ns3:hr>93</ns3:hr>
            <ns3:cad>53</ns3:cad>
          </ns3:TrackPointExtension>
        </extensions>
      </trkpt>
      <trkpt lat="31.90703750587999820709228515625" lon="118.867235966026782989501953125">
        <ele>67.59999847412109375</ele>
        <time>2026-09-28T01:25:58.000Z</time>
        <extensions>
          <ns3:TrackPointExtension>
            <ns3:hr>92</ns3:hr>
            <ns3:cad>52</ns3:cad>
          </ns3:TrackPointExtension>
        </extensions>
      </trkpt>
      <trkpt lat="31.90696139819920063018798828125" lon="118.86723839677870273590087890625">
        <ele>68.1999969482421875</ele>
        <time>2026-09-28T01:26:03.000Z</time>
        <extensions>
          <ns3:TrackPointExtension>
            <ns3:hr>92</ns3:hr>
            <ns3:cad>54</ns3:cad>
          </ns3:TrackPointExtension>
        </extensions>
      </trkpt>
      <trkpt lat="31.90694882534444332122802734375" lon="118.867239318788051605224609375">
        <ele>68.40000152587890625</ele>
        <time>2026-09-28T01:26:04.000Z</time>
        <extensions>
          <ns3:TrackPointExtension>
            <ns3:hr>92</ns3:hr>
            <ns3:cad>53</ns3:cad>
          </ns3:TrackPointExtension>
        </extensions>
      </trkpt>
      <trkpt lat="31.906922422349452972412109375" lon="118.86725164018571376800537109375">
        <ele>68.8000030517578125</ele>
        <time>2026-09-28T01:26:09.000Z</time>
        <extensions>
          <ns3:TrackPointExtension>
            <ns3:hr>92</ns3:hr>
            <ns3:cad>0</ns3:cad>
          </ns3:TrackPointExtension>
        </extensions>
      </trkpt>
      <trkpt lat="31.90685947425663471221923828125" lon="118.86729958467185497283935546875">
        <ele>69.1999969482421875</ele>
        <time>2026-09-28T01:26:15.000Z</time>
        <extensions>
          <ns3:TrackPointExtension>
            <ns3:hr>92</ns3:hr>
            <ns3:cad>0</ns3:cad>
          </ns3:TrackPointExtension>
        </extensions>
      </trkpt>
      <trkpt lat="31.906833909451961517333984375" lon="118.86732020415365695953369140625">
        <ele>69.59999847412109375</ele>
        <time>2026-09-28T01:26:18.000Z</time>
        <extensions>
          <ns3:TrackPointExtension>
            <ns3:hr>92</ns3:hr>
            <ns3:cad>52</ns3:cad>
          </ns3:TrackPointExtension>
        </extensions>
      </trkpt>
      <trkpt lat="31.90676115453243255615234375" lon="118.86732640676200389862060546875">
        <ele>70.1999969482421875</ele>
        <time>2026-09-28T01:26:24.000Z</time>
        <extensions>
          <ns3:TrackPointExtension>
            <ns3:hr>91</ns3:hr>
            <ns3:cad>51</ns3:cad>
          </ns3:TrackPointExtension>
        </extensions>
      </trkpt>
      <trkpt lat="31.9067526049911975860595703125" lon="118.86732070706784725189208984375">
        <ele>70.1999969482421875</ele>
        <time>2026-09-28T01:26:26.000Z</time>
        <extensions>
          <ns3:TrackPointExtension>
            <ns3:hr>91</ns3:hr>
            <ns3:cad>51</ns3:cad>
          </ns3:TrackPointExtension>
        </extensions>
      </trkpt>
      <trkpt lat="31.90672754310071468353271484375" lon="118.86733244173228740692138671875">
        <ele>70.59999847412109375</ele>
        <time>2026-09-28T01:26:29.000Z</time>
        <extensions>
          <ns3:TrackPointExtension>
            <ns3:hr>91</ns3:hr>
            <ns3:cad>51</ns3:cad>
          </ns3:TrackPointExtension>
        </extensions>
      </trkpt>
      <trkpt lat="31.90670675598084926605224609375" lon="118.8673471100628376007080078125">
        <ele>71.1999969482421875</ele>
        <time>2026-09-28T01:26:32.000Z</time>
        <extensions>
          <ns3:TrackPointExtension>
            <ns3:hr>93</ns3:hr>
            <ns3:cad>49</ns3:cad>
          </ns3:TrackPointExtension>
        </extensions>
      </trkpt>
      <trkpt lat="31.9066858850419521331787109375" lon="118.86735624633729457855224609375">
        <ele>71.40000152587890625</ele>
        <time>2026-09-28T01:26:34.000Z</time>
        <extensions>
          <ns3:TrackPointExtension>
            <ns3:hr>93</ns3:hr>
            <ns3:cad>0</ns3:cad>
          </ns3:TrackPointExtension>
        </extensions>
      </trkpt>
      <trkpt lat="31.9066349230706691741943359375" lon="118.86737183667719364166259765625">
        <ele>71.59999847412109375</ele>
        <time>2026-09-28T01:26:39.000Z</time>
        <extensions>
          <ns3:TrackPointExtension>
            <ns3:hr>93</ns3:hr>
            <ns3:cad>50</ns3:cad>
          </ns3:TrackPointExtension>
        </extensions>
      </trkpt>
      <trkpt lat="31.906592510640621185302734375" lon="118.86741793714463710784912109375">
        <ele>72.1999969482421875</ele>
        <time>2026-09-28T01:26:46.000Z</time>
        <extensions>
          <ns3:TrackPointExtension>
            <ns3:hr>93</ns3:hr>
            <ns3:cad>0</ns3:cad>
          </ns3:TrackPointExtension>
        </extensions>
      </trkpt>
      <trkpt lat="31.9065832905471324920654296875" lon="118.86742539703845977783203125">
        <ele>72.40000152587890625</ele>
        <time>2026-09-28T01:26:48.000Z</time>
        <extensions>
          <ns3:TrackPointExtension>
            <ns3:hr>93</ns3:hr>
            <ns3:cad>0</ns3:cad>
          </ns3:TrackPointExtension>
        </extensions>
      </trkpt>
      <trkpt lat="31.9065324962139129638671875" lon="118.867458589375019073486328125">
        <ele>72.8000030517578125</ele>
        <time>2026-09-28T01:26:52.000Z</time>
        <extensions>
          <ns3:TrackPointExtension>
            <ns3:hr>92</ns3:hr>
            <ns3:cad>53</ns3:cad>
          </ns3:TrackPointExtension>
        </extensions>
      </trkpt>
      <trkpt lat="31.90649016760289669036865234375" lon="118.867493458092212677001953125">
        <ele>73.40000152587890625</ele>
        <time>2026-09-28T01:26:57.000Z</time>
        <extensions>
          <ns3:TrackPointExtension>
            <ns3:hr>93</ns3:hr>
            <ns3:cad>51</ns3:cad>
          </ns3:TrackPointExtension>
        </extensions>
      </trkpt>
      <trkpt lat="31.9064334221184253692626953125" lon="118.8675224594771862030029296875">
        <ele>74</ele>
        <time>2026-09-28T01:27:03.000Z</time>
        <extensions>
          <ns3:TrackPointExtension>
            <ns3:hr>93</ns3:hr>
            <ns3:cad>0</ns3:cad>
          </ns3:TrackPointExtension>
        </extensions>
      </trkpt>
      <trkpt lat="31.90637315623462200164794921875" lon="118.86753913946449756622314453125">
        <ele>74.40000152587890625</ele>
        <time>2026-09-28T01:27:09.000Z</time>
        <extensions>
          <ns3:TrackPointExtension>
            <ns3:hr>95</ns3:hr>
            <ns3:cad>51</ns3:cad>
          </ns3:TrackPointExtension>
        </extensions>
      </trkpt>
      <trkpt lat="31.9063633494079113006591796875" lon="118.8675425760447978973388671875">
        <ele>74.59999847412109375</ele>
        <time>2026-09-28T01:27:10.000Z</time>
        <extensions>
          <ns3:TrackPointExtension>
            <ns3:hr>95</ns3:hr>
            <ns3:cad>51</ns3:cad>
          </ns3:TrackPointExtension>
        </extensions>
      </trkpt>
      <trkpt lat="31.90631263889372348785400390625" lon="118.86756864376366138458251953125">
        <ele>75.40000152587890625</ele>
        <time>2026-09-28T01:27:16.000Z</time>
        <extensions>
          <ns3:TrackPointExtension>
            <ns3:hr>95</ns3:hr>
            <ns3:cad>50</ns3:cad>
          </ns3:TrackPointExtension>
        </extensions>
      </trkpt>
      <trkpt lat="31.90628816373646259307861328125" lon="118.86757451109588146209716796875">
        <ele>75.40000152587890625</ele>
        <time>2026-09-28T01:27:19.000Z</time>
        <extensions>
          <ns3:TrackPointExtension>
            <ns3:hr>94</ns3:hr>
            <ns3:cad>50</ns3:cad>
          </ns3:TrackPointExtension>
        </extensions>
      </trkpt>
      <trkpt lat="31.90624214708805084228515625" lon="118.867590017616748809814453125">
        <ele>76</ele>
        <time>2026-09-28T01:27:23.000Z</time>
        <extensions>
          <ns3:TrackPointExtension>
            <ns3:hr>94</ns3:hr>
            <ns3:cad>50</ns3:cad>
          </ns3:TrackPointExtension>
        </extensions>
      </trkpt>
      <trkpt lat="31.90617333166301250457763671875" lon="118.86762128211557865142822265625">
        <ele>76.59999847412109375</ele>
        <time>2026-09-28T01:27:29.000Z</time>
        <extensions>
          <ns3:TrackPointExtension>
            <ns3:hr>94</ns3:hr>
            <ns3:cad>50</ns3:cad>
          </ns3:TrackPointExtension>
        </extensions>
      </trkpt>
      <trkpt lat="31.90615824423730373382568359375" lon="118.8676263950765132904052734375">
        <ele>76.8000030517578125</ele>
        <time>2026-09-28T01:27:30.000Z</time>
        <extensions>
          <ns3:TrackPointExtension>
            <ns3:hr>94</ns3:hr>
            <ns3:cad>50</ns3:cad>
          </ns3:TrackPointExtension>
        </extensions>
      </trkpt>
      <trkpt lat="31.9060981459915637969970703125" lon="118.86764391325414180755615234375">
        <ele>77.59999847412109375</ele>
        <time>2026-09-28T01:27:36.000Z</time>
        <extensions>
          <ns3:TrackPointExtension>
            <ns3:hr>93</ns3:hr>
            <ns3:cad>49</ns3:cad>
          </ns3:TrackPointExtension>
        </extensions>
      </trkpt>
      <trkpt lat="31.906088925898075103759765625" lon="118.8676475174725055694580078125">
        <ele>77.59999847412109375</ele>
        <time>2026-09-28T01:27:37.000Z</time>
        <extensions>
          <ns3:TrackPointExtension>
            <ns3:hr>94</ns3:hr>
            <ns3:cad>50</ns3:cad>
          </ns3:TrackPointExtension>
        </extensions>
      </trkpt>
      <trkpt lat="31.9060411490499973297119140625" lon="118.86765346862375736236572265625">
        <ele>78.1999969482421875</ele>
        <time>2026-09-28T01:27:42.000Z</time>
        <extensions>
          <ns3:TrackPointExtension>
            <ns3:hr>94</ns3:hr>
            <ns3:cad>50</ns3:cad>
          </ns3:TrackPointExtension>
        </extensions>
      </trkpt>
      <trkpt lat="31.9060136564075946807861328125" lon="118.8676486909389495849609375">
        <ele>78.8000030517578125</ele>
        <time>2026-09-28T01:27:46.000Z</time>
        <extensions>
          <ns3:TrackPointExtension>
            <ns3:hr>95</ns3:hr>
            <ns3:cad>50</ns3:cad>
          </ns3:TrackPointExtension>
        </extensions>
      </trkpt>
      <trkpt lat="31.9059838168323040008544921875" lon="118.86765296570956707000732421875">
        <ele>79.40000152587890625</ele>
        <time>2026-09-28T01:27:49.000Z</time>
        <extensions>
          <ns3:TrackPointExtension>
            <ns3:hr>94</ns3:hr>
            <ns3:cad>50</ns3:cad>
          </ns3:TrackPointExtension>
        </extensions>
      </trkpt>
      <trkpt lat="31.9059455953538417816162109375" lon="118.86765380389988422393798828125">
        <ele>79.8000030517578125</ele>
        <time>2026-09-28T01:27:52.000Z</time>
        <extensions>
          <ns3:TrackPointExtension>
            <ns3:hr>94</ns3:hr>
            <ns3:cad>50</ns3:cad>
          </ns3:TrackPointExtension>
        </extensions>
      </trkpt>
      <trkpt lat="31.9059073738753795623779296875" lon="118.86765514500439167022705078125">
        <ele>80.1999969482421875</ele>
        <time>2026-09-28T01:27:56.000Z</time>
        <extensions>
          <ns3:TrackPointExtension>
            <ns3:hr>92</ns3:hr>
            <ns3:cad>50</ns3:cad>
          </ns3:TrackPointExtension>
        </extensions>
      </trkpt>
      <trkpt lat="31.9058953039348125457763671875" lon="118.8676548935472965240478515625">
        <ele>80.40000152587890625</ele>
        <time>2026-09-28T01:27:57.000Z</time>
        <extensions>
          <ns3:TrackPointExtension>
            <ns3:hr>89</ns3:hr>
            <ns3:cad>50</ns3:cad>
          </ns3:TrackPointExtension>
        </extensions>
      </trkpt>
      <trkpt lat="31.905879713594913482666015625" lon="118.867654390633106231689453125">
        <ele>80.40000152587890625</ele>
        <time>2026-09-28T01:27:58.000Z</time>
        <extensions>
          <ns3:TrackPointExtension>
            <ns3:hr>86</ns3:hr>
            <ns3:cad>50</ns3:cad>
          </ns3:TrackPointExtension>
        </extensions>
      </trkpt>
      <trkpt lat="31.9058520533144474029541015625" lon="118.8676538877189159393310546875">
        <ele>80.8000030517578125</ele>
        <time>2026-09-28T01:28:01.000Z</time>
        <extensions>
          <ns3:TrackPointExtension>
            <ns3:hr>85</ns3:hr>
            <ns3:cad>50</ns3:cad>
          </ns3:TrackPointExtension>
        </extensions>
      </trkpt>
      <trkpt lat="31.9058379717171192169189453125" lon="118.86765279807150363922119140625">
        <ele>81</ele>
        <time>2026-09-28T01:28:03.000Z</time>
        <extensions>
          <ns3:TrackPointExtension>
            <ns3:hr>85</ns3:hr>
            <ns3:cad>50</ns3:cad>
          </ns3:TrackPointExtension>
        </extensions>
      </trkpt>
      <trkpt lat="31.90580218099057674407958984375" lon="118.867679871618747711181640625">
        <ele>81.59999847412109375</ele>
        <time>2026-09-28T01:28:10.000Z</time>
        <extensions>
          <ns3:TrackPointExtension>
            <ns3:hr>86</ns3:hr>
            <ns3:cad>0</ns3:cad>
          </ns3:TrackPointExtension>
        </extensions>
      </trkpt>
      <trkpt lat="31.9058096408843994140625" lon="118.86768112890422344207763671875">
        <ele>81.59999847412109375</ele>
        <time>2026-09-28T01:28:20.000Z</time>
        <extensions>
          <ns3:TrackPointExtension>
            <ns3:hr>87</ns3:hr>
            <ns3:cad>0</ns3:cad>
          </ns3:TrackPointExtension>
        </extensions>
      </trkpt>
      <trkpt lat="31.9058074615895748138427734375" lon="118.86766855604946613311767578125">
        <ele>81.59999847412109375</ele>
        <time>2026-09-28T01:28:31.000Z</time>
        <extensions>
          <ns3:TrackPointExtension>
            <ns3:hr>86</ns3:hr>
            <ns3:cad>0</ns3:cad>
          </ns3:TrackPointExtension>
        </extensions>
      </trkpt>
      <trkpt lat="31.90580653958022594451904296875" lon="118.86766386218369007110595703125">
        <ele>81.59999847412109375</ele>
        <time>2026-09-28T01:28:33.000Z</time>
        <extensions>
          <ns3:TrackPointExtension>
            <ns3:hr>89</ns3:hr>
            <ns3:cad>0</ns3:cad>
          </ns3:TrackPointExtension>
        </extensions>
      </trkpt>
      <trkpt lat="31.90580117516219615936279296875" lon="118.8676683045923709869384765625">
        <ele>82</ele>
        <time>2026-09-28T01:28:38.000Z</time>
        <extensions>
          <ns3:TrackPointExtension>
            <ns3:hr>89</ns3:hr>
            <ns3:cad>0</ns3:cad>
          </ns3:TrackPointExtension>
        </extensions>
      </trkpt>
      <trkpt lat="31.9057987444102764129638671875" lon="118.8676706515252590179443359375">
        <ele>82</ele>
        <time>2026-09-28T01:28:40.000Z</time>
        <extensions>
          <ns3:TrackPointExtension>
            <ns3:hr>88</ns3:hr>
            <ns3:cad>0</ns3:cad>
          </ns3:TrackPointExtension>
        </extensions>
      </trkpt>
      <trkpt lat="31.90579078160226345062255859375" lon="118.867680542171001434326171875">
        <ele>82</ele>
        <time>2026-09-28T01:28:45.000Z</time>
        <extensions>
          <ns3:TrackPointExtension>
            <ns3:hr>85</ns3:hr>
            <ns3:cad>0</ns3:cad>
          </ns3:TrackPointExtension>
        </extensions>
      </trkpt>
      <trkpt lat="31.90579019486904144287109375" lon="118.86768364347517490386962890625">
        <ele>81.8000030517578125</ele>
        <time>2026-09-28T01:28:50.000Z</time>
        <extensions>
          <ns3:TrackPointExtension>
            <ns3:hr>87</ns3:hr>
            <ns3:cad>0</ns3:cad>
          </ns3:TrackPointExtension>
        </extensions>
      </trkpt>
      <trkpt lat="31.90578726120293140411376953125" lon="118.86768448166549205780029296875">
        <ele>81.59999847412109375</ele>
        <time>2026-09-28T01:28:51.000Z</time>
        <extensions>
          <ns3:TrackPointExtension>
            <ns3:hr>91</ns3:hr>
            <ns3:cad>0</ns3:cad>
          </ns3:TrackPointExtension>
        </extensions>
      </trkpt>
      <trkpt lat="31.9057849980890750885009765625" lon="118.86768733151257038116455078125">
        <ele>81.59999847412109375</ele>
        <time>2026-09-28T01:28:52.000Z</time>
        <extensions>
          <ns3:TrackPointExtension>
            <ns3:hr>100</ns3:hr>
            <ns3:cad>0</ns3:cad>
          </ns3:TrackPointExtension>
        </extensions>
      </trkpt>
      <trkpt lat="31.905783824622631072998046875" lon="118.867689259350299835205078125">
        <ele>81.40000152587890625</ele>
        <time>2026-09-28T01:28:53.000Z</time>
        <extensions>
          <ns3:TrackPointExtension>
            <ns3:hr>103</ns3:hr>
            <ns3:cad>0</ns3:cad>
          </ns3:TrackPointExtension>
        </extensions>
      </trkpt>
      <trkpt lat="31.9057814776897430419921875" lon="118.86769093573093414306640625">
        <ele>81.40000152587890625</ele>
        <time>2026-09-28T01:28:54.000Z</time>
        <extensions>
          <ns3:TrackPointExtension>
            <ns3:hr>103</ns3:hr>
            <ns3:cad>0</ns3:cad>
          </ns3:TrackPointExtension>
        </extensions>
      </trkpt>
      <trkpt lat="31.90579782240092754364013671875" lon="118.867685236036777496337890625">
        <ele>81.40000152587890625</ele>
        <time>2026-09-28T01:28:59.000Z</time>
        <extensions>
          <ns3:TrackPointExtension>
            <ns3:hr>103</ns3:hr>
            <ns3:cad>0</ns3:cad>
          </ns3:TrackPointExtension>
        </extensions>
      </trkpt>
      <trkpt lat="31.905791871249675750732421875" lon="118.86768364347517490386962890625">
        <ele>81.59999847412109375</ele>
        <time>2026-09-28T01:29:07.000Z</time>
        <extensions>
          <ns3:TrackPointExtension>
            <ns3:hr>103</ns3:hr>
            <ns3:cad>0</ns3:cad>
          </ns3:TrackPointExtension>
        </extensions>
      </trkpt>
      <trkpt lat="31.90579354763031005859375" lon="118.8676897622644901275634765625">
        <ele>81.8000030517578125</ele>
        <time>2026-09-28T01:29:16.000Z</time>
        <extensions>
          <ns3:TrackPointExtension>
            <ns3:hr>102</ns3:hr>
            <ns3:cad>0</ns3:cad>
          </ns3:TrackPointExtension>
        </extensions>
      </trkpt>
      <trkpt lat="31.905802600085735321044921875" lon="118.86769085191190242767333984375">
        <ele>81.40000152587890625</ele>
        <time>2026-09-28T01:29:24.000Z</time>
        <extensions>
          <ns3:TrackPointExtension>
            <ns3:hr>101</ns3:hr>
            <ns3:cad>0</ns3:cad>
          </ns3:TrackPointExtension>
        </extensions>
      </trkpt>
      <trkpt lat="31.90579648129642009735107421875" lon="118.8676763512194156646728515625">
        <ele>81.1999969482421875</ele>
        <time>2026-09-28T01:29:33.000Z</time>
        <extensions>
          <ns3:TrackPointExtension>
            <ns3:hr>99</ns3:hr>
            <ns3:cad>0</ns3:cad>
          </ns3:TrackPointExtension>
        </extensions>
      </trkpt>
      <trkpt lat="31.9057782925665378570556640625" lon="118.86766704730689525604248046875">
        <ele>81.40000152587890625</ele>
        <time>2026-09-28T01:29:38.000Z</time>
        <extensions>
          <ns3:TrackPointExtension>
            <ns3:hr>96</ns3:hr>
            <ns3:cad>0</ns3:cad>
          </ns3:TrackPointExtension>
        </extensions>
      </trkpt>
      <trkpt lat="31.90577904693782329559326171875" lon="118.86766285635530948638916015625">
        <ele>81.40000152587890625</ele>
        <time>2026-09-28T01:29:40.000Z</time>
        <extensions>
          <ns3:TrackPointExtension>
            <ns3:hr>96</ns3:hr>
            <ns3:cad>0</ns3:cad>
          </ns3:TrackPointExtension>
        </extensions>
      </trkpt>
      <trkpt lat="31.9057729281485080718994140625" lon="118.86764424853026866912841796875">
        <ele>81.40000152587890625</ele>
        <time>2026-09-28T01:29:47.000Z</time>
        <extensions>
          <ns3:TrackPointExtension>
            <ns3:hr>93</ns3:hr>
            <ns3:cad>0</ns3:cad>
          </ns3:TrackPointExtension>
        </extensions>
      </trkpt>
      <trkpt lat="31.90573613159358501434326171875" lon="118.86764542199671268463134765625">
        <ele>81.8000030517578125</ele>
        <time>2026-09-28T01:29:50.000Z</time>
        <extensions>
          <ns3:TrackPointExtension>
            <ns3:hr>94</ns3:hr>
            <ns3:cad>0</ns3:cad>
          </ns3:TrackPointExtension>
        </extensions>
      </trkpt>
      <trkpt lat="31.9056876003742218017578125" lon="118.86765397153794765472412109375">
        <ele>82</ele>
        <time>2026-09-28T01:29:54.000Z</time>
        <extensions>
          <ns3:TrackPointExtension>
            <ns3:hr>99</ns3:hr>
            <ns3:cad>54</ns3:cad>
          </ns3:TrackPointExtension>
        </extensions>
      </trkpt>
      <trkpt lat="31.9056720100343227386474609375" lon="118.867660425603389739990234375">
        <ele>82.1999969482421875</ele>
        <time>2026-09-28T01:29:56.000Z</time>
        <extensions>
          <ns3:TrackPointExtension>
            <ns3:hr>101</ns3:hr>
            <ns3:cad>52</ns3:cad>
          </ns3:TrackPointExtension>
        </extensions>
      </trkpt>
      <trkpt lat="31.905657090246677398681640625" lon="118.8676817156374454498291015625">
        <ele>82.59999847412109375</ele>
        <time>2026-09-28T01:30:03.000Z</time>
        <extensions>
          <ns3:TrackPointExtension>
            <ns3:hr>102</ns3:hr>
            <ns3:cad>0</ns3:cad>
          </ns3:TrackPointExtension>
        </extensions>
      </trkpt>
      <trkpt lat="31.90562331117689609527587890625" lon="118.8676944561302661895751953125">
        <ele>82.59999847412109375</ele>
        <time>2026-09-28T01:30:14.000Z</time>
        <extensions>
          <ns3:TrackPointExtension>
            <ns3:hr>103</ns3:hr>
            <ns3:cad>0</ns3:cad>
          </ns3:TrackPointExtension>
        </extensions>
      </trkpt>
      <trkpt lat="31.90561719238758087158203125" lon="118.8677269779145717620849609375">
        <ele>83</ele>
        <time>2026-09-28T01:30:18.000Z</time>
        <extensions>
          <ns3:TrackPointExtension>
            <ns3:hr>102</ns3:hr>
            <ns3:cad>48</ns3:cad>
          </ns3:TrackPointExtension>
        </extensions>
      </trkpt>
      <trkpt lat="31.905606798827648162841796875" lon="118.867742232978343963623046875">
        <ele>83.1999969482421875</ele>
        <time>2026-09-28T01:30:20.000Z</time>
        <extensions>
          <ns3:TrackPointExtension>
            <ns3:hr>102</ns3:hr>
            <ns3:cad>47</ns3:cad>
          </ns3:TrackPointExtension>
        </extensions>
      </trkpt>
      <trkpt lat="31.9055650569498538970947265625" lon="118.86773116886615753173828125">
        <ele>83.40000152587890625</ele>
        <time>2026-09-28T01:30:24.000Z</time>
        <extensions>
          <ns3:TrackPointExtension>
            <ns3:hr>99</ns3:hr>
            <ns3:cad>47</ns3:cad>
          </ns3:TrackPointExtension>
        </extensions>
      </trkpt>
      <trkpt lat="31.90555575303733348846435546875" lon="118.867728151381015777587890625">
        <ele>83.40000152587890625</ele>
        <time>2026-09-28T01:30:25.000Z</time>
        <extensions>
          <ns3:TrackPointExtension>
            <ns3:hr>99</ns3:hr>
            <ns3:cad>47</ns3:cad>
          </ns3:TrackPointExtension>
        </extensions>
      </trkpt>
      <trkpt lat="31.9055452756583690643310546875" lon="118.867739550769329071044921875">
        <ele>83.8000030517578125</ele>
        <time>2026-09-28T01:30:29.000Z</time>
        <extensions>
          <ns3:TrackPointExtension>
            <ns3:hr>102</ns3:hr>
            <ns3:cad>52</ns3:cad>
          </ns3:TrackPointExtension>
        </extensions>
      </trkpt>
      <trkpt lat="31.90554074943065643310546875" lon="118.86775153689086437225341796875">
        <ele>84</ele>
        <time>2026-09-28T01:30:31.000Z</time>
        <extensions>
          <ns3:TrackPointExtension>
            <ns3:hr>103</ns3:hr>
            <ns3:cad>51</ns3:cad>
          </ns3:TrackPointExtension>
        </extensions>
      </trkpt>
      <trkpt lat="31.90553940832614898681640625" lon="118.867758996784687042236328125">
        <ele>84.40000152587890625</ele>
        <time>2026-09-28T01:30:32.000Z</time>
        <extensions>
          <ns3:TrackPointExtension>
            <ns3:hr>103</ns3:hr>
            <ns3:cad>51</ns3:cad>
          </ns3:TrackPointExtension>
        </extensions>
      </trkpt>
      <trkpt lat="31.90553748048841953277587890625" lon="118.8677692227065563201904296875">
        <ele>85.1999969482421875</ele>
        <time>2026-09-28T01:30:36.000Z</time>
        <extensions>
          <ns3:TrackPointExtension>
            <ns3:hr>104</ns3:hr>
            <ns3:cad>0</ns3:cad>
          </ns3:TrackPointExtension>
        </extensions>
      </trkpt>
      <trkpt lat="31.90553127788007259368896484375" lon="118.86778104119002819061279296875">
        <ele>85.40000152587890625</ele>
        <time>2026-09-28T01:30:37.000Z</time>
        <extensions>
          <ns3:TrackPointExtension>
            <ns3:hr>104</ns3:hr>
            <ns3:cad>0</ns3:cad>
          </ns3:TrackPointExtension>
        </extensions>
      </trkpt>
      <trkpt lat="31.9055171124637126922607421875" lon="118.8677682168781757354736328125">
        <ele>86</ele>
        <time>2026-09-28T01:30:42.000Z</time>
        <extensions>
          <ns3:TrackPointExtension>
            <ns3:hr>105</ns3:hr>
            <ns3:cad>53</ns3:cad>
          </ns3:TrackPointExtension>
        </extensions>
      </trkpt>
      <trkpt lat="31.90551820211112499237060546875" lon="118.86775841005146503448486328125">
        <ele>87</ele>
        <time>2026-09-28T01:30:46.000Z</time>
        <extensions>
          <ns3:TrackPointExtension>
            <ns3:hr>108</ns3:hr>
            <ns3:cad>0</ns3:cad>
          </ns3:TrackPointExtension>
        </extensions>
      </trkpt>
      <trkpt lat="31.9055124185979366302490234375" lon="118.867749609053134918212890625">
        <ele>87.59999847412109375</ele>
        <time>2026-09-28T01:30:48.000Z</time>
        <extensions>
          <ns3:TrackPointExtension>
            <ns3:hr>109</ns3:hr>
            <ns3:cad>0</ns3:cad>
          </ns3:TrackPointExtension>
        </extensions>
      </trkpt>
      <trkpt lat="31.90549892373383045196533203125" lon="118.8677343539893627166748046875">
        <ele>88</ele>
        <time>2026-09-28T01:30:51.000Z</time>
        <extensions>
          <ns3:TrackPointExtension>
            <ns3:hr>111</ns3:hr>
            <ns3:cad>0</ns3:cad>
          </ns3:TrackPointExtension>
        </extensions>
      </trkpt>
      <trkpt lat="31.90549674443900585174560546875" lon="118.8677172549068927764892578125">
        <ele>88</ele>
        <time>2026-09-28T01:30:54.000Z</time>
        <extensions>
          <ns3:TrackPointExtension>
            <ns3:hr>113</ns3:hr>
            <ns3:cad>0</ns3:cad>
          </ns3:TrackPointExtension>
        </extensions>
      </trkpt>
      <trkpt lat="31.90551132895052433013916015625" lon="118.86769487522542476654052734375">
        <ele>88</ele>
        <time>2026-09-28T01:30:59.000Z</time>
        <extensions>
          <ns3:TrackPointExtension>
            <ns3:hr>113</ns3:hr>
            <ns3:cad>0</ns3:cad>
          </ns3:TrackPointExtension>
        </extensions>
      </trkpt>
      <trkpt lat="31.905504874885082244873046875" lon="118.8676857389509677886962890625">
        <ele>88.1999969482421875</ele>
        <time>2026-09-28T01:31:05.000Z</time>
        <extensions>
          <ns3:TrackPointExtension>
            <ns3:hr>110</ns3:hr>
            <ns3:cad>0</ns3:cad>
          </ns3:TrackPointExtension>
        </extensions>
      </trkpt>
      <trkpt lat="31.90549322403967380523681640625" lon="118.8676887564361095428466796875">
        <ele>88</ele>
        <time>2026-09-28T01:31:08.000Z</time>
        <extensions>
          <ns3:TrackPointExtension>
            <ns3:hr>105</ns3:hr>
            <ns3:cad>0</ns3:cad>
          </ns3:TrackPointExtension>
        </extensions>
      </trkpt>
      <trkpt lat="31.90546103753149509429931640625" lon="118.8677165843546390533447265625">
        <ele>87.8000030517578125</ele>
        <time>2026-09-28T01:31:12.000Z</time>
        <extensions>
          <ns3:TrackPointExtension>
            <ns3:hr>106</ns3:hr>
            <ns3:cad>0</ns3:cad>
          </ns3:TrackPointExtension>
        </extensions>
      </trkpt>
      <trkpt lat="31.90545198507606983184814453125" lon="118.8677400536835193634033203125">
        <ele>87.8000030517578125</ele>
        <time>2026-09-28T01:31:14.000Z</time>
        <extensions>
          <ns3:TrackPointExtension>
            <ns3:hr>111</ns3:hr>
            <ns3:cad>0</ns3:cad>
          </ns3:TrackPointExtension>
        </extensions>
      </trkpt>
      <trkpt lat="31.90545223653316497802734375" lon="118.867746926844120025634765625">
        <ele>87.8000030517578125</ele>
        <time>2026-09-28T01:31:15.000Z</time>
        <extensions>
          <ns3:TrackPointExtension>
            <ns3:hr>114</ns3:hr>
            <ns3:cad>0</ns3:cad>
          </ns3:TrackPointExtension>
        </extensions>
      </trkpt>
      <trkpt lat="31.90545818768441677093505859375" lon="118.86774550192058086395263671875">
        <ele>88.1999969482421875</ele>
        <time>2026-09-28T01:31:17.000Z</time>
        <extensions>
          <ns3:TrackPointExtension>
            <ns3:hr>115</ns3:hr>
            <ns3:cad>0</ns3:cad>
          </ns3:TrackPointExtension>
        </extensions>
      </trkpt>
      <trkpt lat="31.9054601155221462249755859375" lon="118.867776095867156982421875">
        <ele>89.1999969482421875</ele>
        <time>2026-09-28T01:31:21.000Z</time>
        <extensions>
          <ns3:TrackPointExtension>
            <ns3:hr>116</ns3:hr>
            <ns3:cad>50</ns3:cad>
          </ns3:TrackPointExtension>
        </extensions>
      </trkpt>
      <trkpt lat="31.90546070225536823272705078125" lon="118.867779113352298736572265625">
        <ele>89.59999847412109375</ele>
        <time>2026-09-28T01:31:22.000Z</time>
        <extensions>
          <ns3:TrackPointExtension>
            <ns3:hr>116</ns3:hr>
            <ns3:cad>51</ns3:cad>
          </ns3:TrackPointExtension>
        </extensions>
      </trkpt>
      <trkpt lat="31.90543505363166332244873046875" lon="118.867803923785686492919921875">
        <ele>90.40000152587890625</ele>
        <time>2026-09-28T01:31:27.000Z</time>
        <extensions>
          <ns3:TrackPointExtension>
            <ns3:hr>117</ns3:hr>
            <ns3:cad>0</ns3:cad>
          </ns3:TrackPointExtension>
        </extensions>
      </trkpt>
      <trkpt lat="31.90543086268007755279541015625" lon="118.86780560016632080078125">
        <ele>90.40000152587890625</ele>
        <time>2026-09-28T01:31:28.000Z</time>
        <extensions>
          <ns3:TrackPointExtension>
            <ns3:hr>118</ns3:hr>
            <ns3:cad>0</ns3:cad>
          </ns3:TrackPointExtension>
        </extensions>
      </trkpt>
      <trkpt lat="31.905421055853366851806640625" lon="118.86777869425714015960693359375">
        <ele>90.40000152587890625</ele>
        <time>2026-09-28T01:31:34.000Z</time>
        <extensions>
          <ns3:TrackPointExtension>
            <ns3:hr>114</ns3:hr>
            <ns3:cad>0</ns3:cad>
          </ns3:TrackPointExtension>
        </extensions>
      </trkpt>
      <trkpt lat="31.905414350330829620361328125" lon="118.867758326232433319091796875">
        <ele>91</ele>
        <time>2026-09-28T01:31:36.000Z</time>
        <extensions>
          <ns3:TrackPointExtension>
            <ns3:hr>109</ns3:hr>
            <ns3:cad>0</ns3:cad>
          </ns3:TrackPointExtension>
        </extensions>
      </trkpt>
      <trkpt lat="31.9054128415882587432861328125" lon="118.86775187216699123382568359375">
        <ele>91.1999969482421875</ele>
        <time>2026-09-28T01:31:37.000Z</time>
        <extensions>
          <ns3:TrackPointExtension>
            <ns3:hr>108</ns3:hr>
            <ns3:cad>0</ns3:cad>
          </ns3:TrackPointExtension>
        </extensions>
      </trkpt>
      <trkpt lat="31.9054128415882587432861328125" lon="118.86775187216699123382568359375">
        <ele>91.59999847412109375</ele>
        <time>2026-09-28T01:31:38.000Z</time>
        <extensions>
          <ns3:TrackPointExtension>
            <ns3:hr>107</ns3:hr>
            <ns3:cad>0</ns3:cad>
          </ns3:TrackPointExtension>
        </extensions>
      </trkpt>
      <trkpt lat="31.90540471114218235015869140625" lon="118.86773041449487209320068359375">
        <ele>92.1999969482421875</ele>
        <time>2026-09-28T01:31:42.000Z</time>
        <extensions>
          <ns3:TrackPointExtension>
            <ns3:hr>104</ns3:hr>
            <ns3:cad>0</ns3:cad>
          </ns3:TrackPointExtension>
        </extensions>
      </trkpt>
      <trkpt lat="31.9054019451141357421875" lon="118.86770376004278659820556640625">
        <ele>92</ele>
        <time>2026-09-28T01:31:45.000Z</time>
        <extensions>
          <ns3:TrackPointExtension>
            <ns3:hr>101</ns3:hr>
            <ns3:cad>46</ns3:cad>
          </ns3:TrackPointExtension>
        </extensions>
      </trkpt>
      <trkpt lat="31.90539993345737457275390625" lon="118.86767593212425708770751953125">
        <ele>92</ele>
        <time>2026-09-28T01:31:49.000Z</time>
        <extensions>
          <ns3:TrackPointExtension>
            <ns3:hr>102</ns3:hr>
            <ns3:cad>0</ns3:cad>
          </ns3:TrackPointExtension>
        </extensions>
      </trkpt>
      <trkpt lat="31.90541334450244903564453125" lon="118.867671154439449310302734375">
        <ele>92.1999969482421875</ele>
        <time>2026-09-28T01:31:54.000Z</time>
        <extensions>
          <ns3:TrackPointExtension>
            <ns3:hr>105</ns3:hr>
            <ns3:cad>0</ns3:cad>
          </ns3:TrackPointExtension>
        </extensions>
      </trkpt>
      <trkpt lat="31.9054108299314975738525390625" lon="118.86767123825848102569580078125">
        <ele>92</ele>
        <time>2026-09-28T01:31:56.000Z</time>
        <extensions>
          <ns3:TrackPointExtension>
            <ns3:hr>105</ns3:hr>
            <ns3:cad>0</ns3:cad>
          </ns3:TrackPointExtension>
        </extensions>
      </trkpt>
      <trkpt lat="31.905364729464054107666015625" lon="118.867690265178680419921875">
        <ele>92</ele>
        <time>2026-09-28T01:32:03.000Z</time>
        <extensions>
          <ns3:TrackPointExtension>
            <ns3:hr>105</ns3:hr>
            <ns3:cad>0</ns3:cad>
          </ns3:TrackPointExtension>
        </extensions>
      </trkpt>
      <trkpt lat="31.90536883659660816192626953125" lon="118.86773929931223392486572265625">
        <ele>92.1999969482421875</ele>
        <time>2026-09-28T01:32:08.000Z</time>
        <extensions>
          <ns3:TrackPointExtension>
            <ns3:hr>106</ns3:hr>
            <ns3:cad>0</ns3:cad>
          </ns3:TrackPointExtension>
        </extensions>
      </trkpt>
      <trkpt lat="31.905364729464054107666015625" lon="118.8677648641169071197509765625">
        <ele>91.8000030517578125</ele>
        <time>2026-09-28T01:32:15.000Z</time>
        <extensions>
          <ns3:TrackPointExtension>
            <ns3:hr>108</ns3:hr>
            <ns3:cad>0</ns3:cad>
          </ns3:TrackPointExtension>
        </extensions>
      </trkpt>
      <trkpt lat="31.90533648245036602020263671875" lon="118.86776092462241649627685546875">
        <ele>91.8000030517578125</ele>
        <time>2026-09-28T01:32:22.000Z</time>
        <extensions>
          <ns3:TrackPointExtension>
            <ns3:hr>108</ns3:hr>
            <ns3:cad>0</ns3:cad>
          </ns3:TrackPointExtension>
        </extensions>
      </trkpt>
      <trkpt lat="31.905272193253040313720703125" lon="118.867738544940948486328125">
        <ele>92</ele>
        <time>2026-09-28T01:32:30.000Z</time>
        <extensions>
          <ns3:TrackPointExtension>
            <ns3:hr>105</ns3:hr>
            <ns3:cad>0</ns3:cad>
          </ns3:TrackPointExtension>
        </extensions>
      </trkpt>
      <trkpt lat="31.90518577583134174346923828125" lon="118.86775195598602294921875">
        <ele>92</ele>
        <time>2026-09-28T01:32:38.000Z</time>
        <extensions>
          <ns3:TrackPointExtension>
            <ns3:hr>105</ns3:hr>
            <ns3:cad>51</ns3:cad>
          </ns3:TrackPointExtension>
        </extensions>
      </trkpt>
      <trkpt lat="31.9051603786647319793701171875" lon="118.8677588291466236114501953125">
        <ele>91.8000030517578125</ele>
        <time>2026-09-28T01:32:43.000Z</time>
        <extensions>
          <ns3:TrackPointExtension>
            <ns3:hr>105</ns3:hr>
            <ns3:cad>0</ns3:cad>
          </ns3:TrackPointExtension>
        </extensions>
      </trkpt>
      <trkpt lat="31.90513162873685359954833984375" lon="118.86776478029787540435791015625">
        <ele>91.8000030517578125</ele>
        <time>2026-09-28T01:32:48.000Z</time>
        <extensions>
          <ns3:TrackPointExtension>
            <ns3:hr>105</ns3:hr>
            <ns3:cad>0</ns3:cad>
          </ns3:TrackPointExtension>
        </extensions>
      </trkpt>
      <trkpt lat="31.9051270186901092529296875" lon="118.86775539256632328033447265625">
        <ele>92.1999969482421875</ele>
        <time>2026-09-28T01:32:55.000Z</time>
        <extensions>
          <ns3:TrackPointExtension>
            <ns3:hr>105</ns3:hr>
            <ns3:cad>0</ns3:cad>
          </ns3:TrackPointExtension>
        </extensions>
      </trkpt>
      <trkpt lat="31.9051369093358516693115234375" lon="118.86775287799537181854248046875">
        <ele>92.1999969482421875</ele>
        <time>2026-09-28T01:33:02.000Z</time>
        <extensions>
          <ns3:TrackPointExtension>
            <ns3:hr>105</ns3:hr>
            <ns3:cad>0</ns3:cad>
          </ns3:TrackPointExtension>
        </extensions>
      </trkpt>
      <trkpt lat="31.9051369093358516693115234375" lon="118.86775287799537181854248046875">
        <ele>92</ele>
        <time>2026-09-28T01:33:08.000Z</time>
        <extensions>
          <ns3:TrackPointExtension>
            <ns3:hr>102</ns3:hr>
            <ns3:cad>0</ns3:cad>
          </ns3:TrackPointExtension>
        </extensions>
      </trkpt>
      <trkpt lat="31.90513732843101024627685546875" lon="118.867752961814403533935546875">
        <ele>92</ele>
        <time>2026-09-28T01:33:12.000Z</time>
        <extensions>
          <ns3:TrackPointExtension>
            <ns3:hr>100</ns3:hr>
            <ns3:cad>0</ns3:cad>
          </ns3:TrackPointExtension>
        </extensions>
      </trkpt>
      <trkpt lat="31.90513732843101024627685546875" lon="118.86776612140238285064697265625">
        <ele>92</ele>
        <time>2026-09-28T01:33:14.000Z</time>
        <extensions>
          <ns3:TrackPointExtension>
            <ns3:hr>93</ns3:hr>
            <ns3:cad>0</ns3:cad>
          </ns3:TrackPointExtension>
        </extensions>
      </trkpt>
      <trkpt lat="31.90513263456523418426513671875" lon="118.86777014471590518951416015625">
        <ele>92</ele>
        <time>2026-09-28T01:33:15.000Z</time>
        <extensions>
          <ns3:TrackPointExtension>
            <ns3:hr>93</ns3:hr>
            <ns3:cad>0</ns3:cad>
          </ns3:TrackPointExtension>
        </extensions>
      </trkpt>
      <trkpt lat="31.90511352382600307464599609375" lon="118.8677843101322650909423828125">
        <ele>92.59999847412109375</ele>
        <time>2026-09-28T01:33:19.000Z</time>
        <extensions>
          <ns3:TrackPointExtension>
            <ns3:hr>91</ns3:hr>
            <ns3:cad>44</ns3:cad>
          </ns3:TrackPointExtension>
        </extensions>
      </trkpt>
      <trkpt lat="31.905078403651714324951171875" lon="118.86778204701840877532958984375">
        <ele>93.1999969482421875</ele>
        <time>2026-09-28T01:33:25.000Z</time>
        <extensions>
          <ns3:TrackPointExtension>
            <ns3:hr>88</ns3:hr>
            <ns3:cad>0</ns3:cad>
          </ns3:TrackPointExtension>
        </extensions>
      </trkpt>
      <trkpt lat="31.90507982857525348663330078125" lon="118.86777341365814208984375">
        <ele>93.1999969482421875</ele>
        <time>2026-09-28T01:33:26.000Z</time>
        <extensions>
          <ns3:TrackPointExtension>
            <ns3:hr>89</ns3:hr>
            <ns3:cad>0</ns3:cad>
          </ns3:TrackPointExtension>
        </extensions>
      </trkpt>
      <trkpt lat="31.90508033148944377899169921875" lon="118.8677299953997135162353515625">
        <ele>93.1999969482421875</ele>
        <time>2026-09-28T01:33:34.000Z</time>
        <extensions>
          <ns3:TrackPointExtension>
            <ns3:hr>91</ns3:hr>
            <ns3:cad>0</ns3:cad>
          </ns3:TrackPointExtension>
        </extensions>
      </trkpt>
      <trkpt lat="31.905077062547206878662109375" lon="118.86771013028919696807861328125">
        <ele>93.1999969482421875</ele>
        <time>2026-09-28T01:33:41.000Z</time>
        <extensions>
          <ns3:TrackPointExtension>
            <ns3:hr>93</ns3:hr>
            <ns3:cad>0</ns3:cad>
          </ns3:TrackPointExtension>
        </extensions>
      </trkpt>
      <trkpt lat="31.90508351661264896392822265625" lon="118.8677251338958740234375">
        <ele>93.40000152587890625</ele>
        <time>2026-09-28T01:33:47.000Z</time>
        <extensions>
          <ns3:TrackPointExtension>
            <ns3:hr>96</ns3:hr>
            <ns3:cad>0</ns3:cad>
          </ns3:TrackPointExtension>
        </extensions>
      </trkpt>
      <trkpt lat="31.9050841033458709716796875" lon="118.867729492485523223876953125">
        <ele>93.1999969482421875</ele>
        <time>2026-09-28T01:33:49.000Z</time>
        <extensions>
          <ns3:TrackPointExtension>
            <ns3:hr>96</ns3:hr>
            <ns3:cad>0</ns3:cad>
          </ns3:TrackPointExtension>
        </extensions>
      </trkpt>
      <trkpt lat="31.90507546998560428619384765625" lon="118.867736198008060455322265625">
        <ele>93.1999969482421875</ele>
        <time>2026-09-28T01:34:00.000Z</time>
        <extensions>
          <ns3:TrackPointExtension>
            <ns3:hr>94</ns3:hr>
            <ns3:cad>0</ns3:cad>
          </ns3:TrackPointExtension>
        </extensions>
      </trkpt>
      <trkpt lat="31.905058957636356353759765625" lon="118.8677318394184112548828125">
        <ele>93</ele>
        <time>2026-09-28T01:34:06.000Z</time>
        <extensions>
          <ns3:TrackPointExtension>
            <ns3:hr>91</ns3:hr>
            <ns3:cad>0</ns3:cad>
          </ns3:TrackPointExtension>
        </extensions>
      </trkpt>
      <trkpt lat="31.90506138838827610015869140625" lon="118.86772672645747661590576171875">
        <ele>93.59999847412109375</ele>
        <time>2026-09-28T01:34:08.000Z</time>
        <extensions>
          <ns3:TrackPointExtension>
            <ns3:hr>90</ns3:hr>
            <ns3:cad>0</ns3:cad>
          </ns3:TrackPointExtension>
        </extensions>
      </trkpt>
      <trkpt lat="31.90506524406373500823974609375" lon="118.86772287078201770782470703125">
        <ele>93.59999847412109375</ele>
        <time>2026-09-28T01:34:09.000Z</time>
        <extensions>
          <ns3:TrackPointExtension>
            <ns3:hr>90</ns3:hr>
            <ns3:cad>0</ns3:cad>
          </ns3:TrackPointExtension>
        </extensions>
      </trkpt>
      <trkpt lat="31.90508049912750720977783203125" lon="118.86775396764278411865234375">
        <ele>93.1999969482421875</ele>
        <time>2026-09-28T01:34:14.000Z</time>
        <extensions>
          <ns3:TrackPointExtension>
            <ns3:hr>90</ns3:hr>
            <ns3:cad>0</ns3:cad>
          </ns3:TrackPointExtension>
        </extensions>
      </trkpt>
      <trkpt lat="31.90508670173585414886474609375" lon="118.86780585162341594696044921875">
        <ele>93.1999969482421875</ele>
        <time>2026-09-28T01:34:19.000Z</time>
        <extensions>
          <ns3:TrackPointExtension>
            <ns3:hr>91</ns3:hr>
            <ns3:cad>0</ns3:cad>
          </ns3:TrackPointExtension>
        </extensions>
      </trkpt>
      <trkpt lat="31.90507404506206512451171875" lon="118.8678600825369358062744140625">
        <ele>93</ele>
        <time>2026-09-28T01:34:25.000Z</time>
        <extensions>
          <ns3:TrackPointExtension>
            <ns3:hr>92</ns3:hr>
            <ns3:cad>0</ns3:cad>
          </ns3:TrackPointExtension>
        </extensions>
      </trkpt>
      <trkpt lat="31.90507664345204830169677734375" lon="118.86790752410888671875">
        <ele>93</ele>
        <time>2026-09-28T01:34:31.000Z</time>
        <extensions>
          <ns3:TrackPointExtension>
            <ns3:hr>92</ns3:hr>
            <ns3:cad>0</ns3:cad>
          </ns3:TrackPointExtension>
        </extensions>
      </trkpt>
      <trkpt lat="31.9050866179168224334716796875" lon="118.86791598983108997344970703125">
        <ele>93.40000152587890625</ele>
        <time>2026-09-28T01:34:39.000Z</time>
        <extensions>
          <ns3:TrackPointExtension>
            <ns3:hr>92</ns3:hr>
            <ns3:cad>0</ns3:cad>
          </ns3:TrackPointExtension>
        </extensions>
      </trkpt>
      <trkpt lat="31.90508519299328327178955078125" lon="118.86792990379035472869873046875">
        <ele>93.1999969482421875</ele>
        <time>2026-09-28T01:34:50.000Z</time>
        <extensions>
          <ns3:TrackPointExtension>
            <ns3:hr>89</ns3:hr>
            <ns3:cad>0</ns3:cad>
          </ns3:TrackPointExtension>
        </extensions>
      </trkpt>
      <trkpt lat="31.90508267842233180999755859375" lon="118.8679301552474498748779296875">
        <ele>93.1999969482421875</ele>
        <time>2026-09-28T01:34:51.000Z</time>
        <extensions>
          <ns3:TrackPointExtension>
            <ns3:hr>85</ns3:hr>
            <ns3:cad>0</ns3:cad>
          </ns3:TrackPointExtension>
        </extensions>
      </trkpt>
      <trkpt lat="31.9050802476704120635986328125" lon="118.86792562901973724365234375">
        <ele>93.40000152587890625</ele>
        <time>2026-09-28T01:34:52.000Z</time>
        <extensions>
          <ns3:TrackPointExtension>
            <ns3:hr>79</ns3:hr>
            <ns3:cad>0</ns3:cad>
          </ns3:TrackPointExtension>
        </extensions>
      </trkpt>
      <trkpt lat="31.90507538616657257080078125" lon="118.8679120503365993499755859375">
        <ele>92.8000030517578125</ele>
        <time>2026-09-28T01:35:09.000Z</time>
        <extensions>
          <ns3:TrackPointExtension>
            <ns3:hr>79</ns3:hr>
            <ns3:cad>0</ns3:cad>
          </ns3:TrackPointExtension>
        </extensions>
      </trkpt>
      <trkpt lat="31.90507538616657257080078125" lon="118.8679120503365993499755859375">
        <ele>92.8000030517578125</ele>
        <time>2026-09-28T01:35:16.000Z</time>
        <extensions>
          <ns3:TrackPointExtension>
            <ns3:hr>82</ns3:hr>
            <ns3:cad>0</ns3:cad>
          </ns3:TrackPointExtension>
        </extensions>
      </trkpt>
      <trkpt lat="31.90507538616657257080078125" lon="118.8679120503365993499755859375">
        <ele>92.59999847412109375</ele>
        <time>2026-09-28T01:35:18.000Z</time>
        <extensions>
          <ns3:TrackPointExtension>
            <ns3:hr>82</ns3:hr>
            <ns3:cad>0</ns3:cad>
          </ns3:TrackPointExtension>
        </extensions>
      </trkpt>
      <trkpt lat="31.90507899038493633270263671875" lon="118.8679060153663158416748046875">
        <ele>92.40000152587890625</ele>
        <time>2026-09-28T01:35:25.000Z</time>
        <extensions>
          <ns3:TrackPointExtension>
            <ns3:hr>82</ns3:hr>
            <ns3:cad>0</ns3:cad>
          </ns3:TrackPointExtension>
        </extensions>
      </trkpt>
      <trkpt lat="31.90507479943335056304931640625" lon="118.86793208308517932891845703125">
        <ele>92</ele>
        <time>2026-09-28T01:35:34.000Z</time>
        <extensions>
          <ns3:TrackPointExtension>
            <ns3:hr>83</ns3:hr>
            <ns3:cad>0</ns3:cad>
          </ns3:TrackPointExtension>
        </extensions>
      </trkpt>
      <trkpt lat="31.90507513470947742462158203125" lon="118.86793367564678192138671875">
        <ele>92</ele>
        <time>2026-09-28T01:35:37.000Z</time>
        <extensions>
          <ns3:TrackPointExtension>
            <ns3:hr>87</ns3:hr>
            <ns3:cad>0</ns3:cad>
          </ns3:TrackPointExtension>
        </extensions>
      </trkpt>
      <trkpt lat="31.90507597289979457855224609375" lon="118.86793493293225765228271484375">
        <ele>92.1999969482421875</ele>
        <time>2026-09-28T01:35:38.000Z</time>
        <extensions>
          <ns3:TrackPointExtension>
            <ns3:hr>91</ns3:hr>
            <ns3:cad>0</ns3:cad>
          </ns3:TrackPointExtension>
        </extensions>
      </trkpt>
      <trkpt lat="31.90507664345204830169677734375" lon="118.8679361902177333831787109375">
        <ele>92.1999969482421875</ele>
        <time>2026-09-28T01:35:39.000Z</time>
        <extensions>
          <ns3:TrackPointExtension>
            <ns3:hr>91</ns3:hr>
            <ns3:cad>0</ns3:cad>
          </ns3:TrackPointExtension>
        </extensions>
      </trkpt>
      <trkpt lat="31.905077397823333740234375" lon="118.86794281192123889923095703125">
        <ele>92.1999969482421875</ele>
        <time>2026-09-28T01:35:43.000Z</time>
        <extensions>
          <ns3:TrackPointExtension>
            <ns3:hr>97</ns3:hr>
            <ns3:cad>0</ns3:cad>
          </ns3:TrackPointExtension>
        </extensions>
      </trkpt>
      <trkpt lat="31.9050574488937854766845703125" lon="118.8679365254938602447509765625">
        <ele>91.8000030517578125</ele>
        <time>2026-09-28T01:35:48.000Z</time>
        <extensions>
          <ns3:TrackPointExtension>
            <ns3:hr>98</ns3:hr>
            <ns3:cad>0</ns3:cad>
          </ns3:TrackPointExtension>
        </extensions>
      </trkpt>
      <trkpt lat="31.9050316326320171356201171875" lon="118.86786670424044132232666015625">
        <ele>92</ele>
        <time>2026-09-28T01:35:55.000Z</time>
        <extensions>
          <ns3:TrackPointExtension>
            <ns3:hr>97</ns3:hr>
            <ns3:cad>45</ns3:cad>
          </ns3:TrackPointExtension>
        </extensions>
      </trkpt>
      <trkpt lat="31.90501696430146694183349609375" lon="118.86781590990722179412841796875">
        <ele>91.8000030517578125</ele>
        <time>2026-09-28T01:36:02.000Z</time>
        <extensions>
          <ns3:TrackPointExtension>
            <ns3:hr>94</ns3:hr>
            <ns3:cad>0</ns3:cad>
          </ns3:TrackPointExtension>
        </extensions>
      </trkpt>
      <trkpt lat="31.9050081633031368255615234375" lon="118.8677640259265899658203125">
        <ele>92</ele>
        <time>2026-09-28T01:36:07.000Z</time>
        <extensions>
          <ns3:TrackPointExtension>
            <ns3:hr>94</ns3:hr>
            <ns3:cad>0</ns3:cad>
          </ns3:TrackPointExtension>
        </extensions>
      </trkpt>
      <trkpt lat="31.90502115525305271148681640625" lon="118.8677299953997135162353515625">
        <ele>91.8000030517578125</ele>
        <time>2026-09-28T01:36:14.000Z</time>
        <extensions>
          <ns3:TrackPointExtension>
            <ns3:hr>91</ns3:hr>
            <ns3:cad>0</ns3:cad>
          </ns3:TrackPointExtension>
        </extensions>
      </trkpt>
      <trkpt lat="31.9050138629972934722900390625" lon="118.8676810450851917266845703125">
        <ele>91.8000030517578125</ele>
        <time>2026-09-28T01:36:21.000Z</time>
        <extensions>
          <ns3:TrackPointExtension>
            <ns3:hr>89</ns3:hr>
            <ns3:cad>0</ns3:cad>
          </ns3:TrackPointExtension>
        </extensions>
      </trkpt>
      <trkpt lat="31.90501947887241840362548828125" lon="118.86762547306716442108154296875">
        <ele>91.8000030517578125</ele>
        <time>2026-09-28T01:36:27.000Z</time>
        <extensions>
          <ns3:TrackPointExtension>
            <ns3:hr>90</ns3:hr>
            <ns3:cad>0</ns3:cad>
          </ns3:TrackPointExtension>
        </extensions>
      </trkpt>
      <trkpt lat="31.90501101315021514892578125" lon="118.86755556799471378326416015625">
        <ele>92</ele>
        <time>2026-09-28T01:36:33.000Z</time>
        <extensions>
          <ns3:TrackPointExtension>
            <ns3:hr>91</ns3:hr>
            <ns3:cad>0</ns3:cad>
          </ns3:TrackPointExtension>
        </extensions>
      </trkpt>
      <trkpt lat="31.90501998178660869598388671875" lon="118.8675167597830295562744140625">
        <ele>92.40000152587890625</ele>
        <time>2026-09-28T01:36:39.000Z</time>
        <extensions>
          <ns3:TrackPointExtension>
            <ns3:hr>91</ns3:hr>
            <ns3:cad>0</ns3:cad>
          </ns3:TrackPointExtension>
        </extensions>
      </trkpt>
      <trkpt lat="31.9049950875341892242431640625" lon="118.8674932904541492462158203125">
        <ele>92</ele>
        <time>2026-09-28T01:36:46.000Z</time>
        <extensions>
          <ns3:TrackPointExtension>
            <ns3:hr>92</ns3:hr>
            <ns3:cad>0</ns3:cad>
          </ns3:TrackPointExtension>
        </extensions>
      </trkpt>
      <trkpt lat="31.9049312174320220947265625" lon="118.86750695295631885528564453125">
        <ele>92</ele>
        <time>2026-09-28T01:36:53.000Z</time>
        <extensions>
          <ns3:TrackPointExtension>
            <ns3:hr>91</ns3:hr>
            <ns3:cad>0</ns3:cad>
          </ns3:TrackPointExtension>
        </extensions>
      </trkpt>
      <trkpt lat="31.9048804230988025665283203125" lon="118.86750318109989166259765625">
        <ele>92.1999969482421875</ele>
        <time>2026-09-28T01:36:59.000Z</time>
        <extensions>
          <ns3:TrackPointExtension>
            <ns3:hr>91</ns3:hr>
            <ns3:cad>51</ns3:cad>
          </ns3:TrackPointExtension>
        </extensions>
      </trkpt>
      <trkpt lat="31.90485988743603229522705078125" lon="118.86747635900974273681640625">
        <ele>92.40000152587890625</ele>
        <time>2026-09-28T01:37:05.000Z</time>
        <extensions>
          <ns3:TrackPointExtension>
            <ns3:hr>90</ns3:hr>
            <ns3:cad>0</ns3:cad>
          </ns3:TrackPointExtension>
        </extensions>
      </trkpt>
      <trkpt lat="31.904859133064746856689453125" lon="118.86739664711058139801025390625">
        <ele>92.59999847412109375</ele>
        <time>2026-09-28T01:37:10.000Z</time>
        <extensions>
          <ns3:TrackPointExtension>
            <ns3:hr>90</ns3:hr>
            <ns3:cad>47</ns3:cad>
          </ns3:TrackPointExtension>
        </extensions>
      </trkpt>
      <trkpt lat="31.90485837869346141815185546875" lon="118.86734652332961559295654296875">
        <ele>92.8000030517578125</ele>
        <time>2026-09-28T01:37:17.000Z</time>
        <extensions>
          <ns3:TrackPointExtension>
            <ns3:hr>89</ns3:hr>
            <ns3:cad>0</ns3:cad>
          </ns3:TrackPointExtension>
        </extensions>
      </trkpt>
      <trkpt lat="31.90484127961099147796630859375" lon="118.867341913282871246337890625">
        <ele>92.1999969482421875</ele>
        <time>2026-09-28T01:37:22.000Z</time>
        <extensions>
          <ns3:TrackPointExtension>
            <ns3:hr>86</ns3:hr>
            <ns3:cad>50</ns3:cad>
          </ns3:TrackPointExtension>
        </extensions>
      </trkpt>
      <trkpt lat="31.9048338197171688079833984375" lon="118.8673417456448078155517578125">
        <ele>92.1999969482421875</ele>
        <time>2026-09-28T01:37:23.000Z</time>
        <extensions>
          <ns3:TrackPointExtension>
            <ns3:hr>84</ns3:hr>
            <ns3:cad>50</ns3:cad>
          </ns3:TrackPointExtension>
        </extensions>
      </trkpt>
      <trkpt lat="31.9048100151121616363525390625" lon="118.86734048835933208465576171875">
        <ele>92.40000152587890625</ele>
        <time>2026-09-28T01:37:28.000Z</time>
        <extensions>
          <ns3:TrackPointExtension>
            <ns3:hr>81</ns3:hr>
            <ns3:cad>0</ns3:cad>
          </ns3:TrackPointExtension>
        </extensions>
      </trkpt>
      <trkpt lat="31.90480976365506649017333984375" lon="118.86734250001609325408935546875">
        <ele>92.40000152587890625</ele>
        <time>2026-09-28T01:37:31.000Z</time>
        <extensions>
          <ns3:TrackPointExtension>
            <ns3:hr>80</ns3:hr>
            <ns3:cad>0</ns3:cad>
          </ns3:TrackPointExtension>
        </extensions>
      </trkpt>
      <trkpt lat="31.90480859018862247467041015625" lon="118.86729128658771514892578125">
        <ele>92.1999969482421875</ele>
        <time>2026-09-28T01:37:40.000Z</time>
        <extensions>
          <ns3:TrackPointExtension>
            <ns3:hr>81</ns3:hr>
            <ns3:cad>0</ns3:cad>
          </ns3:TrackPointExtension>
        </extensions>
      </trkpt>
      <trkpt lat="31.90477824769914150238037109375" lon="118.86726102791726589202880859375">
        <ele>92.1999969482421875</ele>
        <time>2026-09-28T01:37:46.000Z</time>
        <extensions>
          <ns3:TrackPointExtension>
            <ns3:hr>80</ns3:hr>
            <ns3:cad>0</ns3:cad>
          </ns3:TrackPointExtension>
        </extensions>
      </trkpt>
      <trkpt lat="31.9047637470066547393798828125" lon="118.86719430796802043914794921875">
        <ele>92.1999969482421875</ele>
        <time>2026-09-28T01:37:51.000Z</time>
        <extensions>
          <ns3:TrackPointExtension>
            <ns3:hr>75</ns3:hr>
            <ns3:cad>0</ns3:cad>
          </ns3:TrackPointExtension>
        </extensions>
      </trkpt>
      <trkpt lat="31.9047660939395427703857421875" lon="118.8671734370291233062744140625">
        <ele>92.59999847412109375</ele>
        <time>2026-09-28T01:38:02.000Z</time>
        <extensions>
          <ns3:TrackPointExtension>
            <ns3:hr>73</ns3:hr>
            <ns3:cad>0</ns3:cad>
          </ns3:TrackPointExtension>
        </extensions>
      </trkpt>
      <trkpt lat="31.9047756493091583251953125" lon="118.867182992398738861083984375">
        <ele>92.40000152587890625</ele>
        <time>2026-09-28T01:38:17.000Z</time>
        <extensions>
          <ns3:TrackPointExtension>
            <ns3:hr>72</ns3:hr>
            <ns3:cad>0</ns3:cad>
          </ns3:TrackPointExtension>
        </extensions>
      </trkpt>
      <trkpt lat="31.90479517914354801177978515625" lon="118.86717938818037509918212890625">
        <ele>92.40000152587890625</ele>
        <time>2026-09-28T01:38:27.000Z</time>
        <extensions>
          <ns3:TrackPointExtension>
            <ns3:hr>72</ns3:hr>
            <ns3:cad>0</ns3:cad>
          </ns3:TrackPointExtension>
        </extensions>
      </trkpt>
      <trkpt lat="31.90480607561767101287841796875" lon="118.86721978895366191864013671875">
        <ele>92.40000152587890625</ele>
        <time>2026-09-28T01:38:40.000Z</time>
        <extensions>
          <ns3:TrackPointExtension>
            <ns3:hr>72</ns3:hr>
            <ns3:cad>0</ns3:cad>
          </ns3:TrackPointExtension>
        </extensions>
      </trkpt>
      <trkpt lat="31.90478679724037647247314453125" lon="118.8672059588134288787841796875">
        <ele>92.40000152587890625</ele>
        <time>2026-09-28T01:38:47.000Z</time>
        <extensions>
          <ns3:TrackPointExtension>
            <ns3:hr>73</ns3:hr>
            <ns3:cad>0</ns3:cad>
          </ns3:TrackPointExtension>
        </extensions>
      </trkpt>
      <trkpt lat="31.90476290881633758544921875" lon="118.86721023358404636383056640625">
        <ele>92.59999847412109375</ele>
        <time>2026-09-28T01:38:53.000Z</time>
        <extensions>
          <ns3:TrackPointExtension>
            <ns3:hr>76</ns3:hr>
            <ns3:cad>0</ns3:cad>
          </ns3:TrackPointExtension>
        </extensions>
      </trkpt>
      <trkpt lat="31.9047640822827816009521484375" lon="118.86718005873262882232666015625">
        <ele>92.8000030517578125</ele>
        <time>2026-09-28T01:38:55.000Z</time>
        <extensions>
          <ns3:TrackPointExtension>
            <ns3:hr>77</ns3:hr>
            <ns3:cad>0</ns3:cad>
          </ns3:TrackPointExtension>
        </extensions>
      </trkpt>
      <trkpt lat="31.90475611947476863861083984375" lon="118.86715642176568508148193359375">
        <ele>93.1999969482421875</ele>
        <time>2026-09-28T01:39:04.000Z</time>
        <extensions>
          <ns3:TrackPointExtension>
            <ns3:hr>79</ns3:hr>
            <ns3:cad>0</ns3:cad>
          </ns3:TrackPointExtension>
        </extensions>
      </trkpt>
      <trkpt lat="31.90476668067276477813720703125" lon="118.86720009148120880126953125">
        <ele>92.59999847412109375</ele>
        <time>2026-09-28T01:39:12.000Z</time>
        <extensions>
          <ns3:TrackPointExtension>
            <ns3:hr>80</ns3:hr>
            <ns3:cad>0</ns3:cad>
          </ns3:TrackPointExtension>
        </extensions>
      </trkpt>
      <trkpt lat="31.90478897653520107269287109375" lon="118.86717461049556732177734375">
        <ele>92.40000152587890625</ele>
        <time>2026-09-28T01:39:19.000Z</time>
        <extensions>
          <ns3:TrackPointExtension>
            <ns3:hr>82</ns3:hr>
            <ns3:cad>0</ns3:cad>
          </ns3:TrackPointExtension>
        </extensions>
      </trkpt>
      <trkpt lat="31.90479568205773830413818359375" lon="118.8671922124922275543212890625">
        <ele>92.8000030517578125</ele>
        <time>2026-09-28T01:39:26.000Z</time>
        <extensions>
          <ns3:TrackPointExtension>
            <ns3:hr>79</ns3:hr>
            <ns3:cad>0</ns3:cad>
          </ns3:TrackPointExtension>
        </extensions>
      </trkpt>
      <trkpt lat="31.90479911863803863525390625" lon="118.86718802154064178466796875">
        <ele>92.8000030517578125</ele>
        <time>2026-09-28T01:39:28.000Z</time>
        <extensions>
          <ns3:TrackPointExtension>
            <ns3:hr>76</ns3:hr>
            <ns3:cad>0</ns3:cad>
          </ns3:TrackPointExtension>
        </extensions>
      </trkpt>
      <trkpt lat="31.90480439923703670501708984375" lon="118.8671945594251155853271484375">
        <ele>92.8000030517578125</ele>
        <time>2026-09-28T01:39:36.000Z</time>
        <extensions>
          <ns3:TrackPointExtension>
            <ns3:hr>76</ns3:hr>
            <ns3:cad>0</ns3:cad>
          </ns3:TrackPointExtension>
        </extensions>
      </trkpt>
      <trkpt lat="31.9048224203288555145263671875" lon="118.8671492971479892730712890625">
        <ele>92.8000030517578125</ele>
        <time>2026-09-28T01:39:46.000Z</time>
        <extensions>
          <ns3:TrackPointExtension>
            <ns3:hr>77</ns3:hr>
            <ns3:cad>0</ns3:cad>
          </ns3:TrackPointExtension>
        </extensions>
      </trkpt>
      <trkpt lat="31.90483993850648403167724609375" lon="118.8671228103339672088623046875">
        <ele>92.8000030517578125</ele>
        <time>2026-09-28T01:39:53.000Z</time>
        <extensions>
          <ns3:TrackPointExtension>
            <ns3:hr>75</ns3:hr>
            <ns3:cad>0</ns3:cad>
          </ns3:TrackPointExtension>
        </extensions>
      </trkpt>
      <trkpt lat="31.9048696942627429962158203125" lon="118.86713932268321514129638671875">
        <ele>92.59999847412109375</ele>
        <time>2026-09-28T01:40:00.000Z</time>
        <extensions>
          <ns3:TrackPointExtension>
            <ns3:hr>76</ns3:hr>
            <ns3:cad>0</ns3:cad>
          </ns3:TrackPointExtension>
        </extensions>
      </trkpt>
      <trkpt lat="31.90489559434354305267333984375" lon="118.86717863380908966064453125">
        <ele>92.59999847412109375</ele>
        <time>2026-09-28T01:40:08.000Z</time>
        <extensions>
          <ns3:TrackPointExtension>
            <ns3:hr>78</ns3:hr>
            <ns3:cad>0</ns3:cad>
          </ns3:TrackPointExtension>
        </extensions>
      </trkpt>
      <trkpt lat="31.9049055688083171844482421875" lon="118.86723764240741729736328125">
        <ele>92.59999847412109375</ele>
        <time>2026-09-28T01:40:15.000Z</time>
        <extensions>
          <ns3:TrackPointExtension>
            <ns3:hr>78</ns3:hr>
            <ns3:cad>0</ns3:cad>
          </ns3:TrackPointExtension>
        </extensions>
      </trkpt>
      <trkpt lat="31.904902718961238861083984375" lon="118.86724744923412799835205078125">
        <ele>92.59999847412109375</ele>
        <time>2026-09-28T01:40:16.000Z</time>
        <extensions>
          <ns3:TrackPointExtension>
            <ns3:hr>86</ns3:hr>
            <ns3:cad>0</ns3:cad>
          </ns3:TrackPointExtension>
        </extensions>
      </trkpt>
      <trkpt lat="31.904900707304477691650390625" lon="118.86725214309990406036376953125">
        <ele>92.8000030517578125</ele>
        <time>2026-09-28T01:40:17.000Z</time>
        <extensions>
          <ns3:TrackPointExtension>
            <ns3:hr>86</ns3:hr>
            <ns3:cad>0</ns3:cad>
          </ns3:TrackPointExtension>
        </extensions>
      </trkpt>
      <trkpt lat="31.9048780761659145355224609375" lon="118.8672839105129241943359375">
        <ele>93</ele>
        <time>2026-09-28T01:40:21.000Z</time>
        <extensions>
          <ns3:TrackPointExtension>
            <ns3:hr>87</ns3:hr>
            <ns3:cad>0</ns3:cad>
          </ns3:TrackPointExtension>
        </extensions>
      </trkpt>
      <trkpt lat="31.90479467622935771942138671875" lon="118.86732489801943302154541015625">
        <ele>93.1999969482421875</ele>
        <time>2026-09-28T01:40:31.000Z</time>
        <extensions>
          <ns3:TrackPointExtension>
            <ns3:hr>86</ns3:hr>
            <ns3:cad>0</ns3:cad>
          </ns3:TrackPointExtension>
        </extensions>
      </trkpt>
      <trkpt lat="31.90475595183670520782470703125" lon="118.8673045299947261810302734375">
        <ele>93.1999969482421875</ele>
        <time>2026-09-28T01:40:39.000Z</time>
        <extensions>
          <ns3:TrackPointExtension>
            <ns3:hr>85</ns3:hr>
            <ns3:cad>0</ns3:cad>
          </ns3:TrackPointExtension>
        </extensions>
      </trkpt>
      <trkpt lat="31.90477221272885799407958984375" lon="118.86719682253897190093994140625">
        <ele>93</ele>
        <time>2026-09-28T01:40:47.000Z</time>
        <extensions>
          <ns3:TrackPointExtension>
            <ns3:hr>89</ns3:hr>
            <ns3:cad>0</ns3:cad>
          </ns3:TrackPointExtension>
        </extensions>
      </trkpt>
      <trkpt lat="31.90477640368044376373291015625" lon="118.8671821542084217071533203125">
        <ele>93</ele>
        <time>2026-09-28T01:40:49.000Z</time>
        <extensions>
          <ns3:TrackPointExtension>
            <ns3:hr>92</ns3:hr>
            <ns3:cad>0</ns3:cad>
          </ns3:TrackPointExtension>
        </extensions>
      </trkpt>
      <trkpt lat="31.90477229654788970947265625" lon="118.86718533933162689208984375">
        <ele>93</ele>
        <time>2026-09-28T01:40:56.000Z</time>
        <extensions>
          <ns3:TrackPointExtension>
            <ns3:hr>89</ns3:hr>
            <ns3:cad>0</ns3:cad>
          </ns3:TrackPointExtension>
        </extensions>
      </trkpt>
      <trkpt lat="31.9047729671001434326171875" lon="118.86719414032995700836181640625">
        <ele>93</ele>
        <time>2026-09-28T01:40:59.000Z</time>
        <extensions>
          <ns3:TrackPointExtension>
            <ns3:hr>86</ns3:hr>
            <ns3:cad>0</ns3:cad>
          </ns3:TrackPointExtension>
        </extensions>
      </trkpt>
      <trkpt lat="31.90477430820465087890625" lon="118.86720084585249423980712890625">
        <ele>93.1999969482421875</ele>
        <time>2026-09-28T01:41:04.000Z</time>
        <extensions>
          <ns3:TrackPointExtension>
            <ns3:hr>84</ns3:hr>
            <ns3:cad>0</ns3:cad>
          </ns3:TrackPointExtension>
        </extensions>
      </trkpt>
      <trkpt lat="31.90476215444505214691162109375" lon="118.8672109879553318023681640625">
        <ele>93</ele>
        <time>2026-09-28T01:41:15.000Z</time>
        <extensions>
          <ns3:TrackPointExtension>
            <ns3:hr>83</ns3:hr>
            <ns3:cad>0</ns3:cad>
          </ns3:TrackPointExtension>
        </extensions>
      </trkpt>
      <trkpt lat="31.904769949615001678466796875" lon="118.8671962358057498931884765625">
        <ele>93</ele>
        <time>2026-09-28T01:41:24.000Z</time>
        <extensions>
          <ns3:TrackPointExtension>
            <ns3:hr>80</ns3:hr>
            <ns3:cad>0</ns3:cad>
          </ns3:TrackPointExtension>
        </extensions>
      </trkpt>
      <trkpt lat="31.90478076227009296417236328125" lon="118.86719380505383014678955078125">
        <ele>93</ele>
        <time>2026-09-28T01:41:33.000Z</time>
        <extensions>
          <ns3:TrackPointExtension>
            <ns3:hr>81</ns3:hr>
            <ns3:cad>0</ns3:cad>
          </ns3:TrackPointExtension>
        </extensions>
      </trkpt>
      <trkpt lat="31.90478696487843990325927734375" lon="118.86720235459506511688232421875">
        <ele>93</ele>
        <time>2026-09-28T01:41:41.000Z</time>
        <extensions>
          <ns3:TrackPointExtension>
            <ns3:hr>83</ns3:hr>
            <ns3:cad>0</ns3:cad>
          </ns3:TrackPointExtension>
        </extensions>
      </trkpt>
      <trkpt lat="31.90478646196424961090087890625" lon="118.86721006594598293304443359375">
        <ele>93</ele>
        <time>2026-09-28T01:41:44.000Z</time>
        <extensions>
          <ns3:TrackPointExtension>
            <ns3:hr>80</ns3:hr>
            <ns3:cad>0</ns3:cad>
          </ns3:TrackPointExtension>
        </extensions>
      </trkpt>
      <trkpt lat="31.90478629432618618011474609375" lon="118.867214508354663848876953125">
        <ele>93.1999969482421875</ele>
        <time>2026-09-28T01:41:49.000Z</time>
        <extensions>
          <ns3:TrackPointExtension>
            <ns3:hr>79</ns3:hr>
            <ns3:cad>0</ns3:cad>
          </ns3:TrackPointExtension>
        </extensions>
      </trkpt>
      <trkpt lat="31.90478478558361530303955078125" lon="118.86721274815499782562255859375">
        <ele>93.1999969482421875</ele>
        <time>2026-09-28T01:41:56.000Z</time>
        <extensions>
          <ns3:TrackPointExtension>
            <ns3:hr>79</ns3:hr>
            <ns3:cad>0</ns3:cad>
          </ns3:TrackPointExtension>
        </extensions>
      </trkpt>
      <trkpt lat="31.904776655137538909912109375" lon="118.86719405651092529296875">
        <ele>93</ele>
        <time>2026-09-28T01:42:05.000Z</time>
        <extensions>
          <ns3:TrackPointExtension>
            <ns3:hr>78</ns3:hr>
            <ns3:cad>0</ns3:cad>
          </ns3:TrackPointExtension>
        </extensions>
      </trkpt>
      <trkpt lat="31.904776655137538909912109375" lon="118.86719405651092529296875">
        <ele>93</ele>
        <time>2026-09-28T01:42:13.000Z</time>
        <extensions>
          <ns3:TrackPointExtension>
            <ns3:hr>76</ns3:hr>
            <ns3:cad>0</ns3:cad>
          </ns3:TrackPointExtension>
        </extensions>
      </trkpt>
      <trkpt lat="31.9047811813652515411376953125" lon="118.86718005873262882232666015625">
        <ele>93</ele>
        <time>2026-09-28T01:42:22.000Z</time>
        <extensions>
          <ns3:TrackPointExtension>
            <ns3:hr>75</ns3:hr>
            <ns3:cad>0</ns3:cad>
          </ns3:TrackPointExtension>
        </extensions>
      </trkpt>
      <trkpt lat="31.904802136123180389404296875" lon="118.8672331161797046661376953125">
        <ele>92.8000030517578125</ele>
        <time>2026-09-28T01:42:28.000Z</time>
        <extensions>
          <ns3:TrackPointExtension>
            <ns3:hr>77</ns3:hr>
            <ns3:cad>0</ns3:cad>
          </ns3:TrackPointExtension>
        </extensions>
      </trkpt>
      <trkpt lat="31.90481546334922313690185546875" lon="118.867267481982707977294921875">
        <ele>92.8000030517578125</ele>
        <time>2026-09-28T01:42:36.000Z</time>
        <extensions>
          <ns3:TrackPointExtension>
            <ns3:hr>79</ns3:hr>
            <ns3:cad>0</ns3:cad>
          </ns3:TrackPointExtension>
        </extensions>
      </trkpt>
      <trkpt lat="31.90483541227877140045166015625" lon="118.86729472316801548004150390625">
        <ele>93.40000152587890625</ele>
        <time>2026-09-28T01:42:43.000Z</time>
        <extensions>
          <ns3:TrackPointExtension>
            <ns3:hr>79</ns3:hr>
            <ns3:cad>0</ns3:cad>
          </ns3:TrackPointExtension>
        </extensions>
      </trkpt>
      <trkpt lat="31.9048381783068180084228515625" lon="118.86733897961676120758056640625">
        <ele>93</ele>
        <time>2026-09-28T01:42:50.000Z</time>
        <extensions>
          <ns3:TrackPointExtension>
            <ns3:hr>76</ns3:hr>
            <ns3:cad>0</ns3:cad>
          </ns3:TrackPointExtension>
        </extensions>
      </trkpt>
      <trkpt lat="31.9048499129712581634521484375" lon="118.86734652332961559295654296875">
        <ele>93.1999969482421875</ele>
        <time>2026-09-28T01:43:00.000Z</time>
        <extensions>
          <ns3:TrackPointExtension>
            <ns3:hr>77</ns3:hr>
            <ns3:cad>0</ns3:cad>
          </ns3:TrackPointExtension>
        </extensions>
      </trkpt>
      <trkpt lat="31.90483742393553256988525390625" lon="118.86734970845282077789306640625">
        <ele>92.8000030517578125</ele>
        <time>2026-09-28T01:43:10.000Z</time>
        <extensions>
          <ns3:TrackPointExtension>
            <ns3:hr>77</ns3:hr>
            <ns3:cad>0</ns3:cad>
          </ns3:TrackPointExtension>
        </extensions>
      </trkpt>
      <trkpt lat="31.90482996404170989990234375" lon="118.8673551566898822784423828125">
        <ele>93</ele>
        <time>2026-09-28T01:43:23.000Z</time>
        <extensions>
          <ns3:TrackPointExtension>
            <ns3:hr>77</ns3:hr>
            <ns3:cad>0</ns3:cad>
          </ns3:TrackPointExtension>
        </extensions>
      </trkpt>
      <trkpt lat="31.904831640422344207763671875" lon="118.86735591106116771697998046875">
        <ele>93</ele>
        <time>2026-09-28T01:43:26.000Z</time>
        <extensions>
          <ns3:TrackPointExtension>
            <ns3:hr>81</ns3:hr>
            <ns3:cad>0</ns3:cad>
          </ns3:TrackPointExtension>
        </extensions>
      </trkpt>
      <trkpt lat="31.90483943559229373931884765625" lon="118.86733981780707836151123046875">
        <ele>93</ele>
        <time>2026-09-28T01:43:37.000Z</time>
        <extensions>
          <ns3:TrackPointExtension>
            <ns3:hr>83</ns3:hr>
            <ns3:cad>0</ns3:cad>
          </ns3:TrackPointExtension>
        </extensions>
      </trkpt>
      <trkpt lat="31.9048453867435455322265625" lon="118.86731944978237152099609375">
        <ele>92.8000030517578125</ele>
        <time>2026-09-28T01:43:44.000Z</time>
        <extensions>
          <ns3:TrackPointExtension>
            <ns3:hr>80</ns3:hr>
            <ns3:cad>0</ns3:cad>
          </ns3:TrackPointExtension>
        </extensions>
      </trkpt>
      <trkpt lat="31.90485008060932159423828125" lon="118.86731249280273914337158203125">
        <ele>92.8000030517578125</ele>
        <time>2026-09-28T01:43:45.000Z</time>
        <extensions>
          <ns3:TrackPointExtension>
            <ns3:hr>80</ns3:hr>
            <ns3:cad>0</ns3:cad>
          </ns3:TrackPointExtension>
        </extensions>
      </trkpt>
      <trkpt lat="31.904816217720508575439453125" lon="118.8673176057636737823486328125">
        <ele>93.1999969482421875</ele>
        <time>2026-09-28T01:43:54.000Z</time>
        <extensions>
          <ns3:TrackPointExtension>
            <ns3:hr>80</ns3:hr>
            <ns3:cad>0</ns3:cad>
          </ns3:TrackPointExtension>
        </extensions>
      </trkpt>
      <trkpt lat="31.90484630875289440155029296875" lon="118.867298997938632965087890625">
        <ele>93.40000152587890625</ele>
        <time>2026-09-28T01:44:05.000Z</time>
        <extensions>
          <ns3:TrackPointExtension>
            <ns3:hr>79</ns3:hr>
            <ns3:cad>0</ns3:cad>
          </ns3:TrackPointExtension>
        </extensions>
      </trkpt>
      <trkpt lat="31.90486223436892032623291015625" lon="118.867287598550319671630859375">
        <ele>93</ele>
        <time>2026-09-28T01:44:12.000Z</time>
        <extensions>
          <ns3:TrackPointExtension>
            <ns3:hr>81</ns3:hr>
            <ns3:cad>0</ns3:cad>
          </ns3:TrackPointExtension>
        </extensions>
      </trkpt>
      <trkpt lat="31.9048623181879520416259765625" lon="118.86729707010090351104736328125">
        <ele>93</ele>
        <time>2026-09-28T01:44:16.000Z</time>
        <extensions>
          <ns3:TrackPointExtension>
            <ns3:hr>84</ns3:hr>
            <ns3:cad>0</ns3:cad>
          </ns3:TrackPointExtension>
        </extensions>
      </trkpt>
      <trkpt lat="31.90485544502735137939453125" lon="118.867314755916595458984375">
        <ele>93.1999969482421875</ele>
        <time>2026-09-28T01:44:21.000Z</time>
        <extensions>
          <ns3:TrackPointExtension>
            <ns3:hr>84</ns3:hr>
            <ns3:cad>0</ns3:cad>
          </ns3:TrackPointExtension>
        </extensions>
      </trkpt>
      <trkpt lat="31.9048224203288555145263671875" lon="118.8673058710992336273193359375">
        <ele>93.40000152587890625</ele>
        <time>2026-09-28T01:44:28.000Z</time>
        <extensions>
          <ns3:TrackPointExtension>
            <ns3:hr>83</ns3:hr>
            <ns3:cad>0</ns3:cad>
          </ns3:TrackPointExtension>
        </extensions>
      </trkpt>
      <trkpt lat="31.90478310920298099517822265625" lon="118.8673021830618381500244140625">
        <ele>93.40000152587890625</ele>
        <time>2026-09-28T01:44:33.000Z</time>
        <extensions>
          <ns3:TrackPointExtension>
            <ns3:hr>83</ns3:hr>
            <ns3:cad>0</ns3:cad>
          </ns3:TrackPointExtension>
        </extensions>
      </trkpt>
      <trkpt lat="31.90476550720632076263427734375" lon="118.86724158190190792083740234375">
        <ele>93.40000152587890625</ele>
        <time>2026-09-28T01:44:38.000Z</time>
        <extensions>
          <ns3:TrackPointExtension>
            <ns3:hr>87</ns3:hr>
            <ns3:cad>0</ns3:cad>
          </ns3:TrackPointExtension>
        </extensions>
      </trkpt>
      <trkpt lat="31.90476349554955959320068359375" lon="118.86722414754331111907958984375">
        <ele>93.40000152587890625</ele>
        <time>2026-09-28T01:44:39.000Z</time>
        <extensions>
          <ns3:TrackPointExtension>
            <ns3:hr>88</ns3:hr>
            <ns3:cad>0</ns3:cad>
          </ns3:TrackPointExtension>
        </extensions>
      </trkpt>
      <trkpt lat="31.90480649471282958984375" lon="118.86715658940374851226806640625">
        <ele>93.40000152587890625</ele>
        <time>2026-09-28T01:44:46.000Z</time>
        <extensions>
          <ns3:TrackPointExtension>
            <ns3:hr>90</ns3:hr>
            <ns3:cad>0</ns3:cad>
          </ns3:TrackPointExtension>
        </extensions>
      </trkpt>
      <trkpt lat="31.90482552163302898406982421875" lon="118.86717553250491619110107421875">
        <ele>93.59999847412109375</ele>
        <time>2026-09-28T01:44:58.000Z</time>
        <extensions>
          <ns3:TrackPointExtension>
            <ns3:hr>88</ns3:hr>
            <ns3:cad>0</ns3:cad>
          </ns3:TrackPointExtension>
        </extensions>
      </trkpt>
      <trkpt lat="31.90481378696858882904052734375" lon="118.86717536486685276031494140625">
        <ele>93.59999847412109375</ele>
        <time>2026-09-28T01:45:04.000Z</time>
        <extensions>
          <ns3:TrackPointExtension>
            <ns3:hr>93</ns3:hr>
            <ns3:cad>0</ns3:cad>
          </ns3:TrackPointExtension>
        </extensions>
      </trkpt>
      <trkpt lat="31.90480993129312992095947265625" lon="118.86718223802745342254638671875">
        <ele>93.59999847412109375</ele>
        <time>2026-09-28T01:45:06.000Z</time>
        <extensions>
          <ns3:TrackPointExtension>
            <ns3:hr>97</ns3:hr>
            <ns3:cad>0</ns3:cad>
          </ns3:TrackPointExtension>
        </extensions>
      </trkpt>
      <trkpt lat="31.90480439923703670501708984375" lon="118.867199085652828216552734375">
        <ele>93.59999847412109375</ele>
        <time>2026-09-28T01:45:08.000Z</time>
        <extensions>
          <ns3:TrackPointExtension>
            <ns3:hr>97</ns3:hr>
            <ns3:cad>0</ns3:cad>
          </ns3:TrackPointExtension>
        </extensions>
      </trkpt>
      <trkpt lat="31.90480909310281276702880859375" lon="118.86720009148120880126953125">
        <ele>93.59999847412109375</ele>
        <time>2026-09-28T01:45:10.000Z</time>
        <extensions>
          <ns3:TrackPointExtension>
            <ns3:hr>97</ns3:hr>
            <ns3:cad>0</ns3:cad>
          </ns3:TrackPointExtension>
        </extensions>
      </trkpt>
      <trkpt lat="31.904816888272762298583984375" lon="118.86721777729690074920654296875">
        <ele>93.59999847412109375</ele>
        <time>2026-09-28T01:45:15.000Z</time>
        <extensions>
          <ns3:TrackPointExtension>
            <ns3:hr>98</ns3:hr>
            <ns3:cad>0</ns3:cad>
          </ns3:TrackPointExtension>
        </extensions>
      </trkpt>
      <trkpt lat="31.9048105180263519287109375" lon="118.86720453388988971710205078125">
        <ele>93.59999847412109375</ele>
        <time>2026-09-28T01:45:22.000Z</time>
        <extensions>
          <ns3:TrackPointExtension>
            <ns3:hr>98</ns3:hr>
            <ns3:cad>0</ns3:cad>
          </ns3:TrackPointExtension>
        </extensions>
      </trkpt>
      <trkpt lat="31.90480976365506649017333984375" lon="118.867242336273193359375">
        <ele>93.59999847412109375</ele>
        <time>2026-09-28T01:45:28.000Z</time>
        <extensions>
          <ns3:TrackPointExtension>
            <ns3:hr>97</ns3:hr>
            <ns3:cad>0</ns3:cad>
          </ns3:TrackPointExtension>
        </extensions>
      </trkpt>
      <trkpt lat="31.9048485718667507171630859375" lon="118.867296986281871795654296875">
        <ele>93.59999847412109375</ele>
        <time>2026-09-28T01:45:35.000Z</time>
        <extensions>
          <ns3:TrackPointExtension>
            <ns3:hr>97</ns3:hr>
            <ns3:cad>0</ns3:cad>
          </ns3:TrackPointExtension>
        </extensions>
      </trkpt>
      <trkpt lat="31.90487732179462909698486328125" lon="118.86733059771358966827392578125">
        <ele>93.59999847412109375</ele>
        <time>2026-09-28T01:45:41.000Z</time>
        <extensions>
          <ns3:TrackPointExtension>
            <ns3:hr>97</ns3:hr>
            <ns3:cad>0</ns3:cad>
          </ns3:TrackPointExtension>
        </extensions>
      </trkpt>
      <trkpt lat="31.90487296320497989654541015625" lon="118.86736630462110042572021484375">
        <ele>94</ele>
        <time>2026-09-28T01:45:49.000Z</time>
        <extensions>
          <ns3:TrackPointExtension>
            <ns3:hr>96</ns3:hr>
            <ns3:cad>0</ns3:cad>
          </ns3:TrackPointExtension>
        </extensions>
      </trkpt>
      <trkpt lat="31.9048777408897876739501953125" lon="118.86741240508854389190673828125">
        <ele>94</ele>
        <time>2026-09-28T01:45:53.000Z</time>
        <extensions>
          <ns3:TrackPointExtension>
            <ns3:hr>93</ns3:hr>
            <ns3:cad>0</ns3:cad>
          </ns3:TrackPointExtension>
        </extensions>
      </trkpt>
      <trkpt lat="31.904864497482776641845703125" lon="118.8674292527139186859130859375">
        <ele>94</ele>
        <time>2026-09-28T01:45:55.000Z</time>
        <extensions>
          <ns3:TrackPointExtension>
            <ns3:hr>93</ns3:hr>
            <ns3:cad>0</ns3:cad>
          </ns3:TrackPointExtension>
        </extensions>
      </trkpt>
      <trkpt lat="31.90486256964504718780517578125" lon="118.8674852438271045684814453125">
        <ele>94</ele>
        <time>2026-09-28T01:46:00.000Z</time>
        <extensions>
          <ns3:TrackPointExtension>
            <ns3:hr>92</ns3:hr>
            <ns3:cad>0</ns3:cad>
          </ns3:TrackPointExtension>
        </extensions>
      </trkpt>
      <trkpt lat="31.90485318191349506378173828125" lon="118.86750192381441593170166015625">
        <ele>94</ele>
        <time>2026-09-28T01:46:01.000Z</time>
        <extensions>
          <ns3:TrackPointExtension>
            <ns3:hr>91</ns3:hr>
            <ns3:cad>0</ns3:cad>
          </ns3:TrackPointExtension>
        </extensions>
      </trkpt>
      <trkpt lat="31.90483189187943935394287109375" lon="118.867504857480525970458984375">
        <ele>94.1999969482421875</ele>
        <time>2026-09-28T01:46:04.000Z</time>
        <extensions>
          <ns3:TrackPointExtension>
            <ns3:hr>90</ns3:hr>
            <ns3:cad>0</ns3:cad>
          </ns3:TrackPointExtension>
        </extensions>
      </trkpt>
      <trkpt lat="31.90483440645039081573486328125" lon="118.86750360019505023956298828125">
        <ele>94.1999969482421875</ele>
        <time>2026-09-28T01:46:05.000Z</time>
        <extensions>
          <ns3:TrackPointExtension>
            <ns3:hr>90</ns3:hr>
            <ns3:cad>0</ns3:cad>
          </ns3:TrackPointExtension>
        </extensions>
      </trkpt>
      <trkpt lat="31.90479735843837261199951171875" lon="118.86751164682209491729736328125">
        <ele>94.1999969482421875</ele>
        <time>2026-09-28T01:46:10.000Z</time>
        <extensions>
          <ns3:TrackPointExtension>
            <ns3:hr>90</ns3:hr>
            <ns3:cad>0</ns3:cad>
          </ns3:TrackPointExtension>
        </extensions>
      </trkpt>
      <trkpt lat="31.9047627411782741546630859375" lon="118.86751525104045867919921875">
        <ele>94</ele>
        <time>2026-09-28T01:46:18.000Z</time>
        <extensions>
          <ns3:TrackPointExtension>
            <ns3:hr>90</ns3:hr>
            <ns3:cad>0</ns3:cad>
          </ns3:TrackPointExtension>
        </extensions>
      </trkpt>
      <trkpt lat="31.90473399125039577484130859375" lon="118.8675258122384548187255859375">
        <ele>94.40000152587890625</ele>
        <time>2026-09-28T01:46:26.000Z</time>
        <extensions>
          <ns3:TrackPointExtension>
            <ns3:hr>88</ns3:hr>
            <ns3:cad>0</ns3:cad>
          </ns3:TrackPointExtension>
        </extensions>
      </trkpt>
      <trkpt lat="31.90471194684505462646484375" lon="118.8675536401569843292236328125">
        <ele>94.40000152587890625</ele>
        <time>2026-09-28T01:46:31.000Z</time>
        <extensions>
          <ns3:TrackPointExtension>
            <ns3:hr>87</ns3:hr>
            <ns3:cad>53</ns3:cad>
          </ns3:TrackPointExtension>
        </extensions>
      </trkpt>
      <trkpt lat="31.90470884554088115692138671875" lon="118.86756512336432933807373046875">
        <ele>94.8000030517578125</ele>
        <time>2026-09-28T01:46:34.000Z</time>
        <extensions>
          <ns3:TrackPointExtension>
            <ns3:hr>86</ns3:hr>
            <ns3:cad>53</ns3:cad>
          </ns3:TrackPointExtension>
        </extensions>
      </trkpt>
      <trkpt lat="31.90471890382468700408935546875" lon="118.867577612400054931640625">
        <ele>95.59999847412109375</ele>
        <time>2026-09-28T01:46:38.000Z</time>
        <extensions>
          <ns3:TrackPointExtension>
            <ns3:hr>86</ns3:hr>
            <ns3:cad>43</ns3:cad>
          </ns3:TrackPointExtension>
        </extensions>
      </trkpt>
      <trkpt lat="31.90471974201500415802001953125" lon="118.86761105619370937347412109375">
        <ele>95.59999847412109375</ele>
        <time>2026-09-28T01:46:44.000Z</time>
        <extensions>
          <ns3:TrackPointExtension>
            <ns3:hr>85</ns3:hr>
            <ns3:cad>0</ns3:cad>
          </ns3:TrackPointExtension>
        </extensions>
      </trkpt>
      <trkpt lat="31.904716305434703826904296875" lon="118.86764676310122013092041015625">
        <ele>95.59999847412109375</ele>
        <time>2026-09-28T01:46:50.000Z</time>
        <extensions>
          <ns3:TrackPointExtension>
            <ns3:hr>86</ns3:hr>
            <ns3:cad>0</ns3:cad>
          </ns3:TrackPointExtension>
        </extensions>
      </trkpt>
      <trkpt lat="31.9046792574226856231689453125" lon="118.86763150803744792938232421875">
        <ele>95.8000030517578125</ele>
        <time>2026-09-28T01:46:57.000Z</time>
        <extensions>
          <ns3:TrackPointExtension>
            <ns3:hr>88</ns3:hr>
            <ns3:cad>0</ns3:cad>
          </ns3:TrackPointExtension>
        </extensions>
      </trkpt>
      <trkpt lat="31.9046722166240215301513671875" lon="118.86762790381908416748046875">
        <ele>95.59999847412109375</ele>
        <time>2026-09-28T01:47:04.000Z</time>
        <extensions>
          <ns3:TrackPointExtension>
            <ns3:hr>87</ns3:hr>
            <ns3:cad>0</ns3:cad>
          </ns3:TrackPointExtension>
        </extensions>
      </trkpt>
      <trkpt lat="31.90467816777527332305908203125" lon="118.867636620998382568359375">
        <ele>95.59999847412109375</ele>
        <time>2026-09-28T01:47:12.000Z</time>
        <extensions>
          <ns3:TrackPointExtension>
            <ns3:hr>84</ns3:hr>
            <ns3:cad>0</ns3:cad>
          </ns3:TrackPointExtension>
        </extensions>
      </trkpt>
      <trkpt lat="31.90468688495457172393798828125" lon="118.86763419024646282196044921875">
        <ele>95.8000030517578125</ele>
        <time>2026-09-28T01:47:15.000Z</time>
        <extensions>
          <ns3:TrackPointExtension>
            <ns3:hr>82</ns3:hr>
            <ns3:cad>0</ns3:cad>
          </ns3:TrackPointExtension>
        </extensions>
      </trkpt>
      <trkpt lat="31.90466593019664287567138671875" lon="118.86759563349187374114990234375">
        <ele>95.8000030517578125</ele>
        <time>2026-09-28T01:47:22.000Z</time>
        <extensions>
          <ns3:TrackPointExtension>
            <ns3:hr>81</ns3:hr>
            <ns3:cad>0</ns3:cad>
          </ns3:TrackPointExtension>
        </extensions>
      </trkpt>
      <trkpt lat="31.9046645052731037139892578125" lon="118.867596052587032318115234375">
        <ele>95.8000030517578125</ele>
        <time>2026-09-28T01:47:23.000Z</time>
        <extensions>
          <ns3:TrackPointExtension>
            <ns3:hr>82</ns3:hr>
            <ns3:cad>0</ns3:cad>
          </ns3:TrackPointExtension>
        </extensions>
      </trkpt>
      <trkpt lat="31.904661655426025390625" lon="118.8676012493669986724853515625">
        <ele>96</ele>
        <time>2026-09-28T01:47:30.000Z</time>
        <extensions>
          <ns3:TrackPointExtension>
            <ns3:hr>81</ns3:hr>
            <ns3:cad>0</ns3:cad>
          </ns3:TrackPointExtension>
        </extensions>
      </trkpt>
      <trkpt lat="31.90465939231216907501220703125" lon="118.867626227438449859619140625">
        <ele>95.40000152587890625</ele>
        <time>2026-09-28T01:47:40.000Z</time>
        <extensions>
          <ns3:TrackPointExtension>
            <ns3:hr>81</ns3:hr>
            <ns3:cad>0</ns3:cad>
          </ns3:TrackPointExtension>
        </extensions>
      </trkpt>
      <trkpt lat="31.90466291271150112152099609375" lon="118.8676352798938751220703125">
        <ele>95.59999847412109375</ele>
        <time>2026-09-28T01:47:49.000Z</time>
        <extensions>
          <ns3:TrackPointExtension>
            <ns3:hr>83</ns3:hr>
            <ns3:cad>0</ns3:cad>
          </ns3:TrackPointExtension>
        </extensions>
      </trkpt>
      <trkpt lat="31.904688812792301177978515625" lon="118.8676807098090648651123046875">
        <ele>96</ele>
        <time>2026-09-28T01:47:56.000Z</time>
        <extensions>
          <ns3:TrackPointExtension>
            <ns3:hr>82</ns3:hr>
            <ns3:cad>0</ns3:cad>
          </ns3:TrackPointExtension>
        </extensions>
      </trkpt>
      <trkpt lat="31.9046906568109989166259765625" lon="118.86768062599003314971923828125">
        <ele>95.59999847412109375</ele>
        <time>2026-09-28T01:48:02.000Z</time>
        <extensions>
          <ns3:TrackPointExtension>
            <ns3:hr>84</ns3:hr>
            <ns3:cad>0</ns3:cad>
          </ns3:TrackPointExtension>
        </extensions>
      </trkpt>
      <trkpt lat="31.90469157882034778594970703125" lon="118.86771733872592449188232421875">
        <ele>95.59999847412109375</ele>
        <time>2026-09-28T01:48:08.000Z</time>
        <extensions>
          <ns3:TrackPointExtension>
            <ns3:hr>82</ns3:hr>
            <ns3:cad>0</ns3:cad>
          </ns3:TrackPointExtension>
        </extensions>
      </trkpt>
      <trkpt lat="31.90470247529447078704833984375" lon="118.867734186351299285888671875">
        <ele>96.59999847412109375</ele>
        <time>2026-09-28T01:48:15.000Z</time>
        <extensions>
          <ns3:TrackPointExtension>
            <ns3:hr>81</ns3:hr>
            <ns3:cad>0</ns3:cad>
          </ns3:TrackPointExtension>
        </extensions>
      </trkpt>
      <trkpt lat="31.9047107733786106109619140625" lon="118.867766372859477996826171875">
        <ele>96.59999847412109375</ele>
        <time>2026-09-28T01:48:22.000Z</time>
        <extensions>
          <ns3:TrackPointExtension>
            <ns3:hr>81</ns3:hr>
            <ns3:cad>0</ns3:cad>
          </ns3:TrackPointExtension>
        </extensions>
      </trkpt>
      <trkpt lat="31.9047171436250209808349609375" lon="118.8678154908120632171630859375">
        <ele>96</ele>
        <time>2026-09-28T01:48:28.000Z</time>
        <extensions>
          <ns3:TrackPointExtension>
            <ns3:hr>78</ns3:hr>
            <ns3:cad>0</ns3:cad>
          </ns3:TrackPointExtension>
        </extensions>
      </trkpt>
      <trkpt lat="31.9047184847295284271240234375" lon="118.8678278960287570953369140625">
        <ele>96</ele>
        <time>2026-09-28T01:48:29.000Z</time>
        <extensions>
          <ns3:TrackPointExtension>
            <ns3:hr>79</ns3:hr>
            <ns3:cad>0</ns3:cad>
          </ns3:TrackPointExtension>
        </extensions>
      </trkpt>
      <trkpt lat="31.90471588633954524993896484375" lon="118.8678637705743312835693359375">
        <ele>96</ele>
        <time>2026-09-28T01:48:34.000Z</time>
        <extensions>
          <ns3:TrackPointExtension>
            <ns3:hr>78</ns3:hr>
            <ns3:cad>0</ns3:cad>
          </ns3:TrackPointExtension>
        </extensions>
      </trkpt>
      <trkpt lat="31.9047077558934688568115234375" lon="118.86790039949119091033935546875">
        <ele>96</ele>
        <time>2026-09-28T01:48:40.000Z</time>
        <extensions>
          <ns3:TrackPointExtension>
            <ns3:hr>78</ns3:hr>
            <ns3:cad>0</ns3:cad>
          </ns3:TrackPointExtension>
        </extensions>
      </trkpt>
      <trkpt lat="31.90470063127577304840087890625" lon="118.86792428791522979736328125">
        <ele>96</ele>
        <time>2026-09-28T01:48:45.000Z</time>
        <extensions>
          <ns3:TrackPointExtension>
            <ns3:hr>77</ns3:hr>
            <ns3:cad>0</ns3:cad>
          </ns3:TrackPointExtension>
        </extensions>
      </trkpt>
      <trkpt lat="31.90470180474221706390380859375" lon="118.8679281435906887054443359375">
        <ele>96</ele>
        <time>2026-09-28T01:48:54.000Z</time>
        <extensions>
          <ns3:TrackPointExtension>
            <ns3:hr>79</ns3:hr>
            <ns3:cad>0</ns3:cad>
          </ns3:TrackPointExtension>
        </extensions>
      </trkpt>
      <trkpt lat="31.90469258464872837066650390625" lon="118.86792118661105632781982421875">
        <ele>96</ele>
        <time>2026-09-28T01:49:05.000Z</time>
        <extensions>
          <ns3:TrackPointExtension>
            <ns3:hr>80</ns3:hr>
            <ns3:cad>0</ns3:cad>
          </ns3:TrackPointExtension>
        </extensions>
      </trkpt>
      <trkpt lat="31.90469308756291866302490234375" lon="118.8679207675158977508544921875">
        <ele>96.59999847412109375</ele>
        <time>2026-09-28T01:49:14.000Z</time>
        <extensions>
          <ns3:TrackPointExtension>
            <ns3:hr>81</ns3:hr>
            <ns3:cad>0</ns3:cad>
          </ns3:TrackPointExtension>
        </extensions>
      </trkpt>
      <trkpt lat="31.9046862982213497161865234375" lon="118.8679100386798381805419921875">
        <ele>96.1999969482421875</ele>
        <time>2026-09-28T01:49:22.000Z</time>
        <extensions>
          <ns3:TrackPointExtension>
            <ns3:hr>82</ns3:hr>
            <ns3:cad>0</ns3:cad>
          </ns3:TrackPointExtension>
        </extensions>
      </trkpt>
      <trkpt lat="31.90467934124171733856201171875" lon="118.8679325021803379058837890625">
        <ele>96.40000152587890625</ele>
        <time>2026-09-28T01:49:31.000Z</time>
        <extensions>
          <ns3:TrackPointExtension>
            <ns3:hr>81</ns3:hr>
            <ns3:cad>0</ns3:cad>
          </ns3:TrackPointExtension>
        </extensions>
      </trkpt>
      <trkpt lat="31.9046759046614170074462890625" lon="118.867874331772327423095703125">
        <ele>96</ele>
        <time>2026-09-28T01:49:39.000Z</time>
        <extensions>
          <ns3:TrackPointExtension>
            <ns3:hr>80</ns3:hr>
            <ns3:cad>0</ns3:cad>
          </ns3:TrackPointExtension>
        </extensions>
      </trkpt>
      <trkpt lat="31.90465805120766162872314453125" lon="118.8678322546184062957763671875">
        <ele>96</ele>
        <time>2026-09-28T01:49:45.000Z</time>
        <extensions>
          <ns3:TrackPointExtension>
            <ns3:hr>77</ns3:hr>
            <ns3:cad>0</ns3:cad>
          </ns3:TrackPointExtension>
        </extensions>
      </trkpt>
      <trkpt lat="31.9046554528176784515380859375" lon="118.86783753521740436553955078125">
        <ele>96.1999969482421875</ele>
        <time>2026-09-28T01:49:46.000Z</time>
        <extensions>
          <ns3:TrackPointExtension>
            <ns3:hr>76</ns3:hr>
            <ns3:cad>47</ns3:cad>
          </ns3:TrackPointExtension>
        </extensions>
      </trkpt>
      <trkpt lat="31.9046497531235218048095703125" lon="118.867842145264148712158203125">
        <ele>97</ele>
        <time>2026-09-28T01:49:52.000Z</time>
        <extensions>
          <ns3:TrackPointExtension>
            <ns3:hr>75</ns3:hr>
            <ns3:cad>70</ns3:cad>
          </ns3:TrackPointExtension>
        </extensions>
      </trkpt>
      <trkpt lat="31.90465159714221954345703125" lon="118.8678449951112270355224609375">
        <ele>97.40000152587890625</ele>
        <time>2026-09-28T01:49:55.000Z</time>
        <extensions>
          <ns3:TrackPointExtension>
            <ns3:hr>76</ns3:hr>
            <ns3:cad>72</ns3:cad>
          </ns3:TrackPointExtension>
        </extensions>
      </trkpt>
      <trkpt lat="31.90464086830615997314453125" lon="118.86783686466515064239501953125">
        <ele>97.8000030517578125</ele>
        <time>2026-09-28T01:49:59.000Z</time>
        <extensions>
          <ns3:TrackPointExtension>
            <ns3:hr>79</ns3:hr>
            <ns3:cad>0</ns3:cad>
          </ns3:TrackPointExtension>
        </extensions>
      </trkpt>
      <trkpt lat="31.904639191925525665283203125" lon="118.86781289242208003997802734375">
        <ele>97.8000030517578125</ele>
        <time>2026-09-28T01:50:02.000Z</time>
        <extensions>
          <ns3:TrackPointExtension>
            <ns3:hr>82</ns3:hr>
            <ns3:cad>0</ns3:cad>
          </ns3:TrackPointExtension>
        </extensions>
      </trkpt>
      <trkpt lat="31.90461270511150360107421875" lon="118.86776964180171489715576171875">
        <ele>97.8000030517578125</ele>
        <time>2026-09-28T01:50:09.000Z</time>
        <extensions>
          <ns3:TrackPointExtension>
            <ns3:hr>82</ns3:hr>
            <ns3:cad>0</ns3:cad>
          </ns3:TrackPointExtension>
        </extensions>
      </trkpt>
      <trkpt lat="31.9045650959014892578125" lon="118.86773879639804363250732421875">
        <ele>97.8000030517578125</ele>
        <time>2026-09-28T01:50:16.000Z</time>
        <extensions>
          <ns3:TrackPointExtension>
            <ns3:hr>85</ns3:hr>
            <ns3:cad>0</ns3:cad>
          </ns3:TrackPointExtension>
        </extensions>
      </trkpt>
      <trkpt lat="31.90457942895591259002685546875" lon="118.86774181388318538665771484375">
        <ele>97.59999847412109375</ele>
        <time>2026-09-28T01:50:23.000Z</time>
        <extensions>
          <ns3:TrackPointExtension>
            <ns3:hr>85</ns3:hr>
            <ns3:cad>0</ns3:cad>
          </ns3:TrackPointExtension>
        </extensions>
      </trkpt>
      <trkpt lat="31.90462821163237094879150390625" lon="118.86774164624512195587158203125">
        <ele>97.8000030517578125</ele>
        <time>2026-09-28T01:50:30.000Z</time>
        <extensions>
          <ns3:TrackPointExtension>
            <ns3:hr>85</ns3:hr>
            <ns3:cad>0</ns3:cad>
          </ns3:TrackPointExtension>
        </extensions>
      </trkpt>
      <trkpt lat="31.904627792537212371826171875" lon="118.86773175559937953948974609375">
        <ele>98</ele>
        <time>2026-09-28T01:50:32.000Z</time>
        <extensions>
          <ns3:TrackPointExtension>
            <ns3:hr>85</ns3:hr>
            <ns3:cad>0</ns3:cad>
          </ns3:TrackPointExtension>
        </extensions>
      </trkpt>
      <trkpt lat="31.9046360068023204803466796875" lon="118.8677326776087284088134765625">
        <ele>98</ele>
        <time>2026-09-28T01:50:33.000Z</time>
        <extensions>
          <ns3:TrackPointExtension>
            <ns3:hr>85</ns3:hr>
            <ns3:cad>0</ns3:cad>
          </ns3:TrackPointExtension>
        </extensions>
      </trkpt>
      <trkpt lat="31.9046480767428874969482421875" lon="118.86773343198001384735107421875">
        <ele>98.1999969482421875</ele>
        <time>2026-09-28T01:50:39.000Z</time>
        <extensions>
          <ns3:TrackPointExtension>
            <ns3:hr>84</ns3:hr>
            <ns3:cad>0</ns3:cad>
          </ns3:TrackPointExtension>
        </extensions>
      </trkpt>
      <trkpt lat="31.90464581362903118133544921875" lon="118.86773108504712581634521484375">
        <ele>97.8000030517578125</ele>
        <time>2026-09-28T01:50:47.000Z</time>
        <extensions>
          <ns3:TrackPointExtension>
            <ns3:hr>83</ns3:hr>
            <ns3:cad>0</ns3:cad>
          </ns3:TrackPointExtension>
        </extensions>
      </trkpt>
      <trkpt lat="31.90463282167911529541015625" lon="118.86773913167417049407958984375">
        <ele>97.59999847412109375</ele>
        <time>2026-09-28T01:50:53.000Z</time>
        <extensions>
          <ns3:TrackPointExtension>
            <ns3:hr>82</ns3:hr>
            <ns3:cad>0</ns3:cad>
          </ns3:TrackPointExtension>
        </extensions>
      </trkpt>
      <trkpt lat="31.90462737344205379486083984375" lon="118.8677209429442882537841796875">
        <ele>97.59999847412109375</ele>
        <time>2026-09-28T01:50:58.000Z</time>
        <extensions>
          <ns3:TrackPointExtension>
            <ns3:hr>79</ns3:hr>
            <ns3:cad>0</ns3:cad>
          </ns3:TrackPointExtension>
        </extensions>
      </trkpt>
      <trkpt lat="31.90463055856525897979736328125" lon="118.86771775782108306884765625">
        <ele>97.59999847412109375</ele>
        <time>2026-09-28T01:50:59.000Z</time>
        <extensions>
          <ns3:TrackPointExtension>
            <ns3:hr>79</ns3:hr>
            <ns3:cad>0</ns3:cad>
          </ns3:TrackPointExtension>
        </extensions>
      </trkpt>
      <trkpt lat="31.90462184138596057891845703125" lon="118.8676840625703334808349609375">
        <ele>97.59999847412109375</ele>
        <time>2026-09-28T01:51:04.000Z</time>
        <extensions>
          <ns3:TrackPointExtension>
            <ns3:hr>81</ns3:hr>
            <ns3:cad>0</ns3:cad>
          </ns3:TrackPointExtension>
        </extensions>
      </trkpt>
      <trkpt lat="31.90462502650916576385498046875" lon="118.86763536371290683746337890625">
        <ele>97.59999847412109375</ele>
        <time>2026-09-28T01:51:09.000Z</time>
        <extensions>
          <ns3:TrackPointExtension>
            <ns3:hr>81</ns3:hr>
            <ns3:cad>0</ns3:cad>
          </ns3:TrackPointExtension>
        </extensions>
      </trkpt>
      <trkpt lat="31.90461136400699615478515625" lon="118.86761155910789966583251953125">
        <ele>97.59999847412109375</ele>
        <time>2026-09-28T01:51:14.000Z</time>
        <extensions>
          <ns3:TrackPointExtension>
            <ns3:hr>81</ns3:hr>
            <ns3:cad>0</ns3:cad>
          </ns3:TrackPointExtension>
        </extensions>
      </trkpt>
      <trkpt lat="31.904583536088466644287109375" lon="118.86759035289287567138671875">
        <ele>97.59999847412109375</ele>
        <time>2026-09-28T01:51:18.000Z</time>
        <extensions>
          <ns3:TrackPointExtension>
            <ns3:hr>81</ns3:hr>
            <ns3:cad>0</ns3:cad>
          </ns3:TrackPointExtension>
        </extensions>
      </trkpt>
      <trkpt lat="31.9045743159949779510498046875" lon="118.8675871677696704864501953125">
        <ele>97.59999847412109375</ele>
        <time>2026-09-28T01:51:19.000Z</time>
        <extensions>
          <ns3:TrackPointExtension>
            <ns3:hr>81</ns3:hr>
            <ns3:cad>0</ns3:cad>
          </ns3:TrackPointExtension>
        </extensions>
      </trkpt>
      <trkpt lat="31.90453852526843547821044921875" lon="118.86757291853427886962890625">
        <ele>97.59999847412109375</ele>
        <time>2026-09-28T01:51:24.000Z</time>
        <extensions>
          <ns3:TrackPointExtension>
            <ns3:hr>81</ns3:hr>
            <ns3:cad>0</ns3:cad>
          </ns3:TrackPointExtension>
        </extensions>
      </trkpt>
      <trkpt lat="31.9045015610754489898681640625" lon="118.86756411753594875335693359375">
        <ele>97.59999847412109375</ele>
        <time>2026-09-28T01:51:30.000Z</time>
        <extensions>
          <ns3:TrackPointExtension>
            <ns3:hr>80</ns3:hr>
            <ns3:cad>0</ns3:cad>
          </ns3:TrackPointExtension>
        </extensions>
      </trkpt>
      <trkpt lat="31.90446660853922367095947265625" lon="118.867572247982025146484375">
        <ele>97.59999847412109375</ele>
        <time>2026-09-28T01:51:35.000Z</time>
        <extensions>
          <ns3:TrackPointExtension>
            <ns3:hr>80</ns3:hr>
            <ns3:cad>0</ns3:cad>
          </ns3:TrackPointExtension>
        </extensions>
      </trkpt>
      <trkpt lat="31.90446250140666961669921875" lon="118.8675868324935436248779296875">
        <ele>97.59999847412109375</ele>
        <time>2026-09-28T01:51:42.000Z</time>
        <extensions>
          <ns3:TrackPointExtension>
            <ns3:hr>79</ns3:hr>
            <ns3:cad>0</ns3:cad>
          </ns3:TrackPointExtension>
        </extensions>
      </trkpt>
      <trkpt lat="31.9044215977191925048828125" lon="118.86760778725147247314453125">
        <ele>97.59999847412109375</ele>
        <time>2026-09-28T01:51:49.000Z</time>
        <extensions>
          <ns3:TrackPointExtension>
            <ns3:hr>80</ns3:hr>
            <ns3:cad>0</ns3:cad>
          </ns3:TrackPointExtension>
        </extensions>
      </trkpt>
      <trkpt lat="31.9044323265552520751953125" lon="118.8676079548895359039306640625">
        <ele>97.40000152587890625</ele>
        <time>2026-09-28T01:51:57.000Z</time>
        <extensions>
          <ns3:TrackPointExtension>
            <ns3:hr>77</ns3:hr>
            <ns3:cad>0</ns3:cad>
          </ns3:TrackPointExtension>
        </extensions>
      </trkpt>
      <trkpt lat="31.904429309070110321044921875" lon="118.86760753579437732696533203125">
        <ele>97.40000152587890625</ele>
        <time>2026-09-28T01:51:58.000Z</time>
        <extensions>
          <ns3:TrackPointExtension>
            <ns3:hr>77</ns3:hr>
            <ns3:cad>0</ns3:cad>
          </ns3:TrackPointExtension>
        </extensions>
      </trkpt>
      <trkpt lat="31.90442704595625400543212890625" lon="118.8676324300467967987060546875">
        <ele>97.40000152587890625</ele>
        <time>2026-09-28T01:52:05.000Z</time>
        <extensions>
          <ns3:TrackPointExtension>
            <ns3:hr>80</ns3:hr>
            <ns3:cad>0</ns3:cad>
          </ns3:TrackPointExtension>
        </extensions>
      </trkpt>
      <trkpt lat="31.90442453138530254364013671875" lon="118.8676384650170803070068359375">
        <ele>97.40000152587890625</ele>
        <time>2026-09-28T01:52:06.000Z</time>
        <extensions>
          <ns3:TrackPointExtension>
            <ns3:hr>82</ns3:hr>
            <ns3:cad>0</ns3:cad>
          </ns3:TrackPointExtension>
        </extensions>
      </trkpt>
      <trkpt lat="31.90442604012787342071533203125" lon="118.86765363626182079315185546875">
        <ele>97.40000152587890625</ele>
        <time>2026-09-28T01:52:11.000Z</time>
        <extensions>
          <ns3:TrackPointExtension>
            <ns3:hr>79</ns3:hr>
            <ns3:cad>0</ns3:cad>
          </ns3:TrackPointExtension>
        </extensions>
      </trkpt>
      <trkpt lat="31.90442360937595367431640625" lon="118.8676726631820201873779296875">
        <ele>97.40000152587890625</ele>
        <time>2026-09-28T01:52:13.000Z</time>
        <extensions>
          <ns3:TrackPointExtension>
            <ns3:hr>77</ns3:hr>
            <ns3:cad>0</ns3:cad>
          </ns3:TrackPointExtension>
        </extensions>
      </trkpt>
      <trkpt lat="31.90440592356026172637939453125" lon="118.867730833590030670166015625">
        <ele>97.40000152587890625</ele>
        <time>2026-09-28T01:52:19.000Z</time>
        <extensions>
          <ns3:TrackPointExtension>
            <ns3:hr>77</ns3:hr>
            <ns3:cad>0</ns3:cad>
          </ns3:TrackPointExtension>
        </extensions>
      </trkpt>
      <trkpt lat="31.90437122248113155364990234375" lon="118.86779260821640491485595703125">
        <ele>97.40000152587890625</ele>
        <time>2026-09-28T01:52:29.000Z</time>
        <extensions>
          <ns3:TrackPointExtension>
            <ns3:hr>75</ns3:hr>
            <ns3:cad>0</ns3:cad>
          </ns3:TrackPointExtension>
        </extensions>
      </trkpt>
      <trkpt lat="31.90433241426944732666015625" lon="118.86782228015363216400146484375">
        <ele>97.40000152587890625</ele>
        <time>2026-09-28T01:52:38.000Z</time>
        <extensions>
          <ns3:TrackPointExtension>
            <ns3:hr>73</ns3:hr>
            <ns3:cad>0</ns3:cad>
          </ns3:TrackPointExtension>
        </extensions>
      </trkpt>
      <trkpt lat="31.90434138290584087371826171875" lon="118.8678188435733318328857421875">
        <ele>97.40000152587890625</ele>
        <time>2026-09-28T01:52:49.000Z</time>
        <extensions>
          <ns3:TrackPointExtension>
            <ns3:hr>75</ns3:hr>
            <ns3:cad>0</ns3:cad>
          </ns3:TrackPointExtension>
        </extensions>
      </trkpt>
      <trkpt lat="31.90434540621936321258544921875" lon="118.8678118027746677398681640625">
        <ele>97.40000152587890625</ele>
        <time>2026-09-28T01:52:57.000Z</time>
        <extensions>
          <ns3:TrackPointExtension>
            <ns3:hr>78</ns3:hr>
            <ns3:cad>0</ns3:cad>
          </ns3:TrackPointExtension>
        </extensions>
      </trkpt>
      <trkpt lat="31.9043429754674434661865234375" lon="118.86781255714595317840576171875">
        <ele>97.1999969482421875</ele>
        <time>2026-09-28T01:53:06.000Z</time>
        <extensions>
          <ns3:TrackPointExtension>
            <ns3:hr>83</ns3:hr>
            <ns3:cad>0</ns3:cad>
          </ns3:TrackPointExtension>
        </extensions>
      </trkpt>
      <trkpt lat="31.90434255637228488922119140625" lon="118.86781473644077777862548828125">
        <ele>97.1999969482421875</ele>
        <time>2026-09-28T01:53:09.000Z</time>
        <extensions>
          <ns3:TrackPointExtension>
            <ns3:hr>84</ns3:hr>
            <ns3:cad>0</ns3:cad>
          </ns3:TrackPointExtension>
        </extensions>
      </trkpt>
      <trkpt lat="31.90433937124907970428466796875" lon="118.8678208552300930023193359375">
        <ele>97.1999969482421875</ele>
        <time>2026-09-28T01:53:16.000Z</time>
        <extensions>
          <ns3:TrackPointExtension>
            <ns3:hr>83</ns3:hr>
            <ns3:cad>0</ns3:cad>
          </ns3:TrackPointExtension>
        </extensions>
      </trkpt>
      <trkpt lat="31.9043302349746227264404296875" lon="118.86784784495830535888671875">
        <ele>97</ele>
        <time>2026-09-28T01:53:24.000Z</time>
        <extensions>
          <ns3:TrackPointExtension>
            <ns3:hr>81</ns3:hr>
            <ns3:cad>0</ns3:cad>
          </ns3:TrackPointExtension>
        </extensions>
      </trkpt>
      <trkpt lat="31.90432847477495670318603515625" lon="118.86784851551055908203125">
        <ele>97</ele>
        <time>2026-09-28T01:53:25.000Z</time>
        <extensions>
          <ns3:TrackPointExtension>
            <ns3:hr>81</ns3:hr>
            <ns3:cad>0</ns3:cad>
          </ns3:TrackPointExtension>
        </extensions>
      </trkpt>
      <trkpt lat="31.9043322466313838958740234375" lon="118.86788061819970607757568359375">
        <ele>97</ele>
        <time>2026-09-28T01:53:33.000Z</time>
        <extensions>
          <ns3:TrackPointExtension>
            <ns3:hr>80</ns3:hr>
            <ns3:cad>0</ns3:cad>
          </ns3:TrackPointExtension>
        </extensions>
      </trkpt>
      <trkpt lat="31.9043674506247043609619140625" lon="118.86795672588050365447998046875">
        <ele>97.1999969482421875</ele>
        <time>2026-09-28T01:53:41.000Z</time>
        <extensions>
          <ns3:TrackPointExtension>
            <ns3:hr>79</ns3:hr>
            <ns3:cad>0</ns3:cad>
          </ns3:TrackPointExtension>
        </extensions>
      </trkpt>
      <trkpt lat="31.9043835438787937164306640625" lon="118.8679898343980312347412109375">
        <ele>97</ele>
        <time>2026-09-28T01:53:46.000Z</time>
        <extensions>
          <ns3:TrackPointExtension>
            <ns3:hr>80</ns3:hr>
            <ns3:cad>0</ns3:cad>
          </ns3:TrackPointExtension>
        </extensions>
      </trkpt>
      <trkpt lat="31.90441044978797435760498046875" lon="118.86802394874393939971923828125">
        <ele>97</ele>
        <time>2026-09-28T01:53:51.000Z</time>
        <extensions>
          <ns3:TrackPointExtension>
            <ns3:hr>80</ns3:hr>
            <ns3:cad>0</ns3:cad>
          </ns3:TrackPointExtension>
        </extensions>
      </trkpt>
      <trkpt lat="31.9044321589171886444091796875" lon="118.86804088018834590911865234375">
        <ele>97</ele>
        <time>2026-09-28T01:53:58.000Z</time>
        <extensions>
          <ns3:TrackPointExtension>
            <ns3:hr>79</ns3:hr>
            <ns3:cad>0</ns3:cad>
          </ns3:TrackPointExtension>
        </extensions>
      </trkpt>
      <trkpt lat="31.90443567931652069091796875" lon="118.86804339475929737091064453125">
        <ele>97</ele>
        <time>2026-09-28T01:53:59.000Z</time>
        <extensions>
          <ns3:TrackPointExtension>
            <ns3:hr>76</ns3:hr>
            <ns3:cad>0</ns3:cad>
          </ns3:TrackPointExtension>
        </extensions>
      </trkpt>
      <trkpt lat="31.9044385291635990142822265625" lon="118.868046663701534271240234375">
        <ele>96.8000030517578125</ele>
        <time>2026-09-28T01:54:03.000Z</time>
        <extensions>
          <ns3:TrackPointExtension>
            <ns3:hr>73</ns3:hr>
            <ns3:cad>0</ns3:cad>
          </ns3:TrackPointExtension>
        </extensions>
      </trkpt>
      <trkpt lat="31.9044656865298748016357421875" lon="118.8680545426905155181884765625">
        <ele>96.8000030517578125</ele>
        <time>2026-09-28T01:54:07.000Z</time>
        <extensions>
          <ns3:TrackPointExtension>
            <ns3:hr>73</ns3:hr>
            <ns3:cad>0</ns3:cad>
          </ns3:TrackPointExtension>
        </extensions>
      </trkpt>
      <trkpt lat="31.90453668124973773956298828125" lon="118.86804875917732715606689453125">
        <ele>97</ele>
        <time>2026-09-28T01:54:14.000Z</time>
        <extensions>
          <ns3:TrackPointExtension>
            <ns3:hr>72</ns3:hr>
            <ns3:cad>0</ns3:cad>
          </ns3:TrackPointExtension>
        </extensions>
      </trkpt>
      <trkpt lat="31.90459501929581165313720703125" lon="118.868005760014057159423828125">
        <ele>97.1999969482421875</ele>
        <time>2026-09-28T01:54:21.000Z</time>
        <extensions>
          <ns3:TrackPointExtension>
            <ns3:hr>74</ns3:hr>
            <ns3:cad>0</ns3:cad>
          </ns3:TrackPointExtension>
        </extensions>
      </trkpt>
      <trkpt lat="31.90462972037494182586669921875" lon="118.86794717051088809967041015625">
        <ele>96.8000030517578125</ele>
        <time>2026-09-28T01:54:26.000Z</time>
        <extensions>
          <ns3:TrackPointExtension>
            <ns3:hr>72</ns3:hr>
            <ns3:cad>0</ns3:cad>
          </ns3:TrackPointExtension>
        </extensions>
      </trkpt>
      <trkpt lat="31.90462653525173664093017578125" lon="118.867925293743610382080078125">
        <ele>96.8000030517578125</ele>
        <time>2026-09-28T01:54:33.000Z</time>
        <extensions>
          <ns3:TrackPointExtension>
            <ns3:hr>72</ns3:hr>
            <ns3:cad>0</ns3:cad>
          </ns3:TrackPointExtension>
        </extensions>
      </trkpt>
      <trkpt lat="31.90463307313621044158935546875" lon="118.8679274730384349822998046875">
        <ele>97</ele>
        <time>2026-09-28T01:54:44.000Z</time>
        <extensions>
          <ns3:TrackPointExtension>
            <ns3:hr>70</ns3:hr>
            <ns3:cad>0</ns3:cad>
          </ns3:TrackPointExtension>
        </extensions>
      </trkpt>
      <trkpt lat="31.90464086830615997314453125" lon="118.86788715608417987823486328125">
        <ele>97</ele>
        <time>2026-09-28T01:54:50.000Z</time>
        <extensions>
          <ns3:TrackPointExtension>
            <ns3:hr>72</ns3:hr>
            <ns3:cad>0</ns3:cad>
          </ns3:TrackPointExtension>
        </extensions>
      </trkpt>
      <trkpt lat="31.904642544686794281005859375" lon="118.86787072755396366119384765625">
        <ele>97</ele>
        <time>2026-09-28T01:55:00.000Z</time>
        <extensions>
          <ns3:TrackPointExtension>
            <ns3:hr>71</ns3:hr>
            <ns3:cad>0</ns3:cad>
          </ns3:TrackPointExtension>
        </extensions>
      </trkpt>
      <trkpt lat="31.90463625825941562652587890625" lon="118.867840468883514404296875">
        <ele>97.1999969482421875</ele>
        <time>2026-09-28T01:55:06.000Z</time>
        <extensions>
          <ns3:TrackPointExtension>
            <ns3:hr>72</ns3:hr>
            <ns3:cad>0</ns3:cad>
          </ns3:TrackPointExtension>
        </extensions>
      </trkpt>
      <trkpt lat="31.90463156439363956451416015625" lon="118.8678289018571376800537109375">
        <ele>97.40000152587890625</ele>
        <time>2026-09-28T01:55:14.000Z</time>
        <extensions>
          <ns3:TrackPointExtension>
            <ns3:hr>72</ns3:hr>
            <ns3:cad>0</ns3:cad>
          </ns3:TrackPointExtension>
        </extensions>
      </trkpt>
      <trkpt lat="31.90463726408779621124267578125" lon="118.86782261542975902557373046875">
        <ele>97</ele>
        <time>2026-09-28T01:55:21.000Z</time>
        <extensions>
          <ns3:TrackPointExtension>
            <ns3:hr>71</ns3:hr>
            <ns3:cad>0</ns3:cad>
          </ns3:TrackPointExtension>
        </extensions>
      </trkpt>
      <trkpt lat="31.90465436317026615142822265625" lon="118.8678071089088916778564453125">
        <ele>96.8000030517578125</ele>
        <time>2026-09-28T01:55:27.000Z</time>
        <extensions>
          <ns3:TrackPointExtension>
            <ns3:hr>69</ns3:hr>
            <ns3:cad>0</ns3:cad>
          </ns3:TrackPointExtension>
        </extensions>
      </trkpt>
      <trkpt lat="31.904653273522853851318359375" lon="118.86780383996665477752685546875">
        <ele>96.59999847412109375</ele>
        <time>2026-09-28T01:55:28.000Z</time>
        <extensions>
          <ns3:TrackPointExtension>
            <ns3:hr>72</ns3:hr>
            <ns3:cad>0</ns3:cad>
          </ns3:TrackPointExtension>
        </extensions>
      </trkpt>
      <trkpt lat="31.9046634994447231292724609375" lon="118.86780199594795703887939453125">
        <ele>96.1999969482421875</ele>
        <time>2026-09-28T01:55:31.000Z</time>
        <extensions>
          <ns3:TrackPointExtension>
            <ns3:hr>77</ns3:hr>
            <ns3:cad>0</ns3:cad>
          </ns3:TrackPointExtension>
        </extensions>
      </trkpt>
      <trkpt lat="31.90466660074889659881591796875" lon="118.867799900472164154052734375">
        <ele>96</ele>
        <time>2026-09-28T01:55:32.000Z</time>
        <extensions>
          <ns3:TrackPointExtension>
            <ns3:hr>81</ns3:hr>
            <ns3:cad>0</ns3:cad>
          </ns3:TrackPointExtension>
        </extensions>
      </trkpt>
      <trkpt lat="31.90466861240565776824951171875" lon="118.86779981665313243865966796875">
        <ele>95.8000030517578125</ele>
        <time>2026-09-28T01:55:33.000Z</time>
        <extensions>
          <ns3:TrackPointExtension>
            <ns3:hr>82</ns3:hr>
            <ns3:cad>0</ns3:cad>
          </ns3:TrackPointExtension>
        </extensions>
      </trkpt>
      <trkpt lat="31.90467833541333675384521484375" lon="118.86779746972024440765380859375">
        <ele>95.40000152587890625</ele>
        <time>2026-09-28T01:55:35.000Z</time>
        <extensions>
          <ns3:TrackPointExtension>
            <ns3:hr>83</ns3:hr>
            <ns3:cad>0</ns3:cad>
          </ns3:TrackPointExtension>
        </extensions>
      </trkpt>
      <trkpt lat="31.904716305434703826904296875" lon="118.8678315840661525726318359375">
        <ele>95.1999969482421875</ele>
        <time>2026-09-28T01:55:41.000Z</time>
        <extensions>
          <ns3:TrackPointExtension>
            <ns3:hr>84</ns3:hr>
            <ns3:cad>0</ns3:cad>
          </ns3:TrackPointExtension>
        </extensions>
      </trkpt>
      <trkpt lat="31.90472259186208248138427734375" lon="118.8678852282464504241943359375">
        <ele>95.1999969482421875</ele>
        <time>2026-09-28T01:55:48.000Z</time>
        <extensions>
          <ns3:TrackPointExtension>
            <ns3:hr>84</ns3:hr>
            <ns3:cad>0</ns3:cad>
          </ns3:TrackPointExtension>
        </extensions>
      </trkpt>
      <trkpt lat="31.90472845919430255889892578125" lon="118.86792185716331005096435546875">
        <ele>95.40000152587890625</ele>
        <time>2026-09-28T01:55:53.000Z</time>
        <extensions>
          <ns3:TrackPointExtension>
            <ns3:hr>87</ns3:hr>
            <ns3:cad>0</ns3:cad>
          </ns3:TrackPointExtension>
        </extensions>
      </trkpt>
      <trkpt lat="31.90472896210849285125732421875" lon="118.86794574558734893798828125">
        <ele>95.1999969482421875</ele>
        <time>2026-09-28T01:55:58.000Z</time>
        <extensions>
          <ns3:TrackPointExtension>
            <ns3:hr>85</ns3:hr>
            <ns3:cad>0</ns3:cad>
          </ns3:TrackPointExtension>
        </extensions>
      </trkpt>
      <trkpt lat="31.904727034270763397216796875" lon="118.867952786386013031005859375">
        <ele>94.8000030517578125</ele>
        <time>2026-09-28T01:56:02.000Z</time>
        <extensions>
          <ns3:TrackPointExtension>
            <ns3:hr>85</ns3:hr>
            <ns3:cad>0</ns3:cad>
          </ns3:TrackPointExtension>
        </extensions>
      </trkpt>
      <trkpt lat="31.90472711808979511260986328125" lon="118.8679512776434421539306640625">
        <ele>94.59999847412109375</ele>
        <time>2026-09-28T01:56:06.000Z</time>
        <extensions>
          <ns3:TrackPointExtension>
            <ns3:hr>85</ns3:hr>
            <ns3:cad>0</ns3:cad>
          </ns3:TrackPointExtension>
        </extensions>
      </trkpt>
      <trkpt lat="31.904734410345554351806640625" lon="118.8679858110845088958740234375">
        <ele>94</ele>
        <time>2026-09-28T01:56:11.000Z</time>
        <extensions>
          <ns3:TrackPointExtension>
            <ns3:hr>88</ns3:hr>
            <ns3:cad>0</ns3:cad>
          </ns3:TrackPointExtension>
        </extensions>
      </trkpt>
      <trkpt lat="31.90473583526909351348876953125" lon="118.8679868169128894805908203125">
        <ele>93.8000030517578125</ele>
        <time>2026-09-28T01:56:13.000Z</time>
        <extensions>
          <ns3:TrackPointExtension>
            <ns3:hr>88</ns3:hr>
            <ns3:cad>46</ns3:cad>
          </ns3:TrackPointExtension>
        </extensions>
      </trkpt>
      <trkpt lat="31.904746480286121368408203125" lon="118.86799042113125324249267578125">
        <ele>93.59999847412109375</ele>
        <time>2026-09-28T01:56:16.000Z</time>
        <extensions>
          <ns3:TrackPointExtension>
            <ns3:hr>90</ns3:hr>
            <ns3:cad>0</ns3:cad>
          </ns3:TrackPointExtension>
        </extensions>
      </trkpt>
      <trkpt lat="31.90474740229547023773193359375" lon="118.8679881580173969268798828125">
        <ele>93.59999847412109375</ele>
        <time>2026-09-28T01:56:17.000Z</time>
        <extensions>
          <ns3:TrackPointExtension>
            <ns3:hr>93</ns3:hr>
            <ns3:cad>0</ns3:cad>
          </ns3:TrackPointExtension>
        </extensions>
      </trkpt>
      <trkpt lat="31.9047419540584087371826171875" lon="118.86799226514995098114013671875">
        <ele>93.8000030517578125</ele>
        <time>2026-09-28T01:56:25.000Z</time>
        <extensions>
          <ns3:TrackPointExtension>
            <ns3:hr>93</ns3:hr>
            <ns3:cad>0</ns3:cad>
          </ns3:TrackPointExtension>
        </extensions>
      </trkpt>
      <trkpt lat="31.9047416187822818756103515625" lon="118.8679921813309192657470703125">
        <ele>93.8000030517578125</ele>
        <time>2026-09-28T01:56:26.000Z</time>
        <extensions>
          <ns3:TrackPointExtension>
            <ns3:hr>90</ns3:hr>
            <ns3:cad>0</ns3:cad>
          </ns3:TrackPointExtension>
        </extensions>
      </trkpt>
      <trkpt lat="31.9047434628009796142578125" lon="118.86799402534961700439453125">
        <ele>93.8000030517578125</ele>
        <time>2026-09-28T01:56:28.000Z</time>
        <extensions>
          <ns3:TrackPointExtension>
            <ns3:hr>87</ns3:hr>
            <ns3:cad>0</ns3:cad>
          </ns3:TrackPointExtension>
        </extensions>
      </trkpt>
      <trkpt lat="31.9047493301331996917724609375" lon="118.86800483800470829010009765625">
        <ele>94</ele>
        <time>2026-09-28T01:56:34.000Z</time>
        <extensions>
          <ns3:TrackPointExtension>
            <ns3:hr>86</ns3:hr>
            <ns3:cad>0</ns3:cad>
          </ns3:TrackPointExtension>
        </extensions>
      </trkpt>
      <trkpt lat="31.9047758169472217559814453125" lon="118.8679982163012027740478515625">
        <ele>94</ele>
        <time>2026-09-28T01:56:41.000Z</time>
        <extensions>
          <ns3:TrackPointExtension>
            <ns3:hr>84</ns3:hr>
            <ns3:cad>0</ns3:cad>
          </ns3:TrackPointExtension>
        </extensions>
      </trkpt>
      <trkpt lat="31.90481931902468204498291015625" lon="118.8679898343980312347412109375">
        <ele>94.40000152587890625</ele>
        <time>2026-09-28T01:56:48.000Z</time>
        <extensions>
          <ns3:TrackPointExtension>
            <ns3:hr>84</ns3:hr>
            <ns3:cad>0</ns3:cad>
          </ns3:TrackPointExtension>
        </extensions>
      </trkpt>
      <trkpt lat="31.9048670120537281036376953125" lon="118.8679804466664791107177734375">
        <ele>94.40000152587890625</ele>
        <time>2026-09-28T01:56:55.000Z</time>
        <extensions>
          <ns3:TrackPointExtension>
            <ns3:hr>83</ns3:hr>
            <ns3:cad>53</ns3:cad>
          </ns3:TrackPointExtension>
        </extensions>
      </trkpt>
      <trkpt lat="31.90492459572851657867431640625" lon="118.86798069812357425689697265625">
        <ele>94.40000152587890625</ele>
        <time>2026-09-28T01:57:01.000Z</time>
        <extensions>
          <ns3:TrackPointExtension>
            <ns3:hr>81</ns3:hr>
            <ns3:cad>47</ns3:cad>
          </ns3:TrackPointExtension>
        </extensions>
      </trkpt>
      <trkpt lat="31.904975809156894683837890625" lon="118.86799578554928302764892578125">
        <ele>94.40000152587890625</ele>
        <time>2026-09-28T01:57:07.000Z</time>
        <extensions>
          <ns3:TrackPointExtension>
            <ns3:hr>80</ns3:hr>
            <ns3:cad>0</ns3:cad>
          </ns3:TrackPointExtension>
        </extensions>
      </trkpt>
      <trkpt lat="31.9050048105418682098388671875" lon="118.86799679137766361236572265625">
        <ele>94.59999847412109375</ele>
        <time>2026-09-28T01:57:14.000Z</time>
        <extensions>
          <ns3:TrackPointExtension>
            <ns3:hr>83</ns3:hr>
            <ns3:cad>0</ns3:cad>
          </ns3:TrackPointExtension>
        </extensions>
      </trkpt>
      <trkpt lat="31.90500606782734394073486328125" lon="118.8679920136928558349609375">
        <ele>94.59999847412109375</ele>
        <time>2026-09-28T01:57:16.000Z</time>
        <extensions>
          <ns3:TrackPointExtension>
            <ns3:hr>84</ns3:hr>
            <ns3:cad>0</ns3:cad>
          </ns3:TrackPointExtension>
        </extensions>
      </trkpt>
      <trkpt lat="31.9050316326320171356201171875" lon="118.86798405088484287261962890625">
        <ele>94.59999847412109375</ele>
        <time>2026-09-28T01:57:27.000Z</time>
        <extensions>
          <ns3:TrackPointExtension>
            <ns3:hr>85</ns3:hr>
            <ns3:cad>0</ns3:cad>
          </ns3:TrackPointExtension>
        </extensions>
      </trkpt>
      <trkpt lat="31.90503858961164951324462890625" lon="118.86797902174293994903564453125">
        <ele>94.40000152587890625</ele>
        <time>2026-09-28T01:57:33.000Z</time>
        <extensions>
          <ns3:TrackPointExtension>
            <ns3:hr>84</ns3:hr>
            <ns3:cad>0</ns3:cad>
          </ns3:TrackPointExtension>
        </extensions>
      </trkpt>
      <trkpt lat="31.9050390087068080902099609375" lon="118.86798103339970111846923828125">
        <ele>94.59999847412109375</ele>
        <time>2026-09-28T01:57:40.000Z</time>
        <extensions>
          <ns3:TrackPointExtension>
            <ns3:hr>87</ns3:hr>
            <ns3:cad>0</ns3:cad>
          </ns3:TrackPointExtension>
        </extensions>
      </trkpt>
      <trkpt lat="31.9050470553338527679443359375" lon="118.867990672588348388671875">
        <ele>94.59999847412109375</ele>
        <time>2026-09-28T01:57:42.000Z</time>
        <extensions>
          <ns3:TrackPointExtension>
            <ns3:hr>86</ns3:hr>
            <ns3:cad>0</ns3:cad>
          </ns3:TrackPointExtension>
        </extensions>
      </trkpt>
      <trkpt lat="31.90504663623869419097900390625" lon="118.86800165288150310516357421875">
        <ele>94.8000030517578125</ele>
        <time>2026-09-28T01:57:44.000Z</time>
        <extensions>
          <ns3:TrackPointExtension>
            <ns3:hr>86</ns3:hr>
            <ns3:cad>0</ns3:cad>
          </ns3:TrackPointExtension>
        </extensions>
      </trkpt>
      <trkpt lat="31.90504454076290130615234375" lon="118.8680109567940235137939453125">
        <ele>94.8000030517578125</ele>
        <time>2026-09-28T01:57:48.000Z</time>
        <extensions>
          <ns3:TrackPointExtension>
            <ns3:hr>86</ns3:hr>
            <ns3:cad>0</ns3:cad>
          </ns3:TrackPointExtension>
        </extensions>
      </trkpt>
      <trkpt lat="31.90504529513418674468994140625" lon="118.86801942251622676849365234375">
        <ele>94.59999847412109375</ele>
        <time>2026-09-28T01:57:55.000Z</time>
        <extensions>
          <ns3:TrackPointExtension>
            <ns3:hr>86</ns3:hr>
            <ns3:cad>0</ns3:cad>
          </ns3:TrackPointExtension>
        </extensions>
      </trkpt>
      <trkpt lat="31.90504630096256732940673828125" lon="118.868010453879833221435546875">
        <ele>94</ele>
        <time>2026-09-28T01:58:00.000Z</time>
        <extensions>
          <ns3:TrackPointExtension>
            <ns3:hr>83</ns3:hr>
            <ns3:cad>0</ns3:cad>
          </ns3:TrackPointExtension>
        </extensions>
      </trkpt>
      <trkpt lat="31.90504931844770908355712890625" lon="118.867992348968982696533203125">
        <ele>94</ele>
        <time>2026-09-28T01:58:06.000Z</time>
        <extensions>
          <ns3:TrackPointExtension>
            <ns3:hr>81</ns3:hr>
            <ns3:cad>0</ns3:cad>
          </ns3:TrackPointExtension>
        </extensions>
      </trkpt>
      <trkpt lat="31.9050400145351886749267578125" lon="118.86798731982707977294921875">
        <ele>94.8000030517578125</ele>
        <time>2026-09-28T01:58:12.000Z</time>
        <extensions>
          <ns3:TrackPointExtension>
            <ns3:hr>78</ns3:hr>
            <ns3:cad>0</ns3:cad>
          </ns3:TrackPointExtension>
        </extensions>
      </trkpt>
      <trkpt lat="31.90503456629812717437744140625" lon="118.8679837994277477264404296875">
        <ele>94.59999847412109375</ele>
        <time>2026-09-28T01:58:16.000Z</time>
        <extensions>
          <ns3:TrackPointExtension>
            <ns3:hr>77</ns3:hr>
            <ns3:cad>0</ns3:cad>
          </ns3:TrackPointExtension>
        </extensions>
      </trkpt>
      <trkpt lat="31.90503708086907863616943359375" lon="118.86799327097833156585693359375">
        <ele>94.59999847412109375</ele>
        <time>2026-09-28T01:58:24.000Z</time>
        <extensions>
          <ns3:TrackPointExtension>
            <ns3:hr>76</ns3:hr>
            <ns3:cad>0</ns3:cad>
          </ns3:TrackPointExtension>
        </extensions>
      </trkpt>
      <trkpt lat="31.905041523277759552001953125" lon="118.8679938577115535736083984375">
        <ele>94.59999847412109375</ele>
        <time>2026-09-28T01:58:44.000Z</time>
        <extensions>
          <ns3:TrackPointExtension>
            <ns3:hr>76</ns3:hr>
            <ns3:cad>0</ns3:cad>
          </ns3:TrackPointExtension>
        </extensions>
      </trkpt>
      <trkpt lat="31.905041523277759552001953125" lon="118.8679938577115535736083984375">
        <ele>94.59999847412109375</ele>
        <time>2026-09-28T01:58:54.000Z</time>
        <extensions>
          <ns3:TrackPointExtension>
            <ns3:hr>73</ns3:hr>
            <ns3:cad>0</ns3:cad>
          </ns3:TrackPointExtension>
        </extensions>
      </trkpt>
      <trkpt lat="31.905041523277759552001953125" lon="118.8679938577115535736083984375">
        <ele>94.59999847412109375</ele>
        <time>2026-09-28T01:58:56.000Z</time>
        <extensions>
          <ns3:TrackPointExtension>
            <ns3:hr>70</ns3:hr>
            <ns3:cad>0</ns3:cad>
          </ns3:TrackPointExtension>
        </extensions>
      </trkpt>
      <trkpt lat="31.905041523277759552001953125" lon="118.8679938577115535736083984375">
        <ele>94.8000030517578125</ele>
        <time>2026-09-28T01:58:59.000Z</time>
        <extensions>
          <ns3:TrackPointExtension>
            <ns3:hr>67</ns3:hr>
            <ns3:cad>0</ns3:cad>
          </ns3:TrackPointExtension>
        </extensions>
      </trkpt>
      <trkpt lat="31.905041523277759552001953125" lon="118.8679938577115535736083984375">
        <ele>94.8000030517578125</ele>
        <time>2026-09-28T01:59:00.000Z</time>
        <extensions>
          <ns3:TrackPointExtension>
            <ns3:hr>67</ns3:hr>
            <ns3:cad>0</ns3:cad>
          </ns3:TrackPointExtension>
        </extensions>
      </trkpt>
      <trkpt lat="31.905041523277759552001953125" lon="118.8679938577115535736083984375">
        <ele>94.8000030517578125</ele>
        <time>2026-09-28T01:59:08.000Z</time>
        <extensions>
          <ns3:TrackPointExtension>
            <ns3:hr>63</ns3:hr>
            <ns3:cad>0</ns3:cad>
          </ns3:TrackPointExtension>
        </extensions>
      </trkpt>
      <trkpt lat="31.90503071062266826629638671875" lon="118.86798195540904998779296875">
        <ele>94.8000030517578125</ele>
        <time>2026-09-28T01:59:16.000Z</time>
        <extensions>
          <ns3:TrackPointExtension>
            <ns3:hr>62</ns3:hr>
            <ns3:cad>0</ns3:cad>
          </ns3:TrackPointExtension>
        </extensions>
      </trkpt>
      <trkpt lat="31.9050363264977931976318359375" lon="118.8679844699800014495849609375">
        <ele>94.59999847412109375</ele>
        <time>2026-09-28T01:59:22.000Z</time>
        <extensions>
          <ns3:TrackPointExtension>
            <ns3:hr>62</ns3:hr>
            <ns3:cad>0</ns3:cad>
          </ns3:TrackPointExtension>
        </extensions>
      </trkpt>
      <trkpt lat="31.9050383381545543670654296875" lon="118.86800500564277172088623046875">
        <ele>94.8000030517578125</ele>
        <time>2026-09-28T01:59:28.000Z</time>
        <extensions>
          <ns3:TrackPointExtension>
            <ns3:hr>62</ns3:hr>
            <ns3:cad>0</ns3:cad>
          </ns3:TrackPointExtension>
        </extensions>
      </trkpt>
      <trkpt lat="31.90504244528710842132568359375" lon="118.86801690794527530670166015625">
        <ele>95</ele>
        <time>2026-09-28T01:59:34.000Z</time>
        <extensions>
          <ns3:TrackPointExtension>
            <ns3:hr>64</ns3:hr>
            <ns3:cad>0</ns3:cad>
          </ns3:TrackPointExtension>
        </extensions>
      </trkpt>
      <trkpt lat="31.9050447084009647369384765625" lon="118.8680240325629711151123046875">
        <ele>94.59999847412109375</ele>
        <time>2026-09-28T01:59:42.000Z</time>
        <extensions>
          <ns3:TrackPointExtension>
            <ns3:hr>64</ns3:hr>
            <ns3:cad>0</ns3:cad>
          </ns3:TrackPointExtension>
        </extensions>
      </trkpt>
      <trkpt lat="31.9050138629972934722900390625" lon="118.86801280081272125244140625">
        <ele>94.59999847412109375</ele>
        <time>2026-09-28T01:59:48.000Z</time>
        <extensions>
          <ns3:TrackPointExtension>
            <ns3:hr>64</ns3:hr>
            <ns3:cad>52</ns3:cad>
          </ns3:TrackPointExtension>
        </extensions>
      </trkpt>
      <trkpt lat="31.90504252910614013671875" lon="118.86795203201472759246826171875">
        <ele>94.40000152587890625</ele>
        <time>2026-09-28T01:59:54.000Z</time>
        <extensions>
          <ns3:TrackPointExtension>
            <ns3:hr>64</ns3:hr>
            <ns3:cad>0</ns3:cad>
          </ns3:TrackPointExtension>
        </extensions>
      </trkpt>
      <trkpt lat="31.90504445694386959075927734375" lon="118.8678905926644802093505859375">
        <ele>94.40000152587890625</ele>
        <time>2026-09-28T02:00:01.000Z</time>
        <extensions>
          <ns3:TrackPointExtension>
            <ns3:hr>64</ns3:hr>
            <ns3:cad>48</ns3:cad>
          </ns3:TrackPointExtension>
        </extensions>
      </trkpt>
      <trkpt lat="31.90504311583936214447021484375" lon="118.8678362779319286346435546875">
        <ele>94.40000152587890625</ele>
        <time>2026-09-28T02:00:06.000Z</time>
        <extensions>
          <ns3:TrackPointExtension>
            <ns3:hr>63</ns3:hr>
            <ns3:cad>0</ns3:cad>
          </ns3:TrackPointExtension>
        </extensions>
      </trkpt>
      <trkpt lat="31.90505384467542171478271484375" lon="118.86779763735830783843994140625">
        <ele>94.40000152587890625</ele>
        <time>2026-09-28T02:00:11.000Z</time>
        <extensions>
          <ns3:TrackPointExtension>
            <ns3:hr>61</ns3:hr>
            <ns3:cad>0</ns3:cad>
          </ns3:TrackPointExtension>
        </extensions>
      </trkpt>
      <trkpt lat="31.9050628133118152618408203125" lon="118.86777944862842559814453125">
        <ele>94.8000030517578125</ele>
        <time>2026-09-28T02:00:15.000Z</time>
        <extensions>
          <ns3:TrackPointExtension>
            <ns3:hr>64</ns3:hr>
            <ns3:cad>0</ns3:cad>
          </ns3:TrackPointExtension>
        </extensions>
      </trkpt>
      <trkpt lat="31.9050628133118152618408203125" lon="118.86777944862842559814453125">
        <ele>95</ele>
        <time>2026-09-28T02:00:17.000Z</time>
        <extensions>
          <ns3:TrackPointExtension>
            <ns3:hr>64</ns3:hr>
            <ns3:cad>0</ns3:cad>
          </ns3:TrackPointExtension>
        </extensions>
      </trkpt>
      <trkpt lat="31.90505937673151493072509765625" lon="118.86776075698435306549072265625">
        <ele>94.40000152587890625</ele>
        <time>2026-09-28T02:00:25.000Z</time>
        <extensions>
          <ns3:TrackPointExtension>
            <ns3:hr>65</ns3:hr>
            <ns3:cad>0</ns3:cad>
          </ns3:TrackPointExtension>
        </extensions>
      </trkpt>
      <trkpt lat="31.9050628133118152618408203125" lon="118.8677615113556385040283203125">
        <ele>94.40000152587890625</ele>
        <time>2026-09-28T02:00:32.000Z</time>
        <extensions>
          <ns3:TrackPointExtension>
            <ns3:hr>68</ns3:hr>
            <ns3:cad>0</ns3:cad>
          </ns3:TrackPointExtension>
        </extensions>
      </trkpt>
      <trkpt lat="31.90506842918694019317626953125" lon="118.867765367031097412109375">
        <ele>94.40000152587890625</ele>
        <time>2026-09-28T02:00:37.000Z</time>
        <extensions>
          <ns3:TrackPointExtension>
            <ns3:hr>70</ns3:hr>
            <ns3:cad>0</ns3:cad>
          </ns3:TrackPointExtension>
        </extensions>
      </trkpt>
      <trkpt lat="31.9051053933799266815185546875" lon="118.86775287799537181854248046875">
        <ele>94.1999969482421875</ele>
        <time>2026-09-28T02:00:43.000Z</time>
        <extensions>
          <ns3:TrackPointExtension>
            <ns3:hr>69</ns3:hr>
            <ns3:cad>45</ns3:cad>
          </ns3:TrackPointExtension>
        </extensions>
      </trkpt>
      <trkpt lat="31.90513866953551769256591796875" lon="118.8677447475492954254150390625">
        <ele>93.59999847412109375</ele>
        <time>2026-09-28T02:00:50.000Z</time>
        <extensions>
          <ns3:TrackPointExtension>
            <ns3:hr>70</ns3:hr>
            <ns3:cad>40</ns3:cad>
          </ns3:TrackPointExtension>
        </extensions>
      </trkpt>
      <trkpt lat="31.9051442854106426239013671875" lon="118.8677452504634857177734375">
        <ele>93.1999969482421875</ele>
        <time>2026-09-28T02:00:51.000Z</time>
        <extensions>
          <ns3:TrackPointExtension>
            <ns3:hr>70</ns3:hr>
            <ns3:cad>0</ns3:cad>
          </ns3:TrackPointExtension>
        </extensions>
      </trkpt>
      <trkpt lat="31.9051426090300083160400390625" lon="118.86772580444812774658203125">
        <ele>92.59999847412109375</ele>
        <time>2026-09-28T02:00:54.000Z</time>
        <extensions>
          <ns3:TrackPointExtension>
            <ns3:hr>71</ns3:hr>
            <ns3:cad>0</ns3:cad>
          </ns3:TrackPointExtension>
        </extensions>
      </trkpt>
      <trkpt lat="31.9051701016724109649658203125" lon="118.8677122257649898529052734375">
        <ele>92.59999847412109375</ele>
        <time>2026-09-28T02:00:59.000Z</time>
        <extensions>
          <ns3:TrackPointExtension>
            <ns3:hr>72</ns3:hr>
            <ns3:cad>0</ns3:cad>
          </ns3:TrackPointExtension>
        </extensions>
      </trkpt>
      <trkpt lat="31.90515962429344654083251953125" lon="118.86769688688218593597412109375">
        <ele>92.8000030517578125</ele>
        <time>2026-09-28T02:01:07.000Z</time>
        <extensions>
          <ns3:TrackPointExtension>
            <ns3:hr>70</ns3:hr>
            <ns3:cad>0</ns3:cad>
          </ns3:TrackPointExtension>
        </extensions>
      </trkpt>
      <trkpt lat="31.90522718243300914764404296875" lon="118.86770359240472316741943359375">
        <ele>92.8000030517578125</ele>
        <time>2026-09-28T02:01:15.000Z</time>
        <extensions>
          <ns3:TrackPointExtension>
            <ns3:hr>68</ns3:hr>
            <ns3:cad>0</ns3:cad>
          </ns3:TrackPointExtension>
        </extensions>
      </trkpt>
      <trkpt lat="31.9052354805171489715576171875" lon="118.86770610697567462921142578125">
        <ele>92.8000030517578125</ele>
        <time>2026-09-28T02:01:16.000Z</time>
        <extensions>
          <ns3:TrackPointExtension>
            <ns3:hr>68</ns3:hr>
            <ns3:cad>0</ns3:cad>
          </ns3:TrackPointExtension>
        </extensions>
      </trkpt>
      <trkpt lat="31.90528753213584423065185546875" lon="118.86771147139370441436767578125">
        <ele>92.8000030517578125</ele>
        <time>2026-09-28T02:01:23.000Z</time>
        <extensions>
          <ns3:TrackPointExtension>
            <ns3:hr>67</ns3:hr>
            <ns3:cad>0</ns3:cad>
          </ns3:TrackPointExtension>
        </extensions>
      </trkpt>
      <trkpt lat="31.90531007945537567138671875" lon="118.867695964872837066650390625">
        <ele>92.8000030517578125</ele>
        <time>2026-09-28T02:01:30.000Z</time>
        <extensions>
          <ns3:TrackPointExtension>
            <ns3:hr>66</ns3:hr>
            <ns3:cad>0</ns3:cad>
          </ns3:TrackPointExtension>
        </extensions>
      </trkpt>
      <trkpt lat="31.90533530898392200469970703125" lon="118.8676674664020538330078125">
        <ele>92.59999847412109375</ele>
        <time>2026-09-28T02:01:37.000Z</time>
        <extensions>
          <ns3:TrackPointExtension>
            <ns3:hr>65</ns3:hr>
            <ns3:cad>0</ns3:cad>
          </ns3:TrackPointExtension>
        </extensions>
      </trkpt>
      <trkpt lat="31.90536640584468841552734375" lon="118.8676513731479644775390625">
        <ele>92.59999847412109375</ele>
        <time>2026-09-28T02:01:43.000Z</time>
        <extensions>
          <ns3:TrackPointExtension>
            <ns3:hr>65</ns3:hr>
            <ns3:cad>0</ns3:cad>
          </ns3:TrackPointExtension>
        </extensions>
      </trkpt>
      <trkpt lat="31.90540504641830921173095703125" lon="118.86764642782509326934814453125">
        <ele>92.59999847412109375</ele>
        <time>2026-09-28T02:01:49.000Z</time>
        <extensions>
          <ns3:TrackPointExtension>
            <ns3:hr>66</ns3:hr>
            <ns3:cad>0</ns3:cad>
          </ns3:TrackPointExtension>
        </extensions>
      </trkpt>
      <trkpt lat="31.905399262905120849609375" lon="118.8676996529102325439453125">
        <ele>92.59999847412109375</ele>
        <time>2026-09-28T02:01:55.000Z</time>
        <extensions>
          <ns3:TrackPointExtension>
            <ns3:hr>66</ns3:hr>
            <ns3:cad>0</ns3:cad>
          </ns3:TrackPointExtension>
        </extensions>
      </trkpt>
      <trkpt lat="31.9053933955729007720947265625" lon="118.8677420653402805328369140625">
        <ele>92.59999847412109375</ele>
        <time>2026-09-28T02:02:01.000Z</time>
        <extensions>
          <ns3:TrackPointExtension>
            <ns3:hr>65</ns3:hr>
            <ns3:cad>0</ns3:cad>
          </ns3:TrackPointExtension>
        </extensions>
      </trkpt>
      <trkpt lat="31.90535576082766056060791015625" lon="118.86779948137700557708740234375">
        <ele>92.40000152587890625</ele>
        <time>2026-09-28T02:02:07.000Z</time>
        <extensions>
          <ns3:TrackPointExtension>
            <ns3:hr>65</ns3:hr>
            <ns3:cad>0</ns3:cad>
          </ns3:TrackPointExtension>
        </extensions>
      </trkpt>
      <trkpt lat="31.9053281843662261962890625" lon="118.86782244779169559478759765625">
        <ele>92.59999847412109375</ele>
        <time>2026-09-28T02:02:12.000Z</time>
        <extensions>
          <ns3:TrackPointExtension>
            <ns3:hr>68</ns3:hr>
            <ns3:cad>0</ns3:cad>
          </ns3:TrackPointExtension>
        </extensions>
      </trkpt>
      <trkpt lat="31.90532240085303783416748046875" lon="118.86782865040004253387451171875">
        <ele>92.59999847412109375</ele>
        <time>2026-09-28T02:02:14.000Z</time>
        <extensions>
          <ns3:TrackPointExtension>
            <ns3:hr>70</ns3:hr>
            <ns3:cad>0</ns3:cad>
          </ns3:TrackPointExtension>
        </extensions>
      </trkpt>
      <trkpt lat="31.9053120911121368408203125" lon="118.86785044334828853607177734375">
        <ele>92.59999847412109375</ele>
        <time>2026-09-28T02:02:21.000Z</time>
        <extensions>
          <ns3:TrackPointExtension>
            <ns3:hr>72</ns3:hr>
            <ns3:cad>0</ns3:cad>
          </ns3:TrackPointExtension>
        </extensions>
      </trkpt>
      <trkpt lat="31.9052948243916034698486328125" lon="118.86792026460170745849609375">
        <ele>92.40000152587890625</ele>
        <time>2026-09-28T02:02:28.000Z</time>
        <extensions>
          <ns3:TrackPointExtension>
            <ns3:hr>73</ns3:hr>
            <ns3:cad>0</ns3:cad>
          </ns3:TrackPointExtension>
        </extensions>
      </trkpt>
      <trkpt lat="31.90529289655387401580810546875" lon="118.86795421130955219268798828125">
        <ele>92.59999847412109375</ele>
        <time>2026-09-28T02:02:38.000Z</time>
        <extensions>
          <ns3:TrackPointExtension>
            <ns3:hr>72</ns3:hr>
            <ns3:cad>0</ns3:cad>
          </ns3:TrackPointExtension>
        </extensions>
      </trkpt>
      <trkpt lat="31.905301697552204132080078125" lon="118.86797751300036907196044921875">
        <ele>92.59999847412109375</ele>
        <time>2026-09-28T02:02:45.000Z</time>
        <extensions>
          <ns3:TrackPointExtension>
            <ns3:hr>71</ns3:hr>
            <ns3:cad>0</ns3:cad>
          </ns3:TrackPointExtension>
        </extensions>
      </trkpt>
      <trkpt lat="31.90531251020729541778564453125" lon="118.8680575601756572723388671875">
        <ele>92.1999969482421875</ele>
        <time>2026-09-28T02:02:55.000Z</time>
        <extensions>
          <ns3:TrackPointExtension>
            <ns3:hr>71</ns3:hr>
            <ns3:cad>0</ns3:cad>
          </ns3:TrackPointExtension>
        </extensions>
      </trkpt>
      <trkpt lat="31.9053276814520359039306640625" lon="118.8681113719940185546875">
        <ele>92.1999969482421875</ele>
        <time>2026-09-28T02:03:02.000Z</time>
        <extensions>
          <ns3:TrackPointExtension>
            <ns3:hr>72</ns3:hr>
            <ns3:cad>0</ns3:cad>
          </ns3:TrackPointExtension>
        </extensions>
      </trkpt>
      <trkpt lat="31.90535106696188449859619140625" lon="118.86811547912657260894775390625">
        <ele>91.40000152587890625</ele>
        <time>2026-09-28T02:03:08.000Z</time>
        <extensions>
          <ns3:TrackPointExtension>
            <ns3:hr>72</ns3:hr>
            <ns3:cad>43</ns3:cad>
          </ns3:TrackPointExtension>
        </extensions>
      </trkpt>
      <trkpt lat="31.90535928122699260711669921875" lon="118.86811246164143085479736328125">
        <ele>90.8000030517578125</ele>
        <time>2026-09-28T02:03:12.000Z</time>
        <extensions>
          <ns3:TrackPointExtension>
            <ns3:hr>72</ns3:hr>
            <ns3:cad>41</ns3:cad>
          </ns3:TrackPointExtension>
        </extensions>
      </trkpt>
      <trkpt lat="31.905372440814971923828125" lon="118.8681128807365894317626953125">
        <ele>90.40000152587890625</ele>
        <time>2026-09-28T02:03:14.000Z</time>
        <extensions>
          <ns3:TrackPointExtension>
            <ns3:hr>72</ns3:hr>
            <ns3:cad>41</ns3:cad>
          </ns3:TrackPointExtension>
        </extensions>
      </trkpt>
      <trkpt lat="31.90542139112949371337890625" lon="118.86813350021839141845703125">
        <ele>89.59999847412109375</ele>
        <time>2026-09-28T02:03:20.000Z</time>
        <extensions>
          <ns3:TrackPointExtension>
            <ns3:hr>72</ns3:hr>
            <ns3:cad>49</ns3:cad>
          </ns3:TrackPointExtension>
        </extensions>
      </trkpt>
      <trkpt lat="31.90547143109142780303955078125" lon="118.868173398077487945556640625">
        <ele>90.1999969482421875</ele>
        <time>2026-09-28T02:03:26.000Z</time>
        <extensions>
          <ns3:TrackPointExtension>
            <ns3:hr>73</ns3:hr>
            <ns3:cad>48</ns3:cad>
          </ns3:TrackPointExtension>
        </extensions>
      </trkpt>
      <trkpt lat="31.905485093593597412109375" lon="118.86818773113191127777099609375">
        <ele>90.59999847412109375</ele>
        <time>2026-09-28T02:03:31.000Z</time>
        <extensions>
          <ns3:TrackPointExtension>
            <ns3:hr>73</ns3:hr>
            <ns3:cad>46</ns3:cad>
          </ns3:TrackPointExtension>
        </extensions>
      </trkpt>
      <trkpt lat="31.9055167771875858306884765625" lon="118.86819376610219478607177734375">
        <ele>90.8000030517578125</ele>
        <time>2026-09-28T02:03:35.000Z</time>
        <extensions>
          <ns3:TrackPointExtension>
            <ns3:hr>70</ns3:hr>
            <ns3:cad>46</ns3:cad>
          </ns3:TrackPointExtension>
        </extensions>
      </trkpt>
      <trkpt lat="31.90552054904401302337646484375" lon="118.86819544248282909393310546875">
        <ele>91</ele>
        <time>2026-09-28T02:03:36.000Z</time>
        <extensions>
          <ns3:TrackPointExtension>
            <ns3:hr>70</ns3:hr>
            <ns3:cad>46</ns3:cad>
          </ns3:TrackPointExtension>
        </extensions>
      </trkpt>
      <trkpt lat="31.90556530840694904327392578125" lon="118.86820818297564983367919921875">
        <ele>91.1999969482421875</ele>
        <time>2026-09-28T02:03:42.000Z</time>
        <extensions>
          <ns3:TrackPointExtension>
            <ns3:hr>67</ns3:hr>
            <ns3:cad>0</ns3:cad>
          </ns3:TrackPointExtension>
        </extensions>
      </trkpt>
      <trkpt lat="31.90560386516153812408447265625" lon="118.86822377331554889678955078125">
        <ele>91.1999969482421875</ele>
        <time>2026-09-28T02:03:48.000Z</time>
        <extensions>
          <ns3:TrackPointExtension>
            <ns3:hr>68</ns3:hr>
            <ns3:cad>0</ns3:cad>
          </ns3:TrackPointExtension>
        </extensions>
      </trkpt>
      <trkpt lat="31.9056083075702190399169921875" lon="118.86823450215160846710205078125">
        <ele>91.1999969482421875</ele>
        <time>2026-09-28T02:03:51.000Z</time>
        <extensions>
          <ns3:TrackPointExtension>
            <ns3:hr>71</ns3:hr>
            <ns3:cad>0</ns3:cad>
          </ns3:TrackPointExtension>
        </extensions>
      </trkpt>
      <trkpt lat="31.9056150130927562713623046875" lon="118.868238441646099090576171875">
        <ele>91</ele>
        <time>2026-09-28T02:03:54.000Z</time>
        <extensions>
          <ns3:TrackPointExtension>
            <ns3:hr>74</ns3:hr>
            <ns3:cad>0</ns3:cad>
          </ns3:TrackPointExtension>
        </extensions>
      </trkpt>
      <trkpt lat="31.9056230597198009490966796875" lon="118.8682355917990207672119140625">
        <ele>91</ele>
        <time>2026-09-28T02:03:56.000Z</time>
        <extensions>
          <ns3:TrackPointExtension>
            <ns3:hr>75</ns3:hr>
            <ns3:cad>0</ns3:cad>
          </ns3:TrackPointExtension>
        </extensions>
      </trkpt>
      <trkpt lat="31.905629597604274749755859375" lon="118.8682359270751476287841796875">
        <ele>90.8000030517578125</ele>
        <time>2026-09-28T02:04:06.000Z</time>
        <extensions>
          <ns3:TrackPointExtension>
            <ns3:hr>74</ns3:hr>
            <ns3:cad>0</ns3:cad>
          </ns3:TrackPointExtension>
        </extensions>
      </trkpt>
      <trkpt lat="31.90566815435886383056640625" lon="118.86824958957731723785400390625">
        <ele>90.59999847412109375</ele>
        <time>2026-09-28T02:04:13.000Z</time>
        <extensions>
          <ns3:TrackPointExtension>
            <ns3:hr>72</ns3:hr>
            <ns3:cad>0</ns3:cad>
          </ns3:TrackPointExtension>
        </extensions>
      </trkpt>
      <trkpt lat="31.90569589845836162567138671875" lon="118.86825445108115673065185546875">
        <ele>90</ele>
        <time>2026-09-28T02:04:19.000Z</time>
        <extensions>
          <ns3:TrackPointExtension>
            <ns3:hr>72</ns3:hr>
            <ns3:cad>0</ns3:cad>
          </ns3:TrackPointExtension>
        </extensions>
      </trkpt>
      <trkpt lat="31.9057092256844043731689453125" lon="118.86825394816696643829345703125">
        <ele>89.1999969482421875</ele>
        <time>2026-09-28T02:04:24.000Z</time>
        <extensions>
          <ns3:TrackPointExtension>
            <ns3:hr>72</ns3:hr>
            <ns3:cad>0</ns3:cad>
          </ns3:TrackPointExtension>
        </extensions>
      </trkpt>
      <trkpt lat="31.90572070889174938201904296875" lon="118.86826031841337680816650390625">
        <ele>89.1999969482421875</ele>
        <time>2026-09-28T02:04:25.000Z</time>
        <extensions>
          <ns3:TrackPointExtension>
            <ns3:hr>72</ns3:hr>
            <ns3:cad>0</ns3:cad>
          </ns3:TrackPointExtension>
        </extensions>
      </trkpt>
      <trkpt lat="31.905736215412616729736328125" lon="118.86827507056295871734619140625">
        <ele>89</ele>
        <time>2026-09-28T02:04:31.000Z</time>
        <extensions>
          <ns3:TrackPointExtension>
            <ns3:hr>72</ns3:hr>
            <ns3:cad>0</ns3:cad>
          </ns3:TrackPointExtension>
        </extensions>
      </trkpt>
      <trkpt lat="31.90576337277889251708984375" lon="118.8682848773896694183349609375">
        <ele>88.59999847412109375</ele>
        <time>2026-09-28T02:04:36.000Z</time>
        <extensions>
          <ns3:TrackPointExtension>
            <ns3:hr>73</ns3:hr>
            <ns3:cad>0</ns3:cad>
          </ns3:TrackPointExtension>
        </extensions>
      </trkpt>
      <trkpt lat="31.9057920388877391815185546875" lon="118.868317566812038421630859375">
        <ele>88.59999847412109375</ele>
        <time>2026-09-28T02:04:44.000Z</time>
        <extensions>
          <ns3:TrackPointExtension>
            <ns3:hr>74</ns3:hr>
            <ns3:cad>69</ns3:cad>
          </ns3:TrackPointExtension>
        </extensions>
      </trkpt>
      <trkpt lat="31.90575876273214817047119140625" lon="118.86837565340101718902587890625">
        <ele>88.8000030517578125</ele>
        <time>2026-09-28T02:04:49.000Z</time>
        <extensions>
          <ns3:TrackPointExtension>
            <ns3:hr>77</ns3:hr>
            <ns3:cad>0</ns3:cad>
          </ns3:TrackPointExtension>
        </extensions>
      </trkpt>
      <trkpt lat="31.90578994341194629669189453125" lon="118.86843583546578884124755859375">
        <ele>88.59999847412109375</ele>
        <time>2026-09-28T02:05:00.000Z</time>
        <extensions>
          <ns3:TrackPointExtension>
            <ns3:hr>74</ns3:hr>
            <ns3:cad>0</ns3:cad>
          </ns3:TrackPointExtension>
        </extensions>
      </trkpt>
      <trkpt lat="31.9056944735348224639892578125" lon="118.868554271757602691650390625">
        <ele>88.59999847412109375</ele>
        <time>2026-09-28T02:05:13.000Z</time>
        <extensions>
          <ns3:TrackPointExtension>
            <ns3:hr>74</ns3:hr>
            <ns3:cad>0</ns3:cad>
          </ns3:TrackPointExtension>
        </extensions>
      </trkpt>
      <trkpt lat="31.9057856686413288116455078125" lon="118.86837062425911426544189453125">
        <ele>88.59999847412109375</ele>
        <time>2026-09-28T02:05:45.000Z</time>
        <extensions>
          <ns3:TrackPointExtension>
            <ns3:hr>76</ns3:hr>
            <ns3:cad>0</ns3:cad>
          </ns3:TrackPointExtension>
        </extensions>
      </trkpt>
      <trkpt lat="31.905781142413616180419921875" lon="118.86833692900836467742919921875">
        <ele>88.40000152587890625</ele>
        <time>2026-09-28T02:05:49.000Z</time>
        <extensions>
          <ns3:TrackPointExtension>
            <ns3:hr>77</ns3:hr>
            <ns3:cad>0</ns3:cad>
          </ns3:TrackPointExtension>
        </extensions>
      </trkpt>
      <trkpt lat="31.9057761132717132568359375" lon="118.86828563176095485687255859375">
        <ele>88.40000152587890625</ele>
        <time>2026-09-28T02:05:54.000Z</time>
        <extensions>
          <ns3:TrackPointExtension>
            <ns3:hr>76</ns3:hr>
            <ns3:cad>0</ns3:cad>
          </ns3:TrackPointExtension>
        </extensions>
      </trkpt>
      <trkpt lat="31.90577904693782329559326171875" lon="118.86827565729618072509765625">
        <ele>88.40000152587890625</ele>
        <time>2026-09-28T02:05:55.000Z</time>
        <extensions>
          <ns3:TrackPointExtension>
            <ns3:hr>76</ns3:hr>
            <ns3:cad>0</ns3:cad>
          </ns3:TrackPointExtension>
        </extensions>
      </trkpt>
      <trkpt lat="31.90578374080359935760498046875" lon="118.8682684488594532012939453125">
        <ele>88.1999969482421875</ele>
        <time>2026-09-28T02:05:56.000Z</time>
        <extensions>
          <ns3:TrackPointExtension>
            <ns3:hr>75</ns3:hr>
            <ns3:cad>0</ns3:cad>
          </ns3:TrackPointExtension>
        </extensions>
      </trkpt>
      <trkpt lat="31.905805282294750213623046875" lon="118.86825813911855220794677734375">
        <ele>88.1999969482421875</ele>
        <time>2026-09-28T02:06:01.000Z</time>
        <extensions>
          <ns3:TrackPointExtension>
            <ns3:hr>74</ns3:hr>
            <ns3:cad>0</ns3:cad>
          </ns3:TrackPointExtension>
        </extensions>
      </trkpt>
      <trkpt lat="31.9058131612837314605712890625" lon="118.86827071197330951690673828125">
        <ele>88.40000152587890625</ele>
        <time>2026-09-28T02:06:07.000Z</time>
        <extensions>
          <ns3:TrackPointExtension>
            <ns3:hr>75</ns3:hr>
            <ns3:cad>0</ns3:cad>
          </ns3:TrackPointExtension>
        </extensions>
      </trkpt>
      <trkpt lat="31.905771084129810333251953125" lon="118.86827507056295871734619140625">
        <ele>88.40000152587890625</ele>
        <time>2026-09-28T02:06:15.000Z</time>
        <extensions>
          <ns3:TrackPointExtension>
            <ns3:hr>72</ns3:hr>
            <ns3:cad>0</ns3:cad>
          </ns3:TrackPointExtension>
        </extensions>
      </trkpt>
      <trkpt lat="31.9057642109692096710205078125" lon="118.86827699840068817138671875">
        <ele>88.40000152587890625</ele>
        <time>2026-09-28T02:06:16.000Z</time>
        <extensions>
          <ns3:TrackPointExtension>
            <ns3:hr>71</ns3:hr>
            <ns3:cad>0</ns3:cad>
          </ns3:TrackPointExtension>
        </extensions>
      </trkpt>
      <trkpt lat="31.9057551585137844085693359375" lon="118.86828931979835033416748046875">
        <ele>88.1999969482421875</ele>
        <time>2026-09-28T02:06:24.000Z</time>
        <extensions>
          <ns3:TrackPointExtension>
            <ns3:hr>72</ns3:hr>
            <ns3:cad>0</ns3:cad>
          </ns3:TrackPointExtension>
        </extensions>
      </trkpt>
      <trkpt lat="31.90576513297855854034423828125" lon="118.8682878948748111724853515625">
        <ele>88.1999969482421875</ele>
        <time>2026-09-28T02:06:37.000Z</time>
        <extensions>
          <ns3:TrackPointExtension>
            <ns3:hr>70</ns3:hr>
            <ns3:cad>0</ns3:cad>
          </ns3:TrackPointExtension>
        </extensions>
      </trkpt>
      <trkpt lat="31.90573252737522125244140625" lon="118.86828370392322540283203125">
        <ele>88</ele>
        <time>2026-09-28T02:06:44.000Z</time>
        <extensions>
          <ns3:TrackPointExtension>
            <ns3:hr>67</ns3:hr>
            <ns3:cad>0</ns3:cad>
          </ns3:TrackPointExtension>
        </extensions>
      </trkpt>
      <trkpt lat="31.9057206250727176666259765625" lon="118.86828278191387653350830078125">
        <ele>88.1999969482421875</ele>
        <time>2026-09-28T02:06:46.000Z</time>
        <extensions>
          <ns3:TrackPointExtension>
            <ns3:hr>67</ns3:hr>
            <ns3:cad>0</ns3:cad>
          </ns3:TrackPointExtension>
        </extensions>
      </trkpt>
      <trkpt lat="31.905685923993587493896484375" lon="118.86827842332422733306884765625">
        <ele>89</ele>
        <time>2026-09-28T02:06:52.000Z</time>
        <extensions>
          <ns3:TrackPointExtension>
            <ns3:hr>68</ns3:hr>
            <ns3:cad>43</ns3:cad>
          </ns3:TrackPointExtension>
        </extensions>
      </trkpt>
      <trkpt lat="31.90567410551011562347412109375" lon="118.86827356182038784027099609375">
        <ele>89.1999969482421875</ele>
        <time>2026-09-28T02:06:54.000Z</time>
        <extensions>
          <ns3:TrackPointExtension>
            <ns3:hr>69</ns3:hr>
            <ns3:cad>43</ns3:cad>
          </ns3:TrackPointExtension>
        </extensions>
      </trkpt>
      <trkpt lat="31.9056562520563602447509765625" lon="118.86827171780169010162353515625">
        <ele>89.8000030517578125</ele>
        <time>2026-09-28T02:06:57.000Z</time>
        <extensions>
          <ns3:TrackPointExtension>
            <ns3:hr>72</ns3:hr>
            <ns3:cad>45</ns3:cad>
          </ns3:TrackPointExtension>
        </extensions>
      </trkpt>
      <trkpt lat="31.90563596785068511962890625" lon="118.86826819740235805511474609375">
        <ele>90</ele>
        <time>2026-09-28T02:06:59.000Z</time>
        <extensions>
          <ns3:TrackPointExtension>
            <ns3:hr>73</ns3:hr>
            <ns3:cad>43</ns3:cad>
          </ns3:TrackPointExtension>
        </extensions>
      </trkpt>
      <trkpt lat="31.905609481036663055419921875" lon="118.86825948022305965423583984375">
        <ele>90.1999969482421875</ele>
        <time>2026-09-28T02:07:03.000Z</time>
        <extensions>
          <ns3:TrackPointExtension>
            <ns3:hr>76</ns3:hr>
            <ns3:cad>79</ns3:cad>
          </ns3:TrackPointExtension>
        </extensions>
      </trkpt>
      <trkpt lat="31.9056012667715549468994140625" lon="118.8682540319859981536865234375">
        <ele>90.40000152587890625</ele>
        <time>2026-09-28T02:07:04.000Z</time>
        <extensions>
          <ns3:TrackPointExtension>
            <ns3:hr>76</ns3:hr>
            <ns3:cad>79</ns3:cad>
          </ns3:TrackPointExtension>
        </extensions>
      </trkpt>
      <trkpt lat="31.90559514798223972320556640625" lon="118.8682526908814907073974609375">
        <ele>90.59999847412109375</ele>
        <time>2026-09-28T02:07:05.000Z</time>
        <extensions>
          <ns3:TrackPointExtension>
            <ns3:hr>77</ns3:hr>
            <ns3:cad>79</ns3:cad>
          </ns3:TrackPointExtension>
        </extensions>
      </trkpt>
      <trkpt lat="31.9055771268904209136962890625" lon="118.8682500086724758148193359375">
        <ele>90.59999847412109375</ele>
        <time>2026-09-28T02:07:09.000Z</time>
        <extensions>
          <ns3:TrackPointExtension>
            <ns3:hr>80</ns3:hr>
            <ns3:cad>0</ns3:cad>
          </ns3:TrackPointExtension>
        </extensions>
      </trkpt>
      <trkpt lat="31.9055533222854137420654296875" lon="118.8682443089783191680908203125">
        <ele>90.8000030517578125</ele>
        <time>2026-09-28T02:07:12.000Z</time>
        <extensions>
          <ns3:TrackPointExtension>
            <ns3:hr>82</ns3:hr>
            <ns3:cad>75</ns3:cad>
          </ns3:TrackPointExtension>
        </extensions>
      </trkpt>
      <trkpt lat="31.9055067189037799835205078125" lon="118.86823785491287708282470703125">
        <ele>90.40000152587890625</ele>
        <time>2026-09-28T02:07:20.000Z</time>
        <extensions>
          <ns3:TrackPointExtension>
            <ns3:hr>85</ns3:hr>
            <ns3:cad>42</ns3:cad>
          </ns3:TrackPointExtension>
        </extensions>
      </trkpt>
      <trkpt lat="31.90545248799026012420654296875" lon="118.868240453302860260009765625">
        <ele>90.1999969482421875</ele>
        <time>2026-09-28T02:07:27.000Z</time>
        <extensions>
          <ns3:TrackPointExtension>
            <ns3:hr>86</ns3:hr>
            <ns3:cad>0</ns3:cad>
          </ns3:TrackPointExtension>
        </extensions>
      </trkpt>
      <trkpt lat="31.9054272584617137908935546875" lon="118.86817507445812225341796875">
        <ele>89.40000152587890625</ele>
        <time>2026-09-28T02:07:35.000Z</time>
        <extensions>
          <ns3:TrackPointExtension>
            <ns3:hr>88</ns3:hr>
            <ns3:cad>50</ns3:cad>
          </ns3:TrackPointExtension>
        </extensions>
      </trkpt>
      <trkpt lat="31.9054265879094600677490234375" lon="118.86817038059234619140625">
        <ele>89.40000152587890625</ele>
        <time>2026-09-28T02:07:36.000Z</time>
        <extensions>
          <ns3:TrackPointExtension>
            <ns3:hr>87</ns3:hr>
            <ns3:cad>49</ns3:cad>
          </ns3:TrackPointExtension>
        </extensions>
      </trkpt>
      <trkpt lat="31.905412338674068450927734375" lon="118.8681368529796600341796875">
        <ele>88.8000030517578125</ele>
        <time>2026-09-28T02:07:41.000Z</time>
        <extensions>
          <ns3:TrackPointExtension>
            <ns3:hr>85</ns3:hr>
            <ns3:cad>48</ns3:cad>
          </ns3:TrackPointExtension>
        </extensions>
      </trkpt>
      <trkpt lat="31.90539834089577198028564453125" lon="118.86809217743575572967529296875">
        <ele>88.40000152587890625</ele>
        <time>2026-09-28T02:07:48.000Z</time>
        <extensions>
          <ns3:TrackPointExtension>
            <ns3:hr>84</ns3:hr>
            <ns3:cad>46</ns3:cad>
          </ns3:TrackPointExtension>
        </extensions>
      </trkpt>
      <trkpt lat="31.905398257076740264892578125" lon="118.8680743239820003509521484375">
        <ele>88.1999969482421875</ele>
        <time>2026-09-28T02:07:50.000Z</time>
        <extensions>
          <ns3:TrackPointExtension>
            <ns3:hr>84</ns3:hr>
            <ns3:cad>46</ns3:cad>
          </ns3:TrackPointExtension>
        </extensions>
      </trkpt>
      <trkpt lat="31.90538392402231693267822265625" lon="118.86799830012023448944091796875">
        <ele>87.59999847412109375</ele>
        <time>2026-09-28T02:07:58.000Z</time>
        <extensions>
          <ns3:TrackPointExtension>
            <ns3:hr>82</ns3:hr>
            <ns3:cad>50</ns3:cad>
          </ns3:TrackPointExtension>
        </extensions>
      </trkpt>
      <trkpt lat="31.9053804874420166015625" lon="118.86797114275395870208740234375">
        <ele>87.1999969482421875</ele>
        <time>2026-09-28T02:08:01.000Z</time>
        <extensions>
          <ns3:TrackPointExtension>
            <ns3:hr>82</ns3:hr>
            <ns3:cad>50</ns3:cad>
          </ns3:TrackPointExtension>
        </extensions>
      </trkpt>
      <trkpt lat="31.90537068061530590057373046875" lon="118.86793945915997028350830078125">
        <ele>87</ele>
        <time>2026-09-28T02:08:04.000Z</time>
        <extensions>
          <ns3:TrackPointExtension>
            <ns3:hr>81</ns3:hr>
            <ns3:cad>50</ns3:cad>
          </ns3:TrackPointExtension>
        </extensions>
      </trkpt>
      <trkpt lat="31.90536716021597385406494140625" lon="118.86785731650888919830322265625">
        <ele>86.59999847412109375</ele>
        <time>2026-09-28T02:08:12.000Z</time>
        <extensions>
          <ns3:TrackPointExtension>
            <ns3:hr>80</ns3:hr>
            <ns3:cad>49</ns3:cad>
          </ns3:TrackPointExtension>
        </extensions>
      </trkpt>
      <trkpt lat="31.9053327105939388275146484375" lon="118.86782261542975902557373046875">
        <ele>87.1999969482421875</ele>
        <time>2026-09-28T02:08:20.000Z</time>
        <extensions>
          <ns3:TrackPointExtension>
            <ns3:hr>80</ns3:hr>
            <ns3:cad>51</ns3:cad>
          </ns3:TrackPointExtension>
        </extensions>
      </trkpt>
      <trkpt lat="31.9052986800670623779296875" lon="118.867719434201717376708984375">
        <ele>86.40000152587890625</ele>
        <time>2026-09-28T02:08:27.000Z</time>
        <extensions>
          <ns3:TrackPointExtension>
            <ns3:hr>80</ns3:hr>
            <ns3:cad>49</ns3:cad>
          </ns3:TrackPointExtension>
        </extensions>
      </trkpt>
      <trkpt lat="31.90530337393283843994140625" lon="118.86766034178435802459716796875">
        <ele>86.40000152587890625</ele>
        <time>2026-09-28T02:08:31.000Z</time>
        <extensions>
          <ns3:TrackPointExtension>
            <ns3:hr>77</ns3:hr>
            <ns3:cad>50</ns3:cad>
          </ns3:TrackPointExtension>
        </extensions>
      </trkpt>
      <trkpt lat="31.90529507584869861602783203125" lon="118.86763687245547771453857421875">
        <ele>86.40000152587890625</ele>
        <time>2026-09-28T02:08:34.000Z</time>
        <extensions>
          <ns3:TrackPointExtension>
            <ns3:hr>75</ns3:hr>
            <ns3:cad>49</ns3:cad>
          </ns3:TrackPointExtension>
        </extensions>
      </trkpt>
      <trkpt lat="31.90531804226338863372802734375" lon="118.86760250665247440338134765625">
        <ele>86.1999969482421875</ele>
        <time>2026-09-28T02:08:36.000Z</time>
        <extensions>
          <ns3:TrackPointExtension>
            <ns3:hr>75</ns3:hr>
            <ns3:cad>49</ns3:cad>
          </ns3:TrackPointExtension>
        </extensions>
      </trkpt>
      <trkpt lat="31.90533966757357120513916015625" lon="118.86756964959204196929931640625">
        <ele>86.1999969482421875</ele>
        <time>2026-09-28T02:08:38.000Z</time>
        <extensions>
          <ns3:TrackPointExtension>
            <ns3:hr>75</ns3:hr>
            <ns3:cad>51</ns3:cad>
          </ns3:TrackPointExtension>
        </extensions>
      </trkpt>
      <trkpt lat="31.90535693429410457611083984375" lon="118.8675331883132457733154296875">
        <ele>86</ele>
        <time>2026-09-28T02:08:42.000Z</time>
        <extensions>
          <ns3:TrackPointExtension>
            <ns3:hr>75</ns3:hr>
            <ns3:cad>50</ns3:cad>
          </ns3:TrackPointExtension>
        </extensions>
      </trkpt>
      <trkpt lat="31.9053327105939388275146484375" lon="118.86749245226383209228515625">
        <ele>86</ele>
        <time>2026-09-28T02:08:49.000Z</time>
        <extensions>
          <ns3:TrackPointExtension>
            <ns3:hr>75</ns3:hr>
            <ns3:cad>50</ns3:cad>
          </ns3:TrackPointExtension>
        </extensions>
      </trkpt>
      <trkpt lat="31.90533380024135112762451171875" lon="118.86740385554730892181396484375">
        <ele>85.40000152587890625</ele>
        <time>2026-09-28T02:08:57.000Z</time>
        <extensions>
          <ns3:TrackPointExtension>
            <ns3:hr>74</ns3:hr>
            <ns3:cad>49</ns3:cad>
          </ns3:TrackPointExtension>
        </extensions>
      </trkpt>
      <trkpt lat="31.905340254306793212890625" lon="118.86737845838069915771484375">
        <ele>85.1999969482421875</ele>
        <time>2026-09-28T02:09:00.000Z</time>
        <extensions>
          <ns3:TrackPointExtension>
            <ns3:hr>73</ns3:hr>
            <ns3:cad>51</ns3:cad>
          </ns3:TrackPointExtension>
        </extensions>
      </trkpt>
      <trkpt lat="31.90535794012248516082763671875" lon="118.8673340342938899993896484375">
        <ele>85</ele>
        <time>2026-09-28T02:09:05.000Z</time>
        <extensions>
          <ns3:TrackPointExtension>
            <ns3:hr>71</ns3:hr>
            <ns3:cad>49</ns3:cad>
          </ns3:TrackPointExtension>
        </extensions>
      </trkpt>
      <trkpt lat="31.9053590297698974609375" lon="118.86732942424714565277099609375">
        <ele>85.1999969482421875</ele>
        <time>2026-09-28T02:09:11.000Z</time>
        <extensions>
          <ns3:TrackPointExtension>
            <ns3:hr>71</ns3:hr>
            <ns3:cad>0</ns3:cad>
          </ns3:TrackPointExtension>
        </extensions>
      </trkpt>
      <trkpt lat="31.90534151159226894378662109375" lon="118.8672954775393009185791015625">
        <ele>85</ele>
        <time>2026-09-28T02:09:20.000Z</time>
        <extensions>
          <ns3:TrackPointExtension>
            <ns3:hr>72</ns3:hr>
            <ns3:cad>0</ns3:cad>
          </ns3:TrackPointExtension>
        </extensions>
      </trkpt>
      <trkpt lat="31.9053015299141407012939453125" lon="118.86726756580173969268798828125">
        <ele>85.40000152587890625</ele>
        <time>2026-09-28T02:09:26.000Z</time>
        <extensions>
          <ns3:TrackPointExtension>
            <ns3:hr>72</ns3:hr>
            <ns3:cad>45</ns3:cad>
          </ns3:TrackPointExtension>
        </extensions>
      </trkpt>
      <trkpt lat="31.905260123312473297119140625" lon="118.86723387055099010467529296875">
        <ele>85.59999847412109375</ele>
        <time>2026-09-28T02:09:32.000Z</time>
        <extensions>
          <ns3:TrackPointExtension>
            <ns3:hr>72</ns3:hr>
            <ns3:cad>0</ns3:cad>
          </ns3:TrackPointExtension>
        </extensions>
      </trkpt>
      <trkpt lat="31.90522667951881885528564453125" lon="118.86719548143446445465087890625">
        <ele>85.40000152587890625</ele>
        <time>2026-09-28T02:09:40.000Z</time>
        <extensions>
          <ns3:TrackPointExtension>
            <ns3:hr>73</ns3:hr>
            <ns3:cad>0</ns3:cad>
          </ns3:TrackPointExtension>
        </extensions>
      </trkpt>
      <trkpt lat="31.90523606725037097930908203125" lon="118.86719405651092529296875">
        <ele>86</ele>
        <time>2026-09-28T02:09:46.000Z</time>
        <extensions>
          <ns3:TrackPointExtension>
            <ns3:hr>76</ns3:hr>
            <ns3:cad>55</ns3:cad>
          </ns3:TrackPointExtension>
        </extensions>
      </trkpt>
      <trkpt lat="31.90523455850780010223388671875" lon="118.86719204485416412353515625">
        <ele>85.8000030517578125</ele>
        <time>2026-09-28T02:09:48.000Z</time>
        <extensions>
          <ns3:TrackPointExtension>
            <ns3:hr>77</ns3:hr>
            <ns3:cad>0</ns3:cad>
          </ns3:TrackPointExtension>
        </extensions>
      </trkpt>
      <trkpt lat="31.9052289426326751708984375" lon="118.86720436625182628631591796875">
        <ele>85.8000030517578125</ele>
        <time>2026-09-28T02:09:56.000Z</time>
        <extensions>
          <ns3:TrackPointExtension>
            <ns3:hr>77</ns3:hr>
            <ns3:cad>0</ns3:cad>
          </ns3:TrackPointExtension>
        </extensions>
      </trkpt>
      <trkpt lat="31.9052103348076343536376953125" lon="118.86718274094164371490478515625">
        <ele>85.40000152587890625</ele>
        <time>2026-09-28T02:10:02.000Z</time>
        <extensions>
          <ns3:TrackPointExtension>
            <ns3:hr>77</ns3:hr>
            <ns3:cad>0</ns3:cad>
          </ns3:TrackPointExtension>
        </extensions>
      </trkpt>
      <trkpt lat="31.9051902182400226593017578125" lon="118.8671647198498249053955078125">
        <ele>85.40000152587890625</ele>
        <time>2026-09-28T02:10:09.000Z</time>
        <extensions>
          <ns3:TrackPointExtension>
            <ns3:hr>80</ns3:hr>
            <ns3:cad>0</ns3:cad>
          </ns3:TrackPointExtension>
        </extensions>
      </trkpt>
      <trkpt lat="31.9051892124116420745849609375" lon="118.86715357191860675811767578125">
        <ele>85.1999969482421875</ele>
        <time>2026-09-28T02:10:18.000Z</time>
        <extensions>
          <ns3:TrackPointExtension>
            <ns3:hr>79</ns3:hr>
            <ns3:cad>0</ns3:cad>
          </ns3:TrackPointExtension>
        </extensions>
      </trkpt>
      <trkpt lat="31.9051860272884368896484375" lon="118.867139406502246856689453125">
        <ele>85.40000152587890625</ele>
        <time>2026-09-28T02:10:26.000Z</time>
        <extensions>
          <ns3:TrackPointExtension>
            <ns3:hr>78</ns3:hr>
            <ns3:cad>0</ns3:cad>
          </ns3:TrackPointExtension>
        </extensions>
      </trkpt>
      <trkpt lat="31.905200444161891937255859375" lon="118.86712993495166301727294921875">
        <ele>85.1999969482421875</ele>
        <time>2026-09-28T02:10:33.000Z</time>
        <extensions>
          <ns3:TrackPointExtension>
            <ns3:hr>74</ns3:hr>
            <ns3:cad>0</ns3:cad>
          </ns3:TrackPointExtension>
        </extensions>
      </trkpt>
      <trkpt lat="31.90520773641765117645263671875" lon="118.8671301864087581634521484375">
        <ele>85.1999969482421875</ele>
        <time>2026-09-28T02:10:36.000Z</time>
        <extensions>
          <ns3:TrackPointExtension>
            <ns3:hr>73</ns3:hr>
            <ns3:cad>0</ns3:cad>
          </ns3:TrackPointExtension>
        </extensions>
      </trkpt>
      <trkpt lat="31.90521528013050556182861328125" lon="118.8671392388641834259033203125">
        <ele>85.1999969482421875</ele>
        <time>2026-09-28T02:10:40.000Z</time>
        <extensions>
          <ns3:TrackPointExtension>
            <ns3:hr>70</ns3:hr>
            <ns3:cad>0</ns3:cad>
          </ns3:TrackPointExtension>
        </extensions>
      </trkpt>
      <trkpt lat="31.90523204393684864044189453125" lon="118.8671446032822132110595703125">
        <ele>85.1999969482421875</ele>
        <time>2026-09-28T02:10:47.000Z</time>
        <extensions>
          <ns3:TrackPointExtension>
            <ns3:hr>72</ns3:hr>
            <ns3:cad>0</ns3:cad>
          </ns3:TrackPointExtension>
        </extensions>
      </trkpt>
      <trkpt lat="31.9052428565919399261474609375" lon="118.86714602820575237274169921875">
        <ele>85.1999969482421875</ele>
        <time>2026-09-28T02:10:55.000Z</time>
        <extensions>
          <ns3:TrackPointExtension>
            <ns3:hr>75</ns3:hr>
            <ns3:cad>0</ns3:cad>
          </ns3:TrackPointExtension>
        </extensions>
      </trkpt>
      <trkpt lat="31.90526037476956844329833984375" lon="118.86711585335433483123779296875">
        <ele>85</ele>
        <time>2026-09-28T02:11:03.000Z</time>
        <extensions>
          <ns3:TrackPointExtension>
            <ns3:hr>73</ns3:hr>
            <ns3:cad>0</ns3:cad>
          </ns3:TrackPointExtension>
        </extensions>
      </trkpt>
      <trkpt lat="31.90524947829544544219970703125" lon="118.867122642695903778076171875">
        <ele>84.8000030517578125</ele>
        <time>2026-09-28T02:11:20.000Z</time>
        <extensions>
          <ns3:TrackPointExtension>
            <ns3:hr>72</ns3:hr>
            <ns3:cad>0</ns3:cad>
          </ns3:TrackPointExtension>
        </extensions>
      </trkpt>
      <trkpt lat="31.90519231371581554412841796875" lon="118.86713898740708827972412109375">
        <ele>84.8000030517578125</ele>
        <time>2026-09-28T02:11:28.000Z</time>
        <extensions>
          <ns3:TrackPointExtension>
            <ns3:hr>74</ns3:hr>
            <ns3:cad>0</ns3:cad>
          </ns3:TrackPointExtension>
        </extensions>
      </trkpt>
      <trkpt lat="31.90519650466740131378173828125" lon="118.86714116670191287994384765625">
        <ele>84.8000030517578125</ele>
        <time>2026-09-28T02:11:32.000Z</time>
        <extensions>
          <ns3:TrackPointExtension>
            <ns3:hr>77</ns3:hr>
            <ns3:cad>0</ns3:cad>
          </ns3:TrackPointExtension>
        </extensions>
      </trkpt>
      <trkpt lat="31.90519583411514759063720703125" lon="118.8671395741403102874755859375">
        <ele>84.8000030517578125</ele>
        <time>2026-09-28T02:11:40.000Z</time>
        <extensions>
          <ns3:TrackPointExtension>
            <ns3:hr>78</ns3:hr>
            <ns3:cad>0</ns3:cad>
          </ns3:TrackPointExtension>
        </extensions>
      </trkpt>
      <trkpt lat="31.90517999231815338134765625" lon="118.86712842620909214019775390625">
        <ele>84.8000030517578125</ele>
        <time>2026-09-28T02:11:47.000Z</time>
        <extensions>
          <ns3:TrackPointExtension>
            <ns3:hr>81</ns3:hr>
            <ns3:cad>0</ns3:cad>
          </ns3:TrackPointExtension>
        </extensions>
      </trkpt>
      <trkpt lat="31.90518644638359546661376953125" lon="118.8671264983713626861572265625">
        <ele>84.8000030517578125</ele>
        <time>2026-09-28T02:11:54.000Z</time>
        <extensions>
          <ns3:TrackPointExtension>
            <ns3:hr>80</ns3:hr>
            <ns3:cad>0</ns3:cad>
          </ns3:TrackPointExtension>
        </extensions>
      </trkpt>
      <trkpt lat="31.90518644638359546661376953125" lon="118.8671264983713626861572265625">
        <ele>84.8000030517578125</ele>
        <time>2026-09-28T02:11:56.000Z</time>
        <extensions>
          <ns3:TrackPointExtension>
            <ns3:hr>76</ns3:hr>
            <ns3:cad>0</ns3:cad>
          </ns3:TrackPointExtension>
        </extensions>
      </trkpt>
      <trkpt lat="31.90518644638359546661376953125" lon="118.8671264983713626861572265625">
        <ele>84.8000030517578125</ele>
        <time>2026-09-28T02:11:59.000Z</time>
        <extensions>
          <ns3:TrackPointExtension>
            <ns3:hr>73</ns3:hr>
            <ns3:cad>0</ns3:cad>
          </ns3:TrackPointExtension>
        </extensions>
      </trkpt>
      <trkpt lat="31.9051751308143138885498046875" lon="118.8671378977596759796142578125">
        <ele>84.59999847412109375</ele>
        <time>2026-09-28T02:12:11.000Z</time>
        <extensions>
          <ns3:TrackPointExtension>
            <ns3:hr>72</ns3:hr>
            <ns3:cad>0</ns3:cad>
          </ns3:TrackPointExtension>
        </extensions>
      </trkpt>
      <trkpt lat="31.90517957322299480438232421875" lon="118.86713831685483455657958984375">
        <ele>84.40000152587890625</ele>
        <time>2026-09-28T02:12:21.000Z</time>
        <extensions>
          <ns3:TrackPointExtension>
            <ns3:hr>70</ns3:hr>
            <ns3:cad>0</ns3:cad>
          </ns3:TrackPointExtension>
        </extensions>
      </trkpt>
      <trkpt lat="31.9051818363368511199951171875" lon="118.867137394845485687255859375">
        <ele>84.1999969482421875</ele>
        <time>2026-09-28T02:12:23.000Z</time>
        <extensions>
          <ns3:TrackPointExtension>
            <ns3:hr>72</ns3:hr>
            <ns3:cad>0</ns3:cad>
          </ns3:TrackPointExtension>
        </extensions>
      </trkpt>
      <trkpt lat="31.90518275834619998931884765625" lon="118.8671332038938999176025390625">
        <ele>84.59999847412109375</ele>
        <time>2026-09-28T02:12:30.000Z</time>
        <extensions>
          <ns3:TrackPointExtension>
            <ns3:hr>72</ns3:hr>
            <ns3:cad>0</ns3:cad>
          </ns3:TrackPointExtension>
        </extensions>
      </trkpt>
      <trkpt lat="31.90518963150680065155029296875" lon="118.86712658219039440155029296875">
        <ele>84.1999969482421875</ele>
        <time>2026-09-28T02:12:41.000Z</time>
        <extensions>
          <ns3:TrackPointExtension>
            <ns3:hr>73</ns3:hr>
            <ns3:cad>0</ns3:cad>
          </ns3:TrackPointExtension>
        </extensions>
      </trkpt>
      <trkpt lat="31.90519742667675018310546875" lon="118.86714653111994266510009765625">
        <ele>84.59999847412109375</ele>
        <time>2026-09-28T02:12:48.000Z</time>
        <extensions>
          <ns3:TrackPointExtension>
            <ns3:hr>75</ns3:hr>
            <ns3:cad>0</ns3:cad>
          </ns3:TrackPointExtension>
        </extensions>
      </trkpt>
      <trkpt lat="31.90520471893250942230224609375" lon="118.86714854277670383453369140625">
        <ele>84.40000152587890625</ele>
        <time>2026-09-28T02:12:54.000Z</time>
        <extensions>
          <ns3:TrackPointExtension>
            <ns3:hr>78</ns3:hr>
            <ns3:cad>0</ns3:cad>
          </ns3:TrackPointExtension>
        </extensions>
      </trkpt>
      <trkpt lat="31.90520547330379486083984375" lon="118.86715441010892391204833984375">
        <ele>84.40000152587890625</ele>
        <time>2026-09-28T02:12:55.000Z</time>
        <extensions>
          <ns3:TrackPointExtension>
            <ns3:hr>78</ns3:hr>
            <ns3:cad>0</ns3:cad>
          </ns3:TrackPointExtension>
        </extensions>
      </trkpt>
      <trkpt lat="31.90520622767508029937744140625" lon="118.86715742759406566619873046875">
        <ele>84.1999969482421875</ele>
        <time>2026-09-28T02:12:57.000Z</time>
        <extensions>
          <ns3:TrackPointExtension>
            <ns3:hr>81</ns3:hr>
            <ns3:cad>0</ns3:cad>
          </ns3:TrackPointExtension>
        </extensions>
      </trkpt>
      <trkpt lat="31.90520815551280975341796875" lon="118.867154829204082489013671875">
        <ele>84.1999969482421875</ele>
        <time>2026-09-28T02:13:01.000Z</time>
        <extensions>
          <ns3:TrackPointExtension>
            <ns3:hr>84</ns3:hr>
            <ns3:cad>0</ns3:cad>
          </ns3:TrackPointExtension>
        </extensions>
      </trkpt>
      <trkpt lat="31.90522986464202404022216796875" lon="118.8671912066638469696044921875">
        <ele>84.1999969482421875</ele>
        <time>2026-09-28T02:13:11.000Z</time>
        <extensions>
          <ns3:TrackPointExtension>
            <ns3:hr>82</ns3:hr>
            <ns3:cad>0</ns3:cad>
          </ns3:TrackPointExtension>
        </extensions>
      </trkpt>
      <trkpt lat="31.90525433979928493499755859375" lon="118.8672270812094211578369140625">
        <ele>84.1999969482421875</ele>
        <time>2026-09-28T02:13:17.000Z</time>
        <extensions>
          <ns3:TrackPointExtension>
            <ns3:hr>79</ns3:hr>
            <ns3:cad>0</ns3:cad>
          </ns3:TrackPointExtension>
        </extensions>
      </trkpt>
      <trkpt lat="31.9052649848163127899169921875" lon="118.8672398217022418975830078125">
        <ele>84.1999969482421875</ele>
        <time>2026-09-28T02:13:19.000Z</time>
        <extensions>
          <ns3:TrackPointExtension>
            <ns3:hr>78</ns3:hr>
            <ns3:cad>0</ns3:cad>
          </ns3:TrackPointExtension>
        </extensions>
      </trkpt>
      <trkpt lat="31.9053206406533718109130859375" lon="118.86728567071259021759033203125">
        <ele>83.59999847412109375</ele>
        <time>2026-09-28T02:13:29.000Z</time>
        <extensions>
          <ns3:TrackPointExtension>
            <ns3:hr>78</ns3:hr>
            <ns3:cad>46</ns3:cad>
          </ns3:TrackPointExtension>
        </extensions>
      </trkpt>
      <trkpt lat="31.9053404219448566436767578125" lon="118.867308385670185089111328125">
        <ele>83.1999969482421875</ele>
        <time>2026-09-28T02:13:33.000Z</time>
        <extensions>
          <ns3:TrackPointExtension>
            <ns3:hr>78</ns3:hr>
            <ns3:cad>47</ns3:cad>
          </ns3:TrackPointExtension>
        </extensions>
      </trkpt>
      <trkpt lat="31.9053695909678936004638671875" lon="118.86733059771358966827392578125">
        <ele>83</ele>
        <time>2026-09-28T02:13:38.000Z</time>
        <extensions>
          <ns3:TrackPointExtension>
            <ns3:hr>78</ns3:hr>
            <ns3:cad>46</ns3:cad>
          </ns3:TrackPointExtension>
        </extensions>
      </trkpt>
      <trkpt lat="31.9054011069238185882568359375" lon="118.86733965016901493072509765625">
        <ele>82.40000152587890625</ele>
        <time>2026-09-28T02:13:46.000Z</time>
        <extensions>
          <ns3:TrackPointExtension>
            <ns3:hr>77</ns3:hr>
            <ns3:cad>0</ns3:cad>
          </ns3:TrackPointExtension>
        </extensions>
      </trkpt>
      <trkpt lat="31.90542164258658885955810546875" lon="118.86734853498637676239013671875">
        <ele>82.59999847412109375</ele>
        <time>2026-09-28T02:13:50.000Z</time>
        <extensions>
          <ns3:TrackPointExtension>
            <ns3:hr>74</ns3:hr>
            <ns3:cad>0</ns3:cad>
          </ns3:TrackPointExtension>
        </extensions>
      </trkpt>
      <trkpt lat="31.90544310025870800018310546875" lon="118.86737938039004802703857421875">
        <ele>82.1999969482421875</ele>
        <time>2026-09-28T02:13:56.000Z</time>
        <extensions>
          <ns3:TrackPointExtension>
            <ns3:hr>75</ns3:hr>
            <ns3:cad>47</ns3:cad>
          </ns3:TrackPointExtension>
        </extensions>
      </trkpt>
      <trkpt lat="31.90544779412448406219482421875" lon="118.86738357134163379669189453125">
        <ele>82.1999969482421875</ele>
        <time>2026-09-28T02:13:57.000Z</time>
        <extensions>
          <ns3:TrackPointExtension>
            <ns3:hr>74</ns3:hr>
            <ns3:cad>47</ns3:cad>
          </ns3:TrackPointExtension>
        </extensions>
      </trkpt>
      <trkpt lat="31.90549171529710292816162109375" lon="118.8674195297062397003173828125">
        <ele>81.40000152587890625</ele>
        <time>2026-09-28T02:14:05.000Z</time>
        <extensions>
          <ns3:TrackPointExtension>
            <ns3:hr>73</ns3:hr>
            <ns3:cad>49</ns3:cad>
          </ns3:TrackPointExtension>
        </extensions>
      </trkpt>
      <trkpt lat="31.9055087305605411529541015625" lon="118.86742833070456981658935546875">
        <ele>81.1999969482421875</ele>
        <time>2026-09-28T02:14:13.000Z</time>
        <extensions>
          <ns3:TrackPointExtension>
            <ns3:hr>74</ns3:hr>
            <ns3:cad>0</ns3:cad>
          </ns3:TrackPointExtension>
        </extensions>
      </trkpt>
      <trkpt lat="31.90555558539927005767822265625" lon="118.8674688152968883514404296875">
        <ele>80.8000030517578125</ele>
        <time>2026-09-28T02:14:21.000Z</time>
        <extensions>
          <ns3:TrackPointExtension>
            <ns3:hr>75</ns3:hr>
            <ns3:cad>0</ns3:cad>
          </ns3:TrackPointExtension>
        </extensions>
      </trkpt>
      <trkpt lat="31.90561174415051937103271484375" lon="118.86752472259104251861572265625">
        <ele>80.1999969482421875</ele>
        <time>2026-09-28T02:14:32.000Z</time>
        <extensions>
          <ns3:TrackPointExtension>
            <ns3:hr>75</ns3:hr>
            <ns3:cad>0</ns3:cad>
          </ns3:TrackPointExtension>
        </extensions>
      </trkpt>
      <trkpt lat="31.90561878494918346405029296875" lon="118.86753243394196033477783203125">
        <ele>80</ele>
        <time>2026-09-28T02:14:33.000Z</time>
        <extensions>
          <ns3:TrackPointExtension>
            <ns3:hr>74</ns3:hr>
            <ns3:cad>0</ns3:cad>
          </ns3:TrackPointExtension>
        </extensions>
      </trkpt>
      <trkpt lat="31.905663795769214630126953125" lon="118.86756981723010540008544921875">
        <ele>79.8000030517578125</ele>
        <time>2026-09-28T02:14:40.000Z</time>
        <extensions>
          <ns3:TrackPointExtension>
            <ns3:hr>71</ns3:hr>
            <ns3:cad>0</ns3:cad>
          </ns3:TrackPointExtension>
        </extensions>
      </trkpt>
      <trkpt lat="31.905676536262035369873046875" lon="118.86757534928619861602783203125">
        <ele>79.59999847412109375</ele>
        <time>2026-09-28T02:14:42.000Z</time>
        <extensions>
          <ns3:TrackPointExtension>
            <ns3:hr>71</ns3:hr>
            <ns3:cad>0</ns3:cad>
          </ns3:TrackPointExtension>
        </extensions>
      </trkpt>
      <trkpt lat="31.90569874830543994903564453125" lon="118.86762899346649646759033203125">
        <ele>79.40000152587890625</ele>
        <time>2026-09-28T02:14:51.000Z</time>
        <extensions>
          <ns3:TrackPointExtension>
            <ns3:hr>70</ns3:hr>
            <ns3:cad>0</ns3:cad>
          </ns3:TrackPointExtension>
        </extensions>
      </trkpt>
      <trkpt lat="31.90565315075218677520751953125" lon="118.86773007921874523162841796875">
        <ele>79.8000030517578125</ele>
        <time>2026-09-28T02:15:01.000Z</time>
        <extensions>
          <ns3:TrackPointExtension>
            <ns3:hr>70</ns3:hr>
            <ns3:cad>45</ns3:cad>
          </ns3:TrackPointExtension>
        </extensions>
      </trkpt>
      <trkpt lat="31.9056473672389984130859375" lon="118.86773946695029735565185546875">
        <ele>79.8000030517578125</ele>
        <time>2026-09-28T02:15:04.000Z</time>
        <extensions>
          <ns3:TrackPointExtension>
            <ns3:hr>70</ns3:hr>
            <ns3:cad>0</ns3:cad>
          </ns3:TrackPointExtension>
        </extensions>
      </trkpt>
      <trkpt lat="31.90564929507672786712646484375" lon="118.8677184283733367919921875">
        <ele>79.8000030517578125</ele>
        <time>2026-09-28T02:15:08.000Z</time>
        <extensions>
          <ns3:TrackPointExtension>
            <ns3:hr>71</ns3:hr>
            <ns3:cad>0</ns3:cad>
          </ns3:TrackPointExtension>
        </extensions>
      </trkpt>
      <trkpt lat="31.9056661427021026611328125" lon="118.86768297292292118072509765625">
        <ele>79.59999847412109375</ele>
        <time>2026-09-28T02:15:12.000Z</time>
        <extensions>
          <ns3:TrackPointExtension>
            <ns3:hr>74</ns3:hr>
            <ns3:cad>51</ns3:cad>
          </ns3:TrackPointExtension>
        </extensions>
      </trkpt>
      <trkpt lat="31.90568424761295318603515625" lon="118.86764374561607837677001953125">
        <ele>79.40000152587890625</ele>
        <time>2026-09-28T02:15:18.000Z</time>
        <extensions>
          <ns3:TrackPointExtension>
            <ns3:hr>74</ns3:hr>
            <ns3:cad>0</ns3:cad>
          </ns3:TrackPointExtension>
        </extensions>
      </trkpt>
      <trkpt lat="31.9057132489979267120361328125" lon="118.86762798763811588287353515625">
        <ele>79</ele>
        <time>2026-09-28T02:15:23.000Z</time>
        <extensions>
          <ns3:TrackPointExtension>
            <ns3:hr>76</ns3:hr>
            <ns3:cad>0</ns3:cad>
          </ns3:TrackPointExtension>
        </extensions>
      </trkpt>
      <trkpt lat="31.905727498233318328857421875" lon="118.86763234622776508331298828125">
        <ele>78.8000030517578125</ele>
        <time>2026-09-28T02:15:25.000Z</time>
        <extensions>
          <ns3:TrackPointExtension>
            <ns3:hr>76</ns3:hr>
            <ns3:cad>0</ns3:cad>
          </ns3:TrackPointExtension>
        </extensions>
      </trkpt>
      <trkpt lat="31.90579262562096118927001953125" lon="118.86765179224312305450439453125">
        <ele>78</ele>
        <time>2026-09-28T02:15:34.000Z</time>
        <extensions>
          <ns3:TrackPointExtension>
            <ns3:hr>76</ns3:hr>
            <ns3:cad>49</ns3:cad>
          </ns3:TrackPointExtension>
        </extensions>
      </trkpt>
      <trkpt lat="31.90580134280025959014892578125" lon="118.86765581555664539337158203125">
        <ele>78</ele>
        <time>2026-09-28T02:15:35.000Z</time>
        <extensions>
          <ns3:TrackPointExtension>
            <ns3:hr>76</ns3:hr>
            <ns3:cad>49</ns3:cad>
          </ns3:TrackPointExtension>
        </extensions>
      </trkpt>
      <trkpt lat="31.90586219541728496551513671875" lon="118.867673166096210479736328125">
        <ele>77.1999969482421875</ele>
        <time>2026-09-28T02:15:44.000Z</time>
        <extensions>
          <ns3:TrackPointExtension>
            <ns3:hr>75</ns3:hr>
            <ns3:cad>48</ns3:cad>
          </ns3:TrackPointExtension>
        </extensions>
      </trkpt>
      <trkpt lat="31.90588985569775104522705078125" lon="118.8676807098090648651123046875">
        <ele>77</ele>
        <time>2026-09-28T02:15:49.000Z</time>
        <extensions>
          <ns3:TrackPointExtension>
            <ns3:hr>77</ns3:hr>
            <ns3:cad>48</ns3:cad>
          </ns3:TrackPointExtension>
        </extensions>
      </trkpt>
      <trkpt lat="31.90591491758823394775390625" lon="118.867679536342620849609375">
        <ele>76.59999847412109375</ele>
        <time>2026-09-28T02:15:53.000Z</time>
        <extensions>
          <ns3:TrackPointExtension>
            <ns3:hr>78</ns3:hr>
            <ns3:cad>49</ns3:cad>
          </ns3:TrackPointExtension>
        </extensions>
      </trkpt>
      <trkpt lat="31.90598733723163604736328125" lon="118.86767081916332244873046875">
        <ele>76</ele>
        <time>2026-09-28T02:16:01.000Z</time>
        <extensions>
          <ns3:TrackPointExtension>
            <ns3:hr>77</ns3:hr>
            <ns3:cad>49</ns3:cad>
          </ns3:TrackPointExtension>
        </extensions>
      </trkpt>
      <trkpt lat="31.90599538385868072509765625" lon="118.867669813334941864013671875">
        <ele>75.8000030517578125</ele>
        <time>2026-09-28T02:16:02.000Z</time>
        <extensions>
          <ns3:TrackPointExtension>
            <ns3:hr>78</ns3:hr>
            <ns3:cad>50</ns3:cad>
          </ns3:TrackPointExtension>
        </extensions>
      </trkpt>
      <trkpt lat="31.906054057180881500244140625" lon="118.867647014558315277099609375">
        <ele>75</ele>
        <time>2026-09-28T02:16:10.000Z</time>
        <extensions>
          <ns3:TrackPointExtension>
            <ns3:hr>76</ns3:hr>
            <ns3:cad>51</ns3:cad>
          </ns3:TrackPointExtension>
        </extensions>
      </trkpt>
      <trkpt lat="31.9060604274272918701171875" lon="118.86764743365347385406494140625">
        <ele>75</ele>
        <time>2026-09-28T02:16:11.000Z</time>
        <extensions>
          <ns3:TrackPointExtension>
            <ns3:hr>75</ns3:hr>
            <ns3:cad>51</ns3:cad>
          </ns3:TrackPointExtension>
        </extensions>
      </trkpt>
      <trkpt lat="31.90612471662461757659912109375" lon="118.86763955466449260711669921875">
        <ele>74.1999969482421875</ele>
        <time>2026-09-28T02:16:19.000Z</time>
        <extensions>
          <ns3:TrackPointExtension>
            <ns3:hr>74</ns3:hr>
            <ns3:cad>51</ns3:cad>
          </ns3:TrackPointExtension>
        </extensions>
      </trkpt>
      <trkpt lat="31.90614868886768817901611328125" lon="118.867620527744293212890625">
        <ele>73.8000030517578125</ele>
        <time>2026-09-28T02:16:23.000Z</time>
        <extensions>
          <ns3:TrackPointExtension>
            <ns3:hr>74</ns3:hr>
            <ns3:cad>49</ns3:cad>
          </ns3:TrackPointExtension>
        </extensions>
      </trkpt>
      <trkpt lat="31.90617936663329601287841796875" lon="118.86760644614696502685546875">
        <ele>73.59999847412109375</ele>
        <time>2026-09-28T02:16:27.000Z</time>
        <extensions>
          <ns3:TrackPointExtension>
            <ns3:hr>74</ns3:hr>
            <ns3:cad>48</ns3:cad>
          </ns3:TrackPointExtension>
        </extensions>
      </trkpt>
      <trkpt lat="31.90623066388070583343505859375" lon="118.8675864972174167633056640625">
        <ele>72.8000030517578125</ele>
        <time>2026-09-28T02:16:35.000Z</time>
        <extensions>
          <ns3:TrackPointExtension>
            <ns3:hr>73</ns3:hr>
            <ns3:cad>49</ns3:cad>
          </ns3:TrackPointExtension>
        </extensions>
      </trkpt>
      <trkpt lat="31.90628238022327423095703125" lon="118.86757065542042255401611328125">
        <ele>72.59999847412109375</ele>
        <time>2026-09-28T02:16:42.000Z</time>
        <extensions>
          <ns3:TrackPointExtension>
            <ns3:hr>76</ns3:hr>
            <ns3:cad>0</ns3:cad>
          </ns3:TrackPointExtension>
        </extensions>
      </trkpt>
      <trkpt lat="31.90629704855382442474365234375" lon="118.86756277643144130706787109375">
        <ele>72.59999847412109375</ele>
        <time>2026-09-28T02:16:44.000Z</time>
        <extensions>
          <ns3:TrackPointExtension>
            <ns3:hr>76</ns3:hr>
            <ns3:cad>0</ns3:cad>
          </ns3:TrackPointExtension>
        </extensions>
      </trkpt>
      <trkpt lat="31.90633200109004974365234375" lon="118.867542743682861328125">
        <ele>72.1999969482421875</ele>
        <time>2026-09-28T02:16:50.000Z</time>
        <extensions>
          <ns3:TrackPointExtension>
            <ns3:hr>73</ns3:hr>
            <ns3:cad>49</ns3:cad>
          </ns3:TrackPointExtension>
        </extensions>
      </trkpt>
      <trkpt lat="31.9063643552362918853759765625" lon="118.867535032331943511962890625">
        <ele>71.8000030517578125</ele>
        <time>2026-09-28T02:16:54.000Z</time>
        <extensions>
          <ns3:TrackPointExtension>
            <ns3:hr>72</ns3:hr>
            <ns3:cad>48</ns3:cad>
          </ns3:TrackPointExtension>
        </extensions>
      </trkpt>
      <trkpt lat="31.90637013874948024749755859375" lon="118.8675341941416263580322265625">
        <ele>71.8000030517578125</ele>
        <time>2026-09-28T02:16:55.000Z</time>
        <extensions>
          <ns3:TrackPointExtension>
            <ns3:hr>72</ns3:hr>
            <ns3:cad>48</ns3:cad>
          </ns3:TrackPointExtension>
        </extensions>
      </trkpt>
      <trkpt lat="31.90640710294246673583984375" lon="118.86751525104045867919921875">
        <ele>71.40000152587890625</ele>
        <time>2026-09-28T02:17:01.000Z</time>
        <extensions>
          <ns3:TrackPointExtension>
            <ns3:hr>69</ns3:hr>
            <ns3:cad>49</ns3:cad>
          </ns3:TrackPointExtension>
        </extensions>
      </trkpt>
      <trkpt lat="31.90642763860523700714111328125" lon="118.867508880794048309326171875">
        <ele>71.1999969482421875</ele>
        <time>2026-09-28T02:17:04.000Z</time>
        <extensions>
          <ns3:TrackPointExtension>
            <ns3:hr>69</ns3:hr>
            <ns3:cad>51</ns3:cad>
          </ns3:TrackPointExtension>
        </extensions>
      </trkpt>
      <trkpt lat="31.9064659439027309417724609375" lon="118.867478705942630767822265625">
        <ele>70.59999847412109375</ele>
        <time>2026-09-28T02:17:09.000Z</time>
        <extensions>
          <ns3:TrackPointExtension>
            <ns3:hr>70</ns3:hr>
            <ns3:cad>50</ns3:cad>
          </ns3:TrackPointExtension>
        </extensions>
      </trkpt>
      <trkpt lat="31.9065045006573200225830078125" lon="118.86745615862309932708740234375">
        <ele>70.1999969482421875</ele>
        <time>2026-09-28T02:17:14.000Z</time>
        <extensions>
          <ns3:TrackPointExtension>
            <ns3:hr>72</ns3:hr>
            <ns3:cad>50</ns3:cad>
          </ns3:TrackPointExtension>
        </extensions>
      </trkpt>
      <trkpt lat="31.90658018924295902252197265625" lon="118.86741466820240020751953125">
        <ele>69.59999847412109375</ele>
        <time>2026-09-28T02:17:23.000Z</time>
        <extensions>
          <ns3:TrackPointExtension>
            <ns3:hr>74</ns3:hr>
            <ns3:cad>50</ns3:cad>
          </ns3:TrackPointExtension>
        </extensions>
      </trkpt>
      <trkpt lat="31.9066013954579830169677734375" lon="118.86740754358470439910888671875">
        <ele>69.1999969482421875</ele>
        <time>2026-09-28T02:17:26.000Z</time>
        <extensions>
          <ns3:TrackPointExtension>
            <ns3:hr>75</ns3:hr>
            <ns3:cad>51</ns3:cad>
          </ns3:TrackPointExtension>
        </extensions>
      </trkpt>
      <trkpt lat="31.90663643181324005126953125" lon="118.86739647947251796722412109375">
        <ele>68.59999847412109375</ele>
        <time>2026-09-28T02:17:30.000Z</time>
        <extensions>
          <ns3:TrackPointExtension>
            <ns3:hr>74</ns3:hr>
            <ns3:cad>51</ns3:cad>
          </ns3:TrackPointExtension>
        </extensions>
      </trkpt>
      <trkpt lat="31.90664137713611125946044921875" lon="118.8673947192728519439697265625">
        <ele>68.59999847412109375</ele>
        <time>2026-09-28T02:17:31.000Z</time>
        <extensions>
          <ns3:TrackPointExtension>
            <ns3:hr>71</ns3:hr>
            <ns3:cad>51</ns3:cad>
          </ns3:TrackPointExtension>
        </extensions>
      </trkpt>
      <trkpt lat="31.9066506810486316680908203125" lon="118.86739052832126617431640625">
        <ele>68.40000152587890625</ele>
        <time>2026-09-28T02:17:32.000Z</time>
        <extensions>
          <ns3:TrackPointExtension>
            <ns3:hr>71</ns3:hr>
            <ns3:cad>51</ns3:cad>
          </ns3:TrackPointExtension>
        </extensions>
      </trkpt>
      <trkpt lat="31.906679011881351470947265625" lon="118.867384828627109527587890625">
        <ele>68</ele>
        <time>2026-09-28T02:17:35.000Z</time>
        <extensions>
          <ns3:TrackPointExtension>
            <ns3:hr>68</ns3:hr>
            <ns3:cad>50</ns3:cad>
          </ns3:TrackPointExtension>
        </extensions>
      </trkpt>
      <trkpt lat="31.9066872261464595794677734375" lon="118.8673836551606655120849609375">
        <ele>68</ele>
        <time>2026-09-28T02:17:36.000Z</time>
        <extensions>
          <ns3:TrackPointExtension>
            <ns3:hr>68</ns3:hr>
            <ns3:cad>50</ns3:cad>
          </ns3:TrackPointExtension>
        </extensions>
      </trkpt>
      <trkpt lat="31.9067204184830188751220703125" lon="118.8673829846084117889404296875">
        <ele>67.59999847412109375</ele>
        <time>2026-09-28T02:17:40.000Z</time>
        <extensions>
          <ns3:TrackPointExtension>
            <ns3:hr>65</ns3:hr>
            <ns3:cad>53</ns3:cad>
          </ns3:TrackPointExtension>
        </extensions>
      </trkpt>
      <trkpt lat="31.9067321531474590301513671875" lon="118.8673809729516506195068359375">
        <ele>67.59999847412109375</ele>
        <time>2026-09-28T02:17:41.000Z</time>
        <extensions>
          <ns3:TrackPointExtension>
            <ns3:hr>65</ns3:hr>
            <ns3:cad>53</ns3:cad>
          </ns3:TrackPointExtension>
        </extensions>
      </trkpt>
      <trkpt lat="31.90676559694111347198486328125" lon="118.86736881919205188751220703125">
        <ele>67.40000152587890625</ele>
        <time>2026-09-28T02:17:45.000Z</time>
        <extensions>
          <ns3:TrackPointExtension>
            <ns3:hr>63</ns3:hr>
            <ns3:cad>53</ns3:cad>
          </ns3:TrackPointExtension>
        </extensions>
      </trkpt>
      <trkpt lat="31.90678873099386692047119140625" lon="118.8673595152795314788818359375">
        <ele>66.8000030517578125</ele>
        <time>2026-09-28T02:17:55.000Z</time>
        <extensions>
          <ns3:TrackPointExtension>
            <ns3:hr>61</ns3:hr>
            <ns3:cad>52</ns3:cad>
          </ns3:TrackPointExtension>
        </extensions>
      </trkpt>
      <trkpt lat="31.90678051672875881195068359375" lon="118.86738382279872894287109375">
        <ele>66.8000030517578125</ele>
        <time>2026-09-28T02:18:01.000Z</time>
        <extensions>
          <ns3:TrackPointExtension>
            <ns3:hr>61</ns3:hr>
            <ns3:cad>0</ns3:cad>
          </ns3:TrackPointExtension>
        </extensions>
      </trkpt>
      <trkpt lat="31.9067770801484584808349609375" lon="118.867391534149646759033203125">
        <ele>66.59999847412109375</ele>
        <time>2026-09-28T02:18:08.000Z</time>
        <extensions>
          <ns3:TrackPointExtension>
            <ns3:hr>62</ns3:hr>
            <ns3:cad>0</ns3:cad>
          </ns3:TrackPointExtension>
        </extensions>
      </trkpt>
      <trkpt lat="31.90682762302458286285400390625" lon="118.86734761297702789306640625">
        <ele>66.8000030517578125</ele>
        <time>2026-09-28T02:18:15.000Z</time>
        <extensions>
          <ns3:TrackPointExtension>
            <ns3:hr>64</ns3:hr>
            <ns3:cad>18</ns3:cad>
          </ns3:TrackPointExtension>
        </extensions>
      </trkpt>
      <trkpt lat="31.9068994559347629547119140625" lon="118.867305032908916473388671875">
        <ele>66.59999847412109375</ele>
        <time>2026-09-28T02:18:21.000Z</time>
        <extensions>
          <ns3:TrackPointExtension>
            <ns3:hr>65</ns3:hr>
            <ns3:cad>49</ns3:cad>
          </ns3:TrackPointExtension>
        </extensions>
      </trkpt>
      <trkpt lat="31.906914375722408294677734375" lon="118.867310397326946258544921875">
        <ele>66.40000152587890625</ele>
        <time>2026-09-28T02:18:24.000Z</time>
        <extensions>
          <ns3:TrackPointExtension>
            <ns3:hr>66</ns3:hr>
            <ns3:cad>51</ns3:cad>
          </ns3:TrackPointExtension>
        </extensions>
      </trkpt>
      <trkpt lat="31.90693926997482776641845703125" lon="118.867302350699901580810546875">
        <ele>65.8000030517578125</ele>
        <time>2026-09-28T02:18:28.000Z</time>
        <extensions>
          <ns3:TrackPointExtension>
            <ns3:hr>67</ns3:hr>
            <ns3:cad>50</ns3:cad>
          </ns3:TrackPointExtension>
        </extensions>
      </trkpt>
      <trkpt lat="31.90695829689502716064453125" lon="118.8673000037670135498046875">
        <ele>65.40000152587890625</ele>
        <time>2026-09-28T02:18:30.000Z</time>
        <extensions>
          <ns3:TrackPointExtension>
            <ns3:hr>67</ns3:hr>
            <ns3:cad>50</ns3:cad>
          </ns3:TrackPointExtension>
        </extensions>
      </trkpt>
      <trkpt lat="31.906997524201869964599609375" lon="118.86728634126484394073486328125">
        <ele>65</ele>
        <time>2026-09-28T02:18:34.000Z</time>
        <extensions>
          <ns3:TrackPointExtension>
            <ns3:hr>67</ns3:hr>
            <ns3:cad>51</ns3:cad>
          </ns3:TrackPointExtension>
        </extensions>
      </trkpt>
      <trkpt lat="31.90706768073141574859619140625" lon="118.8672515563666820526123046875">
        <ele>64.1999969482421875</ele>
        <time>2026-09-28T02:18:43.000Z</time>
        <extensions>
          <ns3:TrackPointExtension>
            <ns3:hr>68</ns3:hr>
            <ns3:cad>51</ns3:cad>
          </ns3:TrackPointExtension>
        </extensions>
      </trkpt>
      <trkpt lat="31.907082013785839080810546875" lon="118.8672425039112567901611328125">
        <ele>64.1999969482421875</ele>
        <time>2026-09-28T02:18:45.000Z</time>
        <extensions>
          <ns3:TrackPointExtension>
            <ns3:hr>68</ns3:hr>
            <ns3:cad>51</ns3:cad>
          </ns3:TrackPointExtension>
        </extensions>
      </trkpt>
      <trkpt lat="31.907160468399524688720703125" lon="118.867216520011425018310546875">
        <ele>63.40000152587890625</ele>
        <time>2026-09-28T02:18:56.000Z</time>
        <extensions>
          <ns3:TrackPointExtension>
            <ns3:hr>67</ns3:hr>
            <ns3:cad>49</ns3:cad>
          </ns3:TrackPointExtension>
        </extensions>
      </trkpt>
      <trkpt lat="31.90717999823391437530517578125" lon="118.86720771901309490203857421875">
        <ele>63.40000152587890625</ele>
        <time>2026-09-28T02:19:04.000Z</time>
        <extensions>
          <ns3:TrackPointExtension>
            <ns3:hr>69</ns3:hr>
            <ns3:cad>0</ns3:cad>
          </ns3:TrackPointExtension>
        </extensions>
      </trkpt>
      <trkpt lat="31.90717614255845546722412109375" lon="118.86721995659172534942626953125">
        <ele>63.40000152587890625</ele>
        <time>2026-09-28T02:19:14.000Z</time>
        <extensions>
          <ns3:TrackPointExtension>
            <ns3:hr>70</ns3:hr>
            <ns3:cad>0</ns3:cad>
          </ns3:TrackPointExtension>
        </extensions>
      </trkpt>
      <trkpt lat="31.9071861170232295989990234375" lon="118.86721744202077388763427734375">
        <ele>63.200000762939453125</ele>
        <time>2026-09-28T02:19:21.000Z</time>
        <extensions>
          <ns3:TrackPointExtension>
            <ns3:hr>73</ns3:hr>
            <ns3:cad>0</ns3:cad>
          </ns3:TrackPointExtension>
        </extensions>
      </trkpt>
      <trkpt lat="31.9071934930980205535888671875" lon="118.86721551418304443359375">
        <ele>63.200000762939453125</ele>
        <time>2026-09-28T02:19:22.000Z</time>
        <extensions>
          <ns3:TrackPointExtension>
            <ns3:hr>73</ns3:hr>
            <ns3:cad>0</ns3:cad>
          </ns3:TrackPointExtension>
        </extensions>
      </trkpt>
      <trkpt lat="31.90726381726562976837158203125" lon="118.86721040122210979461669921875">
        <ele>62.799999237060546875</ele>
        <time>2026-09-28T02:19:30.000Z</time>
        <extensions>
          <ns3:TrackPointExtension>
            <ns3:hr>72</ns3:hr>
            <ns3:cad>0</ns3:cad>
          </ns3:TrackPointExtension>
        </extensions>
      </trkpt>
      <trkpt lat="31.90733254887163639068603515625" lon="118.867210485041141510009765625">
        <ele>62.200000762939453125</ele>
        <time>2026-09-28T02:19:37.000Z</time>
        <extensions>
          <ns3:TrackPointExtension>
            <ns3:hr>71</ns3:hr>
            <ns3:cad>51</ns3:cad>
          </ns3:TrackPointExtension>
        </extensions>
      </trkpt>
      <trkpt lat="31.9073371589183807373046875" lon="118.86721274815499782562255859375">
        <ele>62.200000762939453125</ele>
        <time>2026-09-28T02:19:38.000Z</time>
        <extensions>
          <ns3:TrackPointExtension>
            <ns3:hr>71</ns3:hr>
            <ns3:cad>51</ns3:cad>
          </ns3:TrackPointExtension>
        </extensions>
      </trkpt>
      <trkpt lat="31.9073939882218837738037109375" lon="118.86720654554665088653564453125">
        <ele>61.40000152587890625</ele>
        <time>2026-09-28T02:19:47.000Z</time>
        <extensions>
          <ns3:TrackPointExtension>
            <ns3:hr>71</ns3:hr>
            <ns3:cad>50</ns3:cad>
          </ns3:TrackPointExtension>
        </extensions>
      </trkpt>
      <trkpt lat="31.90741519443690776824951171875" lon="118.86721073649823665618896484375">
        <ele>61.200000762939453125</ele>
        <time>2026-09-28T02:19:50.000Z</time>
        <extensions>
          <ns3:TrackPointExtension>
            <ns3:hr>71</ns3:hr>
            <ns3:cad>51</ns3:cad>
          </ns3:TrackPointExtension>
        </extensions>
      </trkpt>
      <trkpt lat="31.90746649168431758880615234375" lon="118.86722666211426258087158203125">
        <ele>60.59999847412109375</ele>
        <time>2026-09-28T02:19:56.000Z</time>
        <extensions>
          <ns3:TrackPointExtension>
            <ns3:hr>70</ns3:hr>
            <ns3:cad>50</ns3:cad>
          </ns3:TrackPointExtension>
        </extensions>
      </trkpt>
      <trkpt lat="31.907518543303012847900390625" lon="118.867234289646148681640625">
        <ele>60.200000762939453125</ele>
        <time>2026-09-28T02:20:01.000Z</time>
        <extensions>
          <ns3:TrackPointExtension>
            <ns3:hr>69</ns3:hr>
            <ns3:cad>50</ns3:cad>
          </ns3:TrackPointExtension>
        </extensions>
      </trkpt>
      <trkpt lat="31.9075398333370685577392578125" lon="118.8672347925603389739990234375">
        <ele>60</ele>
        <time>2026-09-28T02:20:03.000Z</time>
        <extensions>
          <ns3:TrackPointExtension>
            <ns3:hr>69</ns3:hr>
            <ns3:cad>51</ns3:cad>
          </ns3:TrackPointExtension>
        </extensions>
      </trkpt>
      <trkpt lat="31.90759188495576381683349609375" lon="118.8672461919486522674560546875">
        <ele>59.200000762939453125</ele>
        <time>2026-09-28T02:20:10.000Z</time>
        <extensions>
          <ns3:TrackPointExtension>
            <ns3:hr>69</ns3:hr>
            <ns3:cad>53</ns3:cad>
          </ns3:TrackPointExtension>
        </extensions>
      </trkpt>
      <trkpt lat="31.90760412253439426422119140625" lon="118.86724510230123996734619140625">
        <ele>59</ele>
        <time>2026-09-28T02:20:12.000Z</time>
        <extensions>
          <ns3:TrackPointExtension>
            <ns3:hr>69</ns3:hr>
            <ns3:cad>53</ns3:cad>
          </ns3:TrackPointExtension>
        </extensions>
      </trkpt>
      <trkpt lat="31.90762859769165515899658203125" lon="118.86724879033863544464111328125">
        <ele>58.799999237060546875</ele>
        <time>2026-09-28T02:20:17.000Z</time>
        <extensions>
          <ns3:TrackPointExtension>
            <ns3:hr>69</ns3:hr>
            <ns3:cad>51</ns3:cad>
          </ns3:TrackPointExtension>
        </extensions>
      </trkpt>
      <trkpt lat="31.90770973451435565948486328125" lon="118.86724962852895259857177734375">
        <ele>58.200000762939453125</ele>
        <time>2026-09-28T02:20:25.000Z</time>
        <extensions>
          <ns3:TrackPointExtension>
            <ns3:hr>68</ns3:hr>
            <ns3:cad>51</ns3:cad>
          </ns3:TrackPointExtension>
        </extensions>
      </trkpt>
      <trkpt lat="31.90771828405559062957763671875" lon="118.8672512210905551910400390625">
        <ele>58</ele>
        <time>2026-09-28T02:20:26.000Z</time>
        <extensions>
          <ns3:TrackPointExtension>
            <ns3:hr>69</ns3:hr>
            <ns3:cad>51</ns3:cad>
          </ns3:TrackPointExtension>
        </extensions>
      </trkpt>
      <trkpt lat="31.907764635980129241943359375" lon="118.867260776460170745849609375">
        <ele>57.799999237060546875</ele>
        <time>2026-09-28T02:20:32.000Z</time>
        <extensions>
          <ns3:TrackPointExtension>
            <ns3:hr>69</ns3:hr>
            <ns3:cad>51</ns3:cad>
          </ns3:TrackPointExtension>
        </extensions>
      </trkpt>
      <trkpt lat="31.90781048499047756195068359375" lon="118.8672572560608386993408203125">
        <ele>57.200000762939453125</ele>
        <time>2026-09-28T02:20:39.000Z</time>
        <extensions>
          <ns3:TrackPointExtension>
            <ns3:hr>70</ns3:hr>
            <ns3:cad>51</ns3:cad>
          </ns3:TrackPointExtension>
        </extensions>
      </trkpt>
      <trkpt lat="31.90783269703388214111328125" lon="118.867253400385379791259765625">
        <ele>57</ele>
        <time>2026-09-28T02:20:41.000Z</time>
        <extensions>
          <ns3:TrackPointExtension>
            <ns3:hr>71</ns3:hr>
            <ns3:cad>51</ns3:cad>
          </ns3:TrackPointExtension>
        </extensions>
      </trkpt>
      <trkpt lat="31.90787888132035732269287109375" lon="118.8672582618892192840576171875">
        <ele>56.59999847412109375</ele>
        <time>2026-09-28T02:20:46.000Z</time>
        <extensions>
          <ns3:TrackPointExtension>
            <ns3:hr>68</ns3:hr>
            <ns3:cad>51</ns3:cad>
          </ns3:TrackPointExtension>
        </extensions>
      </trkpt>
      <trkpt lat="31.9078891910612583160400390625" lon="118.867260776460170745849609375">
        <ele>56.59999847412109375</ele>
        <time>2026-09-28T02:20:47.000Z</time>
        <extensions>
          <ns3:TrackPointExtension>
            <ns3:hr>68</ns3:hr>
            <ns3:cad>51</ns3:cad>
          </ns3:TrackPointExtension>
        </extensions>
      </trkpt>
      <trkpt lat="31.9079512171447277069091796875" lon="118.86727385222911834716796875">
        <ele>56.200000762939453125</ele>
        <time>2026-09-28T02:20:54.000Z</time>
        <extensions>
          <ns3:TrackPointExtension>
            <ns3:hr>66</ns3:hr>
            <ns3:cad>51</ns3:cad>
          </ns3:TrackPointExtension>
        </extensions>
      </trkpt>
      <trkpt lat="31.90797896124422550201416015625" lon="118.8672813959419727325439453125">
        <ele>56</ele>
        <time>2026-09-28T02:20:56.000Z</time>
        <extensions>
          <ns3:TrackPointExtension>
            <ns3:hr>67</ns3:hr>
            <ns3:cad>51</ns3:cad>
          </ns3:TrackPointExtension>
        </extensions>
      </trkpt>
      <trkpt lat="31.90802514553070068359375" lon="118.8673045299947261810302734375">
        <ele>55.59999847412109375</ele>
        <time>2026-09-28T02:21:01.000Z</time>
        <extensions>
          <ns3:TrackPointExtension>
            <ns3:hr>67</ns3:hr>
            <ns3:cad>51</ns3:cad>
          </ns3:TrackPointExtension>
        </extensions>
      </trkpt>
      <trkpt lat="31.90808004699647426605224609375" lon="118.86732355691492557525634765625">
        <ele>55.200000762939453125</ele>
        <time>2026-09-28T02:21:07.000Z</time>
        <extensions>
          <ns3:TrackPointExtension>
            <ns3:hr>67</ns3:hr>
            <ns3:cad>53</ns3:cad>
          </ns3:TrackPointExtension>
        </extensions>
      </trkpt>
      <trkpt lat="31.9081067852675914764404296875" lon="118.8673283345997333526611328125">
        <ele>55</ele>
        <time>2026-09-28T02:21:11.000Z</time>
        <extensions>
          <ns3:TrackPointExtension>
            <ns3:hr>67</ns3:hr>
            <ns3:cad>52</ns3:cad>
          </ns3:TrackPointExtension>
        </extensions>
      </trkpt>
      <trkpt lat="31.9081312604248523712158203125" lon="118.86733294464647769927978515625">
        <ele>54.799999237060546875</ele>
        <time>2026-09-28T02:21:13.000Z</time>
        <extensions>
          <ns3:TrackPointExtension>
            <ns3:hr>67</ns3:hr>
            <ns3:cad>52</ns3:cad>
          </ns3:TrackPointExtension>
        </extensions>
      </trkpt>
      <trkpt lat="31.90817601978778839111328125" lon="118.86734283529222011566162109375">
        <ele>54.40000152587890625</ele>
        <time>2026-09-28T02:21:19.000Z</time>
        <extensions>
          <ns3:TrackPointExtension>
            <ns3:hr>68</ns3:hr>
            <ns3:cad>52</ns3:cad>
          </ns3:TrackPointExtension>
        </extensions>
      </trkpt>
      <trkpt lat="31.90821968950331211090087890625" lon="118.86734166182577610015869140625">
        <ele>54</ele>
        <time>2026-09-28T02:21:24.000Z</time>
        <extensions>
          <ns3:TrackPointExtension>
            <ns3:hr>68</ns3:hr>
            <ns3:cad>51</ns3:cad>
          </ns3:TrackPointExtension>
        </extensions>
      </trkpt>
      <trkpt lat="31.9082254730165004730224609375" lon="118.86734099127352237701416015625">
        <ele>54</ele>
        <time>2026-09-28T02:21:25.000Z</time>
        <extensions>
          <ns3:TrackPointExtension>
            <ns3:hr>68</ns3:hr>
            <ns3:cad>51</ns3:cad>
          </ns3:TrackPointExtension>
        </extensions>
      </trkpt>
      <trkpt lat="31.90827232785522937774658203125" lon="118.867333866655826568603515625">
        <ele>53.59999847412109375</ele>
        <time>2026-09-28T02:21:29.000Z</time>
        <extensions>
          <ns3:TrackPointExtension>
            <ns3:hr>69</ns3:hr>
            <ns3:cad>50</ns3:cad>
          </ns3:TrackPointExtension>
        </extensions>
      </trkpt>
      <trkpt lat="31.908317171037197113037109375" lon="118.86731852777302265167236328125">
        <ele>53.40000152587890625</ele>
        <time>2026-09-28T02:21:34.000Z</time>
        <extensions>
          <ns3:TrackPointExtension>
            <ns3:hr>69</ns3:hr>
            <ns3:cad>50</ns3:cad>
          </ns3:TrackPointExtension>
        </extensions>
      </trkpt>
      <trkpt lat="31.90835312940180301666259765625" lon="118.86731274425983428955078125">
        <ele>53</ele>
        <time>2026-09-28T02:21:39.000Z</time>
        <extensions>
          <ns3:TrackPointExtension>
            <ns3:hr>69</ns3:hr>
            <ns3:cad>50</ns3:cad>
          </ns3:TrackPointExtension>
        </extensions>
      </trkpt>
      <trkpt lat="31.9083974696695804595947265625" lon="118.86728617362678050994873046875">
        <ele>52.40000152587890625</ele>
        <time>2026-09-28T02:21:45.000Z</time>
        <extensions>
          <ns3:TrackPointExtension>
            <ns3:hr>68</ns3:hr>
            <ns3:cad>50</ns3:cad>
          </ns3:TrackPointExtension>
        </extensions>
      </trkpt>
      <trkpt lat="31.90843476913869380950927734375" lon="118.86725449003279209136962890625">
        <ele>52</ele>
        <time>2026-09-28T02:21:51.000Z</time>
        <extensions>
          <ns3:TrackPointExtension>
            <ns3:hr>69</ns3:hr>
            <ns3:cad>51</ns3:cad>
          </ns3:TrackPointExtension>
        </extensions>
      </trkpt>
      <trkpt lat="31.90844231285154819488525390625" lon="118.86724677868187427520751953125">
        <ele>51.799999237060546875</ele>
        <time>2026-09-28T02:21:52.000Z</time>
        <extensions>
          <ns3:TrackPointExtension>
            <ns3:hr>69</ns3:hr>
            <ns3:cad>51</ns3:cad>
          </ns3:TrackPointExtension>
        </extensions>
      </trkpt>
      <trkpt lat="31.90847047604620456695556640625" lon="118.8672129996120929718017578125">
        <ele>51.59999847412109375</ele>
        <time>2026-09-28T02:21:56.000Z</time>
        <extensions>
          <ns3:TrackPointExtension>
            <ns3:hr>69</ns3:hr>
            <ns3:cad>51</ns3:cad>
          </ns3:TrackPointExtension>
        </extensions>
      </trkpt>
      <trkpt lat="31.9085024110972881317138671875" lon="118.86716949753463268280029296875">
        <ele>51</ele>
        <time>2026-09-28T02:22:03.000Z</time>
        <extensions>
          <ns3:TrackPointExtension>
            <ns3:hr>69</ns3:hr>
            <ns3:cad>51</ns3:cad>
          </ns3:TrackPointExtension>
        </extensions>
      </trkpt>
      <trkpt lat="31.90851573832333087921142578125" lon="118.867167569696903228759765625">
        <ele>50.799999237060546875</ele>
        <time>2026-09-28T02:22:05.000Z</time>
        <extensions>
          <ns3:TrackPointExtension>
            <ns3:hr>70</ns3:hr>
            <ns3:cad>51</ns3:cad>
          </ns3:TrackPointExtension>
        </extensions>
      </trkpt>
      <trkpt lat="31.90854826010763645172119140625" lon="118.86712364852428436279296875">
        <ele>50.40000152587890625</ele>
        <time>2026-09-28T02:22:11.000Z</time>
        <extensions>
          <ns3:TrackPointExtension>
            <ns3:hr>70</ns3:hr>
            <ns3:cad>0</ns3:cad>
          </ns3:TrackPointExtension>
        </extensions>
      </trkpt>
      <trkpt lat="31.90858229063451290130615234375" lon="118.8670802302658557891845703125">
        <ele>49.799999237060546875</ele>
        <time>2026-09-28T02:22:17.000Z</time>
        <extensions>
          <ns3:TrackPointExtension>
            <ns3:hr>70</ns3:hr>
            <ns3:cad>51</ns3:cad>
          </ns3:TrackPointExtension>
        </extensions>
      </trkpt>
      <trkpt lat="31.9086318276822566986083984375" lon="118.86704494245350360870361328125">
        <ele>49.200000762939453125</ele>
        <time>2026-09-28T02:22:22.000Z</time>
        <extensions>
          <ns3:TrackPointExtension>
            <ns3:hr>71</ns3:hr>
            <ns3:cad>53</ns3:cad>
          </ns3:TrackPointExtension>
        </extensions>
      </trkpt>
      <trkpt lat="31.90865437500178813934326171875" lon="118.8670359738171100616455078125">
        <ele>48.799999237060546875</ele>
        <time>2026-09-28T02:22:25.000Z</time>
        <extensions>
          <ns3:TrackPointExtension>
            <ns3:hr>71</ns3:hr>
            <ns3:cad>52</ns3:cad>
          </ns3:TrackPointExtension>
        </extensions>
      </trkpt>
      <trkpt lat="31.908688656985759735107421875" lon="118.8670118339359760284423828125">
        <ele>48.200000762939453125</ele>
        <time>2026-09-28T02:22:29.000Z</time>
        <extensions>
          <ns3:TrackPointExtension>
            <ns3:hr>71</ns3:hr>
            <ns3:cad>52</ns3:cad>
          </ns3:TrackPointExtension>
        </extensions>
      </trkpt>
      <trkpt lat="31.90870148129761219024658203125" lon="118.86701744981110095977783203125">
        <ele>48</ele>
        <time>2026-09-28T02:22:31.000Z</time>
        <extensions>
          <ns3:TrackPointExtension>
            <ns3:hr>70</ns3:hr>
            <ns3:cad>51</ns3:cad>
          </ns3:TrackPointExtension>
        </extensions>
      </trkpt>
      <trkpt lat="31.90872344188392162322998046875" lon="118.86701057665050029754638671875">
        <ele>47.59999847412109375</ele>
        <time>2026-09-28T02:22:33.000Z</time>
        <extensions>
          <ns3:TrackPointExtension>
            <ns3:hr>70</ns3:hr>
            <ns3:cad>51</ns3:cad>
          </ns3:TrackPointExtension>
        </extensions>
      </trkpt>
      <trkpt lat="31.9087337516248226165771484375" lon="118.86700856499373912811279296875">
        <ele>47.59999847412109375</ele>
        <time>2026-09-28T02:22:34.000Z</time>
        <extensions>
          <ns3:TrackPointExtension>
            <ns3:hr>71</ns3:hr>
            <ns3:cad>51</ns3:cad>
          </ns3:TrackPointExtension>
        </extensions>
      </trkpt>
      <trkpt lat="31.908784210681915283203125" lon="118.86700822971761226654052734375">
        <ele>46.799999237060546875</ele>
        <time>2026-09-28T02:22:40.000Z</time>
        <extensions>
          <ns3:TrackPointExtension>
            <ns3:hr>69</ns3:hr>
            <ns3:cad>52</ns3:cad>
          </ns3:TrackPointExtension>
        </extensions>
      </trkpt>
      <trkpt lat="31.908798627555370330810546875" lon="118.86700655333697795867919921875">
        <ele>46.59999847412109375</ele>
        <time>2026-09-28T02:22:41.000Z</time>
        <extensions>
          <ns3:TrackPointExtension>
            <ns3:hr>69</ns3:hr>
            <ns3:cad>52</ns3:cad>
          </ns3:TrackPointExtension>
        </extensions>
      </trkpt>
      <trkpt lat="31.9088266231119632720947265625" lon="118.86700789444148540496826171875">
        <ele>46</ele>
        <time>2026-09-28T02:22:45.000Z</time>
        <extensions>
          <ns3:TrackPointExtension>
            <ns3:hr>67</ns3:hr>
            <ns3:cad>0</ns3:cad>
          </ns3:TrackPointExtension>
        </extensions>
      </trkpt>
      <trkpt lat="31.9088633358478546142578125" lon="118.86700169183313846588134765625">
        <ele>45.59999847412109375</ele>
        <time>2026-09-28T02:22:50.000Z</time>
        <extensions>
          <ns3:TrackPointExtension>
            <ns3:hr>65</ns3:hr>
            <ns3:cad>51</ns3:cad>
          </ns3:TrackPointExtension>
        </extensions>
      </trkpt>
      <trkpt lat="31.9088738970458507537841796875" lon="118.86700537987053394317626953125">
        <ele>45.40000152587890625</ele>
        <time>2026-09-28T02:22:52.000Z</time>
        <extensions>
          <ns3:TrackPointExtension>
            <ns3:hr>64</ns3:hr>
            <ns3:cad>52</ns3:cad>
          </ns3:TrackPointExtension>
        </extensions>
      </trkpt>
      <trkpt lat="31.908922009170055389404296875" lon="118.866999931633472442626953125">
        <ele>44.799999237060546875</ele>
        <time>2026-09-28T02:22:57.000Z</time>
        <extensions>
          <ns3:TrackPointExtension>
            <ns3:hr>62</ns3:hr>
            <ns3:cad>51</ns3:cad>
          </ns3:TrackPointExtension>
        </extensions>
      </trkpt>
      <trkpt lat="31.90893349237740039825439453125" lon="118.86700135655701160430908203125">
        <ele>44.59999847412109375</ele>
        <time>2026-09-28T02:22:59.000Z</time>
        <extensions>
          <ns3:TrackPointExtension>
            <ns3:hr>62</ns3:hr>
            <ns3:cad>51</ns3:cad>
          </ns3:TrackPointExtension>
        </extensions>
      </trkpt>
      <trkpt lat="31.90896324813365936279296875" lon="118.8670000992715358734130859375">
        <ele>44.200000762939453125</ele>
        <time>2026-09-28T02:23:02.000Z</time>
        <extensions>
          <ns3:TrackPointExtension>
            <ns3:hr>62</ns3:hr>
            <ns3:cad>51</ns3:cad>
          </ns3:TrackPointExtension>
        </extensions>
      </trkpt>
      <trkpt lat="31.9090053252875804901123046875" lon="118.8670017756521701812744140625">
        <ele>43.40000152587890625</ele>
        <time>2026-09-28T02:23:07.000Z</time>
        <extensions>
          <ns3:TrackPointExtension>
            <ns3:hr>63</ns3:hr>
            <ns3:cad>52</ns3:cad>
          </ns3:TrackPointExtension>
        </extensions>
      </trkpt>
      <trkpt lat="31.9090153835713863372802734375" lon="118.867000602185726165771484375">
        <ele>43.40000152587890625</ele>
        <time>2026-09-28T02:23:08.000Z</time>
        <extensions>
          <ns3:TrackPointExtension>
            <ns3:hr>62</ns3:hr>
            <ns3:cad>53</ns3:cad>
          </ns3:TrackPointExtension>
        </extensions>
      </trkpt>
      <trkpt lat="31.90907967276871204376220703125" lon="118.86699716560542583465576171875">
        <ele>42.59999847412109375</ele>
        <time>2026-09-28T02:23:15.000Z</time>
        <extensions>
          <ns3:TrackPointExtension>
            <ns3:hr>63</ns3:hr>
            <ns3:cad>51</ns3:cad>
          </ns3:TrackPointExtension>
        </extensions>
      </trkpt>
      <trkpt lat="31.90908822230994701385498046875" lon="118.86700294911861419677734375">
        <ele>42.40000152587890625</ele>
        <time>2026-09-28T02:23:16.000Z</time>
        <extensions>
          <ns3:TrackPointExtension>
            <ns3:hr>63</ns3:hr>
            <ns3:cad>51</ns3:cad>
          </ns3:TrackPointExtension>
        </extensions>
      </trkpt>
      <trkpt lat="31.90913633443415164947509765625" lon="118.86700621806085109710693359375">
        <ele>41.799999237060546875</ele>
        <time>2026-09-28T02:23:21.000Z</time>
        <extensions>
          <ns3:TrackPointExtension>
            <ns3:hr>63</ns3:hr>
            <ns3:cad>51</ns3:cad>
          </ns3:TrackPointExtension>
        </extensions>
      </trkpt>
      <trkpt lat="31.90916080959141254425048828125" lon="118.86701124720275402069091796875">
        <ele>41.40000152587890625</ele>
        <time>2026-09-28T02:23:27.000Z</time>
        <extensions>
          <ns3:TrackPointExtension>
            <ns3:hr>63</ns3:hr>
            <ns3:cad>0</ns3:cad>
          </ns3:TrackPointExtension>
        </extensions>
      </trkpt>
      <trkpt lat="31.909207664430141448974609375" lon="118.86701677925884723663330078125">
        <ele>40.799999237060546875</ele>
        <time>2026-09-28T02:23:32.000Z</time>
        <extensions>
          <ns3:TrackPointExtension>
            <ns3:hr>62</ns3:hr>
            <ns3:cad>53</ns3:cad>
          </ns3:TrackPointExtension>
        </extensions>
      </trkpt>
      <trkpt lat="31.9092396833002567291259765625" lon="118.867017365992069244384765625">
        <ele>40.200000762939453125</ele>
        <time>2026-09-28T02:23:36.000Z</time>
        <extensions>
          <ns3:TrackPointExtension>
            <ns3:hr>62</ns3:hr>
            <ns3:cad>52</ns3:cad>
          </ns3:TrackPointExtension>
        </extensions>
      </trkpt>
      <trkpt lat="31.90926122479140758514404296875" lon="118.86701904237270355224609375">
        <ele>39.799999237060546875</ele>
        <time>2026-09-28T02:23:39.000Z</time>
        <extensions>
          <ns3:TrackPointExtension>
            <ns3:hr>62</ns3:hr>
            <ns3:cad>52</ns3:cad>
          </ns3:TrackPointExtension>
        </extensions>
      </trkpt>
      <trkpt lat="31.9093074090778827667236328125" lon="118.867022730410099029541015625">
        <ele>39.40000152587890625</ele>
        <time>2026-09-28T02:23:44.000Z</time>
        <extensions>
          <ns3:TrackPointExtension>
            <ns3:hr>63</ns3:hr>
            <ns3:cad>50</ns3:cad>
          </ns3:TrackPointExtension>
        </extensions>
      </trkpt>
      <trkpt lat="31.9093157909810543060302734375" lon="118.8670235686004161834716796875">
        <ele>39.200000762939453125</ele>
        <time>2026-09-28T02:23:45.000Z</time>
        <extensions>
          <ns3:TrackPointExtension>
            <ns3:hr>63</ns3:hr>
            <ns3:cad>50</ns3:cad>
          </ns3:TrackPointExtension>
        </extensions>
      </trkpt>
      <trkpt lat="31.90935677848756313323974609375" lon="118.8670309446752071380615234375">
        <ele>38.799999237060546875</ele>
        <time>2026-09-28T02:23:49.000Z</time>
        <extensions>
          <ns3:TrackPointExtension>
            <ns3:hr>63</ns3:hr>
            <ns3:cad>51</ns3:cad>
          </ns3:TrackPointExtension>
        </extensions>
      </trkpt>
      <trkpt lat="31.9093851931393146514892578125" lon="118.86704058386385440826416015625">
        <ele>38.200000762939453125</ele>
        <time>2026-09-28T02:23:54.000Z</time>
        <extensions>
          <ns3:TrackPointExtension>
            <ns3:hr>63</ns3:hr>
            <ns3:cad>50</ns3:cad>
          </ns3:TrackPointExtension>
        </extensions>
      </trkpt>
      <trkpt lat="31.9093955866992473602294921875" lon="118.8670423440635204315185546875">
        <ele>38</ele>
        <time>2026-09-28T02:23:55.000Z</time>
        <extensions>
          <ns3:TrackPointExtension>
            <ns3:hr>63</ns3:hr>
            <ns3:cad>50</ns3:cad>
          </ns3:TrackPointExtension>
        </extensions>
      </trkpt>
      <trkpt lat="31.90944445319473743438720703125" lon="118.8670403324067592620849609375">
        <ele>37.59999847412109375</ele>
        <time>2026-09-28T02:24:00.000Z</time>
        <extensions>
          <ns3:TrackPointExtension>
            <ns3:hr>61</ns3:hr>
            <ns3:cad>51</ns3:cad>
          </ns3:TrackPointExtension>
        </extensions>
      </trkpt>
      <trkpt lat="31.90948518924415111541748046875" lon="118.867046535015106201171875">
        <ele>37.200000762939453125</ele>
        <time>2026-09-28T02:24:04.000Z</time>
        <extensions>
          <ns3:TrackPointExtension>
            <ns3:hr>60</ns3:hr>
            <ns3:cad>51</ns3:cad>
          </ns3:TrackPointExtension>
        </extensions>
      </trkpt>
      <trkpt lat="31.9094921462237834930419921875" lon="118.8670547492802143096923828125">
        <ele>37</ele>
        <time>2026-09-28T02:24:06.000Z</time>
        <extensions>
          <ns3:TrackPointExtension>
            <ns3:hr>59</ns3:hr>
            <ns3:cad>51</ns3:cad>
          </ns3:TrackPointExtension>
        </extensions>
      </trkpt>
      <trkpt lat="31.9095159508287906646728515625" lon="118.86705265380442142486572265625">
        <ele>37</ele>
        <time>2026-09-28T02:24:09.000Z</time>
        <extensions>
          <ns3:TrackPointExtension>
            <ns3:hr>58</ns3:hr>
            <ns3:cad>50</ns3:cad>
          </ns3:TrackPointExtension>
        </extensions>
      </trkpt>
      <trkpt lat="31.9095571897923946380615234375" lon="118.867049552500247955322265625">
        <ele>36.59999847412109375</ele>
        <time>2026-09-28T02:24:15.000Z</time>
        <extensions>
          <ns3:TrackPointExtension>
            <ns3:hr>58</ns3:hr>
            <ns3:cad>47</ns3:cad>
          </ns3:TrackPointExtension>
        </extensions>
      </trkpt>
      <trkpt lat="31.90958845429122447967529296875" lon="118.86702700518071651458740234375">
        <ele>36.40000152587890625</ele>
        <time>2026-09-28T02:24:21.000Z</time>
        <extensions>
          <ns3:TrackPointExtension>
            <ns3:hr>57</ns3:hr>
            <ns3:cad>0</ns3:cad>
          </ns3:TrackPointExtension>
        </extensions>
      </trkpt>
      <trkpt lat="31.9095702655613422393798828125" lon="118.867016024887561798095703125">
        <ele>36.40000152587890625</ele>
        <time>2026-09-28T02:24:31.000Z</time>
        <extensions>
          <ns3:TrackPointExtension>
            <ns3:hr>59</ns3:hr>
            <ns3:cad>0</ns3:cad>
          </ns3:TrackPointExtension>
        </extensions>
      </trkpt>
      <trkpt lat="31.909561716020107269287109375" lon="118.86702314950525760650634765625">
        <ele>36.40000152587890625</ele>
        <time>2026-09-28T02:24:37.000Z</time>
        <extensions>
          <ns3:TrackPointExtension>
            <ns3:hr>62</ns3:hr>
            <ns3:cad>0</ns3:cad>
          </ns3:TrackPointExtension>
        </extensions>
      </trkpt>
      <trkpt lat="31.90957085229456424713134765625" lon="118.86701225303113460540771484375">
        <ele>36.40000152587890625</ele>
        <time>2026-09-28T02:24:40.000Z</time>
        <extensions>
          <ns3:TrackPointExtension>
            <ns3:hr>63</ns3:hr>
            <ns3:cad>0</ns3:cad>
          </ns3:TrackPointExtension>
        </extensions>
      </trkpt>
      <trkpt lat="31.90962013788521289825439453125" lon="118.86697168461978435516357421875">
        <ele>36.200000762939453125</ele>
        <time>2026-09-28T02:24:46.000Z</time>
        <extensions>
          <ns3:TrackPointExtension>
            <ns3:hr>63</ns3:hr>
            <ns3:cad>0</ns3:cad>
          </ns3:TrackPointExtension>
        </extensions>
      </trkpt>
      <trkpt lat="31.909642852842807769775390625" lon="118.86695357970893383026123046875">
        <ele>36</ele>
        <time>2026-09-28T02:24:49.000Z</time>
        <extensions>
          <ns3:TrackPointExtension>
            <ns3:hr>63</ns3:hr>
            <ns3:cad>51</ns3:cad>
          </ns3:TrackPointExtension>
        </extensions>
      </trkpt>
      <trkpt lat="31.909673698246479034423828125" lon="118.8669394142925739288330078125">
        <ele>35.59999847412109375</ele>
        <time>2026-09-28T02:24:53.000Z</time>
        <extensions>
          <ns3:TrackPointExtension>
            <ns3:hr>64</ns3:hr>
            <ns3:cad>53</ns3:cad>
          </ns3:TrackPointExtension>
        </extensions>
      </trkpt>
      <trkpt lat="31.90972642041742801666259765625" lon="118.8669179566204547882080078125">
        <ele>35.200000762939453125</ele>
        <time>2026-09-28T02:24:59.000Z</time>
        <extensions>
          <ns3:TrackPointExtension>
            <ns3:hr>63</ns3:hr>
            <ns3:cad>51</ns3:cad>
          </ns3:TrackPointExtension>
        </extensions>
      </trkpt>
      <trkpt lat="31.90974771045148372650146484375" lon="118.86690613813698291778564453125">
        <ele>35</ele>
        <time>2026-09-28T02:25:01.000Z</time>
        <extensions>
          <ns3:TrackPointExtension>
            <ns3:hr>63</ns3:hr>
            <ns3:cad>51</ns3:cad>
          </ns3:TrackPointExtension>
        </extensions>
      </trkpt>
      <trkpt lat="31.909817196428775787353515625" lon="118.86688283644616603851318359375">
        <ele>34.200000762939453125</ele>
        <time>2026-09-28T02:25:09.000Z</time>
        <extensions>
          <ns3:TrackPointExtension>
            <ns3:hr>64</ns3:hr>
            <ns3:cad>51</ns3:cad>
          </ns3:TrackPointExtension>
        </extensions>
      </trkpt>
      <trkpt lat="31.9098854251205921173095703125" lon="118.8668566010892391204833984375">
        <ele>34</ele>
        <time>2026-09-28T02:25:16.000Z</time>
        <extensions>
          <ns3:TrackPointExtension>
            <ns3:hr>65</ns3:hr>
            <ns3:cad>51</ns3:cad>
          </ns3:TrackPointExtension>
        </extensions>
      </trkpt>
      <trkpt lat="31.9098914600908756256103515625" lon="118.86685333214700222015380859375">
        <ele>33.799999237060546875</ele>
        <time>2026-09-28T02:25:17.000Z</time>
        <extensions>
          <ns3:TrackPointExtension>
            <ns3:hr>65</ns3:hr>
            <ns3:cad>50</ns3:cad>
          </ns3:TrackPointExtension>
        </extensions>
      </trkpt>
      <trkpt lat="31.90996781922876834869384765625" lon="118.86682583950459957122802734375">
        <ele>33.59999847412109375</ele>
        <time>2026-09-28T02:25:25.000Z</time>
        <extensions>
          <ns3:TrackPointExtension>
            <ns3:hr>65</ns3:hr>
            <ns3:cad>51</ns3:cad>
          </ns3:TrackPointExtension>
        </extensions>
      </trkpt>
      <trkpt lat="31.90999858081340789794921875" lon="118.86681544594466686248779296875">
        <ele>32.799999237060546875</ele>
        <time>2026-09-28T02:25:30.000Z</time>
        <extensions>
          <ns3:TrackPointExtension>
            <ns3:hr>67</ns3:hr>
            <ns3:cad>0</ns3:cad>
          </ns3:TrackPointExtension>
        </extensions>
      </trkpt>
      <trkpt lat="31.9100081361830234527587890625" lon="118.86680991388857364654541015625">
        <ele>32.799999237060546875</ele>
        <time>2026-09-28T02:25:31.000Z</time>
        <extensions>
          <ns3:TrackPointExtension>
            <ns3:hr>67</ns3:hr>
            <ns3:cad>0</ns3:cad>
          </ns3:TrackPointExtension>
        </extensions>
      </trkpt>
      <trkpt lat="31.91007829271256923675537109375" lon="118.866755850613117218017578125">
        <ele>32.200000762939453125</ele>
        <time>2026-09-28T02:25:40.000Z</time>
        <extensions>
          <ns3:TrackPointExtension>
            <ns3:hr>68</ns3:hr>
            <ns3:cad>49</ns3:cad>
          </ns3:TrackPointExtension>
        </extensions>
      </trkpt>
      <trkpt lat="31.91009589470922946929931640625" lon="118.8667359016835689544677734375">
        <ele>32</ele>
        <time>2026-09-28T02:25:43.000Z</time>
        <extensions>
          <ns3:TrackPointExtension>
            <ns3:hr>64</ns3:hr>
            <ns3:cad>49</ns3:cad>
          </ns3:TrackPointExtension>
        </extensions>
      </trkpt>
      <trkpt lat="31.91010829992592334747314453125" lon="118.86672056280076503753662109375">
        <ele>31.799999237060546875</ele>
        <time>2026-09-28T02:25:45.000Z</time>
        <extensions>
          <ns3:TrackPointExtension>
            <ns3:hr>62</ns3:hr>
            <ns3:cad>50</ns3:cad>
          </ns3:TrackPointExtension>
        </extensions>
      </trkpt>
      <trkpt lat="31.91013000905513763427734375" lon="118.86669717729091644287109375">
        <ele>31.6000003814697265625</ele>
        <time>2026-09-28T02:25:48.000Z</time>
        <extensions>
          <ns3:TrackPointExtension>
            <ns3:hr>61</ns3:hr>
            <ns3:cad>51</ns3:cad>
          </ns3:TrackPointExtension>
        </extensions>
      </trkpt>
      <trkpt lat="31.91016764380037784576416015625" lon="118.86668552644550800323486328125">
        <ele>31.200000762939453125</ele>
        <time>2026-09-28T02:25:54.000Z</time>
        <extensions>
          <ns3:TrackPointExtension>
            <ns3:hr>61</ns3:hr>
            <ns3:cad>0</ns3:cad>
          </ns3:TrackPointExtension>
        </extensions>
      </trkpt>
      <trkpt lat="31.910171918570995330810546875" lon="118.866697847843170166015625">
        <ele>31.200000762939453125</ele>
        <time>2026-09-28T02:25:55.000Z</time>
        <extensions>
          <ns3:TrackPointExtension>
            <ns3:hr>61</ns3:hr>
            <ns3:cad>52</ns3:cad>
          </ns3:TrackPointExtension>
        </extensions>
      </trkpt>
      <trkpt lat="31.91019304096698760986328125" lon="118.86673481203615665435791015625">
        <ele>31</ele>
        <time>2026-09-28T02:26:00.000Z</time>
        <extensions>
          <ns3:TrackPointExtension>
            <ns3:hr>61</ns3:hr>
            <ns3:cad>0</ns3:cad>
          </ns3:TrackPointExtension>
        </extensions>
      </trkpt>
      <trkpt lat="31.91017828881740570068359375" lon="118.8667245022952556610107421875">
        <ele>31</ele>
        <time>2026-09-28T02:26:10.000Z</time>
        <extensions>
          <ns3:TrackPointExtension>
            <ns3:hr>60</ns3:hr>
            <ns3:cad>0</ns3:cad>
          </ns3:TrackPointExtension>
        </extensions>
      </trkpt>
      <trkpt lat="31.91019572317600250244140625" lon="118.866684772074222564697265625">
        <ele>31</ele>
        <time>2026-09-28T02:26:15.000Z</time>
        <extensions>
          <ns3:TrackPointExtension>
            <ns3:hr>60</ns3:hr>
            <ns3:cad>0</ns3:cad>
          </ns3:TrackPointExtension>
        </extensions>
      </trkpt>
      <trkpt lat="31.910216175019741058349609375" lon="118.86664244346320629119873046875">
        <ele>30.6000003814697265625</ele>
        <time>2026-09-28T02:26:19.000Z</time>
        <extensions>
          <ns3:TrackPointExtension>
            <ns3:hr>61</ns3:hr>
            <ns3:cad>52</ns3:cad>
          </ns3:TrackPointExtension>
        </extensions>
      </trkpt>
      <trkpt lat="31.91022715531289577484130859375" lon="118.8666333071887493133544921875">
        <ele>30.6000003814697265625</ele>
        <time>2026-09-28T02:26:21.000Z</time>
        <extensions>
          <ns3:TrackPointExtension>
            <ns3:hr>61</ns3:hr>
            <ns3:cad>52</ns3:cad>
          </ns3:TrackPointExtension>
        </extensions>
      </trkpt>
      <trkpt lat="31.910280548036098480224609375" lon="118.86659181676805019378662109375">
        <ele>30.200000762939453125</ele>
        <time>2026-09-28T02:26:27.000Z</time>
        <extensions>
          <ns3:TrackPointExtension>
            <ns3:hr>61</ns3:hr>
            <ns3:cad>52</ns3:cad>
          </ns3:TrackPointExtension>
        </extensions>
      </trkpt>
      <trkpt lat="31.910315416753292083740234375" lon="118.86655627749860286712646484375">
        <ele>29.6000003814697265625</ele>
        <time>2026-09-28T02:26:31.000Z</time>
        <extensions>
          <ns3:TrackPointExtension>
            <ns3:hr>62</ns3:hr>
            <ns3:cad>0</ns3:cad>
          </ns3:TrackPointExtension>
        </extensions>
      </trkpt>
      <trkpt lat="31.91032312810420989990234375" lon="118.8665508292615413665771484375">
        <ele>29.6000003814697265625</ele>
        <time>2026-09-28T02:26:32.000Z</time>
        <extensions>
          <ns3:TrackPointExtension>
            <ns3:hr>61</ns3:hr>
            <ns3:cad>0</ns3:cad>
          </ns3:TrackPointExtension>
        </extensions>
      </trkpt>
      <trkpt lat="31.9103698991239070892333984375" lon="118.86650749482214450836181640625">
        <ele>29</ele>
        <time>2026-09-28T02:26:40.000Z</time>
        <extensions>
          <ns3:TrackPointExtension>
            <ns3:hr>61</ns3:hr>
            <ns3:cad>52</ns3:cad>
          </ns3:TrackPointExtension>
        </extensions>
      </trkpt>
      <trkpt lat="31.91041910089552402496337890625" lon="118.8664552755653858184814453125">
        <ele>28.6000003814697265625</ele>
        <time>2026-09-28T02:26:46.000Z</time>
        <extensions>
          <ns3:TrackPointExtension>
            <ns3:hr>61</ns3:hr>
            <ns3:cad>52</ns3:cad>
          </ns3:TrackPointExtension>
        </extensions>
      </trkpt>
      <trkpt lat="31.91042840480804443359375" lon="118.8664499111473560333251953125">
        <ele>28.6000003814697265625</ele>
        <time>2026-09-28T02:26:47.000Z</time>
        <extensions>
          <ns3:TrackPointExtension>
            <ns3:hr>62</ns3:hr>
            <ns3:cad>52</ns3:cad>
          </ns3:TrackPointExtension>
        </extensions>
      </trkpt>
      <trkpt lat="31.9104619324207305908203125" lon="118.86644278652966022491455078125">
        <ele>28</ele>
        <time>2026-09-28T02:26:53.000Z</time>
        <extensions>
          <ns3:TrackPointExtension>
            <ns3:hr>62</ns3:hr>
            <ns3:cad>54</ns3:cad>
          </ns3:TrackPointExtension>
        </extensions>
      </trkpt>
      <trkpt lat="31.9104619324207305908203125" lon="118.866436667740345001220703125">
        <ele>28</ele>
        <time>2026-09-28T02:26:54.000Z</time>
        <extensions>
          <ns3:TrackPointExtension>
            <ns3:hr>62</ns3:hr>
            <ns3:cad>57</ns3:cad>
          </ns3:TrackPointExtension>
        </extensions>
      </trkpt>
      <trkpt lat="31.9104520417749881744384765625" lon="118.86640137992799282073974609375">
        <ele>28</ele>
        <time>2026-09-28T02:26:58.000Z</time>
        <extensions>
          <ns3:TrackPointExtension>
            <ns3:hr>61</ns3:hr>
            <ns3:cad>54</ns3:cad>
          </ns3:TrackPointExtension>
        </extensions>
      </trkpt>
      <trkpt lat="31.91045698709785938262939453125" lon="118.86636315844953060150146484375">
        <ele>28.200000762939453125</ele>
        <time>2026-09-28T02:27:02.000Z</time>
        <extensions>
          <ns3:TrackPointExtension>
            <ns3:hr>61</ns3:hr>
            <ns3:cad>0</ns3:cad>
          </ns3:TrackPointExtension>
        </extensions>
      </trkpt>
      <trkpt lat="31.910491771996021270751953125" lon="118.86632711626589298248291015625">
        <ele>28.200000762939453125</ele>
        <time>2026-09-28T02:27:06.000Z</time>
        <extensions>
          <ns3:TrackPointExtension>
            <ns3:hr>60</ns3:hr>
            <ns3:cad>0</ns3:cad>
          </ns3:TrackPointExtension>
        </extensions>
      </trkpt>
      <trkpt lat="31.91055002622306346893310546875" lon="118.86629777960479259490966796875">
        <ele>28</ele>
        <time>2026-09-28T02:27:13.000Z</time>
        <extensions>
          <ns3:TrackPointExtension>
            <ns3:hr>61</ns3:hr>
            <ns3:cad>0</ns3:cad>
          </ns3:TrackPointExtension>
        </extensions>
      </trkpt>
      <trkpt lat="31.91060048528015613555908203125" lon="118.86626978404819965362548828125">
        <ele>28</ele>
        <time>2026-09-28T02:27:20.000Z</time>
        <extensions>
          <ns3:TrackPointExtension>
            <ns3:hr>60</ns3:hr>
            <ns3:cad>0</ns3:cad>
          </ns3:TrackPointExtension>
        </extensions>
      </trkpt>
      <trkpt lat="31.910625882446765899658203125" lon="118.8662691973149776458740234375">
        <ele>28.3999996185302734375</ele>
        <time>2026-09-28T02:27:26.000Z</time>
        <extensions>
          <ns3:TrackPointExtension>
            <ns3:hr>60</ns3:hr>
            <ns3:cad>0</ns3:cad>
          </ns3:TrackPointExtension>
        </extensions>
      </trkpt>
      <trkpt lat="31.910623870790004730224609375" lon="118.86627850122749805450439453125">
        <ele>28.3999996185302734375</ele>
        <time>2026-09-28T02:27:27.000Z</time>
        <extensions>
          <ns3:TrackPointExtension>
            <ns3:hr>60</ns3:hr>
            <ns3:cad>0</ns3:cad>
          </ns3:TrackPointExtension>
        </extensions>
      </trkpt>
      <trkpt lat="31.91062982194125652313232421875" lon="118.86631898581981658935546875">
        <ele>28.3999996185302734375</ele>
        <time>2026-09-28T02:27:32.000Z</time>
        <extensions>
          <ns3:TrackPointExtension>
            <ns3:hr>61</ns3:hr>
            <ns3:cad>0</ns3:cad>
          </ns3:TrackPointExtension>
        </extensions>
      </trkpt>
      <trkpt lat="31.91063116304576396942138671875" lon="118.86632543988525867462158203125">
        <ele>28.3999996185302734375</ele>
        <time>2026-09-28T02:27:40.000Z</time>
        <extensions>
          <ns3:TrackPointExtension>
            <ns3:hr>62</ns3:hr>
            <ns3:cad>0</ns3:cad>
          </ns3:TrackPointExtension>
        </extensions>
      </trkpt>
      <trkpt lat="31.91062412224709987640380859375" lon="118.8662780821323394775390625">
        <ele>28.3999996185302734375</ele>
        <time>2026-09-28T02:27:47.000Z</time>
        <extensions>
          <ns3:TrackPointExtension>
            <ns3:hr>63</ns3:hr>
            <ns3:cad>0</ns3:cad>
          </ns3:TrackPointExtension>
        </extensions>
      </trkpt>
      <trkpt lat="31.910635940730571746826171875" lon="118.86625737883150577545166015625">
        <ele>28.200000762939453125</ele>
        <time>2026-09-28T02:27:56.000Z</time>
        <extensions>
          <ns3:TrackPointExtension>
            <ns3:hr>64</ns3:hr>
            <ns3:cad>0</ns3:cad>
          </ns3:TrackPointExtension>
        </extensions>
      </trkpt>
      <trkpt lat="31.91064641810953617095947265625" lon="118.8662413693964481353759765625">
        <ele>27.6000003814697265625</ele>
        <time>2026-09-28T02:28:03.000Z</time>
        <extensions>
          <ns3:TrackPointExtension>
            <ns3:hr>66</ns3:hr>
            <ns3:cad>0</ns3:cad>
          </ns3:TrackPointExtension>
        </extensions>
      </trkpt>
      <trkpt lat="31.91064993850886821746826171875" lon="118.86624044738709926605224609375">
        <ele>27.3999996185302734375</ele>
        <time>2026-09-28T02:28:04.000Z</time>
        <extensions>
          <ns3:TrackPointExtension>
            <ns3:hr>66</ns3:hr>
            <ns3:cad>0</ns3:cad>
          </ns3:TrackPointExtension>
        </extensions>
      </trkpt>
      <trkpt lat="31.9107001461088657379150390625" lon="118.8662329874932765960693359375">
        <ele>26.6000003814697265625</ele>
        <time>2026-09-28T02:28:10.000Z</time>
        <extensions>
          <ns3:TrackPointExtension>
            <ns3:hr>68</ns3:hr>
            <ns3:cad>41</ns3:cad>
          </ns3:TrackPointExtension>
        </extensions>
      </trkpt>
      <trkpt lat="31.91070810891687870025634765625" lon="118.86623709462583065032958984375">
        <ele>26.3999996185302734375</ele>
        <time>2026-09-28T02:28:11.000Z</time>
        <extensions>
          <ns3:TrackPointExtension>
            <ns3:hr>68</ns3:hr>
            <ns3:cad>41</ns3:cad>
          </ns3:TrackPointExtension>
        </extensions>
      </trkpt>
      <trkpt lat="31.91073476336896419525146484375" lon="118.8662209175527095794677734375">
        <ele>25.3999996185302734375</ele>
        <time>2026-09-28T02:28:18.000Z</time>
        <extensions>
          <ns3:TrackPointExtension>
            <ns3:hr>69</ns3:hr>
            <ns3:cad>41</ns3:cad>
          </ns3:TrackPointExtension>
        </extensions>
      </trkpt>
      <trkpt lat="31.9107400439679622650146484375" lon="118.8662179000675678253173828125">
        <ele>25.200000762939453125</ele>
        <time>2026-09-28T02:28:19.000Z</time>
        <extensions>
          <ns3:TrackPointExtension>
            <ns3:hr>69</ns3:hr>
            <ns3:cad>41</ns3:cad>
          </ns3:TrackPointExtension>
        </extensions>
      </trkpt>
      <trkpt lat="31.91077633760869503021240234375" lon="118.86620021425187587738037109375">
        <ele>24.6000003814697265625</ele>
        <time>2026-09-28T02:28:24.000Z</time>
        <extensions>
          <ns3:TrackPointExtension>
            <ns3:hr>70</ns3:hr>
            <ns3:cad>41</ns3:cad>
          </ns3:TrackPointExtension>
        </extensions>
      </trkpt>
      <trkpt lat="31.9107837975025177001953125" lon="118.8661927543580532073974609375">
        <ele>24.200000762939453125</ele>
        <time>2026-09-28T02:28:27.000Z</time>
        <extensions>
          <ns3:TrackPointExtension>
            <ns3:hr>69</ns3:hr>
            <ns3:cad>49</ns3:cad>
          </ns3:TrackPointExtension>
        </extensions>
      </trkpt>
      <trkpt lat="31.9107946939766407012939453125" lon="118.86617691256105899810791015625">
        <ele>23.200000762939453125</ele>
        <time>2026-09-28T02:28:32.000Z</time>
        <extensions>
          <ns3:TrackPointExtension>
            <ns3:hr>70</ns3:hr>
            <ns3:cad>49</ns3:cad>
          </ns3:TrackPointExtension>
        </extensions>
      </trkpt>
      <trkpt lat="31.910816989839076995849609375" lon="118.86616400443017482757568359375">
        <ele>22.3999996185302734375</ele>
        <time>2026-09-28T02:28:40.000Z</time>
        <extensions>
          <ns3:TrackPointExtension>
            <ns3:hr>69</ns3:hr>
            <ns3:cad>0</ns3:cad>
          </ns3:TrackPointExtension>
        </extensions>
      </trkpt>
      <trkpt lat="31.91083517856895923614501953125" lon="118.8661743141710758209228515625">
        <ele>22.3999996185302734375</ele>
        <time>2026-09-28T02:28:45.000Z</time>
        <extensions>
          <ns3:TrackPointExtension>
            <ns3:hr>70</ns3:hr>
            <ns3:cad>0</ns3:cad>
          </ns3:TrackPointExtension>
        </extensions>
      </trkpt>
      <trkpt lat="31.91086350940167903900146484375" lon="118.8661672733724117279052734375">
        <ele>22.6000003814697265625</ele>
        <time>2026-09-28T02:28:52.000Z</time>
        <extensions>
          <ns3:TrackPointExtension>
            <ns3:hr>70</ns3:hr>
            <ns3:cad>0</ns3:cad>
          </ns3:TrackPointExtension>
        </extensions>
      </trkpt>
      <trkpt lat="31.91091916523873805999755859375" lon="118.866155035793781280517578125">
        <ele>22.6000003814697265625</ele>
        <time>2026-09-28T02:28:59.000Z</time>
        <extensions>
          <ns3:TrackPointExtension>
            <ns3:hr>69</ns3:hr>
            <ns3:cad>0</ns3:cad>
          </ns3:TrackPointExtension>
        </extensions>
      </trkpt>
      <trkpt lat="31.91093358211219310760498046875" lon="118.8661548681557178497314453125">
        <ele>22.6000003814697265625</ele>
        <time>2026-09-28T02:29:01.000Z</time>
        <extensions>
          <ns3:TrackPointExtension>
            <ns3:hr>66</ns3:hr>
            <ns3:cad>0</ns3:cad>
          </ns3:TrackPointExtension>
        </extensions>
      </trkpt>
      <trkpt lat="31.91096040420234203338623046875" lon="118.8661441393196582794189453125">
        <ele>22.6000003814697265625</ele>
        <time>2026-09-28T02:29:07.000Z</time>
        <extensions>
          <ns3:TrackPointExtension>
            <ns3:hr>65</ns3:hr>
            <ns3:cad>0</ns3:cad>
          </ns3:TrackPointExtension>
        </extensions>
      </trkpt>
      <trkpt lat="31.91098823212087154388427734375" lon="118.866091668605804443359375">
        <ele>22.6000003814697265625</ele>
        <time>2026-09-28T02:29:14.000Z</time>
        <extensions>
          <ns3:TrackPointExtension>
            <ns3:hr>63</ns3:hr>
            <ns3:cad>0</ns3:cad>
          </ns3:TrackPointExtension>
        </extensions>
      </trkpt>
      <trkpt lat="31.9110179878771305084228515625" lon="118.86606744490563869476318359375">
        <ele>22.6000003814697265625</ele>
        <time>2026-09-28T02:29:20.000Z</time>
        <extensions>
          <ns3:TrackPointExtension>
            <ns3:hr>62</ns3:hr>
            <ns3:cad>0</ns3:cad>
          </ns3:TrackPointExtension>
        </extensions>
      </trkpt>
      <trkpt lat="31.91103533841669559478759765625" lon="118.86607197113335132598876953125">
        <ele>22.3999996185302734375</ele>
        <time>2026-09-28T02:29:29.000Z</time>
        <extensions>
          <ns3:TrackPointExtension>
            <ns3:hr>61</ns3:hr>
            <ns3:cad>0</ns3:cad>
          </ns3:TrackPointExtension>
        </extensions>
      </trkpt>
      <trkpt lat="31.91107640974223613739013671875" lon="118.866071216762065887451171875">
        <ele>22.3999996185302734375</ele>
        <time>2026-09-28T02:29:36.000Z</time>
        <extensions>
          <ns3:TrackPointExtension>
            <ns3:hr>61</ns3:hr>
            <ns3:cad>0</ns3:cad>
          </ns3:TrackPointExtension>
        </extensions>
      </trkpt>
      <trkpt lat="31.91108311526477336883544921875" lon="118.8660750724375247955322265625">
        <ele>22.200000762939453125</ele>
        <time>2026-09-28T02:29:37.000Z</time>
        <extensions>
          <ns3:TrackPointExtension>
            <ns3:hr>60</ns3:hr>
            <ns3:cad>0</ns3:cad>
          </ns3:TrackPointExtension>
        </extensions>
      </trkpt>
      <trkpt lat="31.9111292995512485504150390625" lon="118.86610499583184719085693359375">
        <ele>21.3999996185302734375</ele>
        <time>2026-09-28T02:29:44.000Z</time>
        <extensions>
          <ns3:TrackPointExtension>
            <ns3:hr>62</ns3:hr>
            <ns3:cad>0</ns3:cad>
          </ns3:TrackPointExtension>
        </extensions>
      </trkpt>
      <trkpt lat="31.91114681772887706756591796875" lon="118.86610315181314945220947265625">
        <ele>21</ele>
        <time>2026-09-28T02:29:50.000Z</time>
        <extensions>
          <ns3:TrackPointExtension>
            <ns3:hr>64</ns3:hr>
            <ns3:cad>0</ns3:cad>
          </ns3:TrackPointExtension>
        </extensions>
      </trkpt>
      <trkpt lat="31.911159642040729522705078125" lon="118.866080604493618011474609375">
        <ele>20.200000762939453125</ele>
        <time>2026-09-28T02:29:54.000Z</time>
        <extensions>
          <ns3:TrackPointExtension>
            <ns3:hr>66</ns3:hr>
            <ns3:cad>74</ns3:cad>
          </ns3:TrackPointExtension>
        </extensions>
      </trkpt>
      <trkpt lat="31.9112033955752849578857421875" lon="118.86606023646891117095947265625">
        <ele>20.3999996185302734375</ele>
        <time>2026-09-28T02:30:00.000Z</time>
        <extensions>
          <ns3:TrackPointExtension>
            <ns3:hr>71</ns3:hr>
            <ns3:cad>0</ns3:cad>
          </ns3:TrackPointExtension>
        </extensions>
      </trkpt>
      <trkpt lat="31.9112424552440643310546875" lon="118.866060487926006317138671875">
        <ele>20.799999237060546875</ele>
        <time>2026-09-28T02:30:07.000Z</time>
        <extensions>
          <ns3:TrackPointExtension>
            <ns3:hr>71</ns3:hr>
            <ns3:cad>0</ns3:cad>
          </ns3:TrackPointExtension>
        </extensions>
      </trkpt>
      <trkpt lat="31.9112627394497394561767578125" lon="118.86605923064053058624267578125">
        <ele>20.799999237060546875</ele>
        <time>2026-09-28T02:30:11.000Z</time>
        <extensions>
          <ns3:TrackPointExtension>
            <ns3:hr>72</ns3:hr>
            <ns3:cad>0</ns3:cad>
          </ns3:TrackPointExtension>
        </extensions>
      </trkpt>
      <trkpt lat="31.91127120517194271087646484375" lon="118.86604900471866130828857421875">
        <ele>20.799999237060546875</ele>
        <time>2026-09-28T02:30:14.000Z</time>
        <extensions>
          <ns3:TrackPointExtension>
            <ns3:hr>66</ns3:hr>
            <ns3:cad>0</ns3:cad>
          </ns3:TrackPointExtension>
        </extensions>
      </trkpt>
    </trkseg>
  </trk>
</gpx>
